activation_id,case_date,year,origin,origin_lottery,origin_draw_position,origin_source,fuerte,confirmer,confirmer_lottery,confirmer_draw_position,confirmer_source,t1_candidates,t1_group_fuerte,t1_pos_fuerte,t2_group_fuerte,t2_pos_fuerte,t2_pos_confirmer,n_confirmers,n_fuertes_same_day,other_fuertes,fuerte_appeared,first_day_offset,first_lottery,first_draw_position,fuerte_appearance_count,methodology
2019-07-24|42|7|9,2019-07-24,2019,42,Quiniela Leidsa,1,116737,7,9,New York 2:30,1,47630,7|18|23|50|55|66|71,7|18|23|50|55|66|71,1,7|9|22|29|35|42|44|53|63|70|90,1,2,2,2,50,True,2,Quiniela Leidsa,1,2,nr-historical-relations-j1.0.0
2019-07-24|42|7|70,2019-07-24,2019,42,Quiniela Leidsa,1,116737,7,70,Loteria Nacional,1,109215,7|18|23|50|55|66|71,7|18|23|50|55|66|71,1,7|9|22|29|35|42|44|53|63|70|90,1,10,2,2,50,True,2,Quiniela Leidsa,1,2,nr-historical-relations-j1.0.0
2019-07-24|42|50|5,2019-07-24,2019,42,Quiniela Leidsa,1,116737,50,5,Gana Mas,1,163146,7|18|23|50|55|66|71,7|18|23|50|55|66|71,4,5|50,2,1,1,2,7,True,5,New York 2:30,1,1,nr-historical-relations-j1.0.0
2019-07-27|35|11|91,2019-07-27,2019,35,Quiniela Leidsa,1,116734,11,91,Quiniela Real,1,36044,6|11|43|54|86,6|11|43|54|86,2,11|57|69|91,1,4,1,3,86|90,True,1,New York 2:30,1,4,nr-historical-relations-j1.0.0
2019-07-27|35|86|46,2019-07-27,2019,35,Quiniela Leidsa,1,116734,86,46,New York 10:30,1,50090,6|11|43|54|86,6|11|43|54|86,5,19|46|86,3,2,1,3,11|90,False,,,,0,nr-historical-relations-j1.0.0
2019-07-27|46|90|35,2019-07-27,2019,46,New York 10:30,1,50090,90,35,Quiniela Leidsa,1,116734,37|58|74|90,37|58|74|90,4,7|9|22|29|35|42|44|53|63|70|90,11,5,1,3,11|86,True,5,Quiniela Leidsa,2,2,nr-historical-relations-j1.0.0
2019-07-29|37|5|50,2019-07-29,2019,37,Quiniela Loteka,1,1291,5,50,New York 2:30,1,47625,5|10|42,5|10|42,1,5|50,1,2,1,2,10,False,,,,0,nr-historical-relations-j1.0.0
2019-07-29|37|10|1,2019-07-29,2019,37,Quiniela Loteka,1,1291,10,1,Gana Mas,1,163141,5|10|42,5|10|42,2,1|10|100,2,1,1,2,5,True,2,New York 10:30,1,2,nr-historical-relations-j1.0.0
2019-07-30|41|93|97,2019-07-30,2019,41,New York 2:30,1,47624,93,97,Gana Mas,1,163140,13|29|93,13|29|93,3,48|93|97,2,3,1,1,,True,6,Quiniela Real,1,1,nr-historical-relations-j1.0.0
2019-08-01|42|23|73,2019-08-01,2019,42,New York 10:30,1,50085,23,73,Quiniela Real,1,36039,7|18|23|50|55|66|71,7|18|23|50|55|66|71,3,23|28|73|77|87,1,3,1,2,71,True,2,Quiniela Leidsa,3,1,nr-historical-relations-j1.0.0
2019-08-01|42|71|89,2019-08-01,2019,42,New York 10:30,1,50085,71,89,Quiniela Leidsa,1,116729,7|18|23|50|55|66|71,7|18|23|50|55|66|71,7,12|41|56|71|89,4,5,1,2,23,True,1,Gana Mas,2,3,nr-historical-relations-j1.0.0
2019-08-02|28|26|34,2019-08-02,2019,28,Loteria Nacional,1,109206,26,34,New York 2:30,1,47621,21|26|53,21|26|53,2,26|34|59|72,1,2,1,2,100,False,,,,0,nr-historical-relations-j1.0.0
2019-08-02|38|100|1,2019-08-02,2019,38,Gana Mas,1,163137,100,1,Quiniela Real,1,36038,20|31|47|52|63|100,20|31|47|52|63|100,6,1|10|100,3,1,1,2,26,False,,,,0,nr-historical-relations-j1.0.0
2019-08-04|43|12|71,2019-08-04,2019,43,New York 2:30,1,47619,12,71,Quiniela Real,1,36036,12|28|44|60|81|92,12|28|44|60|81|92,1,12|41|56|71|89,1,4,1,2,60,True,1,Quiniela Real,3,1,nr-historical-relations-j1.0.0
2019-08-04|43|60|6,2019-08-04,2019,43,New York 2:30,1,47619,60,6,Quiniela Loteka,1,1285,12|28|44|60|81|92,12|28|44|60|81|92,4,6|60,2,1,1,2,12,True,1,Gana Mas,3,2,nr-historical-relations-j1.0.0
2019-08-06|40|56|89,2019-08-06,2019,40,Quiniela Real,1,36034,56,89,Loteria Nacional,1,109202,8|19|51|56|67|72,8|19|51|56|67|72,4,12|41|56|71|89,3,5,1,2,72,False,,,,0,nr-historical-relations-j1.0.0
2019-08-06|40|72|34,2019-08-06,2019,40,Quiniela Real,1,36034,72,34,Quiniela Leidsa,1,116724,8|19|51|56|67|72,8|19|51|56|67|72,6,26|34|59|72,4,2,2,2,56,True,1,Gana Mas,3,2,nr-historical-relations-j1.0.0
2019-08-06|40|72|59,2019-08-06,2019,40,Quiniela Real,1,36034,72,59,New York 2:30,1,47617,8|19|51|56|67|72,8|19|51|56|67|72,6,26|34|59|72,4,3,2,2,56,True,1,Gana Mas,3,2,nr-historical-relations-j1.0.0
2019-08-07|28|53|29,2019-08-07,2019,28,Loteria Nacional,1,109201,53,29,Quiniela Real,1,36033,21|26|53,21|26|53,3,7|9|22|29|35|42|44|53|63|70|90,8,4,1,1,,True,4,Quiniela Loteka,2,1,nr-historical-relations-j1.0.0
2019-08-09|54|96|15,2019-08-09,2019,54,Loteria Nacional,1,109199,96,15,New York 2:30,1,47614,96,96,1,15|96,2,1,1,1,,True,1,Quiniela Real,1,1,nr-historical-relations-j1.0.0
2019-08-10|42|23|73,2019-08-10,2019,42,New York 10:30,1,50076,23,73,Gana Mas,1,163129,7|18|23|50|55|66|71,7|18|23|50|55|66|71,3,23|28|73|77|87,1,3,1,2,77,False,,,,0,nr-historical-relations-j1.0.0
2019-08-10|32|77|73,2019-08-10,2019,32,New York 2:30,1,47613,77,73,Gana Mas,1,163129,77,77,1,23|28|73|77|87,4,3,1,2,23,True,5,Quiniela Loteka,1,1,nr-historical-relations-j1.0.0
2019-08-11|41|29|9,2019-08-11,2019,41,New York 10:30,1,50075,29,9,Quiniela Real,1,36029,13|29|93,13|29|93,2,7|9|22|29|35|42|44|53|63|70|90,4,2,1,4,42|89|93,True,1,Gana Mas,2,2,nr-historical-relations-j1.0.0
2019-08-11|37|42|9,2019-08-11,2019,37,Quiniela Loteka,1,1278,42,9,Quiniela Real,1,36029,5|10|42,5|10|42,3,7|9|22|29|35|42|44|53|63|70|90,6,2,1,4,29|89|93,True,2,Quiniela Leidsa,2,2,nr-historical-relations-j1.0.0
2019-08-11|48|89|41,2019-08-11,2019,48,Quiniela Leidsa,1,116719,89,41,New York 10:30,1,50075,73|89,73|89,2,12|41|56|71|89,5,2,1,4,29|42|93,True,1,Quiniela Loteka,3,3,nr-historical-relations-j1.0.0
2019-08-11|41|93|48,2019-08-11,2019,41,New York 10:30,1,50075,93,48,Quiniela Leidsa,1,116719,13|29|93,13|29|93,3,48|93|97,2,1,1,4,29|42|89,True,1,New York 10:30,2,1,nr-historical-relations-j1.0.0
2019-08-12|36|85|52,2019-08-12,2019,36,New York 10:30,1,50074,85,52,Quiniela Real,1,36028,32|48|64|85,32|48|64|85,4,52|81|85,3,1,1,1,,True,2,Quiniela Real,1,1,nr-historical-relations-j1.0.0
2019-08-13|47|68|76,2019-08-13,2019,47,Gana Mas,1,163126,68,76,Loteria Nacional,1,109195,4|36|68|79|84,4|36|68|79|84,3,27|68|76|92,2,3,1,2,84,False,,,,0,nr-historical-relations-j1.0.0
2019-08-13|47|84|94,2019-08-13,2019,47,Gana Mas,1,163126,84,94,Quiniela Real,1,36027,4|36|68|79|84,4|36|68|79|84,5,58|84|94,2,3,1,2,68,True,1,New York 2:30,3,3,nr-historical-relations-j1.0.0
2019-08-14|38|52|85,2019-08-14,2019,38,New York 2:30,2,47609,52,85,Quiniela Real,1,36026,20|31|47|52|63|100,20|31|47|52|63|100,4,52|81|85,1,3,1,1,,True,3,Loteria Nacional,2,1,nr-historical-relations-j1.0.0
2019-08-15|33|87|77,2019-08-15,2019,33,Quiniela Leidsa,1,116715,87,77,Quiniela Loteka,1,1274,2|39|82|87,2|39|82|87,4,23|28|73|77|87,5,4,1,1,,True,6,New York 10:30,3,2,nr-historical-relations-j1.0.0
2019-08-17|42|71|12,2019-08-17,2019,42,Gana Mas,1,163123,71,12,Quiniela Leidsa,1,116713,7|18|23|50|55|66|71,7|18|23|50|55|66|71,7,12|41|56|71|89,4,1,1,1,,True,1,Quiniela Loteka,3,1,nr-historical-relations-j1.0.0
2019-08-18|44|22|7,2019-08-18,2019,44,New York 10:30,1,50068,22,7,Quiniela Leidsa,1,116712,22|59|70|75|91,22|59|70|75|91,1,7|9|22|29|35|42|44|53|63|70|90,3,1,1,2,70,True,2,New York 2:30,1,2,nr-historical-relations-j1.0.0
2019-08-18|44|70|7,2019-08-18,2019,44,New York 10:30,1,50068,70,7,Quiniela Leidsa,1,116712,22|59|70|75|91,22|59|70|75|91,3,7|9|22|29|35|42|44|53|63|70|90,10,1,1,2,22,False,,,,0,nr-historical-relations-j1.0.0
2019-08-20|41|29|22,2019-08-20,2019,41,Quiniela Real,1,36020,29,22,New York 2:30,1,47603,13|29|93,13|29|93,2,7|9|22|29|35|42|44|53|63|70|90,4,3,1,2,69,False,,,,0,nr-historical-relations-j1.0.0
2019-08-20|45|69|57,2019-08-20,2019,45,New York 10:30,1,50066,69,57,Loteria Nacional,1,109189,69|80,69|80,1,11|57|69|91,3,2,1,2,29,False,,,,0,nr-historical-relations-j1.0.0
2019-08-21|45|80|8,2019-08-21,2019,45,Quiniela Leidsa,1,116709,80,8,Gana Mas,1,163119,69|80,69|80,2,8|80,2,1,1,1,,True,4,New York 2:30,3,2,nr-historical-relations-j1.0.0
2019-08-23|46|90|42,2019-08-23,2019,46,Quiniela Leidsa,1,116707,90,42,New York 2:30,1,47600,37|58|74|90,37|58|74|90,4,7|9|22|29|35|42|44|53|63|70|90,11,6,1,1,,False,,,,0,nr-historical-relations-j1.0.0
2019-08-26|42|50|5,2019-08-26,2019,42,Loteria Nacional,1,109183,50,5,New York 2:30,1,47597,7|18|23|50|55|66|71,7|18|23|50|55|66|71,4,5|50,2,1,1,1,,True,3,Quiniela Leidsa,2,5,nr-historical-relations-j1.0.0
2019-08-27|43|28|77,2019-08-27,2019,43,New York 10:30,1,50059,28,77,Gana Mas,1,163113,12|28|44|60|81|92,12|28|44|60|81|92,2,23|28|73|77|87,2,4,1,2,44,True,5,Quiniela Leidsa,1,1,nr-historical-relations-j1.0.0
2019-08-27|43|44|53,2019-08-27,2019,43,New York 10:30,1,50059,44,53,Quiniela Leidsa,1,116703,12|28|44|60|81|92,12|28|44|60|81|92,3,7|9|22|29|35|42|44|53|63|70|90,7,8,2,2,28,True,4,Gana Mas,2,1,nr-historical-relations-j1.0.0
2019-08-27|43|44|63,2019-08-27,2019,43,New York 10:30,1,50059,44,63,New York 2:30,1,47596,12|28|44|60|81|92,12|28|44|60|81|92,3,7|9|22|29|35|42|44|53|63|70|90,7,9,2,2,28,True,4,Gana Mas,2,1,nr-historical-relations-j1.0.0
2019-08-28|37|10|1,2019-08-28,2019,37,Quiniela Leidsa,1,116702,10,1,New York 2:30,1,47595,5|10|42,5|10|42,2,1|10|100,2,1,1,2,42,True,1,Gana Mas,2,5,nr-historical-relations-j1.0.0
2019-08-28|37|42|29,2019-08-28,2019,37,Quiniela Leidsa,1,116702,42,29,Quiniela Real,1,36012,5|10|42,5|10|42,3,7|9|22|29|35|42|44|53|63|70|90,6,4,1,2,10,True,4,Quiniela Real,2,1,nr-historical-relations-j1.0.0
2019-09-02|49|83|3,2019-09-02,2019,49,Loteria Nacional,1,109176,83,3,Quiniela Loteka,1,1256,35|40|83,35|40|83,3,3|30|83,3,1,1,1,,False,,,,0,nr-historical-relations-j1.0.0
2019-09-03|49|40|4,2019-09-03,2019,49,Quiniela Real,1,36006,40,4,Quiniela Leidsa,1,116696,35|40|83,35|40|83,2,4|40,2,1,1,2,68,True,5,Quiniela Loteka,3,1,nr-historical-relations-j1.0.0
2019-09-03|47|68|92,2019-09-03,2019,47,Loteria Nacional,1,109175,68,92,Quiniela Loteka,1,1255,4|36|68|79|84,4|36|68|79|84,3,27|68|76|92,2,4,1,2,40,False,,,,0,nr-historical-relations-j1.0.0
2019-09-04|52|65|37,2019-09-04,2019,52,Quiniela Real,1,36005,65,37,Quiniela Leidsa,1,116695,65|97,65|97,1,37|65|82,2,1,1,1,,False,,,,0,nr-historical-relations-j1.0.0
2019-09-07|51|34|59,2019-09-07,2019,51,Loteria Nacional,1,109171,34,59,Quiniela Loteka,1,1251,34|98,34|98,1,26|34|59|72,2,3,1,2,91,True,3,Loteria Nacional,3,3,nr-historical-relations-j1.0.0
2019-09-07|44|91|57,2019-09-07,2019,44,Quiniela Leidsa,1,116692,91,57,Quiniela Real,1,36002,22|59|70|75|91,22|59|70|75|91,5,11|57|69|91,4,2,1,2,34,True,1,Quiniela Real,1,3,nr-historical-relations-j1.0.0
2019-09-08|35|11|91,2019-09-08,2019,35,New York 2:30,1,47584,11,91,Quiniela Real,1,36001,6|11|43|54|86,6|11|43|54|86,2,11|57|69|91,1,4,1,2,53,True,2,Quiniela Real,2,2,nr-historical-relations-j1.0.0
2019-09-08|28|53|35,2019-09-08,2019,28,Quiniela Loteka,1,1250,53,35,New York 2:30,1,47584,21|26|53,21|26|53,3,7|9|22|29|35|42|44|53|63|70|90,8,5,1,2,11,True,2,New York 10:30,2,2,nr-historical-relations-j1.0.0
2019-09-11|37|42|22,2019-09-11,2019,37,Quiniela Real,1,35998,42,22,New York 2:30,1,47581,5|10|42,5|10|42,3,7|9|22|29|35|42|44|53|63|70|90,6,3,1,3,65|76,True,1,New York 2:30,2,2,nr-historical-relations-j1.0.0
2019-09-11|52|65|37,2019-09-11,2019,52,Quiniela Loteka,1,1247,65,37,Quiniela Real,1,35998,65|97,65|97,1,37|65|82,2,1,1,3,42|76,True,7,Quiniela Leidsa,2,1,nr-historical-relations-j1.0.0
2019-09-11|34|76|27,2019-09-11,2019,34,New York 10:30,1,50044,76,27,Gana Mas,1,163099,1|17|33|49|76,1|17|33|49|76,5,27|68|76|92,3,1,1,3,42|65,True,3,Loteria Nacional,1,2,nr-historical-relations-j1.0.0
2019-09-12|43|44|63,2019-09-12,2019,43,Quiniela Real,1,35997,44,63,Quiniela Leidsa,1,116687,12|28|44|60|81|92,12|28|44|60|81|92,3,7|9|22|29|35|42|44|53|63|70|90,7,9,1,3,76|92,False,,,,0,nr-historical-relations-j1.0.0
2019-09-12|34|76|68,2019-09-12,2019,34,New York 2:30,1,47580,76,68,New York 10:30,1,50043,1|17|33|49|76,1|17|33|49|76,5,27|68|76|92,3,2,1,3,44|92,True,2,Loteria Nacional,1,2,nr-historical-relations-j1.0.0
2019-09-12|43|92|68,2019-09-12,2019,43,Quiniela Real,1,35997,92,68,New York 10:30,1,50043,12|28|44|60|81|92,12|28|44|60|81|92,6,27|68|76|92,4,2,1,3,44|76,False,,,,0,nr-historical-relations-j1.0.0
2019-09-14|27|16|25,2019-09-14,2019,27,Quiniela Leidsa,1,116685,16,25,New York 10:30,1,50041,16,16,1,16|25,1,2,1,1,,True,5,Quiniela Loteka,1,1,nr-historical-relations-j1.0.0
2019-09-15|40|56|89,2019-09-15,2019,40,New York 10:30,1,50040,56,89,Quiniela Real,1,35994,8|19|51|56|67|72,8|19|51|56|67|72,4,12|41|56|71|89,3,5,1,1,,True,3,Quiniela Real,3,2,nr-historical-relations-j1.0.0
2019-09-16|43|60|6,2019-09-16,2019,43,Gana Mas,1,163095,60,6,Quiniela Leidsa,1,116683,12|28|44|60|81|92,12|28|44|60|81|92,4,6|60,2,1,1,1,,True,4,Quiniela Leidsa,2,2,nr-historical-relations-j1.0.0
2019-09-19|39|9|70,2019-09-19,2019,39,Loteria Nacional,1,109159,9,70,New York 10:30,1,50036,9|14|30|41|46|62|78|94,9|14|30|41|46|62|78|94,1,7|9|22|29|35|42|44|53|63|70|90,2,10,1,2,25,True,3,Quiniela Leidsa,3,3,nr-historical-relations-j1.0.0
2019-09-19|30|25|16,2019-09-19,2019,30,New York 2:30,1,47573,25,16,Quiniela Loteka,1,1239,25|57,25|57,1,16|25,2,1,1,2,9,True,3,Quiniela Real,1,1,nr-historical-relations-j1.0.0
2019-09-20|42|7|35,2019-09-20,2019,42,Loteria Nacional,1,109158,7,35,Quiniela Leidsa,1,116679,7|18|23|50|55|66|71,7|18|23|50|55|66|71,1,7|9|22|29|35|42|44|53|63|70|90,1,5,1,3,11|86,True,6,Quiniela Real,2,1,nr-historical-relations-j1.0.0
2019-09-20|35|11|57,2019-09-20,2019,35,Quiniela Leidsa,1,116679,11,57,Gana Mas,1,163091,6|11|43|54|86,6|11|43|54|86,2,11|57|69|91,1,2,1,3,7|86,True,5,New York 2:30,1,1,nr-historical-relations-j1.0.0
2019-09-20|35|86|19,2019-09-20,2019,35,Quiniela Leidsa,1,116679,86,19,New York 10:30,1,50035,6|11|43|54|86,6|11|43|54|86,5,19|46|86,3,1,1,3,7|11,True,1,New York 2:30,3,3,nr-historical-relations-j1.0.0
2019-09-21|33|87|28,2019-09-21,2019,33,Quiniela Loteka,1,1237,87,28,New York 2:30,1,47571,2|39|82|87,2|39|82|87,4,23|28|73|77|87,5,2,2,1,,True,4,Loteria Nacional,2,1,nr-historical-relations-j1.0.0
2019-09-21|33|87|77,2019-09-21,2019,33,Quiniela Loteka,1,1237,87,77,New York 10:30,1,50034,2|39|82|87,2|39|82|87,4,23|28|73|77|87,5,4,2,1,,True,4,Loteria Nacional,2,1,nr-historical-relations-j1.0.0
2019-09-22|30|57|91,2019-09-22,2019,30,Quiniela Leidsa,1,116677,57,91,Gana Mas,1,163089,25|57,25|57,2,11|57|69|91,2,4,1,1,,True,5,Gana Mas,2,3,nr-historical-relations-j1.0.0
2019-09-23|34|76|27,2019-09-23,2019,34,New York 10:30,1,50032,76,27,Gana Mas,1,163088,1|17|33|49|76,1|17|33|49|76,5,27|68|76|92,3,1,1,2,87,True,2,Loteria Nacional,3,2,nr-historical-relations-j1.0.0
2019-09-23|33|87|23,2019-09-23,2019,33,Quiniela Leidsa,1,116676,87,23,Loteria Nacional,1,109155,2|39|82|87,2|39|82|87,4,23|28|73|77|87,5,1,1,2,76,True,2,Loteria Nacional,2,1,nr-historical-relations-j1.0.0
2019-09-25|45|69|11,2019-09-25,2019,45,Quiniela Leidsa,1,116674,69,11,New York 2:30,1,47567,69|80,69|80,1,11|57|69|91,3,1,1,2,80,True,2,New York 2:30,1,3,nr-historical-relations-j1.0.0
2019-09-25|45|80|8,2019-09-25,2019,45,Quiniela Leidsa,1,116674,80,8,Quiniela Loteka,1,1233,69|80,69|80,2,8|80,2,1,1,2,69,True,2,New York 10:30,1,2,nr-historical-relations-j1.0.0
2019-09-26|28|26|59,2019-09-26,2019,28,New York 2:30,1,47566,26,59,Loteria Nacional,1,109153,21|26|53,21|26|53,2,26|34|59|72,1,3,1,1,,True,3,New York 2:30,1,2,nr-historical-relations-j1.0.0
2019-09-28|45|69|57,2019-09-28,2019,45,New York 10:30,1,50027,69,57,Quiniela Leidsa,1,116671,69|80,69|80,1,11|57|69|91,3,2,2,1,,True,4,Loteria Nacional,2,2,nr-historical-relations-j1.0.0
2019-09-28|45|69|91,2019-09-28,2019,45,New York 10:30,1,50027,69,91,Loteria Nacional,1,109151,69|80,69|80,1,11|57|69|91,3,4,2,1,,True,4,Loteria Nacional,2,2,nr-historical-relations-j1.0.0
2019-09-29|26|27|92,2019-09-29,2019,26,New York 2:30,1,47563,27,92,Gana Mas,1,163083,27|38,27|38,1,27|68|76|92,1,4,1,1,,True,3,Quiniela Real,3,1,nr-historical-relations-j1.0.0
2019-09-30|40|56|71,2019-09-30,2019,40,New York 10:30,1,50025,56,71,New York 2:30,1,47562,8|19|51|56|67|72,8|19|51|56|67|72,4,12|41|56|71|89,3,4,1,1,,True,2,Quiniela Loteka,3,2,nr-historical-relations-j1.0.0
2019-10-02|33|87|77,2019-10-02,2019,33,New York 10:30,1,50023,87,77,Quiniela Leidsa,1,116667,2|39|82|87,2|39|82|87,4,23|28|73|77|87,5,4,1,1,,True,1,Quiniela Leidsa,3,3,nr-historical-relations-j1.0.0
2019-10-03|43|12|89,2019-10-03,2019,43,New York 10:30,1,50022,12,89,Quiniela Loteka,1,1225,12|28|44|60|81|92,12|28|44|60|81|92,1,12|41|56|71|89,1,5,1,3,56|72,False,,,,0,nr-historical-relations-j1.0.0
2019-10-03|40|56|89,2019-10-03,2019,40,Quiniela Real,1,35976,56,89,Quiniela Loteka,1,1225,8|19|51|56|67|72,8|19|51|56|67|72,4,12|41|56|71|89,3,5,1,3,12|72,True,4,Quiniela Loteka,3,4,nr-historical-relations-j1.0.0
2019-10-03|40|72|26,2019-10-03,2019,40,Quiniela Real,1,35976,72,26,Gana Mas,1,163079,8|19|51|56|67|72,8|19|51|56|67|72,6,26|34|59|72,4,1,1,3,12|56,False,,,,0,nr-historical-relations-j1.0.0
2019-10-05|38|63|22,2019-10-05,2019,38,New York 2:30,1,47557,63,22,Quiniela Leidsa,1,116664,20|31|47|52|63|100,20|31|47|52|63|100,5,7|9|22|29|35|42|44|53|63|70|90,9,3,2,1,,False,,,,0,nr-historical-relations-j1.0.0
2019-10-05|38|63|70,2019-10-05,2019,38,New York 2:30,1,47557,63,70,Quiniela Loteka,1,1223,20|31|47|52|63|100,20|31|47|52|63|100,5,7|9|22|29|35|42|44|53|63|70|90,9,10,2,1,,False,,,,0,nr-historical-relations-j1.0.0
2019-10-06|49|35|70,2019-10-06,2019,49,New York 2:30,1,47556,35,70,Quiniela Loteka,1,1222,35|40|83,35|40|83,1,7|9|22|29|35|42|44|53|63|70|90,5,10,1,1,,True,5,Loteria Nacional,2,1,nr-historical-relations-j1.0.0
2019-10-08|43|12|56,2019-10-08,2019,43,New York 10:30,1,50017,12,56,Gana Mas,1,163074,12|28|44|60|81|92,12|28|44|60|81|92,1,12|41|56|71|89,1,3,1,2,17,True,4,Gana Mas,1,2,nr-historical-relations-j1.0.0
2019-10-08|34|17|13,2019-10-08,2019,34,Quiniela Loteka,1,1220,17,13,Quiniela Leidsa,1,116661,1|17|33|49|76,1|17|33|49|76,2,13|17,2,1,1,2,12,True,2,Loteria Nacional,2,2,nr-historical-relations-j1.0.0
2019-10-09|30|57|91,2019-10-09,2019,30,Loteria Nacional,1,109140,57,91,Gana Mas,1,163073,25|57,25|57,2,11|57|69|91,2,4,1,1,,True,7,Loteria Nacional,2,1,nr-historical-relations-j1.0.0
2019-10-14|31|3|30,2019-10-14,2019,31,Quiniela Loteka,1,1214,3,30,Quiniela Real,1,35965,3|24|88|99,3|24|88|99,1,3|30|83,1,2,1,1,,True,7,New York 10:30,3,1,nr-historical-relations-j1.0.0
2019-10-15|42|7|22,2019-10-15,2019,42,New York 10:30,1,50010,7,22,Gana Mas,1,163067,7|18|23|50|55|66|71,7|18|23|50|55|66|71,1,7|9|22|29|35|42|44|53|63|70|90,1,3,1,1,,True,4,Quiniela Loteka,2,2,nr-historical-relations-j1.0.0
2019-10-19|44|91|69,2019-10-19,2019,44,Quiniela Real,1,35960,91,69,Quiniela Leidsa,1,116650,22|59|70|75|91,22|59|70|75|91,5,11|57|69|91,4,3,1,1,,True,2,New York 10:30,2,1,nr-historical-relations-j1.0.0
2019-10-21|50|45|32,2019-10-21,2019,50,Gana Mas,1,163061,45,32,New York 10:30,1,50004,45,45,1,32|45,2,1,1,1,,False,,,,0,nr-historical-relations-j1.0.0
2019-10-22|48|89|71,2019-10-22,2019,48,Quiniela Loteka,1,1206,89,71,New York 2:30,1,47540,73|89,73|89,2,12|41|56|71|89,5,4,1,1,,True,1,Quiniela Loteka,1,4,nr-historical-relations-j1.0.0
2019-10-23|31|3|30,2019-10-23,2019,31,New York 10:30,1,50002,3,30,Loteria Nacional,1,109126,3|24|88|99,3|24|88|99,1,3|30|83,1,2,1,1,,True,3,Loteria Nacional,2,3,nr-historical-relations-j1.0.0
2019-10-24|31|3|30,2019-10-24,2019,31,Loteria Nacional,1,109125,3,30,New York 10:30,1,50001,3|24|88|99,3|24|88|99,1,3|30|83,1,2,1,1,,True,2,Loteria Nacional,2,3,nr-historical-relations-j1.0.0
2019-10-25|26|27|76,2019-10-25,2019,26,New York 10:30,1,50000,27,76,Quiniela Leidsa,1,116644,27|38,27|38,1,27|68|76|92,1,3,1,2,29,True,1,New York 10:30,3,1,nr-historical-relations-j1.0.0
2019-10-25|41|29|53,2019-10-25,2019,41,Quiniela Loteka,1,1203,29,53,Loteria Nacional,1,109124,13|29|93,13|29|93,2,7|9|22|29|35|42|44|53|63|70|90,4,8,1,2,27,True,4,Gana Mas,3,4,nr-historical-relations-j1.0.0
2019-10-26|38|63|53,2019-10-26,2019,38,Quiniela Real,1,35953,63,53,Quiniela Leidsa,1,116643,20|31|47|52|63|100,20|31|47|52|63|100,5,7|9|22|29|35|42|44|53|63|70|90,9,8,2,1,,True,6,Quiniela Leidsa,1,1,nr-historical-relations-j1.0.0
2019-10-26|38|63|90,2019-10-26,2019,38,Quiniela Real,1,35953,63,90,New York 10:30,2,49999,20|31|47|52|63|100,20|31|47|52|63|100,5,7|9|22|29|35|42|44|53|63|70|90,9,11,2,1,,True,6,Quiniela Leidsa,1,1,nr-historical-relations-j1.0.0
2019-10-29|51|34|59,2019-10-29,2019,51,Gana Mas,1,163053,34,59,Quiniela Real,1,35950,34|98,34|98,1,26|34|59|72,2,3,1,1,,True,7,New York 10:30,1,1,nr-historical-relations-j1.0.0
2019-10-31|43|28|87,2019-10-31,2019,43,Gana Mas,1,163051,28,87,New York 2:30,1,47531,12|28|44|60|81|92,12|28|44|60|81|92,2,23|28|73|77|87,2,5,1,2,44,False,,,,0,nr-historical-relations-j1.0.0
2019-10-31|43|44|29,2019-10-31,2019,43,Gana Mas,1,163051,44,29,Quiniela Loteka,1,1197,12|28|44|60|81|92,12|28|44|60|81|92,3,7|9|22|29|35|42|44|53|63|70|90,7,4,1,2,28,True,2,Quiniela Leidsa,2,1,nr-historical-relations-j1.0.0
2019-11-02|42|7|29,2019-11-02,2019,42,Gana Mas,1,163049,7,29,Quiniela Leidsa,1,116636,7|18|23|50|55|66|71,7|18|23|50|55|66|71,1,7|9|22|29|35|42|44|53|63|70|90,1,4,1,1,,False,,,,0,nr-historical-relations-j1.0.0
2019-11-03|31|3|30,2019-11-03,2019,31,Quiniela Loteka,1,1194,3,30,Loteria Nacional,1,109115,3|24|88|99,3|24|88|99,1,3|30|83,1,2,1,3,29|88,False,,,,0,nr-historical-relations-j1.0.0
2019-11-03|41|29|63,2019-11-03,2019,41,Quiniela Real,1,35945,29,63,Quiniela Leidsa,1,116635,13|29|93,13|29|93,2,7|9|22|29|35|42|44|53|63|70|90,4,9,1,3,3|88,True,3,Loteria Nacional,3,1,nr-historical-relations-j1.0.0
2019-11-03|31|88|79,2019-11-03,2019,31,Quiniela Loteka,1,1194,88,79,New York 10:30,1,49991,3|24|88|99,3|24|88|99,3,67|79|88,3,2,1,3,3|29,True,6,Loteria Nacional,1,1,nr-historical-relations-j1.0.0
2019-11-09|41|29|63,2019-11-09,2019,41,Quiniela Real,1,35939,29,63,Quiniela Leidsa,1,116629,13|29|93,13|29|93,2,7|9|22|29|35|42|44|53|63|70|90,4,9,1,3,56|67,True,2,Quiniela Loteka,3,1,nr-historical-relations-j1.0.0
2019-11-09|40|56|41,2019-11-09,2019,40,Quiniela Loteka,1,1188,56,41,Quiniela Real,1,35939,8|19|51|56|67|72,8|19|51|56|67|72,4,12|41|56|71|89,3,2,1,3,29|67,False,,,,0,nr-historical-relations-j1.0.0
2019-11-09|40|67|88,2019-11-09,2019,40,Quiniela Loteka,1,1188,67,88,Loteria Nacional,1,109109,8|19|51|56|67|72,8|19|51|56|67|72,5,67|79|88,1,3,1,3,29|56,True,1,Quiniela Real,3,4,nr-historical-relations-j1.0.0
2019-11-10|30|57|69,2019-11-10,2019,30,New York 2:30,1,47521,57,69,Quiniela Real,1,35938,25|57,25|57,2,11|57|69|91,2,3,1,1,,False,,,,0,nr-historical-relations-j1.0.0
2019-11-12|42|23|77,2019-11-12,2019,42,New York 10:30,1,49982,23,77,Gana Mas,1,163039,7|18|23|50|55|66|71,7|18|23|50|55|66|71,3,23|28|73|77|87,1,4,1,1,,True,3,Quiniela Real,3,2,nr-historical-relations-j1.0.0
2019-11-13|38|20|2,2019-11-13,2019,38,New York 10:30,1,49981,20,2,Quiniela Real,1,35935,20|31|47|52|63|100,20|31|47|52|63|100,1,2|20,2,1,1,1,,True,6,Loteria Nacional,2,1,nr-historical-relations-j1.0.0
2019-11-14|28|53|22,2019-11-14,2019,28,Gana Mas,1,163038,53,22,Loteria Nacional,1,109104,21|26|53,21|26|53,3,7|9|22|29|35|42|44|53|63|70|90,8,3,1,2,90,True,1,Quiniela Loteka,3,1,nr-historical-relations-j1.0.0
2019-11-14|46|90|22,2019-11-14,2019,46,New York 2:30,1,47517,90,22,Loteria Nacional,1,109104,37|58|74|90,37|58|74|90,4,7|9|22|29|35|42|44|53|63|70|90,11,3,1,2,53,True,1,Loteria Nacional,3,2,nr-historical-relations-j1.0.0
2019-11-16|54|96|15,2019-11-16,2019,54,Gana Mas,1,163036,96,15,New York 10:30,1,49978,96,96,1,15|96,2,1,1,1,,True,1,Loteria Nacional,3,3,nr-historical-relations-j1.0.0
2019-11-17|41|29|22,2019-11-17,2019,41,Quiniela Leidsa,1,116621,29,22,Loteria Nacional,1,109101,13|29|93,13|29|93,2,7|9|22|29|35|42|44|53|63|70|90,4,3,1,1,,True,1,Loteria Nacional,3,1,nr-historical-relations-j1.0.0
2019-11-18|39|94|58,2019-11-18,2019,39,Loteria Nacional,1,109100,94,58,New York 2:30,1,47513,9|14|30|41|46|62|78|94,9|14|30|41|46|62|78|94,8,58|84|94,3,1,1,1,,False,,,,0,nr-historical-relations-j1.0.0
2019-11-19|40|72|26,2019-11-19,2019,40,Quiniela Leidsa,1,116619,72,26,Quiniela Real,1,35929,8|19|51|56|67|72,8|19|51|56|67|72,6,26|34|59|72,4,1,1,1,,True,3,Quiniela Loteka,3,1,nr-historical-relations-j1.0.0
2019-11-21|42|71|89,2019-11-21,2019,42,New York 2:30,1,47510,71,89,Quiniela Leidsa,1,116617,7|18|23|50|55|66|71,7|18|23|50|55|66|71,7,12|41|56|71|89,4,5,1,1,,True,5,Gana Mas,3,1,nr-historical-relations-j1.0.0
2019-11-22|41|29|9,2019-11-22,2019,41,Loteria Nacional,1,109096,29,9,Quiniela Leidsa,1,116616,13|29|93,13|29|93,2,7|9|22|29|35|42|44|53|63|70|90,4,2,2,1,,True,3,Loteria Nacional,2,1,nr-historical-relations-j1.0.0
2019-11-22|41|29|63,2019-11-22,2019,41,Loteria Nacional,1,109096,29,63,New York 2:30,1,47509,13|29|93,13|29|93,2,7|9|22|29|35|42|44|53|63|70|90,4,9,2,1,,True,3,Loteria Nacional,2,1,nr-historical-relations-j1.0.0
2019-11-23|49|35|53,2019-11-23,2019,49,Loteria Nacional,1,109095,35,53,Quiniela Real,1,35925,35|40|83,35|40|83,1,7|9|22|29|35|42|44|53|63|70|90,5,8,1,1,,True,3,Quiniela Real,1,1,nr-historical-relations-j1.0.0
2019-11-25|47|79|67,2019-11-25,2019,47,New York 2:30,1,47506,79,67,Quiniela Leidsa,1,116613,4|36|68|79|84,4|36|68|79|84,4,67|79|88,2,1,1,1,,True,1,Loteria Nacional,3,2,nr-historical-relations-j1.0.0
2019-11-26|39|9|22,2019-11-26,2019,39,New York 2:30,1,47505,9,22,Quiniela Leidsa,1,116612,9|14|30|41|46|62|78|94,9|14|30|41|46|62|78|94,1,7|9|22|29|35|42|44|53|63|70|90,2,3,3,2,94,False,,,,0,nr-historical-relations-j1.0.0
2019-11-26|39|9|35,2019-11-26,2019,39,New York 2:30,1,47505,9,35,Quiniela Real,1,35922,9|14|30|41|46|62|78|94,9|14|30|41|46|62|78|94,1,7|9|22|29|35|42|44|53|63|70|90,2,5,3,2,94,False,,,,0,nr-historical-relations-j1.0.0
2019-11-26|39|9|53,2019-11-26,2019,39,New York 2:30,1,47505,9,53,Loteria Nacional,1,109092,9|14|30|41|46|62|78|94,9|14|30|41|46|62|78|94,1,7|9|22|29|35|42|44|53|63|70|90,2,8,3,2,94,False,,,,0,nr-historical-relations-j1.0.0
2019-11-26|39|94|84,2019-11-26,2019,39,New York 2:30,1,47505,94,84,Gana Mas,1,163027,9|14|30|41|46|62|78|94,9|14|30|41|46|62|78|94,8,58|84|94,3,2,1,2,9,True,5,Gana Mas,1,3,nr-historical-relations-j1.0.0
2019-11-27|48|89|41,2019-11-27,2019,48,New York 10:30,1,49967,89,41,New York 2:30,1,47504,73|89,73|89,2,12|41|56|71|89,5,2,1,2,93,False,,,,0,nr-historical-relations-j1.0.0
2019-11-27|41|93|48,2019-11-27,2019,41,New York 2:30,1,47504,93,48,New York 10:30,1,49967,13|29|93,13|29|93,3,48|93|97,2,1,1,2,89,True,5,Quiniela Leidsa,3,4,nr-historical-relations-j1.0.0
2019-12-04|28|53|70,2019-12-04,2019,28,New York 10:30,1,49960,53,70,Quiniela Leidsa,1,116604,21|26|53,21|26|53,3,7|9|22|29|35|42|44|53|63|70|90,8,10,1,1,,True,1,Loteria Nacional,1,1,nr-historical-relations-j1.0.0
2019-12-05|42|7|29,2019-12-05,2019,42,New York 2:30,1,47496,7,29,New York 10:30,1,49959,7|18|23|50|55|66|71,7|18|23|50|55|66|71,1,7|9|22|29|35|42|44|53|63|70|90,1,4,2,1,,True,2,Quiniela Real,2,5,nr-historical-relations-j1.0.0
2019-12-05|42|7|53,2019-12-05,2019,42,New York 2:30,1,47496,7,53,Loteria Nacional,1,109083,7|18|23|50|55|66|71,7|18|23|50|55|66|71,1,7|9|22|29|35|42|44|53|63|70|90,1,8,2,1,,True,2,Quiniela Real,2,5,nr-historical-relations-j1.0.0
2019-12-07|26|27|68,2019-12-07,2019,26,Quiniela Real,1,35911,27,68,Quiniela Leidsa,1,116601,27|38,27|38,1,27|68|76|92,1,2,2,1,,True,4,Loteria Nacional,2,4,nr-historical-relations-j1.0.0
2019-12-07|26|27|92,2019-12-07,2019,26,Quiniela Real,1,35911,27,92,New York 2:30,1,47494,27|38,27|38,1,27|68|76|92,1,4,2,1,,True,4,Loteria Nacional,2,4,nr-historical-relations-j1.0.0
2019-12-08|34|76|68,2019-12-08,2019,34,Quiniela Loteka,1,1159,76,68,New York 2:30,1,47493,1|17|33|49|76,1|17|33|49|76,5,27|68|76|92,3,2,1,1,,True,5,Gana Mas,1,1,nr-historical-relations-j1.0.0
2019-12-10|43|12|56,2019-12-10,2019,43,New York 2:30,1,47491,12,56,Gana Mas,1,163014,12|28|44|60|81|92,12|28|44|60|81|92,1,12|41|56|71|89,1,3,1,3,28|41,True,2,Loteria Nacional,1,1,nr-historical-relations-j1.0.0
2019-12-10|43|28|73,2019-12-10,2019,43,New York 2:30,1,47491,28,73,New York 10:30,1,49954,12|28|44|60|81|92,12|28|44|60|81|92,2,23|28|73|77|87,2,3,1,3,12|41,True,7,New York 2:30,3,1,nr-historical-relations-j1.0.0
2019-12-10|39|41|56,2019-12-10,2019,39,Quiniela Loteka,1,1157,41,56,Gana Mas,1,163014,9|14|30|41|46|62|78|94,9|14|30|41|46|62|78|94,4,12|41|56|71|89,2,3,1,3,12|28,True,1,Quiniela Real,2,1,nr-historical-relations-j1.0.0
2019-12-13|43|44|35,2019-12-13,2019,43,Loteria Nacional,1,109075,44,35,New York 10:30,1,49951,12|28|44|60|81|92,12|28|44|60|81|92,3,7|9|22|29|35|42|44|53|63|70|90,7,5,1,2,92,True,6,Quiniela Real,2,1,nr-historical-relations-j1.0.0
2019-12-13|43|92|27,2019-12-13,2019,43,Loteria Nacional,1,109075,92,27,Quiniela Loteka,1,1154,12|28|44|60|81|92,12|28|44|60|81|92,6,27|68|76|92,4,1,2,2,44,True,6,Quiniela Loteka,2,2,nr-historical-relations-j1.0.0
2019-12-13|43|92|76,2019-12-13,2019,43,Loteria Nacional,1,109075,92,76,Gana Mas,1,163011,12|28|44|60|81|92,12|28|44|60|81|92,6,27|68|76|92,4,3,2,2,44,True,6,Quiniela Loteka,2,2,nr-historical-relations-j1.0.0
2019-12-14|36|85|52,2019-12-14,2019,36,Quiniela Real,1,35904,85,52,Loteria Nacional,1,109074,32|48|64|85,32|48|64|85,4,52|81|85,3,1,1,1,,True,6,Gana Mas,3,2,nr-historical-relations-j1.0.0
2019-12-16|51|34|72,2019-12-16,2019,51,Quiniela Real,1,35902,34,72,Loteria Nacional,1,109072,34|98,34|98,1,26|34|59|72,2,4,1,1,,True,2,Quiniela Loteka,1,1,nr-historical-relations-j1.0.0
2019-12-19|36|48|93,2019-12-19,2019,36,New York 10:30,1,49945,48,93,Quiniela Loteka,1,1148,32|48|64|85,32|48|64|85,2,48|93|97,1,2,1,1,,True,1,New York 2:30,1,2,nr-historical-relations-j1.0.0
2019-12-20|32|77|73,2019-12-20,2019,32,Gana Mas,1,163004,77,73,New York 10:30,1,49944,77,77,1,23|28|73|77|87,4,3,1,2,89,True,2,Quiniela Real,1,1,nr-historical-relations-j1.0.0
2019-12-20|48|89|12,2019-12-20,2019,48,New York 2:30,1,47481,89,12,Quiniela Loteka,1,1147,73|89,73|89,2,12|41|56|71|89,5,1,1,2,77,True,3,Loteria Nacional,2,1,nr-historical-relations-j1.0.0
2019-12-24|47|79|88,2019-12-24,2019,47,Quiniela Loteka,1,1143,79,88,Quiniela Real,1,35894,4|36|68|79|84,4|36|68|79|84,4,67|79|88,2,3,1,1,,True,1,New York 10:30,3,4,nr-historical-relations-j1.0.0
2019-12-25|28|26|72,2019-12-25,2019,28,New York 2:30,1,47476,26,72,New York 10:30,1,49939,21|26|53,21|26|53,2,26|34|59|72,1,4,1,1,,False,,,,0,nr-historical-relations-j1.0.0
2019-12-27|34|1|10,2019-12-27,2019,34,New York 10:30,1,49937,1,10,Loteria Nacional,1,109063,1|17|33|49|76,1|17|33|49|76,1,1|10|100,1,2,1,2,42,True,7,Quiniela Real,2,1,nr-historical-relations-j1.0.0
2019-12-27|37|42|35,2019-12-27,2019,37,Quiniela Leidsa,1,116583,42,35,Gana Mas,1,162999,5|10|42,5|10|42,3,7|9|22|29|35|42|44|53|63|70|90,6,5,1,2,1,True,1,Quiniela Real,2,1,nr-historical-relations-j1.0.0
2019-12-28|35|54|14,2019-12-28,2019,35,New York 2:30,1,47473,54,14,New York 10:30,1,49936,6|11|43|54|86,6|11|43|54|86,4,14|54,2,1,1,1,,True,3,Quiniela Real,2,2,nr-historical-relations-j1.0.0
2020-01-04|40|67|88,2020-01-04,2020,40,Gana Mas,1,162993,67,88,Quiniela Real,1,35883,8|19|51|56|67|72,8|19|51|56|67|72,5,67|79|88,1,3,1,1,,False,,,,0,nr-historical-relations-j1.0.0
2020-01-05|48|73|23,2020-01-05,2020,48,Gana Mas,1,162992,73,23,Quiniela Real,1,35882,73|89,73|89,1,23|28|73|77|87,3,1,1,1,,False,,,,0,nr-historical-relations-j1.0.0
2020-01-06|28|26|72,2020-01-06,2020,28,New York 10:30,1,49927,26,72,Gana Mas,1,162991,21|26|53,21|26|53,2,26|34|59|72,1,4,1,1,,True,1,Gana Mas,3,3,nr-historical-relations-j1.0.0
2020-01-07|39|9|44,2020-01-07,2020,39,Quiniela Real,1,35880,9,44,Quiniela Loteka,1,1134,9|14|30|41|46|62|78|94,9|14|30|41|46|62|78|94,1,7|9|22|29|35|42|44|53|63|70|90,2,7,1,4,90|91|94,True,4,Quiniela Loteka,2,1,nr-historical-relations-j1.0.0
2020-01-07|46|90|44,2020-01-07,2020,46,New York 10:30,1,49926,90,44,Quiniela Loteka,1,1134,37|58|74|90,37|58|74|90,4,7|9|22|29|35|42|44|53|63|70|90,11,7,1,4,9|91|94,True,2,Gana Mas,1,1,nr-historical-relations-j1.0.0
2020-01-07|44|91|69,2020-01-07,2020,44,Quiniela Loteka,1,1134,91,69,Loteria Nacional,1,109054,22|59|70|75|91,22|59|70|75|91,5,11|57|69|91,4,3,1,4,9|90|94,True,3,Gana Mas,2,4,nr-historical-relations-j1.0.0
2020-01-07|39|94|58,2020-01-07,2020,39,Quiniela Real,1,35880,94,58,Gana Mas,1,162990,9|14|30|41|46|62|78|94,9|14|30|41|46|62|78|94,8,58|84|94,3,1,1,4,9|90|91,True,1,Quiniela Real,1,2,nr-historical-relations-j1.0.0
2020-01-08|48|73|23,2020-01-08,2020,48,New York 10:30,1,49925,73,23,New York 2:30,1,47462,73|89,73|89,1,23|28|73|77|87,3,1,1,1,,True,6,New York 10:30,3,1,nr-historical-relations-j1.0.0
2020-01-09|28|53|90,2020-01-09,2020,28,Quiniela Real,1,35878,53,90,Gana Mas,1,162988,21|26|53,21|26|53,3,7|9|22|29|35|42|44|53|63|70|90,8,11,1,1,,False,,,,0,nr-historical-relations-j1.0.0
2020-01-10|40|8|80,2020-01-10,2020,40,Loteria Nacional,1,109051,8,80,Quiniela Loteka,1,1131,8|19|51|56|67|72,8|19|51|56|67|72,1,8|80,1,2,1,2,77,True,2,Loteria Nacional,3,3,nr-historical-relations-j1.0.0
2020-01-10|32|77|23,2020-01-10,2020,32,Quiniela Leidsa,1,116574,77,23,Gana Mas,1,162987,77,77,1,23|28|73|77|87,4,1,1,2,8,True,6,New York 10:30,3,1,nr-historical-relations-j1.0.0
2020-01-19|26|27|92,2020-01-19,2020,26,Quiniela Real,1,35868,27,92,New York 2:30,1,47451,27|38,27|38,1,27|68|76|92,1,4,1,1,,False,,,,0,nr-historical-relations-j1.0.0
2020-01-20|38|31|74,2020-01-20,2020,38,Loteria Nacional,1,109041,31,74,New York 10:30,1,49913,20|31|47|52|63|100,20|31|47|52|63|100,2,31|74,1,2,1,3,52|63,True,1,New York 2:30,2,2,nr-historical-relations-j1.0.0
2020-01-20|38|52|85,2020-01-20,2020,38,Loteria Nacional,1,109041,52,85,Gana Mas,1,162977,20|31|47|52|63|100,20|31|47|52|63|100,4,52|81|85,1,3,1,3,31|63,True,4,New York 10:30,2,1,nr-historical-relations-j1.0.0
2020-01-20|38|63|44,2020-01-20,2020,38,Loteria Nacional,1,109041,63,44,Quiniela Real,1,35867,20|31|47|52|63|100,20|31|47|52|63|100,5,7|9|22|29|35|42|44|53|63|70|90,9,7,1,3,31|52,True,6,New York 2:30,2,2,nr-historical-relations-j1.0.0
2020-01-22|38|31|74,2020-01-22,2020,38,New York 2:30,1,47448,31,74,Quiniela Loteka,1,1119,20|31|47|52|63|100,20|31|47|52|63|100,2,31|74,1,2,1,3,52|63,True,3,New York 2:30,1,3,nr-historical-relations-j1.0.0
2020-01-22|38|52|85,2020-01-22,2020,38,New York 2:30,1,47448,52,85,Quiniela Real,1,35865,20|31|47|52|63|100,20|31|47|52|63|100,4,52|81|85,1,3,1,3,31|63,True,2,New York 10:30,2,1,nr-historical-relations-j1.0.0
2020-01-22|38|63|70,2020-01-22,2020,38,New York 2:30,1,47448,63,70,Quiniela Leidsa,1,116562,20|31|47|52|63|100,20|31|47|52|63|100,5,7|9|22|29|35|42|44|53|63|70|90,9,10,1,3,31|52,True,4,New York 2:30,2,2,nr-historical-relations-j1.0.0
2020-01-26|44|22|7,2020-01-26,2020,44,Gana Mas,1,162973,22,7,New York 2:30,1,47444,22|59|70|75|91,22|59|70|75|91,1,7|9|22|29|35|42|44|53|63|70|90,3,1,1,3,59|70,False,,,,0,nr-historical-relations-j1.0.0
2020-01-26|44|59|34,2020-01-26,2020,44,Gana Mas,1,162973,59,34,New York 10:30,1,49907,22|59|70|75|91,22|59|70|75|91,2,26|34|59|72,3,2,1,3,22|70,False,,,,0,nr-historical-relations-j1.0.0
2020-01-26|44|70|7,2020-01-26,2020,44,Gana Mas,1,162973,70,7,New York 2:30,1,47444,22|59|70|75|91,22|59|70|75|91,3,7|9|22|29|35|42|44|53|63|70|90,10,1,1,3,22|59,True,7,New York 2:30,3,1,nr-historical-relations-j1.0.0
2020-01-29|44|75|62,2020-01-29,2020,44,Loteria Nacional,1,109033,75,62,Quiniela Loteka,1,1113,22|59|70|75|91,22|59|70|75|91,4,62|75,2,1,1,1,,True,3,Loteria Nacional,2,2,nr-historical-relations-j1.0.0
2020-01-30|42|71|89,2020-01-30,2020,42,Gana Mas,1,162969,71,89,Quiniela Loteka,1,1112,7|18|23|50|55|66|71,7|18|23|50|55|66|71,7,12|41|56|71|89,4,5,1,1,,True,3,Quiniela Leidsa,3,2,nr-historical-relations-j1.0.0
2020-01-31|33|2|20,2020-01-31,2020,33,Gana Mas,1,162968,2,20,Quiniela Leidsa,1,116553,2|39|82|87,2|39|82|87,1,2|20,1,2,1,2,87,True,6,New York 2:30,2,1,nr-historical-relations-j1.0.0
2020-01-31|33|87|23,2020-01-31,2020,33,Gana Mas,1,162968,87,23,Quiniela Loteka,1,1111,2|39|82|87,2|39|82|87,4,23|28|73|77|87,5,1,1,2,2,False,,,,0,nr-historical-relations-j1.0.0
2020-02-02|48|73|23,2020-02-02,2020,48,New York 10:30,1,49900,73,23,Quiniela Loteka,1,1109,73|89,73|89,1,23|28|73|77|87,3,1,1,1,,True,3,New York 10:30,2,1,nr-historical-relations-j1.0.0
2020-02-08|35|54|14,2020-02-08,2020,35,Quiniela Leidsa,1,116548,54,14,Loteria Nacional,1,109023,6|11|43|54|86,6|11|43|54|86,4,14|54,2,1,1,2,80,True,3,Quiniela Leidsa,2,1,nr-historical-relations-j1.0.0
2020-02-08|45|80|8,2020-02-08,2020,45,New York 10:30,1,49894,80,8,Quiniela Real,1,35848,69|80,69|80,2,8|80,2,1,1,2,54,True,4,Quiniela Real,1,1,nr-historical-relations-j1.0.0
2020-02-09|49|40|4,2020-02-09,2020,49,Quiniela Leidsa,1,116547,40,4,Quiniela Real,1,35847,35|40|83,35|40|83,2,4|40,2,1,1,1,,True,2,New York 10:30,2,1,nr-historical-relations-j1.0.0
2020-02-11|49|35|63,2020-02-11,2020,49,Quiniela Real,1,35845,35,63,Quiniela Leidsa,1,116545,35|40|83,35|40|83,1,7|9|22|29|35|42|44|53|63|70|90,5,9,1,1,,True,2,Quiniela Leidsa,1,4,nr-historical-relations-j1.0.0
2020-02-13|35|11|57,2020-02-13,2020,35,Quiniela Leidsa,1,116543,11,57,Gana Mas,1,162956,6|11|43|54|86,6|11|43|54|86,2,11|57|69|91,1,2,1,1,,True,4,Quiniela Real,3,2,nr-historical-relations-j1.0.0
2020-02-17|35|11|69,2020-02-17,2020,35,New York 2:30,1,47422,11,69,New York 10:30,1,49885,6|11|43|54|86,6|11|43|54|86,2,11|57|69|91,1,3,1,3,40|77,True,2,Quiniela Leidsa,3,1,nr-historical-relations-j1.0.0
2020-02-17|49|40|4,2020-02-17,2020,49,Gana Mas,1,162953,40,4,Quiniela Real,1,35840,35|40|83,35|40|83,2,4|40,2,1,1,3,11|77,False,,,,0,nr-historical-relations-j1.0.0
2020-02-17|32|77|23,2020-02-17,2020,32,Quiniela Leidsa,1,116540,77,23,Quiniela Loteka,1,1098,77,77,1,23|28|73|77|87,4,1,1,3,11|40,True,4,Gana Mas,1,1,nr-historical-relations-j1.0.0
2020-02-19|42|7|70,2020-02-19,2020,42,New York 2:30,1,47420,7,70,Quiniela Loteka,1,1096,7|18|23|50|55|66|71,7|18|23|50|55|66|71,1,7|9|22|29|35|42|44|53|63|70|90,1,10,1,1,,False,,,,0,nr-historical-relations-j1.0.0
2020-02-21|35|11|91,2020-02-21,2020,35,Loteria Nacional,1,109011,11,91,Quiniela Real,1,35836,6|11|43|54|86,6|11|43|54|86,2,11|57|69|91,1,4,1,4,28|44|92,True,4,Quiniela Leidsa,1,1,nr-historical-relations-j1.0.0
2020-02-21|43|28|77,2020-02-21,2020,43,Quiniela Leidsa,1,116536,28,77,Gana Mas,1,162949,12|28|44|60|81|92,12|28|44|60|81|92,2,23|28|73|77|87,2,4,1,4,11|44|92,True,1,Loteria Nacional,3,2,nr-historical-relations-j1.0.0
2020-02-21|43|44|35,2020-02-21,2020,43,Quiniela Leidsa,1,116536,44,35,Loteria Nacional,1,109011,12|28|44|60|81|92,12|28|44|60|81|92,3,7|9|22|29|35|42|44|53|63|70|90,7,5,1,4,11|28|92,False,,,,0,nr-historical-relations-j1.0.0
2020-02-21|43|92|27,2020-02-21,2020,43,Quiniela Leidsa,1,116536,92,27,Quiniela Loteka,1,1094,12|28|44|60|81|92,12|28|44|60|81|92,6,27|68|76|92,4,1,1,4,11|28|44,True,1,Loteria Nacional,1,3,nr-historical-relations-j1.0.0
2020-02-23|43|44|63,2020-02-23,2020,43,New York 2:30,1,47416,44,63,Quiniela Loteka,1,1092,12|28|44|60|81|92,12|28|44|60|81|92,3,7|9|22|29|35|42|44|53|63|70|90,7,9,1,1,,True,7,Gana Mas,3,1,nr-historical-relations-j1.0.0
2020-02-24|46|58|84,2020-02-24,2020,46,Gana Mas,1,162946,58,84,Quiniela Loteka,1,1091,37|58|74|90,37|58|74|90,2,58|84|94,1,2,1,2,90,True,6,New York 10:30,1,1,nr-historical-relations-j1.0.0
2020-02-24|46|90|63,2020-02-24,2020,46,Gana Mas,1,162946,90,63,Quiniela Real,1,35833,37|58|74|90,37|58|74|90,4,7|9|22|29|35|42|44|53|63|70|90,11,9,1,2,58,True,1,Quiniela Loteka,1,3,nr-historical-relations-j1.0.0
2020-02-25|49|35|90,2020-02-25,2020,49,Quiniela Real,1,35832,35,90,Quiniela Loteka,1,1090,35|40|83,35|40|83,1,7|9|22|29|35|42|44|53|63|70|90,5,11,1,1,,True,4,Quiniela Loteka,3,1,nr-historical-relations-j1.0.0
2020-02-27|36|48|97,2020-02-27,2020,36,Quiniela Loteka,1,1088,48,97,Quiniela Leidsa,1,116530,32|48|64|85,32|48|64|85,2,48|93|97,1,3,1,1,,True,2,New York 10:30,3,3,nr-historical-relations-j1.0.0
2020-02-28|33|2|20,2020-02-28,2020,33,Quiniela Loteka,1,1087,2,20,Gana Mas,1,162943,2|39|82|87,2|39|82|87,1,2|20,1,2,1,2,87,True,2,New York 2:30,2,3,nr-historical-relations-j1.0.0
2020-02-28|33|87|23,2020-02-28,2020,33,Quiniela Loteka,1,1087,87,23,Quiniela Real,1,35829,2|39|82|87,2|39|82|87,4,23|28|73|77|87,5,1,1,2,2,True,1,Loteria Nacional,2,3,nr-historical-relations-j1.0.0
2020-03-01|40|56|71,2020-03-01,2020,40,Quiniela Real,1,35827,56,71,Gana Mas,1,162941,8|19|51|56|67|72,8|19|51|56|67|72,4,12|41|56|71|89,3,4,1,1,,True,7,Gana Mas,1,1,nr-historical-relations-j1.0.0
2020-03-02|44|22|90,2020-03-02,2020,44,Loteria Nacional,1,109002,22,90,Quiniela Loteka,1,1084,22|59|70|75|91,22|59|70|75|91,1,7|9|22|29|35|42|44|53|63|70|90,3,11,1,2,70,True,4,New York 10:30,1,1,nr-historical-relations-j1.0.0
2020-03-02|44|70|90,2020-03-02,2020,44,Loteria Nacional,1,109002,70,90,Quiniela Loteka,1,1084,22|59|70|75|91,22|59|70|75|91,3,7|9|22|29|35|42|44|53|63|70|90,10,11,1,2,22,True,4,Quiniela Real,3,2,nr-historical-relations-j1.0.0
2020-03-03|47|4|40,2020-03-03,2020,47,Gana Mas,1,162940,4,40,Quiniela Real,1,35825,4|36|68|79|84,4|36|68|79|84,1,4|40,1,2,1,1,,True,5,New York 10:30,1,2,nr-historical-relations-j1.0.0
2020-03-07|47|68|27,2020-03-07,2020,47,Quiniela Loteka,1,1081,68,27,New York 2:30,1,47403,4|36|68|79|84,4|36|68|79|84,3,27|68|76|92,2,1,1,1,,False,,,,0,nr-historical-relations-j1.0.0
2020-03-08|41|29|70,2020-03-08,2020,41,New York 2:30,1,47402,29,70,Quiniela Leidsa,1,116522,13|29|93,13|29|93,2,7|9|22|29|35|42|44|53|63|70|90,4,10,1,1,,True,4,New York 2:30,1,1,nr-historical-relations-j1.0.0
2020-03-10|28|53|70,2020-03-10,2020,28,New York 10:30,2,49863,53,70,Loteria Nacional,1,108994,21|26|53,21|26|53,3,7|9|22|29|35|42|44|53|63|70|90,8,10,1,1,,True,2,New York 2:30,2,4,nr-historical-relations-j1.0.0
2020-03-11|40|8|80,2020-03-11,2020,40,New York 2:30,1,47399,8,80,Quiniela Real,1,35817,8|19|51|56|67|72,8|19|51|56|67|72,1,8|80,1,2,1,3,19|85,True,6,New York 2:30,3,2,nr-historical-relations-j1.0.0
2020-03-11|40|19|86,2020-03-11,2020,40,New York 2:30,1,47399,19,86,Loteria Nacional,1,108993,8|19|51|56|67|72,8|19|51|56|67|72,2,19|46|86,1,3,1,3,8|85,False,,,,0,nr-historical-relations-j1.0.0
2020-03-11|36|85|81,2020-03-11,2020,36,New York 10:30,1,49862,85,81,Gana Mas,1,162932,32|48|64|85,32|48|64|85,4,52|81|85,3,2,1,3,8|19,True,4,New York 10:30,1,2,nr-historical-relations-j1.0.0
2020-03-12|39|9|29,2020-03-12,2020,39,Quiniela Leidsa,1,116518,9,29,New York 2:30,1,47398,9|14|30|41|46|62|78|94,9|14|30|41|46|62|78|94,1,7|9|22|29|35|42|44|53|63|70|90,2,4,1,1,,False,,,,0,nr-historical-relations-j1.0.0
2020-03-13|39|46|86,2020-03-13,2020,39,Quiniela Loteka,2,1075,46,86,Quiniela Leidsa,1,116517,9|14|30|41|46|62|78|94,9|14|30|41|46|62|78|94,5,19|46|86,2,3,1,2,68,False,,,,0,nr-historical-relations-j1.0.0
2020-03-13|47|68|92,2020-03-13,2020,47,New York 10:30,1,49860,68,92,Loteria Nacional,1,108991,4|36|68|79|84,4|36|68|79|84,3,27|68|76|92,2,4,1,2,46,False,,,,0,nr-historical-relations-j1.0.0
2020-03-14|39|9|53,2020-03-14,2020,39,New York 2:30,1,47396,9,53,New York 10:30,1,49859,9|14|30|41|46|62|78|94,9|14|30|41|46|62|78|94,1,7|9|22|29|35|42|44|53|63|70|90,2,8,1,2,44,True,6,New York 2:30,1,1,nr-historical-relations-j1.0.0
2020-03-14|43|44|53,2020-03-14,2020,43,Quiniela Real,1,35814,44,53,New York 10:30,1,49859,12|28|44|60|81|92,12|28|44|60|81|92,3,7|9|22|29|35|42|44|53|63|70|90,7,8,1,2,9,True,2,Gana Mas,1,1,nr-historical-relations-j1.0.0
2020-03-16|37|10|1,2020-03-16,2020,37,Loteria Nacional,1,108989,10,1,Quiniela Loteka,1,1073,5|10|42,5|10|42,2,1|10|100,2,1,1,3,42|73,False,,,,0,nr-historical-relations-j1.0.0
2020-03-16|37|42|44,2020-03-16,2020,37,Loteria Nacional,1,108989,42,44,Gana Mas,1,162928,5|10|42,5|10|42,3,7|9|22|29|35|42|44|53|63|70|90,6,7,1,3,10|73,True,1,Quiniela Loteka,3,3,nr-historical-relations-j1.0.0
2020-03-16|48|73|77,2020-03-16,2020,48,New York 2:30,1,47394,73,77,New York 10:30,1,49857,73|89,73|89,1,23|28|73|77|87,3,4,1,3,10|42,True,2,Quiniela Leidsa,1,2,nr-historical-relations-j1.0.0
2020-03-18|51|34|59,2020-03-18,2020,51,Quiniela Loteka,1,1071,34,59,New York 2:30,1,47392,34|98,34|98,1,26|34|59|72,2,3,1,1,,False,,,,0,nr-historical-relations-j1.0.0
2020-04-03|49|35|90,2020-04-03,2020,49,New York 10:30,1,49839,35,90,Quiniela Loteka,1,1068,35|40|83,35|40|83,1,7|9|22|29|35|42|44|53|63|70|90,5,11,1,1,,True,7,New York 10:30,1,1,nr-historical-relations-j1.0.0
2020-04-11|41|93|97,2020-04-11,2020,41,Quiniela Leidsa,1,116504,93,97,Quiniela Loteka,1,1062,13|29|93,13|29|93,3,48|93|97,2,3,1,1,,False,,,,0,nr-historical-relations-j1.0.0
2020-04-12|32|77|28,2020-04-12,2020,32,New York 2:30,1,47367,77,28,New York 10:30,1,49830,77,77,1,23|28|73|77|87,4,2,1,1,,False,,,,0,nr-historical-relations-j1.0.0
2020-04-16|39|30|3,2020-04-16,2020,39,New York 10:30,1,49826,30,3,New York 2:30,1,47363,9|14|30|41|46|62|78|94,9|14|30|41|46|62|78|94,3,3|30|83,2,1,1,1,,False,,,,0,nr-historical-relations-j1.0.0
2020-04-25|45|69|57,2020-04-25,2020,45,New York 2:30,1,47354,69,57,New York 10:30,1,49817,69|80,69|80,1,11|57|69|91,3,2,1,1,,True,6,Quiniela Loteka,2,2,nr-historical-relations-j1.0.0
2020-05-03|41|29|7,2020-05-03,2020,41,New York 2:30,1,47346,29,7,New York 10:30,1,49809,13|29|93,13|29|93,2,7|9|22|29|35|42|44|53|63|70|90,4,1,1,2,42,True,3,Quiniela Loteka,1,2,nr-historical-relations-j1.0.0
2020-05-03|37|42|7,2020-05-03,2020,37,Quiniela Leidsa,1,116500,42,7,New York 10:30,1,49809,5|10|42,5|10|42,3,7|9|22|29|35|42|44|53|63|70|90,6,1,1,2,29,True,3,New York 2:30,2,2,nr-historical-relations-j1.0.0
2020-05-28|34|76|68,2020-05-28,2020,34,New York 10:30,1,49784,76,68,New York 2:30,1,47321,1|17|33|49|76,1|17|33|49|76,5,27|68|76|92,3,2,1,1,,True,7,Loteria Nacional,2,1,nr-historical-relations-j1.0.0
2020-06-03|44|22|63,2020-06-03,2020,44,Quiniela Leidsa,1,116491,22,63,New York 2:30,1,47315,22|59|70|75|91,22|59|70|75|91,1,7|9|22|29|35|42|44|53|63|70|90,3,9,1,2,70,True,6,Quiniela Loteka,3,1,nr-historical-relations-j1.0.0
2020-06-03|44|70|63,2020-06-03,2020,44,Quiniela Leidsa,1,116491,70,63,New York 2:30,1,47315,22|59|70|75|91,22|59|70|75|91,3,7|9|22|29|35|42|44|53|63|70|90,10,9,1,2,22,True,3,Quiniela Leidsa,3,2,nr-historical-relations-j1.0.0
2020-06-04|45|69|11,2020-06-04,2020,45,Quiniela Real,1,35809,69,11,New York 2:30,1,47314,69|80,69|80,1,11|57|69|91,3,1,1,1,,False,,,,0,nr-historical-relations-j1.0.0
2020-06-07|46|58|94,2020-06-07,2020,46,Quiniela Leidsa,1,116489,58,94,New York 10:30,1,49774,37|58|74|90,37|58|74|90,2,58|84|94,1,3,1,2,90,True,3,New York 10:30,2,2,nr-historical-relations-j1.0.0
2020-06-07|46|90|70,2020-06-07,2020,46,Quiniela Leidsa,1,116489,90,70,New York 2:30,1,47311,37|58|74|90,37|58|74|90,4,7|9|22|29|35|42|44|53|63|70|90,11,10,1,2,58,False,,,,0,nr-historical-relations-j1.0.0
2020-06-08|36|85|52,2020-06-08,2020,36,Quiniela Loteka,1,1046,85,52,New York 2:30,1,47310,32|48|64|85,32|48|64|85,4,52|81|85,3,1,1,1,,True,2,Quiniela Leidsa,1,1,nr-historical-relations-j1.0.0
2020-06-09|43|28|87,2020-06-09,2020,43,Loteria Nacional,1,108980,28,87,New York 10:30,1,49772,12|28|44|60|81|92,12|28|44|60|81|92,2,23|28|73|77|87,2,5,1,2,94,True,4,Gana Mas,2,3,nr-historical-relations-j1.0.0
2020-06-09|39|94|84,2020-06-09,2020,39,Quiniela Leidsa,1,116487,94,84,New York 2:30,1,47309,9|14|30|41|46|62|78|94,9|14|30|41|46|62|78|94,8,58|84|94,3,2,1,2,28,True,4,Loteria Nacional,1,1,nr-historical-relations-j1.0.0
2020-06-10|42|7|29,2020-06-10,2020,42,Quiniela Loteka,1,1044,7,29,Quiniela Real,1,35803,7|18|23|50|55|66|71,7|18|23|50|55|66|71,1,7|9|22|29|35|42|44|53|63|70|90,1,4,1,4,15|52|63,True,7,Gana Mas,1,1,nr-historical-relations-j1.0.0
2020-06-10|29|15|96,2020-06-10,2020,29,Quiniela Real,1,35803,15,96,New York 2:30,1,47308,15,15,1,15|96,1,2,1,4,7|52|63,True,3,Quiniela Real,2,2,nr-historical-relations-j1.0.0
2020-06-10|38|52|85,2020-06-10,2020,38,New York 10:30,1,49771,52,85,Quiniela Leidsa,1,116486,20|31|47|52|63|100,20|31|47|52|63|100,4,52|81|85,1,3,1,4,7|15|63,True,1,Quiniela Real,3,4,nr-historical-relations-j1.0.0
2020-06-10|38|63|29,2020-06-10,2020,38,New York 10:30,1,49771,63,29,Quiniela Real,1,35803,20|31|47|52|63|100,20|31|47|52|63|100,5,7|9|22|29|35|42|44|53|63|70|90,9,4,2,4,7|15|52,False,,,,0,nr-historical-relations-j1.0.0
2020-06-10|38|63|42,2020-06-10,2020,38,New York 10:30,1,49771,63,42,Quiniela Loteka,1,1044,20|31|47|52|63|100,20|31|47|52|63|100,5,7|9|22|29|35|42|44|53|63|70|90,9,6,2,4,7|15|52,False,,,,0,nr-historical-relations-j1.0.0
2020-06-11|43|44|70,2020-06-11,2020,43,Quiniela Real,1,35802,44,70,Quiniela Leidsa,1,116485,12|28|44|60|81|92,12|28|44|60|81|92,3,7|9|22|29|35|42|44|53|63|70|90,7,10,1,1,,True,3,New York 10:30,3,2,nr-historical-relations-j1.0.0
2020-06-12|47|4|40,2020-06-12,2020,47,Gana Mas,1,162917,4,40,Quiniela Leidsa,1,116484,4|36|68|79|84,4|36|68|79|84,1,4|40,1,2,1,1,,False,,,,0,nr-historical-relations-j1.0.0
2020-06-14|44|22|35,2020-06-14,2020,44,Quiniela Real,1,35799,22,35,Gana Mas,1,162915,22|59|70|75|91,22|59|70|75|91,1,7|9|22|29|35|42|44|53|63|70|90,3,5,1,2,70,False,,,,0,nr-historical-relations-j1.0.0
2020-06-14|44|70|35,2020-06-14,2020,44,Quiniela Real,1,35799,70,35,Gana Mas,1,162915,22|59|70|75|91,22|59|70|75|91,3,7|9|22|29|35|42|44|53|63|70|90,10,5,1,2,22,True,1,Loteria Nacional,1,2,nr-historical-relations-j1.0.0
2020-06-15|35|54|14,2020-06-15,2020,35,New York 10:30,1,49766,54,14,Quiniela Real,1,35798,6|11|43|54|86,6|11|43|54|86,4,14|54,2,1,1,1,,False,,,,0,nr-historical-relations-j1.0.0
2020-06-16|37|42|29,2020-06-16,2020,37,Quiniela Real,1,35797,42,29,New York 10:30,1,49765,5|10|42,5|10|42,3,7|9|22|29|35|42|44|53|63|70|90,6,4,1,1,,True,6,Loteria Nacional,2,1,nr-historical-relations-j1.0.0
2020-06-18|34|76|27,2020-06-18,2020,34,Quiniela Leidsa,1,116478,76,27,Quiniela Loteka,1,1037,1|17|33|49|76,1|17|33|49|76,5,27|68|76|92,3,1,1,1,,True,1,Quiniela Leidsa,1,1,nr-historical-relations-j1.0.0
2020-06-20|52|65|37,2020-06-20,2020,52,New York 2:30,1,47298,65,37,Quiniela Loteka,1,1035,65|97,65|97,1,37|65|82,2,1,1,2,85,True,1,Gana Mas,1,3,nr-historical-relations-j1.0.0
2020-06-20|36|85|52,2020-06-20,2020,36,Loteria Nacional,1,108969,85,52,New York 2:30,1,47298,32|48|64|85,32|48|64|85,4,52|81|85,3,1,1,2,65,False,,,,0,nr-historical-relations-j1.0.0
2020-06-21|43|92|68,2020-06-21,2020,43,Quiniela Leidsa,1,116475,92,68,New York 10:30,1,49760,12|28|44|60|81|92,12|28|44|60|81|92,6,27|68|76|92,4,2,1,1,,True,5,New York 2:30,1,1,nr-historical-relations-j1.0.0
2020-06-22|43|44|9,2020-06-22,2020,43,New York 10:30,1,49759,44,9,Gana Mas,1,162908,12|28|44|60|81|92,12|28|44|60|81|92,3,7|9|22|29|35|42|44|53|63|70|90,7,2,1,2,60,True,1,Quiniela Leidsa,1,4,nr-historical-relations-j1.0.0
2020-06-22|43|60|6,2020-06-22,2020,43,New York 10:30,1,49759,60,6,New York 2:30,1,47296,12|28|44|60|81|92,12|28|44|60|81|92,4,6|60,2,1,1,2,44,True,4,Quiniela Leidsa,3,2,nr-historical-relations-j1.0.0
2020-06-23|44|22|7,2020-06-23,2020,44,Quiniela Leidsa,1,116473,22,7,New York 2:30,1,47295,22|59|70|75|91,22|59|70|75|91,1,7|9|22|29|35|42|44|53|63|70|90,3,1,2,2,70,True,1,Quiniela Leidsa,2,2,nr-historical-relations-j1.0.0
2020-06-23|44|22|9,2020-06-23,2020,44,Quiniela Leidsa,1,116473,22,9,New York 10:30,1,49758,22|59|70|75|91,22|59|70|75|91,1,7|9|22|29|35|42|44|53|63|70|90,3,2,2,2,70,True,1,Quiniela Leidsa,2,2,nr-historical-relations-j1.0.0
2020-06-23|44|70|7,2020-06-23,2020,44,Quiniela Leidsa,1,116473,70,7,New York 2:30,1,47295,22|59|70|75|91,22|59|70|75|91,3,7|9|22|29|35|42|44|53|63|70|90,10,1,2,2,22,True,2,New York 2:30,3,2,nr-historical-relations-j1.0.0
2020-06-23|44|70|9,2020-06-23,2020,44,Quiniela Leidsa,1,116473,70,9,New York 10:30,1,49758,22|59|70|75|91,22|59|70|75|91,3,7|9|22|29|35|42|44|53|63|70|90,10,2,2,2,22,True,2,New York 2:30,3,2,nr-historical-relations-j1.0.0
2020-06-24|39|94|58,2020-06-24,2020,39,Loteria Nacional,1,108965,94,58,New York 10:30,1,49757,9|14|30|41|46|62|78|94,9|14|30|41|46|62|78|94,8,58|84|94,3,1,1,1,,True,2,Loteria Nacional,1,2,nr-historical-relations-j1.0.0
2020-06-27|26|27|68,2020-06-27,2020,26,Quiniela Loteka,1,1028,27,68,New York 10:30,1,49754,27|38,27|38,1,27|68|76|92,1,2,1,2,41,True,3,Loteria Nacional,3,3,nr-historical-relations-j1.0.0
2020-06-27|39|41|71,2020-06-27,2020,39,Quiniela Real,1,35786,41,71,Gana Mas,1,162903,9|14|30|41|46|62|78|94,9|14|30|41|46|62|78|94,4,12|41|56|71|89,2,4,1,2,27,True,5,Loteria Nacional,2,4,nr-historical-relations-j1.0.0
2020-06-28|33|82|65,2020-06-28,2020,33,Quiniela Loteka,1,1027,82,65,New York 10:30,1,49753,2|39|82|87,2|39|82|87,3,37|65|82,3,2,1,1,,True,7,New York 10:30,1,1,nr-historical-relations-j1.0.0
2020-06-29|40|19|86,2020-06-29,2020,40,New York 2:30,1,47289,19,86,New York 10:30,1,49752,8|19|51|56|67|72,8|19|51|56|67|72,2,19|46|86,1,3,1,3,56|91,True,7,Quiniela Leidsa,1,1,nr-historical-relations-j1.0.0
2020-06-29|40|56|89,2020-06-29,2020,40,New York 2:30,1,47289,56,89,Loteria Nacional,1,108960,8|19|51|56|67|72,8|19|51|56|67|72,4,12|41|56|71|89,3,5,1,3,19|91,False,,,,0,nr-historical-relations-j1.0.0
2020-06-29|44|91|69,2020-06-29,2020,44,Quiniela Leidsa,1,116467,91,69,Quiniela Real,1,35784,22|59|70|75|91,22|59|70|75|91,5,11|57|69|91,4,3,1,3,19|56,False,,,,0,nr-historical-relations-j1.0.0
2020-06-30|30|57|69,2020-06-30,2020,30,Quiniela Leidsa,1,116466,57,69,New York 2:30,1,47288,25|57,25|57,2,11|57|69|91,2,3,1,1,,False,,,,0,nr-historical-relations-j1.0.0
2020-07-01|37|42|9,2020-07-01,2020,37,Loteria Nacional,1,108958,42,9,Gana Mas,1,162899,5|10|42,5|10|42,3,7|9|22|29|35|42|44|53|63|70|90,6,2,1,2,76,False,,,,0,nr-historical-relations-j1.0.0
2020-07-01|34|76|68,2020-07-01,2020,34,Quiniela Real,1,35782,76,68,Quiniela Leidsa,1,116465,1|17|33|49|76,1|17|33|49|76,5,27|68|76|92,3,2,1,2,42,True,1,New York 2:30,1,2,nr-historical-relations-j1.0.0
2020-07-02|41|29|7,2020-07-02,2020,41,Quiniela Loteka,1,1023,29,7,Quiniela Leidsa,1,116464,13|29|93,13|29|93,2,7|9|22|29|35|42|44|53|63|70|90,4,1,1,1,,True,1,Quiniela Real,3,2,nr-historical-relations-j1.0.0
2020-07-03|41|29|9,2020-07-03,2020,41,Quiniela Leidsa,1,116463,29,9,New York 10:30,1,49748,13|29|93,13|29|93,2,7|9|22|29|35|42|44|53|63|70|90,4,2,1,1,,True,1,New York 2:30,2,1,nr-historical-relations-j1.0.0
2020-07-06|43|12|89,2020-07-06,2020,43,Quiniela Loteka,1,1021,12,89,Gana Mas,1,162895,12|28|44|60|81|92,12|28|44|60|81|92,1,12|41|56|71|89,1,5,1,1,,True,1,Quiniela Leidsa,2,2,nr-historical-relations-j1.0.0
2020-07-07|39|94|84,2020-07-07,2020,39,Quiniela Leidsa,1,116461,94,84,Quiniela Loteka,1,1020,9|14|30|41|46|62|78|94,9|14|30|41|46|62|78|94,8,58|84|94,3,2,1,1,,True,2,Loteria Nacional,2,1,nr-historical-relations-j1.0.0
2020-07-08|33|87|77,2020-07-08,2020,33,Quiniela Leidsa,1,116460,87,77,Loteria Nacional,1,108952,2|39|82|87,2|39|82|87,4,23|28|73|77|87,5,4,1,1,,True,3,New York 2:30,3,4,nr-historical-relations-j1.0.0
2020-07-10|44|59|26,2020-07-10,2020,44,Quiniela Leidsa,1,116458,59,26,Loteria Nacional,1,108950,22|59|70|75|91,22|59|70|75|91,2,26|34|59|72,3,1,1,3,75|90,True,3,Quiniela Loteka,1,2,nr-historical-relations-j1.0.0
2020-07-10|44|75|62,2020-07-10,2020,44,Quiniela Leidsa,1,116458,75,62,Gana Mas,1,162891,22|59|70|75|91,22|59|70|75|91,4,62|75,2,1,1,3,59|90,False,,,,0,nr-historical-relations-j1.0.0
2020-07-10|46|90|44,2020-07-10,2020,46,Quiniela Real,1,35774,90,44,Quiniela Leidsa,1,116458,37|58|74|90,37|58|74|90,4,7|9|22|29|35|42|44|53|63|70|90,11,7,1,3,59|75,False,,,,0,nr-historical-relations-j1.0.0
2020-07-11|47|4|40,2020-07-11,2020,47,New York 2:30,1,47277,4,40,Quiniela Loteka,1,1016,4|36|68|79|84,4|36|68|79|84,1,4|40,1,2,1,3,68|79,True,3,Gana Mas,1,3,nr-historical-relations-j1.0.0
2020-07-11|47|68|92,2020-07-11,2020,47,New York 2:30,1,47277,68,92,Quiniela Leidsa,1,116457,4|36|68|79|84,4|36|68|79|84,3,27|68|76|92,2,4,1,3,4|79,False,,,,0,nr-historical-relations-j1.0.0
2020-07-11|47|79|67,2020-07-11,2020,47,New York 2:30,1,47277,79,67,Gana Mas,1,162890,4|36|68|79|84,4|36|68|79|84,4,67|79|88,2,1,1,3,4|68,False,,,,0,nr-historical-relations-j1.0.0
2020-07-12|43|12|41,2020-07-12,2020,43,Loteria Nacional,1,108948,12,41,Quiniela Real,1,35772,12|28|44|60|81|92,12|28|44|60|81|92,1,12|41|56|71|89,1,2,1,2,28,False,,,,0,nr-historical-relations-j1.0.0
2020-07-12|43|28|73,2020-07-12,2020,43,Loteria Nacional,1,108948,28,73,Quiniela Leidsa,1,116456,12|28|44|60|81|92,12|28|44|60|81|92,2,23|28|73|77|87,2,3,1,2,12,True,2,Quiniela Real,3,2,nr-historical-relations-j1.0.0
2020-07-15|43|12|89,2020-07-15,2020,43,New York 2:30,1,47273,12,89,Quiniela Leidsa,1,116453,12|28|44|60|81|92,12|28|44|60|81|92,1,12|41|56|71|89,1,5,1,4,44|68|71,True,6,Loteria Nacional,3,1,nr-historical-relations-j1.0.0
2020-07-15|43|44|42,2020-07-15,2020,43,New York 2:30,1,47273,44,42,Quiniela Loteka,1,1012,12|28|44|60|81|92,12|28|44|60|81|92,3,7|9|22|29|35|42|44|53|63|70|90,7,6,1,4,12|68|71,True,2,Quiniela Leidsa,1,1,nr-historical-relations-j1.0.0
2020-07-15|47|68|92,2020-07-15,2020,47,Gana Mas,1,162886,68,92,Quiniela Real,1,35769,4|36|68|79|84,4|36|68|79|84,3,27|68|76|92,2,4,1,4,12|44|71,True,5,Quiniela Loteka,1,1,nr-historical-relations-j1.0.0
2020-07-15|42|71|89,2020-07-15,2020,42,Quiniela Loteka,1,1012,71,89,Quiniela Leidsa,1,116453,7|18|23|50|55|66|71,7|18|23|50|55|66|71,7,12|41|56|71|89,4,5,1,4,12|44|68,True,1,New York 10:30,2,3,nr-historical-relations-j1.0.0
2020-07-17|37|42|44,2020-07-17,2020,37,New York 10:30,1,49734,42,44,Quiniela Leidsa,1,116451,5|10|42,5|10|42,3,7|9|22|29|35|42|44|53|63|70|90,6,7,1,2,91,False,,,,0,nr-historical-relations-j1.0.0
2020-07-17|44|91|57,2020-07-17,2020,44,Quiniela Leidsa,1,116451,91,57,Loteria Nacional,1,108943,22|59|70|75|91,22|59|70|75|91,5,11|57|69|91,4,2,1,2,42,False,,,,0,nr-historical-relations-j1.0.0
2020-07-19|47|84|94,2020-07-19,2020,47,Quiniela Real,1,35765,84,94,Quiniela Loteka,1,1008,4|36|68|79|84,4|36|68|79|84,5,58|84|94,2,3,1,1,,True,5,Quiniela Real,3,2,nr-historical-relations-j1.0.0
2020-07-20|34|76|68,2020-07-20,2020,34,Quiniela Real,1,35764,76,68,Quiniela Loteka,1,1007,1|17|33|49|76,1|17|33|49|76,5,27|68|76|92,3,2,1,1,,True,3,New York 2:30,2,1,nr-historical-relations-j1.0.0
2020-07-23|37|42|35,2020-07-23,2020,37,New York 2:30,1,47265,42,35,Quiniela Leidsa,1,116445,5|10|42,5|10|42,3,7|9|22|29|35|42|44|53|63|70|90,6,5,2,1,,False,,,,0,nr-historical-relations-j1.0.0
2020-07-23|37|42|70,2020-07-23,2020,37,New York 2:30,1,47265,42,70,Quiniela Loteka,1,1004,5|10|42,5|10|42,3,7|9|22|29|35|42|44|53|63|70|90,6,10,2,1,,False,,,,0,nr-historical-relations-j1.0.0
2020-07-26|40|8|80,2020-07-26,2020,40,New York 2:30,1,47262,8,80,Gana Mas,1,162875,8|19|51|56|67|72,8|19|51|56|67|72,1,8|80,1,2,1,1,,True,2,Gana Mas,2,2,nr-historical-relations-j1.0.0
2020-07-27|43|12|89,2020-07-27,2020,43,New York 10:30,1,49724,12,89,Loteria Nacional,1,108933,12|28|44|60|81|92,12|28|44|60|81|92,1,12|41|56|71|89,1,5,1,3,28|87,True,3,Quiniela Real,1,1,nr-historical-relations-j1.0.0
2020-07-27|43|28|23,2020-07-27,2020,43,New York 10:30,1,49724,28,23,Quiniela Leidsa,1,116441,12|28|44|60|81|92,12|28|44|60|81|92,2,23|28|73|77|87,2,1,1,3,12|87,True,4,Quiniela Loteka,3,1,nr-historical-relations-j1.0.0
2020-07-27|33|87|23,2020-07-27,2020,33,Gana Mas,1,162874,87,23,Quiniela Leidsa,1,116441,2|39|82|87,2|39|82|87,4,23|28|73|77|87,5,1,1,3,12|28,False,,,,0,nr-historical-relations-j1.0.0
2020-07-29|49|35|44,2020-07-29,2020,49,New York 2:30,1,47259,35,44,Quiniela Loteka,1,998,35|40|83,35|40|83,1,7|9|22|29|35|42|44|53|63|70|90,5,7,1,1,,True,5,New York 2:30,3,1,nr-historical-relations-j1.0.0
2020-07-31|37|42|63,2020-07-31,2020,37,Loteria Nacional,1,108929,42,63,Quiniela Loteka,1,996,5|10|42,5|10|42,3,7|9|22|29|35|42|44|53|63|70|90,6,9,1,2,90,False,,,,0,nr-historical-relations-j1.0.0
2020-07-31|46|90|63,2020-07-31,2020,46,Quiniela Real,1,35753,90,63,Quiniela Loteka,1,996,37|58|74|90,37|58|74|90,4,7|9|22|29|35|42|44|53|63|70|90,11,9,1,2,42,False,,,,0,nr-historical-relations-j1.0.0
2020-08-01|41|29|9,2020-08-01,2020,41,New York 2:30,1,47256,29,9,Loteria Nacional,1,108928,13|29|93,13|29|93,2,7|9|22|29|35|42|44|53|63|70|90,4,2,1,1,,True,2,Gana Mas,3,3,nr-historical-relations-j1.0.0
2020-08-03|41|13|17,2020-08-03,2020,41,Loteria Nacional,1,108926,13,17,Quiniela Loteka,1,993,13|29|93,13|29|93,1,13|17,1,2,1,1,,False,,,,0,nr-historical-relations-j1.0.0
2020-08-05|45|69|57,2020-08-05,2020,45,New York 10:30,1,49715,69,57,New York 2:30,1,47252,69|80,69|80,1,11|57|69|91,3,2,1,1,,False,,,,0,nr-historical-relations-j1.0.0
2020-08-06|43|28|87,2020-08-06,2020,43,Quiniela Real,1,35747,28,87,New York 10:30,1,49714,12|28|44|60|81|92,12|28|44|60|81|92,2,23|28|73|77|87,2,5,1,2,44,True,7,Loteria Nacional,3,2,nr-historical-relations-j1.0.0
2020-08-06|43|44|29,2020-08-06,2020,43,Quiniela Real,1,35747,44,29,Quiniela Leidsa,1,116433,12|28|44|60|81|92,12|28|44|60|81|92,3,7|9|22|29|35|42|44|53|63|70|90,7,4,2,2,28,True,1,Loteria Nacional,1,2,nr-historical-relations-j1.0.0
2020-08-06|43|44|63,2020-08-06,2020,43,Quiniela Real,1,35747,44,63,Gana Mas,1,162865,12|28|44|60|81|92,12|28|44|60|81|92,3,7|9|22|29|35|42|44|53|63|70|90,7,9,2,2,28,True,1,Loteria Nacional,1,2,nr-historical-relations-j1.0.0
2020-08-07|44|70|22,2020-08-07,2020,44,Loteria Nacional,1,108922,70,22,New York 10:30,1,49713,22|59|70|75|91,22|59|70|75|91,3,7|9|22|29|35|42|44|53|63|70|90,10,3,1,1,,False,,,,0,nr-historical-relations-j1.0.0
2020-08-10|42|7|29,2020-08-10,2020,42,Quiniela Real,1,35743,7,29,Gana Mas,1,162861,7|18|23|50|55|66|71,7|18|23|50|55|66|71,1,7|9|22|29|35|42|44|53|63|70|90,1,4,1,2,34,True,1,Quiniela Loteka,2,2,nr-historical-relations-j1.0.0
2020-08-10|51|34|59,2020-08-10,2020,51,Quiniela Leidsa,1,116429,34,59,Loteria Nacional,1,108919,34|98,34|98,1,26|34|59|72,2,3,1,2,7,True,6,Quiniela Real,2,1,nr-historical-relations-j1.0.0
2020-08-14|46|74|31,2020-08-14,2020,46,Quiniela Leidsa,1,116425,74,31,New York 10:30,1,49706,37|58|74|90,37|58|74|90,3,31|74,2,1,1,1,,True,6,Quiniela Loteka,2,1,nr-historical-relations-j1.0.0
2020-08-16|26|27|92,2020-08-16,2020,26,New York 2:30,1,47241,27,92,New York 10:30,1,49704,27|38,27|38,1,27|68|76|92,1,4,1,1,,True,7,Quiniela Leidsa,3,1,nr-historical-relations-j1.0.0
2020-08-21|34|1|10,2020-08-21,2020,34,Quiniela Loteka,1,977,1,10,New York 10:30,1,49699,1|17|33|49|76,1|17|33|49|76,1,1|10|100,1,2,1,2,17,True,3,Quiniela Loteka,3,3,nr-historical-relations-j1.0.0
2020-08-21|34|17|13,2020-08-21,2020,34,Quiniela Loteka,1,977,17,13,New York 2:30,1,47236,1|17|33|49|76,1|17|33|49|76,2,13|17,2,1,1,2,1,True,2,Quiniela Real,3,2,nr-historical-relations-j1.0.0
2020-08-22|32|77|73,2020-08-22,2020,32,New York 10:30,1,49698,77,73,New York 2:30,1,47235,77,77,1,23|28|73|77|87,4,3,2,1,,True,4,Loteria Nacional,3,1,nr-historical-relations-j1.0.0
2020-08-22|32|77|87,2020-08-22,2020,32,New York 10:30,1,49698,77,87,Gana Mas,1,162851,77,77,1,23|28|73|77|87,4,5,2,1,,True,4,Loteria Nacional,3,1,nr-historical-relations-j1.0.0
2020-08-23|45|69|91,2020-08-23,2020,45,Quiniela Real,1,35730,69,91,New York 2:30,1,47234,69|80,69|80,1,11|57|69|91,3,4,1,1,,True,1,Gana Mas,3,3,nr-historical-relations-j1.0.0
2020-08-25|38|63|7,2020-08-25,2020,38,Quiniela Real,1,35728,63,7,New York 10:30,1,49695,20|31|47|52|63|100,20|31|47|52|63|100,5,7|9|22|29|35|42|44|53|63|70|90,9,1,1,1,,True,4,New York 2:30,3,1,nr-historical-relations-j1.0.0
2020-08-27|27|16|25,2020-08-27,2020,27,New York 10:30,1,49693,16,25,Gana Mas,1,162846,16,16,1,16|25,1,2,1,1,,False,,,,0,nr-historical-relations-j1.0.0
2020-08-29|34|1|10,2020-08-29,2020,34,New York 2:30,1,47228,1,10,Quiniela Real,1,35724,1|17|33|49|76,1|17|33|49|76,1,1|10|100,1,2,1,1,,False,,,,0,nr-historical-relations-j1.0.0
2020-08-31|43|28|77,2020-08-31,2020,43,Quiniela Leidsa,1,116408,28,77,Quiniela Loteka,1,967,12|28|44|60|81|92,12|28|44|60|81|92,2,23|28|73|77|87,2,4,1,4,44|68|92,True,3,New York 10:30,1,2,nr-historical-relations-j1.0.0
2020-08-31|43|44|9,2020-08-31,2020,43,Quiniela Leidsa,1,116408,44,9,New York 10:30,1,49689,12|28|44|60|81|92,12|28|44|60|81|92,3,7|9|22|29|35|42|44|53|63|70|90,7,2,1,4,28|68|92,False,,,,0,nr-historical-relations-j1.0.0
2020-08-31|47|68|27,2020-08-31,2020,47,Gana Mas,1,162843,68,27,New York 2:30,1,47226,4|36|68|79|84,4|36|68|79|84,3,27|68|76|92,2,1,1,4,28|44|92,True,2,Quiniela Real,2,2,nr-historical-relations-j1.0.0
2020-08-31|43|92|27,2020-08-31,2020,43,Quiniela Leidsa,1,116408,92,27,New York 2:30,1,47226,12|28|44|60|81|92,12|28|44|60|81|92,6,27|68|76|92,4,1,1,4,28|44|68,True,1,Quiniela Leidsa,1,4,nr-historical-relations-j1.0.0
2020-09-03|28|53|63,2020-09-03,2020,28,New York 10:30,1,49686,53,63,Quiniela Real,1,35719,21|26|53,21|26|53,3,7|9|22|29|35|42|44|53|63|70|90,8,9,1,1,,True,1,Quiniela Real,3,4,nr-historical-relations-j1.0.0
2020-09-05|26|27|76,2020-09-05,2020,26,New York 10:30,1,49684,27,76,Quiniela Real,1,35717,27|38,27|38,1,27|68|76|92,1,3,1,1,,True,2,Gana Mas,2,1,nr-historical-relations-j1.0.0
2020-09-07|39|9|29,2020-09-07,2020,39,Gana Mas,1,162836,9,29,Loteria Nacional,1,108892,9|14|30|41|46|62|78|94,9|14|30|41|46|62|78|94,1,7|9|22|29|35|42|44|53|63|70|90,2,4,1,1,,True,1,New York 2:30,3,2,nr-historical-relations-j1.0.0
2020-09-08|41|29|70,2020-09-08,2020,41,Quiniela Loteka,1,961,29,70,New York 10:30,1,49681,13|29|93,13|29|93,2,7|9|22|29|35|42|44|53|63|70|90,4,10,1,1,,True,3,Loteria Nacional,1,2,nr-historical-relations-j1.0.0
2020-09-09|42|7|53,2020-09-09,2020,42,Loteria Nacional,1,108890,7,53,Quiniela Leidsa,1,116401,7|18|23|50|55|66|71,7|18|23|50|55|66|71,1,7|9|22|29|35|42|44|53|63|70|90,1,8,2,1,,True,1,Quiniela Real,1,2,nr-historical-relations-j1.0.0
2020-09-09|42|7|63,2020-09-09,2020,42,Loteria Nacional,1,108890,7,63,New York 2:30,1,47217,7|18|23|50|55|66|71,7|18|23|50|55|66|71,1,7|9|22|29|35|42|44|53|63|70|90,1,9,2,1,,True,1,Quiniela Real,1,2,nr-historical-relations-j1.0.0
2020-09-11|39|9|29,2020-09-11,2020,39,Quiniela Leidsa,1,116399,9,29,Loteria Nacional,1,108888,9|14|30|41|46|62|78|94,9|14|30|41|46|62|78|94,1,7|9|22|29|35|42|44|53|63|70|90,2,4,2,2,14,True,2,New York 2:30,2,3,nr-historical-relations-j1.0.0
2020-09-11|39|9|90,2020-09-11,2020,39,Quiniela Leidsa,1,116399,9,90,Quiniela Loteka,1,958,9|14|30|41|46|62|78|94,9|14|30|41|46|62|78|94,1,7|9|22|29|35|42|44|53|63|70|90,2,11,2,2,14,True,2,New York 2:30,2,3,nr-historical-relations-j1.0.0
2020-09-11|39|14|54,2020-09-11,2020,39,Quiniela Leidsa,1,116399,14,54,Quiniela Real,1,35711,9|14|30|41|46|62|78|94,9|14|30|41|46|62|78|94,2,14|54,1,2,1,2,9,True,4,Gana Mas,3,1,nr-historical-relations-j1.0.0
2020-09-12|49|83|30,2020-09-12,2020,49,Quiniela Real,1,35710,83,30,Gana Mas,2,162832,35|40|83,35|40|83,3,3|30|83,3,2,1,1,,False,,,,0,nr-historical-relations-j1.0.0
2020-09-13|43|60|6,2020-09-13,2020,43,Quiniela Loteka,1,956,60,6,New York 10:30,1,49676,12|28|44|60|81|92,12|28|44|60|81|92,4,6|60,2,1,1,1,,False,,,,0,nr-historical-relations-j1.0.0
2020-09-15|44|59|34,2020-09-15,2020,44,New York 2:30,1,47211,59,34,Quiniela Loteka,1,954,22|59|70|75|91,22|59|70|75|91,2,26|34|59|72,3,2,1,1,,True,2,Quiniela Leidsa,2,2,nr-historical-relations-j1.0.0
2020-09-18|37|42|9,2020-09-18,2020,37,Loteria Nacional,1,108881,42,9,New York 2:30,1,47208,5|10|42,5|10|42,3,7|9|22|29|35|42|44|53|63|70|90,6,2,1,1,,True,3,Gana Mas,2,1,nr-historical-relations-j1.0.0
2020-09-19|46|90|53,2020-09-19,2020,46,New York 2:30,1,47207,90,53,Quiniela Leidsa,1,116391,37|58|74|90,37|58|74|90,4,7|9|22|29|35|42|44|53|63|70|90,11,8,1,1,,True,3,Loteria Nacional,2,1,nr-historical-relations-j1.0.0
2020-09-20|33|82|65,2020-09-20,2020,33,Quiniela Real,1,35702,82,65,Quiniela Leidsa,1,116390,2|39|82|87,2|39|82|87,3,37|65|82,3,2,1,1,,True,3,Loteria Nacional,3,1,nr-historical-relations-j1.0.0
2020-09-21|43|44|70,2020-09-21,2020,43,New York 10:30,1,49668,44,70,Quiniela Loteka,1,948,12|28|44|60|81|92,12|28|44|60|81|92,3,7|9|22|29|35|42|44|53|63|70|90,7,10,1,2,92,True,4,Loteria Nacional,1,1,nr-historical-relations-j1.0.0
2020-09-21|43|92|76,2020-09-21,2020,43,New York 10:30,1,49668,92,76,Gana Mas,1,162823,12|28|44|60|81|92,12|28|44|60|81|92,6,27|68|76|92,4,3,1,2,44,True,6,Quiniela Leidsa,2,1,nr-historical-relations-j1.0.0
2020-09-26|35|86|19,2020-09-26,2020,35,Gana Mas,1,162819,86,19,New York 2:30,1,47200,6|11|43|54|86,6|11|43|54|86,5,19|46|86,3,1,1,1,,True,4,New York 2:30,1,3,nr-historical-relations-j1.0.0
2020-09-27|34|76|68,2020-09-27,2020,34,Quiniela Leidsa,1,116383,76,68,New York 2:30,1,47199,1|17|33|49|76,1|17|33|49|76,5,27|68|76|92,3,2,1,1,,True,3,Quiniela Loteka,3,3,nr-historical-relations-j1.0.0
2020-09-29|37|42|35,2020-09-29,2020,37,Quiniela Real,1,35693,42,35,Quiniela Leidsa,1,116381,5|10|42,5|10|42,3,7|9|22|29|35|42|44|53|63|70|90,6,5,1,2,53,True,4,Quiniela Loteka,3,1,nr-historical-relations-j1.0.0
2020-09-29|28|53|35,2020-09-29,2020,28,Gana Mas,1,162817,53,35,Quiniela Leidsa,1,116381,21|26|53,21|26|53,3,7|9|22|29|35|42|44|53|63|70|90,8,5,1,2,42,False,,,,0,nr-historical-relations-j1.0.0
2020-10-01|40|19|86,2020-10-01,2020,40,New York 2:30,1,47195,19,86,New York 10:30,1,49658,8|19|51|56|67|72,8|19|51|56|67|72,2,19|46|86,1,3,1,2,46,True,5,Quiniela Real,1,1,nr-historical-relations-j1.0.0
2020-10-01|39|46|86,2020-10-01,2020,39,Quiniela Loteka,1,938,46,86,New York 10:30,1,49658,9|14|30|41|46|62|78|94,9|14|30|41|46|62|78|94,5,19|46|86,2,3,1,2,19,True,6,New York 10:30,3,1,nr-historical-relations-j1.0.0
2020-10-02|45|69|57,2020-10-02,2020,45,Quiniela Leidsa,1,116378,69,57,Loteria Nacional,1,108868,69|80,69|80,1,11|57|69|91,3,2,1,1,,True,7,Quiniela Loteka,2,1,nr-historical-relations-j1.0.0
2020-10-03|41|29|63,2020-10-03,2020,41,Gana Mas,1,162813,29,63,New York 2:30,1,47193,13|29|93,13|29|93,2,7|9|22|29|35|42|44|53|63|70|90,4,9,1,1,,True,6,Quiniela Loteka,3,1,nr-historical-relations-j1.0.0
2020-10-07|42|7|44,2020-10-07,2020,42,Quiniela Loteka,1,934,7,44,New York 2:30,1,47189,7|18|23|50|55|66|71,7|18|23|50|55|66|71,1,7|9|22|29|35|42|44|53|63|70|90,1,7,2,4,22|48|70,False,,,,0,nr-historical-relations-j1.0.0
2020-10-07|42|7|90,2020-10-07,2020,42,Quiniela Loteka,1,934,7,90,New York 10:30,1,49652,7|18|23|50|55|66|71,7|18|23|50|55|66|71,1,7|9|22|29|35|42|44|53|63|70|90,1,11,2,4,22|48|70,False,,,,0,nr-historical-relations-j1.0.0
2020-10-07|44|22|42,2020-10-07,2020,44,New York 2:30,1,47189,22,42,Quiniela Loteka,1,934,22|59|70|75|91,22|59|70|75|91,1,7|9|22|29|35|42|44|53|63|70|90,3,6,2,4,7|48|70,True,5,Quiniela Real,1,1,nr-historical-relations-j1.0.0
2020-10-07|44|22|90,2020-10-07,2020,44,New York 2:30,1,47189,22,90,New York 10:30,1,49652,22|59|70|75|91,22|59|70|75|91,1,7|9|22|29|35|42|44|53|63|70|90,3,11,2,4,7|48|70,True,5,Quiniela Real,1,1,nr-historical-relations-j1.0.0
2020-10-07|36|48|93,2020-10-07,2020,36,Gana Mas,1,162809,48,93,Loteria Nacional,1,108863,32|48|64|85,32|48|64|85,2,48|93|97,1,2,1,4,7|22|70,False,,,,0,nr-historical-relations-j1.0.0
2020-10-07|44|70|42,2020-10-07,2020,44,New York 2:30,1,47189,70,42,Quiniela Loteka,1,934,22|59|70|75|91,22|59|70|75|91,3,7|9|22|29|35|42|44|53|63|70|90,10,6,2,4,7|22|48,True,3,New York 10:30,2,3,nr-historical-relations-j1.0.0
2020-10-07|44|70|90,2020-10-07,2020,44,New York 2:30,1,47189,70,90,New York 10:30,1,49652,22|59|70|75|91,22|59|70|75|91,3,7|9|22|29|35|42|44|53|63|70|90,10,11,2,4,7|22|48,True,3,New York 10:30,2,3,nr-historical-relations-j1.0.0
2020-10-08|30|57|91,2020-10-08,2020,30,Quiniela Loteka,1,933,57,91,Loteria Nacional,1,108862,25|57,25|57,2,11|57|69|91,2,4,1,1,,True,2,Loteria Nacional,3,3,nr-historical-relations-j1.0.0
2020-10-11|42|7|70,2020-10-11,2020,42,Loteria Nacional,1,108859,7,70,Quiniela Loteka,1,930,7|18|23|50|55|66|71,7|18|23|50|55|66|71,1,7|9|22|29|35|42|44|53|63|70|90,1,10,1,2,90,False,,,,0,nr-historical-relations-j1.0.0
2020-10-11|46|90|42,2020-10-11,2020,46,New York 2:30,1,47185,90,42,Loteria Nacional,1,108859,37|58|74|90,37|58|74|90,4,7|9|22|29|35|42|44|53|63|70|90,11,6,2,2,7,True,3,New York 2:30,1,4,nr-historical-relations-j1.0.0
2020-10-11|46|90|70,2020-10-11,2020,46,New York 2:30,1,47185,90,70,Quiniela Loteka,1,930,37|58|74|90,37|58|74|90,4,7|9|22|29|35|42|44|53|63|70|90,11,10,2,2,7,True,3,New York 2:30,1,4,nr-historical-relations-j1.0.0
2020-10-12|30|57|91,2020-10-12,2020,30,Quiniela Leidsa,1,116370,57,91,Quiniela Loteka,1,929,25|57,25|57,2,11|57|69|91,2,4,1,2,69,True,2,Quiniela Loteka,3,1,nr-historical-relations-j1.0.0
2020-10-12|45|69|91,2020-10-12,2020,45,Loteria Nacional,1,108858,69,91,Quiniela Loteka,1,929,69|80,69|80,1,11|57|69|91,3,4,1,2,57,True,1,Quiniela Leidsa,2,3,nr-historical-relations-j1.0.0
2020-10-13|39|41|89,2020-10-13,2020,39,Quiniela Loteka,1,928,41,89,New York 10:30,1,49646,9|14|30|41|46|62|78|94,9|14|30|41|46|62|78|94,4,12|41|56|71|89,2,5,1,1,,True,3,New York 2:30,3,1,nr-historical-relations-j1.0.0
2020-10-17|31|3|30,2020-10-17,2020,31,Quiniela Leidsa,1,116365,3,30,Quiniela Loteka,1,924,3|24|88|99,3|24|88|99,1,3|30|83,1,2,1,3,28|81,True,4,Quiniela Loteka,3,1,nr-historical-relations-j1.0.0
2020-10-17|43|28|73,2020-10-17,2020,43,Loteria Nacional,1,108853,28,73,Gana Mas,1,162799,12|28|44|60|81|92,12|28|44|60|81|92,2,23|28|73|77|87,2,3,1,3,3|81,True,6,Quiniela Real,3,1,nr-historical-relations-j1.0.0
2020-10-17|43|81|52,2020-10-17,2020,43,Loteria Nacional,1,108853,81,52,Quiniela Real,1,35675,12|28|44|60|81|92,12|28|44|60|81|92,5,52|81|85,2,1,1,3,3|28,True,1,Quiniela Loteka,1,2,nr-historical-relations-j1.0.0
2020-10-18|38|52|81,2020-10-18,2020,38,Loteria Nacional,1,108852,52,81,Quiniela Loteka,1,923,20|31|47|52|63|100,20|31|47|52|63|100,4,52|81|85,1,2,1,2,63,True,1,Quiniela Leidsa,3,5,nr-historical-relations-j1.0.0
2020-10-18|38|63|90,2020-10-18,2020,38,Loteria Nacional,1,108852,63,90,New York 2:30,1,47178,20|31|47|52|63|100,20|31|47|52|63|100,5,7|9|22|29|35|42|44|53|63|70|90,9,11,1,2,52,False,,,,0,nr-historical-relations-j1.0.0
2020-10-20|43|44|35,2020-10-20,2020,43,Quiniela Leidsa,1,116362,44,35,Gana Mas,1,162797,12|28|44|60|81|92,12|28|44|60|81|92,3,7|9|22|29|35|42|44|53|63|70|90,7,5,1,2,79,True,7,Quiniela Real,3,1,nr-historical-relations-j1.0.0
2020-10-20|47|79|88,2020-10-20,2020,47,Loteria Nacional,1,108850,79,88,New York 10:30,1,49639,4|36|68|79|84,4|36|68|79|84,4,67|79|88,2,3,1,2,44,True,3,Quiniela Loteka,2,2,nr-historical-relations-j1.0.0
2020-10-24|38|20|2,2020-10-24,2020,38,Quiniela Real,2,35668,20,2,New York 2:30,1,47172,20|31|47|52|63|100,20|31|47|52|63|100,1,2|20,2,1,1,4,23|63|71,True,5,Loteria Nacional,1,1,nr-historical-relations-j1.0.0
2020-10-24|42|23|87,2020-10-24,2020,42,Quiniela Leidsa,1,116358,23,87,New York 10:30,1,49635,7|18|23|50|55|66|71,7|18|23|50|55|66|71,3,23|28|73|77|87,1,5,1,4,20|63|71,True,3,Loteria Nacional,3,1,nr-historical-relations-j1.0.0
2020-10-24|38|63|42,2020-10-24,2020,38,Quiniela Real,2,35668,63,42,Quiniela Leidsa,1,116358,20|31|47|52|63|100,20|31|47|52|63|100,5,7|9|22|29|35|42|44|53|63|70|90,9,6,1,4,20|23|71,True,6,Quiniela Real,1,2,nr-historical-relations-j1.0.0
2020-10-24|42|71|12,2020-10-24,2020,42,Quiniela Leidsa,1,116358,71,12,Gana Mas,1,162793,7|18|23|50|55|66|71,7|18|23|50|55|66|71,7,12|41|56|71|89,4,1,1,4,20|23|63,False,,,,0,nr-historical-relations-j1.0.0
2020-10-29|46|58|94,2020-10-29,2020,46,Quiniela Leidsa,1,116353,58,94,Quiniela Loteka,1,912,37|58|74|90,37|58|74|90,2,58|84|94,1,3,1,1,,True,5,New York 2:30,3,1,nr-historical-relations-j1.0.0
2020-10-31|44|91|69,2020-10-31,2020,44,Loteria Nacional,1,108839,91,69,New York 2:30,1,47165,22|59|70|75|91,22|59|70|75|91,5,11|57|69|91,4,3,1,1,,True,1,Quiniela Loteka,1,5,nr-historical-relations-j1.0.0
2020-11-01|47|68|76,2020-11-01,2020,47,Loteria Nacional,1,108838,68,76,New York 2:30,1,47164,4|36|68|79|84,4|36|68|79|84,3,27|68|76|92,2,3,1,1,,False,,,,0,nr-historical-relations-j1.0.0
2020-11-02|40|19|86,2020-11-02,2020,40,Gana Mas,1,162785,19,86,Loteria Nacional,1,108837,8|19|51|56|67|72,8|19|51|56|67|72,2,19|46|86,1,3,1,1,,True,1,Quiniela Real,3,4,nr-historical-relations-j1.0.0
2020-11-03|40|56|41,2020-11-03,2020,40,New York 10:30,1,49625,56,41,New York 2:30,1,47162,8|19|51|56|67|72,8|19|51|56|67|72,4,12|41|56|71|89,3,2,1,1,,True,4,New York 10:30,1,2,nr-historical-relations-j1.0.0
2020-11-06|28|53|63,2020-11-06,2020,28,Quiniela Leidsa,1,116347,53,63,New York 10:30,1,49622,21|26|53,21|26|53,3,7|9|22|29|35|42|44|53|63|70|90,8,9,1,1,,False,,,,0,nr-historical-relations-j1.0.0
2020-11-10|52|65|37,2020-11-10,2020,52,New York 10:30,1,49618,65,37,Quiniela Real,1,35651,65|97,65|97,1,37|65|82,2,1,1,1,,True,2,Gana Mas,1,1,nr-historical-relations-j1.0.0
2020-11-12|37|42|90,2020-11-12,2020,37,New York 10:30,1,49616,42,90,Loteria Nacional,1,108827,5|10|42,5|10|42,3,7|9|22|29|35|42|44|53|63|70|90,6,11,1,1,,True,6,Quiniela Real,2,1,nr-historical-relations-j1.0.0
2020-11-13|39|9|29,2020-11-13,2020,39,Quiniela Real,1,35648,9,29,New York 2:30,1,47152,9|14|30|41|46|62|78|94,9|14|30|41|46|62|78|94,1,7|9|22|29|35|42|44|53|63|70|90,2,4,1,2,46,True,5,New York 10:30,1,1,nr-historical-relations-j1.0.0
2020-11-13|39|46|19,2020-11-13,2020,39,Quiniela Real,1,35648,46,19,Loteria Nacional,1,108826,9|14|30|41|46|62|78|94,9|14|30|41|46|62|78|94,5,19|46|86,2,1,1,2,9,True,7,Quiniela Loteka,1,1,nr-historical-relations-j1.0.0
2020-11-15|41|29|63,2020-11-15,2020,41,Quiniela Loteka,1,897,29,63,Quiniela Real,1,35646,13|29|93,13|29|93,2,7|9|22|29|35|42|44|53|63|70|90,4,9,1,1,,False,,,,0,nr-historical-relations-j1.0.0
2020-11-17|52|65|82,2020-11-17,2020,52,Quiniela Leidsa,1,116336,65,82,Quiniela Real,1,35644,65|97,65|97,1,37|65|82,2,3,1,2,85,True,7,Quiniela Leidsa,3,1,nr-historical-relations-j1.0.0
2020-11-17|36|85|52,2020-11-17,2020,36,Quiniela Loteka,1,895,85,52,Quiniela Leidsa,1,116336,32|48|64|85,32|48|64|85,4,52|81|85,3,1,1,2,65,True,2,Loteria Nacional,1,1,nr-historical-relations-j1.0.0
2020-11-18|38|63|9,2020-11-18,2020,38,Quiniela Real,1,35643,63,9,New York 10:30,1,49610,20|31|47|52|63|100,20|31|47|52|63|100,5,7|9|22|29|35|42|44|53|63|70|90,9,2,1,1,,True,2,Gana Mas,2,5,nr-historical-relations-j1.0.0
2020-11-19|36|48|97,2020-11-19,2020,36,Quiniela Real,1,35642,48,97,Gana Mas,1,162769,32|48|64|85,32|48|64|85,2,48|93|97,1,3,1,1,,True,3,New York 10:30,3,3,nr-historical-relations-j1.0.0
2020-11-20|35|86|46,2020-11-20,2020,35,New York 10:30,1,49608,86,46,Quiniela Loteka,1,892,6|11|43|54|86,6|11|43|54|86,5,19|46|86,3,2,1,2,90,True,2,Quiniela Leidsa,3,3,nr-historical-relations-j1.0.0
2020-11-20|46|90|35,2020-11-20,2020,46,Quiniela Loteka,1,892,90,35,New York 10:30,1,49608,37|58|74|90,37|58|74|90,4,7|9|22|29|35|42|44|53|63|70|90,11,5,2,2,86,True,3,Loteria Nacional,2,1,nr-historical-relations-j1.0.0
2020-11-20|46|90|63,2020-11-20,2020,46,Quiniela Loteka,1,892,90,63,Quiniela Leidsa,1,116333,37|58|74|90,37|58|74|90,4,7|9|22|29|35|42|44|53|63|70|90,11,9,2,2,86,True,3,Loteria Nacional,2,1,nr-historical-relations-j1.0.0
2020-11-22|42|7|63,2020-11-22,2020,42,Gana Mas,1,162766,7,63,Quiniela Leidsa,1,116331,7|18|23|50|55|66|71,7|18|23|50|55|66|71,1,7|9|22|29|35|42|44|53|63|70|90,1,9,1,1,,False,,,,0,nr-historical-relations-j1.0.0
2020-11-23|43|92|76,2020-11-23,2020,43,Loteria Nacional,1,108816,92,76,Gana Mas,1,162765,12|28|44|60|81|92,12|28|44|60|81|92,6,27|68|76|92,4,3,1,1,,True,1,Loteria Nacional,3,2,nr-historical-relations-j1.0.0
2020-11-25|39|41|12,2020-11-25,2020,39,Quiniela Real,1,35636,41,12,Loteria Nacional,1,108814,9|14|30|41|46|62|78|94,9|14|30|41|46|62|78|94,4,12|41|56|71|89,2,1,1,3,73|89,True,2,Quiniela Real,2,1,nr-historical-relations-j1.0.0
2020-11-25|48|73|23,2020-11-25,2020,48,Quiniela Loteka,1,887,73,23,Gana Mas,1,162763,73|89,73|89,1,23|28|73|77|87,3,1,2,3,41|89,False,,,,0,nr-historical-relations-j1.0.0
2020-11-25|48|73|28,2020-11-25,2020,48,Quiniela Loteka,1,887,73,28,New York 10:30,1,49603,73|89,73|89,1,23|28|73|77|87,3,2,2,3,41|89,False,,,,0,nr-historical-relations-j1.0.0
2020-11-25|48|89|12,2020-11-25,2020,48,Quiniela Loteka,1,887,89,12,Loteria Nacional,1,108814,73|89,73|89,2,12|41|56|71|89,5,1,1,3,41|73,False,,,,0,nr-historical-relations-j1.0.0
2020-11-28|40|72|26,2020-11-28,2020,40,New York 10:30,1,49600,72,26,Quiniela Leidsa,1,116325,8|19|51|56|67|72,8|19|51|56|67|72,6,26|34|59|72,4,1,1,1,,True,3,Quiniela Loteka,1,1,nr-historical-relations-j1.0.0
2020-11-30|37|5|50,2020-11-30,2020,37,Gana Mas,1,162758,5,50,New York 10:30,1,49598,5|10|42,5|10|42,1,5|50,1,2,1,1,,True,3,New York 2:30,3,2,nr-historical-relations-j1.0.0
2020-12-02|31|3|30,2020-12-02,2020,31,New York 10:30,1,49596,3,30,Loteria Nacional,1,108807,3|24|88|99,3|24|88|99,1,3|30|83,1,2,1,1,,False,,,,0,nr-historical-relations-j1.0.0
2020-12-07|43|28|77,2020-12-07,2020,43,Quiniela Leidsa,1,116318,28,77,Quiniela Loteka,1,877,12|28|44|60|81|92,12|28|44|60|81|92,2,23|28|73|77|87,2,4,1,3,44|81,True,1,Gana Mas,1,1,nr-historical-relations-j1.0.0
2020-12-07|43|44|35,2020-12-07,2020,43,Quiniela Leidsa,1,116318,44,35,New York 2:30,1,47128,12|28|44|60|81|92,12|28|44|60|81|92,3,7|9|22|29|35|42|44|53|63|70|90,7,5,2,3,28|81,False,,,,0,nr-historical-relations-j1.0.0
2020-12-07|43|44|90,2020-12-07,2020,43,Quiniela Leidsa,1,116318,44,90,Quiniela Real,1,35624,12|28|44|60|81|92,12|28|44|60|81|92,3,7|9|22|29|35|42|44|53|63|70|90,7,11,2,3,28|81,False,,,,0,nr-historical-relations-j1.0.0
2020-12-07|43|81|85,2020-12-07,2020,43,Quiniela Leidsa,1,116318,81,85,Gana Mas,1,162751,12|28|44|60|81|92,12|28|44|60|81|92,5,52|81|85,2,3,1,3,28|44,True,1,New York 2:30,1,2,nr-historical-relations-j1.0.0
2020-12-11|33|82|37,2020-12-11,2020,33,Quiniela Loteka,1,873,82,37,Gana Mas,1,162747,2|39|82|87,2|39|82|87,3,37|65|82,3,1,1,1,,True,1,Gana Mas,2,1,nr-historical-relations-j1.0.0
2020-12-13|43|12|56,2020-12-13,2020,43,New York 10:30,1,49585,12,56,Gana Mas,1,162745,12|28|44|60|81|92,12|28|44|60|81|92,1,12|41|56|71|89,1,3,1,2,28,False,,,,0,nr-historical-relations-j1.0.0
2020-12-13|43|28|87,2020-12-13,2020,43,New York 10:30,1,49585,28,87,Quiniela Leidsa,1,116312,12|28|44|60|81|92,12|28|44|60|81|92,2,23|28|73|77|87,2,5,1,2,12,True,3,Quiniela Real,2,1,nr-historical-relations-j1.0.0
2020-12-14|40|8|80,2020-12-14,2020,40,New York 2:30,1,47121,8,80,Gana Mas,1,162744,8|19|51|56|67|72,8|19|51|56|67|72,1,8|80,1,2,1,2,72,True,5,Quiniela Real,1,2,nr-historical-relations-j1.0.0
2020-12-14|40|72|26,2020-12-14,2020,40,New York 2:30,1,47121,72,26,Loteria Nacional,1,108795,8|19|51|56|67|72,8|19|51|56|67|72,6,26|34|59|72,4,1,1,2,8,False,,,,0,nr-historical-relations-j1.0.0
2020-12-15|26|27|92,2020-12-15,2020,26,Loteria Nacional,1,108794,27,92,Gana Mas,1,162743,27|38,27|38,1,27|68|76|92,1,4,1,3,72|76,True,5,Gana Mas,2,1,nr-historical-relations-j1.0.0
2020-12-15|40|72|26,2020-12-15,2020,40,New York 2:30,1,47120,72,26,Loteria Nacional,1,108794,8|19|51|56|67|72,8|19|51|56|67|72,6,26|34|59|72,4,1,2,3,27|76,False,,,,0,nr-historical-relations-j1.0.0
2020-12-15|40|72|34,2020-12-15,2020,40,New York 2:30,1,47120,72,34,New York 10:30,1,49583,8|19|51|56|67|72,8|19|51|56|67|72,6,26|34|59|72,4,2,2,3,27|76,False,,,,0,nr-historical-relations-j1.0.0
2020-12-15|34|76|92,2020-12-15,2020,34,New York 10:30,1,49583,76,92,Gana Mas,1,162743,1|17|33|49|76,1|17|33|49|76,5,27|68|76|92,3,4,1,3,27|72,True,6,Quiniela Leidsa,1,2,nr-historical-relations-j1.0.0
2020-12-18|49|35|7,2020-12-18,2020,49,Loteria Nacional,1,108791,35,7,Quiniela Leidsa,1,116307,35|40|83,35|40|83,1,7|9|22|29|35|42|44|53|63|70|90,5,1,2,2,73,True,6,Quiniela Real,2,1,nr-historical-relations-j1.0.0
2020-12-18|49|35|42,2020-12-18,2020,49,Loteria Nacional,1,108791,35,42,Gana Mas,1,162740,35|40|83,35|40|83,1,7|9|22|29|35|42|44|53|63|70|90,5,6,2,2,73,True,6,Quiniela Real,2,1,nr-historical-relations-j1.0.0
2020-12-18|48|73|23,2020-12-18,2020,48,Quiniela Loteka,1,866,73,23,Quiniela Real,1,35613,73|89,73|89,1,23|28|73|77|87,3,1,1,2,35,True,4,Loteria Nacional,1,2,nr-historical-relations-j1.0.0
2020-12-19|49|35|7,2020-12-19,2020,49,Gana Mas,1,162739,35,7,Quiniela Leidsa,1,116306,35|40|83,35|40|83,1,7|9|22|29|35|42|44|53|63|70|90,5,1,2,1,,True,5,Quiniela Real,2,1,nr-historical-relations-j1.0.0
2020-12-19|49|35|53,2020-12-19,2020,49,Gana Mas,1,162739,35,53,Loteria Nacional,1,108790,35|40|83,35|40|83,1,7|9|22|29|35|42|44|53|63|70|90,5,8,2,1,,True,5,Quiniela Real,2,1,nr-historical-relations-j1.0.0
2020-12-20|47|79|88,2020-12-20,2020,47,New York 2:30,2,47115,79,88,Loteria Nacional,1,108789,4|36|68|79|84,4|36|68|79|84,4,67|79|88,2,3,1,1,,True,4,Quiniela Real,3,3,nr-historical-relations-j1.0.0
2020-12-22|32|77|73,2020-12-22,2020,32,Gana Mas,1,162736,77,73,Loteria Nacional,1,108787,77,77,1,23|28|73|77|87,4,3,1,1,,False,,,,0,nr-historical-relations-j1.0.0
2020-12-23|42|23|73,2020-12-23,2020,42,New York 10:30,1,49575,23,73,Quiniela Real,1,35608,7|18|23|50|55|66|71,7|18|23|50|55|66|71,3,23|28|73|77|87,1,3,1,2,71,True,4,Gana Mas,1,1,nr-historical-relations-j1.0.0
2020-12-23|42|71|12,2020-12-23,2020,42,New York 10:30,1,49575,71,12,Quiniela Leidsa,1,116302,7|18|23|50|55|66|71,7|18|23|50|55|66|71,7,12|41|56|71|89,4,1,1,2,23,True,3,Gana Mas,3,2,nr-historical-relations-j1.0.0
2020-12-28|31|3|30,2020-12-28,2020,31,Gana Mas,1,162732,3,30,New York 10:30,1,49570,3|24|88|99,3|24|88|99,1,3|30|83,1,2,1,1,,False,,,,0,nr-historical-relations-j1.0.0
2021-01-03|30|57|91,2021-01-03,2021,30,New York 2:30,1,47101,57,91,New York 10:30,1,49564,25|57,25|57,2,11|57|69|91,2,4,1,1,,True,4,Quiniela Leidsa,2,3,nr-historical-relations-j1.0.0
2021-01-05|31|3|83,2021-01-05,2021,31,New York 10:30,1,49562,3,83,Quiniela Leidsa,1,116294,3|24|88|99,3|24|88|99,1,3|30|83,1,3,1,1,,False,,,,0,nr-historical-relations-j1.0.0
2021-01-06|44|22|90,2021-01-06,2021,44,New York 10:30,1,49561,22,90,Quiniela Leidsa,1,116293,22|59|70|75|91,22|59|70|75|91,1,7|9|22|29|35|42|44|53|63|70|90,3,11,1,2,70,False,,,,0,nr-historical-relations-j1.0.0
2021-01-06|44|70|90,2021-01-06,2021,44,New York 10:30,1,49561,70,90,Quiniela Leidsa,1,116293,22|59|70|75|91,22|59|70|75|91,3,7|9|22|29|35|42|44|53|63|70|90,10,11,1,2,22,True,1,Quiniela Loteka,2,3,nr-historical-relations-j1.0.0
2021-01-07|37|5|50,2021-01-07,2021,37,Quiniela Loteka,1,848,5,50,Loteria Nacional,1,108777,5|10|42,5|10|42,1,5|50,1,2,1,1,,True,1,Quiniela Real,1,3,nr-historical-relations-j1.0.0
2021-01-09|49|35|90,2021-01-09,2021,49,New York 2:30,1,47095,35,90,Quiniela Real,1,35591,35|40|83,35|40|83,1,7|9|22|29|35|42|44|53|63|70|90,5,11,1,1,,True,5,Quiniela Leidsa,3,3,nr-historical-relations-j1.0.0
2021-01-11|26|27|68,2021-01-11,2021,26,Loteria Nacional,1,108775,27,68,New York 10:30,1,49556,27|38,27|38,1,27|68|76|92,1,2,1,2,73,False,,,,0,nr-historical-relations-j1.0.0
2021-01-11|48|73|23,2021-01-11,2021,48,Gana Mas,1,162720,73,23,Quiniela Loteka,1,844,73|89,73|89,1,23|28|73|77|87,3,1,2,2,27,True,2,Quiniela Leidsa,3,1,nr-historical-relations-j1.0.0
2021-01-11|48|73|28,2021-01-11,2021,48,Gana Mas,1,162720,73,28,Quiniela Real,1,35589,73|89,73|89,1,23|28|73|77|87,3,2,2,2,27,True,2,Quiniela Leidsa,3,1,nr-historical-relations-j1.0.0
2021-01-13|47|68|76,2021-01-13,2021,47,Quiniela Real,1,35587,68,76,Gana Mas,1,162718,4|36|68|79|84,4|36|68|79|84,3,27|68|76|92,2,3,1,2,79,False,,,,0,nr-historical-relations-j1.0.0
2021-01-13|47|79|67,2021-01-13,2021,47,Quiniela Real,1,35587,79,67,Quiniela Leidsa,1,116286,4|36|68|79|84,4|36|68|79|84,4,67|79|88,2,1,1,2,68,True,1,Quiniela Leidsa,1,2,nr-historical-relations-j1.0.0
2021-01-15|28|26|72,2021-01-15,2021,28,Quiniela Leidsa,1,116284,26,72,New York 2:30,1,47089,21|26|53,21|26|53,2,26|34|59|72,1,4,1,2,53,False,,,,0,nr-historical-relations-j1.0.0
2021-01-15|28|53|22,2021-01-15,2021,28,Quiniela Leidsa,1,116284,53,22,New York 10:30,1,49552,21|26|53,21|26|53,3,7|9|22|29|35|42|44|53|63|70|90,8,3,1,2,26,False,,,,0,nr-historical-relations-j1.0.0
2021-01-16|38|63|35,2021-01-16,2021,38,New York 2:30,1,47088,63,35,Quiniela Real,1,35584,20|31|47|52|63|100,20|31|47|52|63|100,5,7|9|22|29|35|42|44|53|63|70|90,9,5,1,3,86|90,True,3,Gana Mas,2,1,nr-historical-relations-j1.0.0
2021-01-16|35|86|46,2021-01-16,2021,35,Quiniela Real,1,35584,86,46,Quiniela Leidsa,1,116283,6|11|43|54|86,6|11|43|54|86,5,19|46|86,3,2,1,3,63|90,False,,,,0,nr-historical-relations-j1.0.0
2021-01-16|46|90|35,2021-01-16,2021,46,Quiniela Leidsa,1,116283,90,35,Quiniela Real,1,35584,37|58|74|90,37|58|74|90,4,7|9|22|29|35|42|44|53|63|70|90,11,5,1,3,63|86,True,1,Quiniela Leidsa,3,1,nr-historical-relations-j1.0.0
2021-01-17|43|60|6,2021-01-17,2021,43,New York 10:30,1,49550,60,6,New York 2:30,1,47087,12|28|44|60|81|92,12|28|44|60|81|92,4,6|60,2,1,1,1,,True,6,New York 2:30,3,1,nr-historical-relations-j1.0.0
2021-01-18|44|75|62,2021-01-18,2021,44,Quiniela Loteka,1,837,75,62,New York 2:30,1,47086,22|59|70|75|91,22|59|70|75|91,4,62|75,2,1,1,1,,True,1,Loteria Nacional,1,2,nr-historical-relations-j1.0.0
2021-01-20|48|73|87,2021-01-20,2021,48,New York 10:30,1,49547,73,87,Loteria Nacional,1,108768,73|89,73|89,1,23|28|73|77|87,3,5,1,1,,True,5,New York 10:30,1,1,nr-historical-relations-j1.0.0
2021-01-22|46|58|84,2021-01-22,2021,46,Loteria Nacional,1,108767,58,84,Gana Mas,1,162710,37|58|74|90,37|58|74|90,2,58|84|94,1,2,1,3,74|90,True,1,New York 10:30,3,3,nr-historical-relations-j1.0.0
2021-01-22|46|74|31,2021-01-22,2021,46,Loteria Nacional,1,108767,74,31,Quiniela Loteka,1,833,37|58|74|90,37|58|74|90,3,31|74,2,1,1,3,58|90,True,1,New York 2:30,1,3,nr-historical-relations-j1.0.0
2021-01-22|46|90|70,2021-01-22,2021,46,Loteria Nacional,1,108767,90,70,Quiniela Real,1,35578,37|58|74|90,37|58|74|90,4,7|9|22|29|35|42|44|53|63|70|90,11,10,1,3,58|74,False,,,,0,nr-historical-relations-j1.0.0
2021-01-24|26|27|76,2021-01-24,2021,26,New York 2:30,1,47080,27,76,Quiniela Loteka,1,831,27|38,27|38,1,27|68|76|92,1,3,1,1,,True,3,New York 2:30,2,1,nr-historical-relations-j1.0.0
2021-01-25|44|59|34,2021-01-25,2021,44,Quiniela Real,1,35575,59,34,Quiniela Leidsa,1,116274,22|59|70|75|91,22|59|70|75|91,2,26|34|59|72,3,2,1,1,,True,4,New York 2:30,3,2,nr-historical-relations-j1.0.0
2021-01-26|39|41|89,2021-01-26,2021,39,New York 10:30,1,49541,41,89,Gana Mas,1,162706,9|14|30|41|46|62|78|94,9|14|30|41|46|62|78|94,4,12|41|56|71|89,2,5,1,1,,True,3,Quiniela Real,3,2,nr-historical-relations-j1.0.0
2021-01-31|37|42|44,2021-01-31,2021,37,Gana Mas,1,162701,42,44,New York 10:30,1,49536,5|10|42,5|10|42,3,7|9|22|29|35|42|44|53|63|70|90,6,7,1,1,,True,1,Quiniela Loteka,2,2,nr-historical-relations-j1.0.0
2021-02-04|43|44|63,2021-02-04,2021,43,Quiniela Real,1,35565,44,63,Gana Mas,1,162697,12|28|44|60|81|92,12|28|44|60|81|92,3,7|9|22|29|35|42|44|53|63|70|90,7,9,2,1,,False,,,,0,nr-historical-relations-j1.0.0
2021-02-04|43|44|70,2021-02-04,2021,43,Quiniela Real,1,35565,44,70,Loteria Nacional,1,108758,12|28|44|60|81|92,12|28|44|60|81|92,3,7|9|22|29|35|42|44|53|63|70|90,7,10,2,1,,False,,,,0,nr-historical-relations-j1.0.0
2021-02-06|46|74|31,2021-02-06,2021,46,Loteria Nacional,1,108756,74,31,Quiniela Leidsa,1,116263,37|58|74|90,37|58|74|90,3,31|74,2,1,1,1,,False,,,,0,nr-historical-relations-j1.0.0
2021-02-08|35|11|91,2021-02-08,2021,35,New York 2:30,1,47065,11,91,Quiniela Real,1,35561,6|11|43|54|86,6|11|43|54|86,2,11|57|69|91,1,4,1,4,29|57|93,True,2,Quiniela Loteka,3,2,nr-historical-relations-j1.0.0
2021-02-08|41|29|35,2021-02-08,2021,41,Quiniela Loteka,1,817,29,35,New York 2:30,1,47065,13|29|93,13|29|93,2,7|9|22|29|35|42|44|53|63|70|90,4,5,1,4,11|57|93,True,1,Gana Mas,3,5,nr-historical-relations-j1.0.0
2021-02-08|30|57|91,2021-02-08,2021,30,Gana Mas,1,162693,57,91,Quiniela Real,1,35561,25|57,25|57,2,11|57|69|91,2,4,1,4,11|29|93,True,3,Gana Mas,1,3,nr-historical-relations-j1.0.0
2021-02-08|41|93|97,2021-02-08,2021,41,Quiniela Loteka,1,817,93,97,Loteria Nacional,1,108755,13|29|93,13|29|93,3,48|93|97,2,3,1,4,11|29|57,True,3,Loteria Nacional,1,2,nr-historical-relations-j1.0.0
2021-02-09|39|9|42,2021-02-09,2021,39,New York 2:30,1,47064,9,42,Quiniela Real,1,35560,9|14|30|41|46|62|78|94,9|14|30|41|46|62|78|94,1,7|9|22|29|35|42|44|53|63|70|90,2,6,1,5,41|50|62|71,False,,,,0,nr-historical-relations-j1.0.0
2021-02-09|39|41|12,2021-02-09,2021,39,New York 2:30,1,47064,41,12,Quiniela Leidsa,1,116260,9|14|30|41|46|62|78|94,9|14|30|41|46|62|78|94,4,12|41|56|71|89,2,1,1,5,9|50|62|71,True,2,Quiniela Leidsa,3,1,nr-historical-relations-j1.0.0
2021-02-09|42|50|5,2021-02-09,2021,42,Quiniela Real,1,35560,50,5,Gana Mas,1,162692,7|18|23|50|55|66|71,7|18|23|50|55|66|71,4,5|50,2,1,1,5,9|41|62|71,True,6,New York 10:30,3,1,nr-historical-relations-j1.0.0
2021-02-09|39|62|75,2021-02-09,2021,39,New York 2:30,1,47064,62,75,Quiniela Loteka,1,816,9|14|30|41|46|62|78|94,9|14|30|41|46|62|78|94,6,62|75,1,2,1,5,9|41|50|71,True,3,Gana Mas,1,1,nr-historical-relations-j1.0.0
2021-02-09|42|71|12,2021-02-09,2021,42,Quiniela Real,1,35560,71,12,Quiniela Leidsa,1,116260,7|18|23|50|55|66|71,7|18|23|50|55|66|71,7,12|41|56|71|89,4,1,1,5,9|41|50|62,True,2,Loteria Nacional,3,2,nr-historical-relations-j1.0.0
2021-02-10|39|9|29,2021-02-10,2021,39,Gana Mas,1,162691,9,29,New York 10:30,1,49526,9|14|30|41|46|62|78|94,9|14|30|41|46|62|78|94,1,7|9|22|29|35|42|44|53|63|70|90,2,4,1,3,41|69,False,,,,0,nr-historical-relations-j1.0.0
2021-02-10|39|41|12,2021-02-10,2021,39,Gana Mas,1,162691,41,12,Quiniela Loteka,1,815,9|14|30|41|46|62|78|94,9|14|30|41|46|62|78|94,4,12|41|56|71|89,2,1,1,3,9|69,True,1,Quiniela Leidsa,3,1,nr-historical-relations-j1.0.0
2021-02-10|45|69|11,2021-02-10,2021,45,Loteria Nacional,1,108753,69,11,Quiniela Real,1,35559,69|80,69|80,1,11|57|69|91,3,1,1,3,9|41,False,,,,0,nr-historical-relations-j1.0.0
2021-02-12|39|9|29,2021-02-12,2021,39,Quiniela Loteka,1,813,9,29,New York 10:30,1,49524,9|14|30|41|46|62|78|94,9|14|30|41|46|62|78|94,1,7|9|22|29|35|42|44|53|63|70|90,2,4,1,2,14,True,6,Quiniela Leidsa,1,1,nr-historical-relations-j1.0.0
2021-02-12|39|14|54,2021-02-12,2021,39,Quiniela Loteka,1,813,14,54,Quiniela Real,1,35557,9|14|30|41|46|62|78|94,9|14|30|41|46|62|78|94,2,14|54,1,2,1,2,9,False,,,,0,nr-historical-relations-j1.0.0
2021-02-13|26|27|68,2021-02-13,2021,26,Quiniela Real,1,35556,27,68,Quiniela Leidsa,1,116256,27|38,27|38,1,27|68|76|92,1,2,1,1,,True,5,Quiniela Loteka,3,2,nr-historical-relations-j1.0.0
2021-02-15|43|44|29,2021-02-15,2021,43,New York 2:30,1,47058,44,29,Quiniela Leidsa,1,116254,12|28|44|60|81|92,12|28|44|60|81|92,3,7|9|22|29|35|42|44|53|63|70|90,7,4,1,3,81|90,False,,,,0,nr-historical-relations-j1.0.0
2021-02-15|43|81|52,2021-02-15,2021,43,New York 2:30,1,47058,81,52,Quiniela Loteka,1,810,12|28|44|60|81|92,12|28|44|60|81|92,5,52|81|85,2,1,1,3,44|90,True,1,Loteria Nacional,2,3,nr-historical-relations-j1.0.0
2021-02-15|46|90|29,2021-02-15,2021,46,Loteria Nacional,1,108749,90,29,Quiniela Leidsa,1,116254,37|58|74|90,37|58|74|90,4,7|9|22|29|35|42|44|53|63|70|90,11,4,1,3,44|81,True,6,New York 10:30,1,1,nr-historical-relations-j1.0.0
2021-02-16|46|58|84,2021-02-16,2021,46,Quiniela Loteka,1,809,58,84,New York 10:30,1,49520,37|58|74|90,37|58|74|90,2,58|84|94,1,2,2,2,73,False,,,,0,nr-historical-relations-j1.0.0
2021-02-16|46|58|94,2021-02-16,2021,46,Quiniela Loteka,1,809,58,94,Quiniela Leidsa,1,116253,37|58|74|90,37|58|74|90,2,58|84|94,1,3,2,2,73,False,,,,0,nr-historical-relations-j1.0.0
2021-02-16|48|73|23,2021-02-16,2021,48,Loteria Nacional,1,108748,73,23,New York 2:30,1,47057,73|89,73|89,1,23|28|73|77|87,3,1,1,2,58,False,,,,0,nr-historical-relations-j1.0.0
2021-02-17|31|88|79,2021-02-17,2021,31,Quiniela Leidsa,1,116252,88,79,New York 10:30,1,49519,3|24|88|99,3|24|88|99,3,67|79|88,3,2,1,1,,True,5,New York 10:30,2,1,nr-historical-relations-j1.0.0
2021-02-18|42|7|9,2021-02-18,2021,42,New York 2:30,1,47055,7,9,Quiniela Leidsa,1,116251,7|18|23|50|55|66|71,7|18|23|50|55|66|71,1,7|9|22|29|35|42|44|53|63|70|90,1,2,1,3,32|48,True,3,Gana Mas,1,4,nr-historical-relations-j1.0.0
2021-02-18|36|32|45,2021-02-18,2021,36,Quiniela Loteka,1,807,32,45,New York 10:30,1,49518,32|48|64|85,32|48|64|85,1,32|45,1,2,1,3,7|48,False,,,,0,nr-historical-relations-j1.0.0
2021-02-18|36|48|93,2021-02-18,2021,36,Quiniela Loteka,1,807,48,93,Loteria Nacional,1,108746,32|48|64|85,32|48|64|85,2,48|93|97,1,2,1,3,7|32,True,2,New York 2:30,2,2,nr-historical-relations-j1.0.0
2021-02-19|38|20|2,2021-02-19,2021,38,Quiniela Loteka,1,806,20,2,New York 2:30,1,47054,20|31|47|52|63|100,20|31|47|52|63|100,1,2|20,2,1,1,1,,True,4,Quiniela Real,1,2,nr-historical-relations-j1.0.0
2021-02-20|28|53|29,2021-02-20,2021,28,New York 10:30,1,49516,53,29,Quiniela Loteka,1,805,21|26|53,21|26|53,3,7|9|22|29|35|42|44|53|63|70|90,8,4,1,2,63,True,4,Quiniela Loteka,2,1,nr-historical-relations-j1.0.0
2021-02-20|38|63|29,2021-02-20,2021,38,New York 2:30,1,47053,63,29,Quiniela Loteka,1,805,20|31|47|52|63|100,20|31|47|52|63|100,5,7|9|22|29|35|42|44|53|63|70|90,9,4,1,2,53,True,3,Loteria Nacional,1,2,nr-historical-relations-j1.0.0
2021-02-22|26|27|76,2021-02-22,2021,26,New York 10:30,1,49514,27,76,Quiniela Leidsa,1,116247,27|38,27|38,1,27|68|76|92,1,3,1,4,34|51|72,False,,,,0,nr-historical-relations-j1.0.0
2021-02-22|51|34|26,2021-02-22,2021,51,Quiniela Real,1,35547,34,26,New York 10:30,1,49514,34|98,34|98,1,26|34|59|72,2,1,1,4,27|51|72,True,2,Quiniela Leidsa,2,2,nr-historical-relations-j1.0.0
2021-02-22|40|51|21,2021-02-22,2021,40,New York 2:30,1,47051,51,21,Gana Mas,1,162680,8|19|51|56|67|72,8|19|51|56|67|72,3,21|51,2,1,1,4,27|34|72,True,3,Quiniela Leidsa,2,3,nr-historical-relations-j1.0.0
2021-02-22|40|72|26,2021-02-22,2021,40,New York 2:30,1,47051,72,26,New York 10:30,1,49514,8|19|51|56|67|72,8|19|51|56|67|72,6,26|34|59|72,4,1,1,4,27|34|51,True,3,Quiniela Loteka,2,1,nr-historical-relations-j1.0.0
2021-02-27|52|65|37,2021-02-27,2021,52,Quiniela Real,1,35542,65,37,New York 2:30,1,47046,65|97,65|97,1,37|65|82,2,1,1,1,,True,4,Gana Mas,1,2,nr-historical-relations-j1.0.0
2021-03-03|46|37|65,2021-03-03,2021,46,Quiniela Real,1,35538,37,65,Gana Mas,1,162672,37|58|74|90,37|58|74|90,1,37|65|82,1,2,1,1,,False,,,,0,nr-historical-relations-j1.0.0
2021-03-04|44|22|70,2021-03-04,2021,44,Gana Mas,1,162671,22,70,New York 2:30,1,47041,22|59|70|75|91,22|59|70|75|91,1,7|9|22|29|35|42|44|53|63|70|90,3,10,1,1,,True,4,Gana Mas,1,1,nr-historical-relations-j1.0.0
2021-03-07|40|67|79,2021-03-07,2021,40,New York 2:30,1,47038,67,79,Quiniela Real,1,35534,8|19|51|56|67|72,8|19|51|56|67|72,5,67|79|88,1,2,1,1,,True,1,Quiniela Leidsa,2,1,nr-historical-relations-j1.0.0
2021-03-09|40|72|34,2021-03-09,2021,40,New York 10:30,1,49499,72,34,Quiniela Loteka,1,788,8|19|51|56|67|72,8|19|51|56|67|72,6,26|34|59|72,4,2,1,2,76,True,5,New York 2:30,2,2,nr-historical-relations-j1.0.0
2021-03-09|34|76|92,2021-03-09,2021,34,Quiniela Loteka,1,788,76,92,New York 2:30,1,47036,1|17|33|49|76,1|17|33|49|76,5,27|68|76|92,3,4,1,2,72,False,,,,0,nr-historical-relations-j1.0.0
2021-03-12|42|23|77,2021-03-12,2021,42,Gana Mas,1,162663,23,77,Quiniela Real,1,35529,7|18|23|50|55|66|71,7|18|23|50|55|66|71,3,23|28|73|77|87,1,4,1,4,37|71|90,False,,,,0,nr-historical-relations-j1.0.0
2021-03-12|46|37|82,2021-03-12,2021,46,Quiniela Loteka,1,785,37,82,Loteria Nacional,1,108728,37|58|74|90,37|58|74|90,1,37|65|82,1,3,1,4,23|71|90,True,3,Gana Mas,2,2,nr-historical-relations-j1.0.0
2021-03-12|42|71|89,2021-03-12,2021,42,Gana Mas,1,162663,71,89,Quiniela Leidsa,1,116229,7|18|23|50|55|66|71,7|18|23|50|55|66|71,7,12|41|56|71|89,4,5,1,4,23|37|90,True,1,Gana Mas,3,4,nr-historical-relations-j1.0.0
2021-03-12|46|90|42,2021-03-12,2021,46,Quiniela Loteka,1,785,90,42,Gana Mas,1,162663,37|58|74|90,37|58|74|90,4,7|9|22|29|35|42|44|53|63|70|90,11,6,1,4,23|37|71,False,,,,0,nr-historical-relations-j1.0.0
2021-03-13|36|32|45,2021-03-13,2021,36,New York 10:30,1,49495,32,45,Gana Mas,1,162662,32|48|64|85,32|48|64|85,1,32|45,1,2,1,2,48,False,,,,0,nr-historical-relations-j1.0.0
2021-03-13|36|48|97,2021-03-13,2021,36,New York 10:30,1,49495,48,97,Quiniela Real,1,35528,32|48|64|85,32|48|64|85,2,48|93|97,1,3,1,2,32,True,1,Quiniela Real,3,2,nr-historical-relations-j1.0.0
2021-03-14|44|22|7,2021-03-14,2021,44,Quiniela Real,1,35527,22,7,Loteria Nacional,1,108726,22|59|70|75|91,22|59|70|75|91,1,7|9|22|29|35|42|44|53|63|70|90,3,1,1,4,70|90|91,True,1,Loteria Nacional,1,4,nr-historical-relations-j1.0.0
2021-03-14|44|70|7,2021-03-14,2021,44,Quiniela Real,1,35527,70,7,Loteria Nacional,1,108726,22|59|70|75|91,22|59|70|75|91,3,7|9|22|29|35|42|44|53|63|70|90,10,1,2,4,22|90|91,False,,,,0,nr-historical-relations-j1.0.0
2021-03-14|44|70|22,2021-03-14,2021,44,Quiniela Real,1,35527,70,22,Gana Mas,1,162661,22|59|70|75|91,22|59|70|75|91,3,7|9|22|29|35|42|44|53|63|70|90,10,3,2,4,22|90|91,False,,,,0,nr-historical-relations-j1.0.0
2021-03-14|46|90|7,2021-03-14,2021,46,Quiniela Loteka,1,783,90,7,Loteria Nacional,1,108726,37|58|74|90,37|58|74|90,4,7|9|22|29|35|42|44|53|63|70|90,11,1,3,4,22|70|91,True,7,Gana Mas,3,1,nr-historical-relations-j1.0.0
2021-03-14|46|90|22,2021-03-14,2021,46,Quiniela Loteka,1,783,90,22,Gana Mas,1,162661,37|58|74|90,37|58|74|90,4,7|9|22|29|35|42|44|53|63|70|90,11,3,3,4,22|70|91,True,7,Gana Mas,3,1,nr-historical-relations-j1.0.0
2021-03-14|46|90|44,2021-03-14,2021,46,Quiniela Loteka,1,783,90,44,Quiniela Real,1,35527,37|58|74|90,37|58|74|90,4,7|9|22|29|35|42|44|53|63|70|90,11,7,3,4,22|70|91,True,7,Gana Mas,3,1,nr-historical-relations-j1.0.0
2021-03-14|44|91|69,2021-03-14,2021,44,Quiniela Real,1,35527,91,69,Quiniela Leidsa,1,116227,22|59|70|75|91,22|59|70|75|91,5,11|57|69|91,4,3,1,4,22|70|90,True,1,Quiniela Leidsa,3,1,nr-historical-relations-j1.0.0
2021-03-15|39|9|22,2021-03-15,2021,39,New York 2:30,1,47030,9,22,Loteria Nacional,1,108725,9|14|30|41|46|62|78|94,9|14|30|41|46|62|78|94,1,7|9|22|29|35|42|44|53|63|70|90,2,3,1,2,32,True,5,Quiniela Leidsa,2,1,nr-historical-relations-j1.0.0
2021-03-15|36|32|45,2021-03-15,2021,36,Quiniela Leidsa,1,116226,32,45,Gana Mas,1,162660,32|48|64|85,32|48|64|85,1,32|45,1,2,1,2,9,False,,,,0,nr-historical-relations-j1.0.0
2021-03-18|42|7|63,2021-03-18,2021,42,Quiniela Loteka,1,779,7,63,New York 10:30,1,49490,7|18|23|50|55|66|71,7|18|23|50|55|66|71,1,7|9|22|29|35|42|44|53|63|70|90,1,9,1,3,29|71,False,,,,0,nr-historical-relations-j1.0.0
2021-03-18|41|29|42,2021-03-18,2021,41,Quiniela Real,1,35523,29,42,Quiniela Loteka,1,779,13|29|93,13|29|93,2,7|9|22|29|35|42|44|53|63|70|90,4,6,2,3,7|71,True,7,New York 2:30,2,1,nr-historical-relations-j1.0.0
2021-03-18|41|29|63,2021-03-18,2021,41,Quiniela Real,1,35523,29,63,New York 10:30,1,49490,13|29|93,13|29|93,2,7|9|22|29|35|42|44|53|63|70|90,4,9,2,3,7|71,True,7,New York 2:30,2,1,nr-historical-relations-j1.0.0
2021-03-18|42|71|41,2021-03-18,2021,42,Quiniela Loteka,1,779,71,41,Quiniela Real,1,35523,7|18|23|50|55|66|71,7|18|23|50|55|66|71,7,12|41|56|71|89,4,2,1,3,7|29,True,1,Quiniela Leidsa,2,1,nr-historical-relations-j1.0.0
2021-03-19|37|42|44,2021-03-19,2021,37,Loteria Nacional,1,108721,42,44,Quiniela Loteka,1,778,5|10|42,5|10|42,3,7|9|22|29|35|42|44|53|63|70|90,6,7,1,1,,False,,,,0,nr-historical-relations-j1.0.0
2021-03-20|41|13|17,2021-03-20,2021,41,Quiniela Leidsa,1,116221,13,17,New York 10:30,1,49488,13|29|93,13|29|93,1,13|17,1,2,1,1,,True,3,Quiniela Loteka,3,1,nr-historical-relations-j1.0.0
2021-03-21|43|44|22,2021-03-21,2021,43,New York 2:30,1,47024,44,22,New York 10:30,1,49487,12|28|44|60|81|92,12|28|44|60|81|92,3,7|9|22|29|35|42|44|53|63|70|90,7,3,1,2,92,True,1,Gana Mas,2,4,nr-historical-relations-j1.0.0
2021-03-21|43|92|27,2021-03-21,2021,43,New York 2:30,1,47024,92,27,Quiniela Leidsa,1,116220,12|28|44|60|81|92,12|28|44|60|81|92,6,27|68|76|92,4,1,1,2,44,True,2,Quiniela Real,2,4,nr-historical-relations-j1.0.0
2021-03-22|41|29|35,2021-03-22,2021,41,New York 10:30,1,49486,29,35,Loteria Nacional,1,108718,13|29|93,13|29|93,2,7|9|22|29|35|42|44|53|63|70|90,4,5,1,5,53|73|89|93,True,3,New York 2:30,2,1,nr-historical-relations-j1.0.0
2021-03-22|28|53|35,2021-03-22,2021,28,Quiniela Loteka,1,775,53,35,Loteria Nacional,1,108718,21|26|53,21|26|53,3,7|9|22|29|35|42|44|53|63|70|90,8,5,1,5,29|73|89|93,True,2,Quiniela Real,3,1,nr-historical-relations-j1.0.0
2021-03-22|48|73|28,2021-03-22,2021,48,New York 2:30,1,47023,73,28,Quiniela Loteka,1,775,73|89,73|89,1,23|28|73|77|87,3,2,1,5,29|53|89|93,True,1,New York 2:30,2,3,nr-historical-relations-j1.0.0
2021-03-22|48|89|41,2021-03-22,2021,48,New York 2:30,1,47023,89,41,New York 10:30,1,49486,73|89,73|89,2,12|41|56|71|89,5,2,1,5,29|53|73|93,True,6,New York 2:30,2,2,nr-historical-relations-j1.0.0
2021-03-22|41|93|48,2021-03-22,2021,41,New York 10:30,1,49486,93,48,New York 2:30,1,47023,13|29|93,13|29|93,3,48|93|97,2,1,1,5,29|53|73|89,True,2,New York 10:30,1,1,nr-historical-relations-j1.0.0
2021-03-23|28|53|9,2021-03-23,2021,28,Quiniela Real,1,35518,53,9,Quiniela Loteka,1,774,21|26|53,21|26|53,3,7|9|22|29|35|42|44|53|63|70|90,8,2,1,2,73,True,1,Quiniela Real,3,1,nr-historical-relations-j1.0.0
2021-03-23|48|73|28,2021-03-23,2021,48,Quiniela Leidsa,1,116218,73,28,Quiniela Real,1,35518,73|89,73|89,1,23|28|73|77|87,3,2,1,2,53,True,3,Quiniela Real,1,2,nr-historical-relations-j1.0.0
2021-03-24|36|48|93,2021-03-24,2021,36,Quiniela Loteka,1,773,48,93,New York 10:30,1,49484,32|48|64|85,32|48|64|85,2,48|93|97,1,2,1,1,,False,,,,0,nr-historical-relations-j1.0.0
2021-03-25|49|35|44,2021-03-25,2021,49,Loteria Nacional,1,108715,35,44,New York 10:30,1,49483,35|40|83,35|40|83,1,7|9|22|29|35|42|44|53|63|70|90,5,7,1,1,,True,4,Gana Mas,1,3,nr-historical-relations-j1.0.0
2021-03-27|43|44|63,2021-03-27,2021,43,Quiniela Real,1,35514,44,63,Loteria Nacional,1,108713,12|28|44|60|81|92,12|28|44|60|81|92,3,7|9|22|29|35|42|44|53|63|70|90,7,9,1,1,,True,5,New York 2:30,3,1,nr-historical-relations-j1.0.0
2021-03-31|38|100|10,2021-03-31,2021,38,Quiniela Loteka,1,766,100,10,Gana Mas,1,162645,20|31|47|52|63|100,20|31|47|52|63|100,6,1|10|100,3,2,1,1,,False,,,,0,nr-historical-relations-j1.0.0
2021-04-01|46|90|22,2021-04-01,2021,46,Quiniela Leidsa,2,116209,90,22,New York 2:30,1,47013,37|58|74|90,37|58|74|90,4,7|9|22|29|35|42|44|53|63|70|90,11,3,1,1,,False,,,,0,nr-historical-relations-j1.0.0
2021-04-02|40|51|21,2021-04-02,2021,40,New York 10:30,1,49475,51,21,Quiniela Loteka,1,764,8|19|51|56|67|72,8|19|51|56|67|72,3,21|51,2,1,1,1,,False,,,,0,nr-historical-relations-j1.0.0
2021-04-03|34|1|10,2021-04-03,2021,34,New York 10:30,1,49474,1,10,Quiniela Loteka,1,763,1|17|33|49|76,1|17|33|49|76,1,1|10|100,1,2,1,1,,False,,,,0,nr-historical-relations-j1.0.0
2021-04-04|43|28|23,2021-04-04,2021,43,New York 10:30,1,49473,28,23,New York 2:30,1,47010,12|28|44|60|81|92,12|28|44|60|81|92,2,23|28|73|77|87,2,1,1,2,77,True,6,Quiniela Leidsa,2,1,nr-historical-relations-j1.0.0
2021-04-04|32|77|23,2021-04-04,2021,32,Quiniela Leidsa,1,116206,77,23,New York 2:30,1,47010,77,77,1,23|28|73|77|87,4,1,1,2,28,False,,,,0,nr-historical-relations-j1.0.0
2021-04-05|39|9|7,2021-04-05,2021,39,New York 10:30,1,49472,9,7,New York 2:30,1,47009,9|14|30|41|46|62|78|94,9|14|30|41|46|62|78|94,1,7|9|22|29|35|42|44|53|63|70|90,2,1,3,1,,True,6,New York 10:30,1,2,nr-historical-relations-j1.0.0
2021-04-05|39|9|63,2021-04-05,2021,39,New York 10:30,1,49472,9,63,Loteria Nacional,1,108707,9|14|30|41|46|62|78|94,9|14|30|41|46|62|78|94,1,7|9|22|29|35|42|44|53|63|70|90,2,9,3,1,,True,6,New York 10:30,1,2,nr-historical-relations-j1.0.0
2021-04-05|39|9|70,2021-04-05,2021,39,New York 10:30,1,49472,9,70,Quiniela Real,1,35506,9|14|30|41|46|62|78|94,9|14|30|41|46|62|78|94,1,7|9|22|29|35|42|44|53|63|70|90,2,10,3,1,,True,6,New York 10:30,1,2,nr-historical-relations-j1.0.0
2021-04-06|32|77|87,2021-04-06,2021,32,New York 10:30,1,49471,77,87,Loteria Nacional,1,108706,77,77,1,23|28|73|77|87,4,5,1,1,,False,,,,0,nr-historical-relations-j1.0.0
2021-04-12|44|70|22,2021-04-12,2021,44,Gana Mas,1,162637,70,22,Loteria Nacional,1,108700,22|59|70|75|91,22|59|70|75|91,3,7|9|22|29|35|42|44|53|63|70|90,10,3,1,1,,True,7,New York 10:30,3,1,nr-historical-relations-j1.0.0
2021-04-13|31|3|83,2021-04-13,2021,31,Loteria Nacional,1,108699,3,83,Quiniela Leidsa,1,116197,3|24|88|99,3|24|88|99,1,3|30|83,1,3,1,2,56,True,6,Quiniela Real,2,1,nr-historical-relations-j1.0.0
2021-04-13|40|56|71,2021-04-13,2021,40,New York 2:30,1,47001,56,71,Quiniela Loteka,1,753,8|19|51|56|67|72,8|19|51|56|67|72,4,12|41|56|71|89,3,4,1,2,3,True,4,Quiniela Leidsa,3,2,nr-historical-relations-j1.0.0
2021-04-14|42|7|63,2021-04-14,2021,42,Quiniela Leidsa,1,116196,7,63,New York 2:30,1,47000,7|18|23|50|55|66|71,7|18|23|50|55|66|71,1,7|9|22|29|35|42|44|53|63|70|90,1,9,1,1,,False,,,,0,nr-historical-relations-j1.0.0
2021-04-17|42|7|22,2021-04-17,2021,42,Quiniela Leidsa,1,116193,7,22,Gana Mas,1,162633,7|18|23|50|55|66|71,7|18|23|50|55|66|71,1,7|9|22|29|35|42|44|53|63|70|90,1,3,1,5,23|26|53|90,True,5,Gana Mas,1,1,nr-historical-relations-j1.0.0
2021-04-17|42|23|28,2021-04-17,2021,42,Quiniela Leidsa,1,116193,23,28,New York 10:30,1,49460,7|18|23|50|55|66|71,7|18|23|50|55|66|71,3,23|28|73|77|87,1,2,1,5,7|26|53|90,True,3,Gana Mas,3,3,nr-historical-relations-j1.0.0
2021-04-17|28|26|59,2021-04-17,2021,28,New York 10:30,1,49460,26,59,New York 2:30,1,46997,21|26|53,21|26|53,2,26|34|59|72,1,3,1,5,7|23|53|90,True,4,Quiniela Leidsa,3,1,nr-historical-relations-j1.0.0
2021-04-17|28|53|22,2021-04-17,2021,28,New York 10:30,1,49460,53,22,Gana Mas,1,162633,21|26|53,21|26|53,3,7|9|22|29|35|42|44|53|63|70|90,8,3,2,5,7|23|26|90,True,6,New York 2:30,1,1,nr-historical-relations-j1.0.0
2021-04-17|28|53|42,2021-04-17,2021,28,New York 10:30,1,49460,53,42,Quiniela Leidsa,1,116193,21|26|53,21|26|53,3,7|9|22|29|35|42|44|53|63|70|90,8,6,2,5,7|23|26|90,True,6,New York 2:30,1,1,nr-historical-relations-j1.0.0
2021-04-17|46|90|22,2021-04-17,2021,46,Quiniela Real,1,35494,90,22,Gana Mas,1,162633,37|58|74|90,37|58|74|90,4,7|9|22|29|35|42|44|53|63|70|90,11,3,2,5,7|23|26|53,True,1,Quiniela Real,3,2,nr-historical-relations-j1.0.0
2021-04-17|46|90|42,2021-04-17,2021,46,Quiniela Real,1,35494,90,42,Quiniela Leidsa,1,116193,37|58|74|90,37|58|74|90,4,7|9|22|29|35|42|44|53|63|70|90,11,6,2,5,7|23|26|53,True,1,Quiniela Real,3,2,nr-historical-relations-j1.0.0
2021-04-20|35|6|60,2021-04-20,2021,35,Loteria Nacional,1,108692,6,60,Quiniela Real,1,35491,6|11|43|54|86,6|11|43|54|86,1,6|60,1,2,1,6,22|29|70|89|93,True,7,Quiniela Real,1,1,nr-historical-relations-j1.0.0
2021-04-20|44|22|35,2021-04-20,2021,44,Gana Mas,1,162630,22,35,Loteria Nacional,1,108692,22|59|70|75|91,22|59|70|75|91,1,7|9|22|29|35|42|44|53|63|70|90,3,5,1,6,6|29|70|89|93,True,4,New York 2:30,2,3,nr-historical-relations-j1.0.0
2021-04-20|41|29|35,2021-04-20,2021,41,Quiniela Leidsa,1,116190,29,35,Loteria Nacional,1,108692,13|29|93,13|29|93,2,7|9|22|29|35|42|44|53|63|70|90,4,5,2,6,6|22|70|89|93,True,2,Gana Mas,3,4,nr-historical-relations-j1.0.0
2021-04-20|41|29|44,2021-04-20,2021,41,Quiniela Leidsa,1,116190,29,44,Gana Mas,1,162630,13|29|93,13|29|93,2,7|9|22|29|35|42|44|53|63|70|90,4,7,2,6,6|22|70|89|93,True,2,Gana Mas,3,4,nr-historical-relations-j1.0.0
2021-04-20|44|70|35,2021-04-20,2021,44,Gana Mas,1,162630,70,35,Loteria Nacional,1,108692,22|59|70|75|91,22|59|70|75|91,3,7|9|22|29|35|42|44|53|63|70|90,10,5,1,6,6|22|29|89|93,True,5,Gana Mas,1,2,nr-historical-relations-j1.0.0
2021-04-20|48|89|41,2021-04-20,2021,48,New York 2:30,1,46994,89,41,Quiniela Leidsa,1,116190,73|89,73|89,2,12|41|56|71|89,5,2,1,6,6|22|29|70|93,True,4,Quiniela Loteka,3,2,nr-historical-relations-j1.0.0
2021-04-20|41|93|48,2021-04-20,2021,41,Quiniela Leidsa,1,116190,93,48,New York 2:30,1,46994,13|29|93,13|29|93,3,48|93|97,2,1,1,6,6|22|29|70|89,True,2,New York 2:30,3,1,nr-historical-relations-j1.0.0
2021-04-23|43|12|56,2021-04-23,2021,43,Quiniela Real,1,35488,12,56,Quiniela Leidsa,1,116187,12|28|44|60|81|92,12|28|44|60|81|92,1,12|41|56|71|89,1,3,1,3,44|63,False,,,,0,nr-historical-relations-j1.0.0
2021-04-23|43|44|53,2021-04-23,2021,43,Quiniela Real,1,35488,44,53,New York 2:30,1,46991,12|28|44|60|81|92,12|28|44|60|81|92,3,7|9|22|29|35|42|44|53|63|70|90,7,8,1,3,12|63,False,,,,0,nr-historical-relations-j1.0.0
2021-04-23|38|63|53,2021-04-23,2021,38,New York 10:30,1,49454,63,53,New York 2:30,1,46991,20|31|47|52|63|100,20|31|47|52|63|100,5,7|9|22|29|35|42|44|53|63|70|90,9,8,1,3,12|44,True,6,Quiniela Real,1,1,nr-historical-relations-j1.0.0
2021-04-24|39|9|29,2021-04-24,2021,39,Quiniela Real,1,35487,9,29,Quiniela Loteka,1,742,9|14|30|41|46|62|78|94,9|14|30|41|46|62|78|94,1,7|9|22|29|35|42|44|53|63|70|90,2,4,1,2,41,True,2,Quiniela Loteka,3,1,nr-historical-relations-j1.0.0
2021-04-24|39|41|71,2021-04-24,2021,39,Quiniela Real,1,35487,41,71,New York 10:30,1,49453,9|14|30|41|46|62|78|94,9|14|30|41|46|62|78|94,4,12|41|56|71|89,2,4,1,2,9,False,,,,0,nr-historical-relations-j1.0.0
2021-04-28|43|44|29,2021-04-28,2021,43,Quiniela Loteka,1,738,44,29,Loteria Nacional,1,108684,12|28|44|60|81|92,12|28|44|60|81|92,3,7|9|22|29|35|42|44|53|63|70|90,7,4,1,1,,True,5,Gana Mas,2,1,nr-historical-relations-j1.0.0
2021-04-29|39|9|53,2021-04-29,2021,39,New York 10:30,1,49448,9,53,New York 2:30,1,46985,9|14|30|41|46|62|78|94,9|14|30|41|46|62|78|94,1,7|9|22|29|35|42|44|53|63|70|90,2,8,2,3,20|63,True,4,Gana Mas,3,2,nr-historical-relations-j1.0.0
2021-04-29|39|9|63,2021-04-29,2021,39,New York 10:30,1,49448,9,63,Quiniela Real,1,35482,9|14|30|41|46|62|78|94,9|14|30|41|46|62|78|94,1,7|9|22|29|35|42|44|53|63|70|90,2,9,2,3,20|63,True,4,Gana Mas,3,2,nr-historical-relations-j1.0.0
2021-04-29|38|20|2,2021-04-29,2021,38,Gana Mas,1,162622,20,2,Loteria Nacional,1,108683,20|31|47|52|63|100,20|31|47|52|63|100,1,2|20,2,1,1,3,9|63,True,1,New York 10:30,2,3,nr-historical-relations-j1.0.0
2021-04-29|38|63|53,2021-04-29,2021,38,Gana Mas,1,162622,63,53,New York 2:30,1,46985,20|31|47|52|63|100,20|31|47|52|63|100,5,7|9|22|29|35|42|44|53|63|70|90,9,8,1,3,9|20,True,2,New York 2:30,2,3,nr-historical-relations-j1.0.0
2021-04-30|39|9|70,2021-04-30,2021,39,Quiniela Real,1,35481,9,70,New York 10:30,1,49447,9|14|30|41|46|62|78|94,9|14|30|41|46|62|78|94,1,7|9|22|29|35|42|44|53|63|70|90,2,10,1,3,42|82,True,3,Gana Mas,3,2,nr-historical-relations-j1.0.0
2021-04-30|37|42|70,2021-04-30,2021,37,Quiniela Leidsa,1,116180,42,70,New York 10:30,1,49447,5|10|42,5|10|42,3,7|9|22|29|35|42|44|53|63|70|90,6,10,1,3,9|82,True,6,Quiniela Leidsa,2,2,nr-historical-relations-j1.0.0
2021-04-30|33|82|37,2021-04-30,2021,33,New York 2:30,1,46984,82,37,Quiniela Leidsa,1,116180,2|39|82|87,2|39|82|87,3,37|65|82,3,1,1,3,9|42,False,,,,0,nr-historical-relations-j1.0.0
2021-05-01|26|27|92,2021-05-01,2021,26,Quiniela Leidsa,1,116179,27,92,New York 2:30,1,46983,27|38,27|38,1,27|68|76|92,1,4,1,1,,True,4,New York 10:30,3,2,nr-historical-relations-j1.0.0
2021-05-03|49|35|53,2021-05-03,2021,49,New York 10:30,1,49444,35,53,Quiniela Leidsa,1,116177,35|40|83,35|40|83,1,7|9|22|29|35|42|44|53|63|70|90,5,8,1,3,56|69,False,,,,0,nr-historical-relations-j1.0.0
2021-05-03|40|56|12,2021-05-03,2021,40,Loteria Nacional,1,108679,56,12,Quiniela Real,1,35478,8|19|51|56|67|72,8|19|51|56|67|72,4,12|41|56|71|89,3,1,1,3,35|69,False,,,,0,nr-historical-relations-j1.0.0
2021-05-03|45|69|57,2021-05-03,2021,45,Quiniela Loteka,1,733,69,57,New York 2:30,1,46981,69|80,69|80,1,11|57|69|91,3,2,1,3,35|56,True,2,New York 10:30,1,3,nr-historical-relations-j1.0.0
2021-05-07|51|34|59,2021-05-07,2021,51,New York 2:30,1,46977,34,59,Quiniela Loteka,1,729,34|98,34|98,1,26|34|59|72,2,3,1,1,,True,3,Gana Mas,1,3,nr-historical-relations-j1.0.0
2021-05-08|49|35|63,2021-05-08,2021,49,New York 10:30,1,49439,35,63,Quiniela Leidsa,1,116172,35|40|83,35|40|83,1,7|9|22|29|35|42|44|53|63|70|90,5,9,1,1,,True,3,Quiniela Loteka,2,2,nr-historical-relations-j1.0.0
2021-05-10|38|31|74,2021-05-10,2021,38,Quiniela Real,1,35471,31,74,New York 2:30,1,46974,20|31|47|52|63|100,20|31|47|52|63|100,2,31|74,1,2,1,2,76,True,4,New York 10:30,1,1,nr-historical-relations-j1.0.0
2021-05-10|34|76|27,2021-05-10,2021,34,Gana Mas,1,162611,76,27,Loteria Nacional,1,108672,1|17|33|49|76,1|17|33|49|76,5,27|68|76|92,3,1,1,2,31,False,,,,0,nr-historical-relations-j1.0.0
2021-05-11|43|12|41,2021-05-11,2021,43,Quiniela Loteka,1,725,12,41,New York 10:30,1,49436,12|28|44|60|81|92,12|28|44|60|81|92,1,12|41|56|71|89,1,2,1,4,29|44|81,True,5,Gana Mas,3,1,nr-historical-relations-j1.0.0
2021-05-11|41|29|70,2021-05-11,2021,41,New York 10:30,1,49436,29,70,Gana Mas,1,162610,13|29|93,13|29|93,2,7|9|22|29|35|42|44|53|63|70|90,4,10,1,4,12|44|81,True,6,Quiniela Loteka,3,2,nr-historical-relations-j1.0.0
2021-05-11|43|44|70,2021-05-11,2021,43,Quiniela Loteka,1,725,44,70,Gana Mas,1,162610,12|28|44|60|81|92,12|28|44|60|81|92,3,7|9|22|29|35|42|44|53|63|70|90,7,10,1,4,12|29|81,True,4,Quiniela Loteka,1,1,nr-historical-relations-j1.0.0
2021-05-11|43|81|52,2021-05-11,2021,43,Quiniela Loteka,1,725,81,52,New York 2:30,1,46973,12|28|44|60|81|92,12|28|44|60|81|92,5,52|81|85,2,1,1,4,12|29|44,True,1,Quiniela Real,1,1,nr-historical-relations-j1.0.0
2021-05-12|33|82|65,2021-05-12,2021,33,Gana Mas,1,162609,82,65,Loteria Nacional,1,108670,2|39|82|87,2|39|82|87,3,37|65|82,3,2,1,1,,True,4,Quiniela Real,2,1,nr-historical-relations-j1.0.0
2021-05-13|34|1|10,2021-05-13,2021,34,New York 10:30,1,49434,1,10,Gana Mas,1,162608,1|17|33|49|76,1|17|33|49|76,1,1|10|100,1,2,1,2,76,True,5,New York 2:30,3,3,nr-historical-relations-j1.0.0
2021-05-13|34|76|68,2021-05-13,2021,34,New York 10:30,1,49434,76,68,New York 2:30,1,46971,1|17|33|49|76,1|17|33|49|76,5,27|68|76|92,3,2,1,2,1,True,5,Quiniela Real,3,1,nr-historical-relations-j1.0.0
2021-05-14|42|7|63,2021-05-14,2021,42,New York 2:30,1,46970,7,63,Loteria Nacional,1,108668,7|18|23|50|55|66|71,7|18|23|50|55|66|71,1,7|9|22|29|35|42|44|53|63|70|90,1,9,1,1,,True,2,New York 10:30,3,3,nr-historical-relations-j1.0.0
2021-05-15|49|35|44,2021-05-15,2021,49,Gana Mas,1,162606,35,44,Quiniela Loteka,1,721,35|40|83,35|40|83,1,7|9|22|29|35|42|44|53|63|70|90,5,7,1,2,53,True,1,Gana Mas,1,1,nr-historical-relations-j1.0.0
2021-05-15|28|53|44,2021-05-15,2021,28,New York 2:30,1,46969,53,44,Quiniela Loteka,1,721,21|26|53,21|26|53,3,7|9|22|29|35|42|44|53|63|70|90,8,7,1,2,35,False,,,,0,nr-historical-relations-j1.0.0
2021-05-21|30|25|16,2021-05-21,2021,30,Gana Mas,1,162600,25,16,Quiniela Leidsa,1,116159,25|57,25|57,1,16|25,2,1,1,3,35|83,True,1,Loteria Nacional,2,3,nr-historical-relations-j1.0.0
2021-05-21|49|35|70,2021-05-21,2021,49,Quiniela Real,1,35460,35,70,Loteria Nacional,1,108661,35|40|83,35|40|83,1,7|9|22|29|35|42|44|53|63|70|90,5,10,1,3,25|83,True,5,Loteria Nacional,1,1,nr-historical-relations-j1.0.0
2021-05-21|49|83|30,2021-05-21,2021,49,Quiniela Real,1,35460,83,30,Gana Mas,1,162600,35|40|83,35|40|83,3,3|30|83,3,2,1,3,25|35,True,2,Quiniela Leidsa,1,1,nr-historical-relations-j1.0.0
2021-05-23|51|34|59,2021-05-23,2021,51,Quiniela Real,1,35458,34,59,Gana Mas,1,162598,34|98,34|98,1,26|34|59|72,2,3,1,1,,True,1,Gana Mas,2,3,nr-historical-relations-j1.0.0
2021-05-25|34|17|13,2021-05-25,2021,34,New York 2:30,1,46959,17,13,Quiniela Leidsa,1,116155,1|17|33|49|76,1|17|33|49|76,2,13|17,2,1,1,4,26|53|76,True,4,Quiniela Leidsa,1,1,nr-historical-relations-j1.0.0
2021-05-25|28|26|34,2021-05-25,2021,28,Quiniela Real,1,35456,26,34,New York 2:30,1,46959,21|26|53,21|26|53,2,26|34|59|72,1,2,1,4,17|53|76,True,7,Gana Mas,2,1,nr-historical-relations-j1.0.0
2021-05-25|28|53|22,2021-05-25,2021,28,Quiniela Real,1,35456,53,22,Loteria Nacional,1,108657,21|26|53,21|26|53,3,7|9|22|29|35|42|44|53|63|70|90,8,3,1,4,17|26|76,True,6,Loteria Nacional,3,2,nr-historical-relations-j1.0.0
2021-05-25|34|76|27,2021-05-25,2021,34,New York 2:30,1,46959,76,27,New York 10:30,1,49422,1|17|33|49|76,1|17|33|49|76,5,27|68|76|92,3,1,1,4,17|26|53,True,3,Quiniela Loteka,1,1,nr-historical-relations-j1.0.0
2021-05-27|47|4|40,2021-05-27,2021,47,Loteria Nacional,1,108655,4,40,New York 10:30,1,49420,4|36|68|79|84,4|36|68|79|84,1,4|40,1,2,1,1,,True,4,New York 10:30,3,1,nr-historical-relations-j1.0.0
2021-05-28|49|35|7,2021-05-28,2021,49,New York 10:30,1,49419,35,7,New York 2:30,1,46956,35|40|83,35|40|83,1,7|9|22|29|35|42|44|53|63|70|90,5,1,2,1,,True,3,Quiniela Loteka,1,1,nr-historical-relations-j1.0.0
2021-05-28|49|35|70,2021-05-28,2021,49,New York 10:30,1,49419,35,70,Quiniela Real,1,35453,35|40|83,35|40|83,1,7|9|22|29|35|42|44|53|63|70|90,5,10,2,1,,True,3,Quiniela Loteka,1,1,nr-historical-relations-j1.0.0
2021-05-29|43|28|23,2021-05-29,2021,43,Loteria Nacional,1,108653,28,23,Quiniela Loteka,1,707,12|28|44|60|81|92,12|28|44|60|81|92,2,23|28|73|77|87,2,1,1,1,,True,6,Quiniela Loteka,2,2,nr-historical-relations-j1.0.0
2021-06-02|39|9|63,2021-06-02,2021,39,Loteria Nacional,1,108649,9,63,Quiniela Real,1,35448,9|14|30|41|46|62|78|94,9|14|30|41|46|62|78|94,1,7|9|22|29|35|42|44|53|63|70|90,2,9,1,2,62,True,5,Gana Mas,1,1,nr-historical-relations-j1.0.0
2021-06-02|39|62|75,2021-06-02,2021,39,Loteria Nacional,1,108649,62,75,Gana Mas,1,162588,9|14|30|41|46|62|78|94,9|14|30|41|46|62|78|94,6,62|75,1,2,1,2,9,False,,,,0,nr-historical-relations-j1.0.0
2021-06-03|31|88|79,2021-06-03,2021,31,Gana Mas,1,162587,88,79,New York 10:30,2,49413,3|24|88|99,3|24|88|99,3,67|79|88,3,2,1,1,,True,4,New York 10:30,1,2,nr-historical-relations-j1.0.0
2021-06-04|44|22|7,2021-06-04,2021,44,Quiniela Leidsa,1,116145,22,7,Quiniela Real,1,35446,22|59|70|75|91,22|59|70|75|91,1,7|9|22|29|35|42|44|53|63|70|90,3,1,2,2,70,False,,,,0,nr-historical-relations-j1.0.0
2021-06-04|44|22|63,2021-06-04,2021,44,Quiniela Leidsa,1,116145,22,63,Loteria Nacional,1,108647,22|59|70|75|91,22|59|70|75|91,1,7|9|22|29|35|42|44|53|63|70|90,3,9,2,2,70,False,,,,0,nr-historical-relations-j1.0.0
2021-06-04|44|70|7,2021-06-04,2021,44,Quiniela Leidsa,1,116145,70,7,Quiniela Real,1,35446,22|59|70|75|91,22|59|70|75|91,3,7|9|22|29|35|42|44|53|63|70|90,10,1,2,2,22,False,,,,0,nr-historical-relations-j1.0.0
2021-06-04|44|70|63,2021-06-04,2021,44,Quiniela Leidsa,1,116145,70,63,Loteria Nacional,1,108647,22|59|70|75|91,22|59|70|75|91,3,7|9|22|29|35|42|44|53|63|70|90,10,9,2,2,22,False,,,,0,nr-historical-relations-j1.0.0
2021-06-07|39|9|90,2021-06-07,2021,39,Quiniela Leidsa,1,116142,9,90,New York 2:30,1,46946,9|14|30|41|46|62|78|94,9|14|30|41|46|62|78|94,1,7|9|22|29|35|42|44|53|63|70|90,2,11,1,3,42|65,False,,,,0,nr-historical-relations-j1.0.0
2021-06-07|37|42|9,2021-06-07,2021,37,Quiniela Real,1,35443,42,9,Gana Mas,1,162583,5|10|42,5|10|42,3,7|9|22|29|35|42|44|53|63|70|90,6,2,2,3,9|65,True,3,New York 2:30,2,2,nr-historical-relations-j1.0.0
2021-06-07|37|42|90,2021-06-07,2021,37,Quiniela Real,1,35443,42,90,New York 2:30,1,46946,5|10|42,5|10|42,3,7|9|22|29|35|42|44|53|63|70|90,6,11,2,3,9|65,True,3,New York 2:30,2,2,nr-historical-relations-j1.0.0
2021-06-07|52|65|37,2021-06-07,2021,52,Loteria Nacional,1,108646,65,37,Quiniela Real,1,35443,65|97,65|97,1,37|65|82,2,1,1,3,9|42,True,1,Gana Mas,2,1,nr-historical-relations-j1.0.0
2021-06-08|39|30|3,2021-06-08,2021,39,Quiniela Loteka,1,697,30,3,Quiniela Real,1,35442,9|14|30|41|46|62|78|94,9|14|30|41|46|62|78|94,3,3|30|83,2,1,1,1,,False,,,,0,nr-historical-relations-j1.0.0
2021-06-10|49|35|90,2021-06-10,2021,49,Quiniela Leidsa,1,116139,35,90,Gana Mas,1,162580,35|40|83,35|40|83,1,7|9|22|29|35|42|44|53|63|70|90,5,11,1,2,89,True,3,New York 2:30,2,2,nr-historical-relations-j1.0.0
2021-06-10|48|89|12,2021-06-10,2021,48,Quiniela Loteka,1,695,89,12,New York 10:30,1,49406,73|89,73|89,2,12|41|56|71|89,5,1,1,2,35,True,5,Loteria Nacional,3,2,nr-historical-relations-j1.0.0
2021-06-12|39|9|22,2021-06-12,2021,39,New York 2:30,1,46941,9,22,Quiniela Loteka,1,693,9|14|30|41|46|62|78|94,9|14|30|41|46|62|78|94,1,7|9|22|29|35|42|44|53|63|70|90,2,3,1,1,,False,,,,0,nr-historical-relations-j1.0.0
2021-06-13|49|35|42,2021-06-13,2021,49,Quiniela Loteka,1,692,35,42,New York 10:30,1,49403,35|40|83,35|40|83,1,7|9|22|29|35|42|44|53|63|70|90,5,6,1,1,,True,1,Loteria Nacional,2,1,nr-historical-relations-j1.0.0
2021-06-16|38|52|85,2021-06-16,2021,38,Loteria Nacional,1,108638,52,85,Gana Mas,1,162576,20|31|47|52|63|100,20|31|47|52|63|100,4,52|81|85,1,3,1,1,,True,3,Quiniela Leidsa,3,2,nr-historical-relations-j1.0.0
2021-06-19|45|69|57,2021-06-19,2021,45,Quiniela Leidsa,1,116130,69,57,New York 10:30,1,49397,69|80,69|80,1,11|57|69|91,3,2,1,1,,False,,,,0,nr-historical-relations-j1.0.0
2021-06-21|38|52|85,2021-06-21,2021,38,Quiniela Loteka,1,684,52,85,New York 2:30,1,46932,20|31|47|52|63|100,20|31|47|52|63|100,4,52|81|85,1,3,1,2,100,True,1,Quiniela Real,2,1,nr-historical-relations-j1.0.0
2021-06-21|38|100|1,2021-06-21,2021,38,Quiniela Loteka,1,684,100,1,New York 10:30,1,49395,20|31|47|52|63|100,20|31|47|52|63|100,6,1|10|100,3,1,1,2,52,False,,,,0,nr-historical-relations-j1.0.0
2021-06-25|42|7|29,2021-06-25,2021,42,New York 10:30,1,49391,7,29,Quiniela Real,1,35425,7|18|23|50|55|66|71,7|18|23|50|55|66|71,1,7|9|22|29|35|42|44|53|63|70|90,1,4,1,2,44,True,2,Loteria Nacional,2,3,nr-historical-relations-j1.0.0
2021-06-25|43|44|29,2021-06-25,2021,43,New York 2:30,1,46928,44,29,Quiniela Real,1,35425,12|28|44|60|81|92,12|28|44|60|81|92,3,7|9|22|29|35|42|44|53|63|70|90,7,4,2,2,7,True,2,Gana Mas,1,4,nr-historical-relations-j1.0.0
2021-06-25|43|44|42,2021-06-25,2021,43,New York 2:30,1,46928,44,42,New York 10:30,1,49391,12|28|44|60|81|92,12|28|44|60|81|92,3,7|9|22|29|35|42|44|53|63|70|90,7,6,2,2,7,True,2,Gana Mas,1,4,nr-historical-relations-j1.0.0
2021-06-27|44|91|69,2021-06-27,2021,44,Gana Mas,1,162566,91,69,Quiniela Real,1,35423,22|59|70|75|91,22|59|70|75|91,5,11|57|69|91,4,3,1,1,,True,1,Gana Mas,2,2,nr-historical-relations-j1.0.0
2021-06-29|37|42|90,2021-06-29,2021,37,Gana Mas,1,162564,42,90,Loteria Nacional,1,108625,5|10|42,5|10|42,3,7|9|22|29|35|42|44|53|63|70|90,6,11,1,2,53,False,,,,0,nr-historical-relations-j1.0.0
2021-06-29|28|53|90,2021-06-29,2021,28,Quiniela Loteka,1,676,53,90,Loteria Nacional,1,108625,21|26|53,21|26|53,3,7|9|22|29|35|42|44|53|63|70|90,8,11,1,2,42,False,,,,0,nr-historical-relations-j1.0.0
2021-06-30|47|68|76,2021-06-30,2021,47,New York 2:30,1,46923,68,76,Loteria Nacional,1,108624,4|36|68|79|84,4|36|68|79|84,3,27|68|76|92,2,3,1,2,91,True,5,Quiniela Loteka,1,2,nr-historical-relations-j1.0.0
2021-06-30|44|91|11,2021-06-30,2021,44,Quiniela Leidsa,1,116119,91,11,New York 10:30,1,49386,22|59|70|75|91,22|59|70|75|91,5,11|57|69|91,4,1,1,2,68,True,4,Quiniela Leidsa,2,1,nr-historical-relations-j1.0.0
2021-07-01|49|35|44,2021-07-01,2021,49,Quiniela Loteka,1,674,35,44,Quiniela Real,1,35419,35|40|83,35|40|83,1,7|9|22|29|35|42|44|53|63|70|90,5,7,1,1,,False,,,,0,nr-historical-relations-j1.0.0
2021-07-02|28|53|7,2021-07-02,2021,28,Quiniela Loteka,1,673,53,7,Gana Mas,1,162561,21|26|53,21|26|53,3,7|9|22|29|35|42|44|53|63|70|90,8,1,3,1,,False,,,,0,nr-historical-relations-j1.0.0
2021-07-02|28|53|70,2021-07-02,2021,28,Quiniela Loteka,1,673,53,70,New York 2:30,1,46921,21|26|53,21|26|53,3,7|9|22|29|35|42|44|53|63|70|90,8,10,3,1,,False,,,,0,nr-historical-relations-j1.0.0
2021-07-02|28|53|90,2021-07-02,2021,28,Quiniela Loteka,1,673,53,90,Quiniela Real,1,35418,21|26|53,21|26|53,3,7|9|22|29|35|42|44|53|63|70|90,8,11,3,1,,False,,,,0,nr-historical-relations-j1.0.0
2021-07-03|39|9|22,2021-07-03,2021,39,New York 10:30,1,49383,9,22,Quiniela Loteka,1,672,9|14|30|41|46|62|78|94,9|14|30|41|46|62|78|94,1,7|9|22|29|35|42|44|53|63|70|90,2,3,1,3,42|46,True,3,Gana Mas,1,1,nr-historical-relations-j1.0.0
2021-07-03|37|42|22,2021-07-03,2021,37,New York 2:30,1,46920,42,22,Quiniela Loteka,1,672,5|10|42,5|10|42,3,7|9|22|29|35|42|44|53|63|70|90,6,3,1,3,9|46,True,4,New York 10:30,1,2,nr-historical-relations-j1.0.0
2021-07-03|39|46|19,2021-07-03,2021,39,New York 10:30,1,49383,46,19,Gana Mas,1,162560,9|14|30|41|46|62|78|94,9|14|30|41|46|62|78|94,5,19|46|86,2,1,1,3,9|42,True,2,Loteria Nacional,2,2,nr-historical-relations-j1.0.0
2021-07-07|42|7|90,2021-07-07,2021,42,New York 10:30,1,49379,7,90,Quiniela Real,1,35413,7|18|23|50|55|66|71,7|18|23|50|55|66|71,1,7|9|22|29|35|42|44|53|63|70|90,1,11,1,4,29|68|71,True,2,Gana Mas,2,3,nr-historical-relations-j1.0.0
2021-07-07|41|29|42,2021-07-07,2021,41,Quiniela Leidsa,1,116112,29,42,New York 10:30,1,49379,13|29|93,13|29|93,2,7|9|22|29|35|42|44|53|63|70|90,4,6,2,4,7|68|71,True,5,New York 10:30,1,1,nr-historical-relations-j1.0.0
2021-07-07|41|29|90,2021-07-07,2021,41,Quiniela Leidsa,1,116112,29,90,Quiniela Real,1,35413,13|29|93,13|29|93,2,7|9|22|29|35|42|44|53|63|70|90,4,11,2,4,7|68|71,True,5,New York 10:30,1,1,nr-historical-relations-j1.0.0
2021-07-07|47|68|92,2021-07-07,2021,47,Loteria Nacional,1,108617,68,92,Gana Mas,1,162557,4|36|68|79|84,4|36|68|79|84,3,27|68|76|92,2,4,1,4,7|29|71,False,,,,0,nr-historical-relations-j1.0.0
2021-07-07|42|71|41,2021-07-07,2021,42,New York 10:30,1,49379,71,41,Quiniela Leidsa,1,116112,7|18|23|50|55|66|71,7|18|23|50|55|66|71,7,12|41|56|71|89,4,2,2,4,7|29|68,True,2,Quiniela Leidsa,2,2,nr-historical-relations-j1.0.0
2021-07-07|42|71|56,2021-07-07,2021,42,New York 10:30,1,49379,71,56,New York 2:30,1,46916,7|18|23|50|55|66|71,7|18|23|50|55|66|71,7,12|41|56|71|89,4,3,2,4,7|29|68,True,2,Quiniela Leidsa,2,2,nr-historical-relations-j1.0.0
2021-07-08|39|9|63,2021-07-08,2021,39,Quiniela Real,1,35412,9,63,Quiniela Loteka,1,667,9|14|30|41|46|62|78|94,9|14|30|41|46|62|78|94,1,7|9|22|29|35|42|44|53|63|70|90,2,9,1,1,,False,,,,0,nr-historical-relations-j1.0.0
2021-07-12|38|63|29,2021-07-12,2021,38,Gana Mas,1,162552,63,29,New York 10:30,1,49374,20|31|47|52|63|100,20|31|47|52|63|100,5,7|9|22|29|35|42|44|53|63|70|90,9,4,2,2,90,False,,,,0,nr-historical-relations-j1.0.0
2021-07-12|38|63|53,2021-07-12,2021,38,Gana Mas,1,162552,63,53,Quiniela Loteka,1,663,20|31|47|52|63|100,20|31|47|52|63|100,5,7|9|22|29|35|42|44|53|63|70|90,9,8,2,2,90,False,,,,0,nr-historical-relations-j1.0.0
2021-07-12|46|90|29,2021-07-12,2021,46,New York 2:30,1,46911,90,29,New York 10:30,1,49374,37|58|74|90,37|58|74|90,4,7|9|22|29|35|42|44|53|63|70|90,11,4,2,2,63,True,6,Quiniela Loteka,1,1,nr-historical-relations-j1.0.0
2021-07-12|46|90|53,2021-07-12,2021,46,New York 2:30,1,46911,90,53,Quiniela Loteka,1,663,37|58|74|90,37|58|74|90,4,7|9|22|29|35|42|44|53|63|70|90,11,8,2,2,63,True,6,Quiniela Loteka,1,1,nr-historical-relations-j1.0.0
2021-07-13|42|7|53,2021-07-13,2021,42,Quiniela Real,1,35407,7,53,New York 10:30,1,49373,7|18|23|50|55|66|71,7|18|23|50|55|66|71,1,7|9|22|29|35|42|44|53|63|70|90,1,8,2,1,,True,5,New York 2:30,2,1,nr-historical-relations-j1.0.0
2021-07-13|42|7|70,2021-07-13,2021,42,Quiniela Real,1,35407,7,70,Quiniela Leidsa,1,116106,7|18|23|50|55|66|71,7|18|23|50|55|66|71,1,7|9|22|29|35|42|44|53|63|70|90,1,10,2,1,,True,5,New York 2:30,2,1,nr-historical-relations-j1.0.0
2021-07-14|41|29|70,2021-07-14,2021,41,Loteria Nacional,1,108610,29,70,Quiniela Loteka,1,661,13|29|93,13|29|93,2,7|9|22|29|35|42|44|53|63|70|90,4,10,1,1,,True,3,New York 2:30,1,1,nr-historical-relations-j1.0.0
2021-07-16|42|23|73,2021-07-16,2021,42,New York 10:30,1,49370,23,73,Quiniela Leidsa,1,116103,7|18|23|50|55|66|71,7|18|23|50|55|66|71,3,23|28|73|77|87,1,3,1,1,,False,,,,0,nr-historical-relations-j1.0.0
2021-07-17|42|7|29,2021-07-17,2021,42,Quiniela Loteka,1,658,7,29,New York 2:30,1,46906,7|18|23|50|55|66|71,7|18|23|50|55|66|71,1,7|9|22|29|35|42|44|53|63|70|90,1,4,1,2,50,True,1,New York 2:30,2,2,nr-historical-relations-j1.0.0
2021-07-17|42|50|5,2021-07-17,2021,42,Quiniela Loteka,1,658,50,5,Gana Mas,1,162547,7|18|23|50|55|66|71,7|18|23|50|55|66|71,4,5|50,2,1,1,2,7,True,6,Loteria Nacional,2,1,nr-historical-relations-j1.0.0
2021-07-18|45|69|11,2021-07-18,2021,45,New York 2:30,1,46905,69,11,Loteria Nacional,1,108606,69|80,69|80,1,11|57|69|91,3,1,1,1,,True,2,New York 2:30,2,3,nr-historical-relations-j1.0.0
2021-07-19|43|92|76,2021-07-19,2021,43,New York 10:30,1,49367,92,76,Quiniela Real,1,35401,12|28|44|60|81|92,12|28|44|60|81|92,6,27|68|76|92,4,3,1,1,,True,6,Gana Mas,3,1,nr-historical-relations-j1.0.0
2021-07-20|38|52|85,2021-07-20,2021,38,Quiniela Loteka,1,655,52,85,Gana Mas,2,162544,20|31|47|52|63|100,20|31|47|52|63|100,4,52|81|85,1,3,1,1,,False,,,,0,nr-historical-relations-j1.0.0
2021-07-22|46|58|94,2021-07-22,2021,46,New York 2:30,1,46901,58,94,Quiniela Real,2,35398,37|58|74|90,37|58|74|90,2,58|84|94,1,3,1,1,,False,,,,0,nr-historical-relations-j1.0.0
2021-07-27|46|90|63,2021-07-27,2021,46,Quiniela Leidsa,2,116092,90,63,New York 10:30,1,49359,37|58|74|90,37|58|74|90,4,7|9|22|29|35|42|44|53|63|70|90,11,9,1,1,,True,7,New York 10:30,1,1,nr-historical-relations-j1.0.0
2021-07-30|49|35|9,2021-07-30,2021,49,New York 2:30,1,46893,35,9,Quiniela Loteka,1,645,35|40|83,35|40|83,1,7|9|22|29|35|42|44|53|63|70|90,5,2,1,2,90,True,3,Gana Mas,3,3,nr-historical-relations-j1.0.0
2021-07-30|46|90|9,2021-07-30,2021,46,Loteria Nacional,1,108594,90,9,Quiniela Loteka,1,645,37|58|74|90,37|58|74|90,4,7|9|22|29|35|42|44|53|63|70|90,11,2,1,2,35,True,4,New York 10:30,1,1,nr-historical-relations-j1.0.0
2021-08-03|46|90|29,2021-08-03,2021,46,Quiniela Loteka,1,641,90,29,Gana Mas,1,162530,37|58|74|90,37|58|74|90,4,7|9|22|29|35|42|44|53|63|70|90,11,4,2,1,,True,4,Loteria Nacional,3,2,nr-historical-relations-j1.0.0
2021-08-03|46|90|53,2021-08-03,2021,46,Quiniela Loteka,1,641,90,53,New York 2:30,1,46889,37|58|74|90,37|58|74|90,4,7|9|22|29|35|42|44|53|63|70|90,11,8,2,1,,True,4,Loteria Nacional,3,2,nr-historical-relations-j1.0.0
2021-08-04|49|35|7,2021-08-04,2021,49,Quiniela Loteka,1,640,35,7,Gana Mas,1,162529,35|40|83,35|40|83,1,7|9|22|29|35|42|44|53|63|70|90,5,1,1,1,,True,2,Gana Mas,3,1,nr-historical-relations-j1.0.0
2021-08-08|34|76|92,2021-08-08,2021,34,New York 2:30,1,46884,76,92,Loteria Nacional,1,108585,1|17|33|49|76,1|17|33|49|76,5,27|68|76|92,3,4,1,1,,True,7,Quiniela Real,3,1,nr-historical-relations-j1.0.0
2021-08-09|47|84|58,2021-08-09,2021,47,Quiniela Loteka,1,635,84,58,Loteria Nacional,1,108584,4|36|68|79|84,4|36|68|79|84,5,58|84|94,2,1,1,1,,False,,,,0,nr-historical-relations-j1.0.0
2021-08-10|42|7|70,2021-08-10,2021,42,Gana Mas,1,162523,7,70,New York 10:30,1,49345,7|18|23|50|55|66|71,7|18|23|50|55|66|71,1,7|9|22|29|35|42|44|53|63|70|90,1,10,1,5,23|29|53|71,True,1,New York 10:30,1,1,nr-historical-relations-j1.0.0
2021-08-10|42|23|28,2021-08-10,2021,42,Gana Mas,1,162523,23,28,Quiniela Loteka,1,634,7|18|23|50|55|66|71,7|18|23|50|55|66|71,3,23|28|73|77|87,1,2,1,5,7|29|53|71,True,6,New York 10:30,2,2,nr-historical-relations-j1.0.0
2021-08-10|41|29|42,2021-08-10,2021,41,Quiniela Leidsa,1,116078,29,42,Gana Mas,1,162523,13|29|93,13|29|93,2,7|9|22|29|35|42|44|53|63|70|90,4,6,2,5,7|23|53|71,False,,,,0,nr-historical-relations-j1.0.0
2021-08-10|41|29|70,2021-08-10,2021,41,Quiniela Leidsa,1,116078,29,70,New York 10:30,1,49345,13|29|93,13|29|93,2,7|9|22|29|35|42|44|53|63|70|90,4,10,2,5,7|23|53|71,False,,,,0,nr-historical-relations-j1.0.0
2021-08-10|28|53|42,2021-08-10,2021,28,Quiniela Loteka,1,634,53,42,Gana Mas,1,162523,21|26|53,21|26|53,3,7|9|22|29|35|42|44|53|63|70|90,8,6,2,5,7|23|29|71,True,6,Quiniela Leidsa,2,1,nr-historical-relations-j1.0.0
2021-08-10|28|53|70,2021-08-10,2021,28,Quiniela Loteka,1,634,53,70,New York 10:30,1,49345,21|26|53,21|26|53,3,7|9|22|29|35|42|44|53|63|70|90,8,10,2,5,7|23|29|71,True,6,Quiniela Leidsa,2,1,nr-historical-relations-j1.0.0
2021-08-10|42|71|41,2021-08-10,2021,42,Gana Mas,1,162523,71,41,Quiniela Leidsa,1,116078,7|18|23|50|55|66|71,7|18|23|50|55|66|71,7,12|41|56|71|89,4,2,1,5,7|23|29|53,True,1,New York 2:30,3,1,nr-historical-relations-j1.0.0
2021-08-11|49|35|7,2021-08-11,2021,49,Gana Mas,1,162522,35,7,New York 10:30,1,49344,35|40|83,35|40|83,1,7|9|22|29|35|42|44|53|63|70|90,5,1,1,1,,True,5,New York 2:30,2,2,nr-historical-relations-j1.0.0
2021-08-13|36|32|45,2021-08-13,2021,36,Quiniela Leidsa,1,116075,32,45,Quiniela Real,1,35376,32|48|64|85,32|48|64|85,1,32|45,1,2,1,2,44,True,1,New York 10:30,1,2,nr-historical-relations-j1.0.0
2021-08-13|43|44|22,2021-08-13,2021,43,Gana Mas,1,162520,44,22,Loteria Nacional,1,108580,12|28|44|60|81|92,12|28|44|60|81|92,3,7|9|22|29|35|42|44|53|63|70|90,7,3,2,2,32,False,,,,0,nr-historical-relations-j1.0.0
2021-08-13|43|44|70,2021-08-13,2021,43,Gana Mas,1,162520,44,70,New York 10:30,1,49342,12|28|44|60|81|92,12|28|44|60|81|92,3,7|9|22|29|35|42|44|53|63|70|90,7,10,2,2,32,False,,,,0,nr-historical-relations-j1.0.0
2021-08-16|34|76|92,2021-08-16,2021,34,New York 2:30,1,46876,76,92,New York 10:30,1,49339,1|17|33|49|76,1|17|33|49|76,5,27|68|76|92,3,4,1,1,,True,4,Quiniela Loteka,1,1,nr-historical-relations-j1.0.0
2021-08-17|39|9|42,2021-08-17,2021,39,Loteria Nacional,1,108577,9,42,Gana Mas,1,162517,9|14|30|41|46|62|78|94,9|14|30|41|46|62|78|94,1,7|9|22|29|35|42|44|53|63|70|90,2,6,1,1,,True,4,Gana Mas,3,2,nr-historical-relations-j1.0.0
2021-08-22|41|29|53,2021-08-22,2021,41,Gana Mas,1,162512,29,53,New York 2:30,1,46870,13|29|93,13|29|93,2,7|9|22|29|35|42|44|53|63|70|90,4,8,1,1,,True,4,Gana Mas,3,2,nr-historical-relations-j1.0.0
2021-08-23|48|89|41,2021-08-23,2021,48,New York 2:30,1,46869,89,41,Quiniela Loteka,1,621,73|89,73|89,2,12|41|56|71|89,5,2,1,2,93,True,1,Quiniela Leidsa,2,2,nr-historical-relations-j1.0.0
2021-08-23|41|93|48,2021-08-23,2021,41,Quiniela Loteka,1,621,93,48,New York 2:30,1,46869,13|29|93,13|29|93,3,48|93|97,2,1,1,2,89,True,3,Quiniela Real,3,1,nr-historical-relations-j1.0.0
2021-08-24|39|46|19,2021-08-24,2021,39,Gana Mas,1,162510,46,19,New York 2:30,1,46868,9|14|30|41|46|62|78|94,9|14|30|41|46|62|78|94,5,19|46|86,2,1,1,1,,False,,,,0,nr-historical-relations-j1.0.0
2021-08-26|40|8|80,2021-08-26,2021,40,Quiniela Leidsa,1,116058,8,80,Quiniela Loteka,1,618,8|19|51|56|67|72,8|19|51|56|67|72,1,8|80,1,2,1,3,42|72,True,2,Quiniela Loteka,3,1,nr-historical-relations-j1.0.0
2021-08-26|37|42|7,2021-08-26,2021,37,Quiniela Real,1,35363,42,7,Loteria Nacional,1,108568,5|10|42,5|10|42,3,7|9|22|29|35|42|44|53|63|70|90,6,1,1,3,8|72,False,,,,0,nr-historical-relations-j1.0.0
2021-08-26|40|72|59,2021-08-26,2021,40,Quiniela Leidsa,1,116058,72,59,New York 10:30,1,49329,8|19|51|56|67|72,8|19|51|56|67|72,6,26|34|59|72,4,3,1,3,8|42,True,1,Quiniela Leidsa,3,4,nr-historical-relations-j1.0.0
2021-08-27|48|89|71,2021-08-27,2021,48,Quiniela Leidsa,1,116061,89,71,Gana Mas,1,162507,73|89,73|89,2,12|41|56|71|89,5,4,1,1,,True,1,Quiniela Real,2,2,nr-historical-relations-j1.0.0
2021-08-28|28|26|72,2021-08-28,2021,28,Quiniela Leidsa,1,116060,26,72,New York 10:30,1,49327,21|26|53,21|26|53,2,26|34|59|72,1,4,1,2,73,True,5,Quiniela Real,3,1,nr-historical-relations-j1.0.0
2021-08-28|48|73|28,2021-08-28,2021,48,New York 2:30,1,46864,73,28,Quiniela Leidsa,1,116060,73|89,73|89,1,23|28|73|77|87,3,2,1,2,26,True,7,Loteria Nacional,1,2,nr-historical-relations-j1.0.0
2021-08-29|47|79|88,2021-08-29,2021,47,New York 10:30,1,49326,79,88,Quiniela Loteka,1,615,4|36|68|79|84,4|36|68|79|84,4,67|79|88,2,3,1,1,,True,2,Quiniela Loteka,3,2,nr-historical-relations-j1.0.0
2021-08-30|51|34|59,2021-08-30,2021,51,Quiniela Loteka,1,614,34,59,New York 2:30,1,46862,34|98,34|98,1,26|34|59|72,2,3,1,1,,True,2,Loteria Nacional,1,3,nr-historical-relations-j1.0.0
2021-08-31|39|9|70,2021-08-31,2021,39,New York 2:30,1,46861,9,70,Quiniela Loteka,1,613,9|14|30|41|46|62|78|94,9|14|30|41|46|62|78|94,1,7|9|22|29|35|42|44|53|63|70|90,2,10,2,2,30,True,1,New York 2:30,3,4,nr-historical-relations-j1.0.0
2021-08-31|39|9|90,2021-08-31,2021,39,New York 2:30,1,46861,9,90,Quiniela Real,1,35358,9|14|30|41|46|62|78|94,9|14|30|41|46|62|78|94,1,7|9|22|29|35|42|44|53|63|70|90,2,11,2,2,30,True,1,New York 2:30,3,4,nr-historical-relations-j1.0.0
2021-08-31|39|30|3,2021-08-31,2021,39,New York 2:30,1,46861,30,3,Quiniela Leidsa,1,116057,9|14|30|41|46|62|78|94,9|14|30|41|46|62|78|94,3,3|30|83,2,1,1,2,9,True,7,Loteria Nacional,3,1,nr-historical-relations-j1.0.0
2021-09-06|44|22|9,2021-09-06,2021,44,Quiniela Real,1,35352,22,9,Loteria Nacional,1,108557,22|59|70|75|91,22|59|70|75|91,1,7|9|22|29|35|42|44|53|63|70|90,3,2,1,4,35|59|70,False,,,,0,nr-historical-relations-j1.0.0
2021-09-06|49|35|9,2021-09-06,2021,49,New York 2:30,1,46855,35,9,Loteria Nacional,1,108557,35|40|83,35|40|83,1,7|9|22|29|35|42|44|53|63|70|90,5,2,2,4,22|59|70,True,1,Gana Mas,1,1,nr-historical-relations-j1.0.0
2021-09-06|49|35|44,2021-09-06,2021,49,New York 2:30,1,46855,35,44,Quiniela Real,1,35352,35|40|83,35|40|83,1,7|9|22|29|35|42|44|53|63|70|90,5,7,2,4,22|59|70,True,1,Gana Mas,1,1,nr-historical-relations-j1.0.0
2021-09-06|44|59|72,2021-09-06,2021,44,Quiniela Real,1,35352,59,72,Quiniela Leidsa,1,116051,22|59|70|75|91,22|59|70|75|91,2,26|34|59|72,3,4,1,4,22|35|70,True,2,Quiniela Leidsa,2,2,nr-historical-relations-j1.0.0
2021-09-06|44|70|9,2021-09-06,2021,44,Quiniela Real,1,35352,70,9,Loteria Nacional,1,108557,22|59|70|75|91,22|59|70|75|91,3,7|9|22|29|35|42|44|53|63|70|90,10,2,1,4,22|35|59,True,1,New York 2:30,3,3,nr-historical-relations-j1.0.0
2021-09-08|43|44|70,2021-09-08,2021,43,Quiniela Real,1,35350,44,70,Loteria Nacional,1,108555,12|28|44|60|81|92,12|28|44|60|81|92,3,7|9|22|29|35|42|44|53|63|70|90,7,10,1,2,92,False,,,,0,nr-historical-relations-j1.0.0
2021-09-08|43|92|68,2021-09-08,2021,43,Quiniela Real,1,35350,92,68,New York 10:30,1,49316,12|28|44|60|81|92,12|28|44|60|81|92,6,27|68|76|92,4,2,1,2,44,False,,,,0,nr-historical-relations-j1.0.0
2021-09-12|42|7|53,2021-09-12,2021,42,Quiniela Loteka,1,601,7,53,Loteria Nacional,1,108551,7|18|23|50|55|66|71,7|18|23|50|55|66|71,1,7|9|22|29|35|42|44|53|63|70|90,1,8,1,3,23|73,True,6,New York 2:30,2,2,nr-historical-relations-j1.0.0
2021-09-12|42|23|87,2021-09-12,2021,42,Quiniela Loteka,1,601,23,87,Gana Mas,1,162491,7|18|23|50|55|66|71,7|18|23|50|55|66|71,3,23|28|73|77|87,1,5,1,3,7|73,True,6,Loteria Nacional,3,1,nr-historical-relations-j1.0.0
2021-09-12|48|73|87,2021-09-12,2021,48,New York 10:30,1,49312,73,87,Gana Mas,1,162491,73|89,73|89,1,23|28|73|77|87,3,5,1,3,7|23,False,,,,0,nr-historical-relations-j1.0.0
2021-09-15|41|29|42,2021-09-15,2021,41,Quiniela Loteka,1,598,29,42,New York 10:30,1,49309,13|29|93,13|29|93,2,7|9|22|29|35|42|44|53|63|70|90,4,6,1,2,71,True,1,Quiniela Loteka,1,1,nr-historical-relations-j1.0.0
2021-09-15|42|71|41,2021-09-15,2021,42,New York 10:30,1,49309,71,41,Quiniela Loteka,1,598,7|18|23|50|55|66|71,7|18|23|50|55|66|71,7,12|41|56|71|89,4,2,1,2,29,True,2,New York 2:30,3,2,nr-historical-relations-j1.0.0
2021-09-18|38|63|22,2021-09-18,2021,38,Gana Mas,1,162486,63,22,New York 2:30,1,46843,20|31|47|52|63|100,20|31|47|52|63|100,5,7|9|22|29|35|42|44|53|63|70|90,9,3,1,3,97|100,True,4,Gana Mas,3,1,nr-historical-relations-j1.0.0
2021-09-18|52|97|93,2021-09-18,2021,52,Quiniela Loteka,1,595,97,93,Quiniela Real,1,35340,65|97,65|97,2,48|93|97,3,2,1,3,63|100,False,,,,0,nr-historical-relations-j1.0.0
2021-09-18|38|100|1,2021-09-18,2021,38,Gana Mas,1,162486,100,1,Quiniela Leidsa,1,116039,20|31|47|52|63|100,20|31|47|52|63|100,6,1|10|100,3,1,1,3,63|97,False,,,,0,nr-historical-relations-j1.0.0
2021-09-19|41|13|17,2021-09-19,2021,41,Quiniela Leidsa,1,116038,13,17,Gana Mas,1,162485,13|29|93,13|29|93,1,13|17,1,2,1,2,29,False,,,,0,nr-historical-relations-j1.0.0
2021-09-19|41|29|70,2021-09-19,2021,41,Quiniela Leidsa,1,116038,29,70,Quiniela Real,1,35339,13|29|93,13|29|93,2,7|9|22|29|35|42|44|53|63|70|90,4,10,1,2,13,True,6,New York 2:30,1,2,nr-historical-relations-j1.0.0
2021-09-21|26|27|76,2021-09-21,2021,26,New York 2:30,1,46840,27,76,Quiniela Leidsa,1,116036,27|38,27|38,1,27|68|76|92,1,3,1,1,,True,2,Loteria Nacional,2,3,nr-historical-relations-j1.0.0
2021-09-23|28|53|9,2021-09-23,2021,28,Quiniela Loteka,1,590,53,9,Quiniela Real,1,35335,21|26|53,21|26|53,3,7|9|22|29|35|42|44|53|63|70|90,8,2,1,2,84,True,5,Gana Mas,2,1,nr-historical-relations-j1.0.0
2021-09-23|47|84|58,2021-09-23,2021,47,New York 10:30,1,49301,84,58,Gana Mas,1,162481,4|36|68|79|84,4|36|68|79|84,5,58|84|94,2,1,1,2,53,True,3,New York 10:30,2,1,nr-historical-relations-j1.0.0
2021-09-25|46|90|29,2021-09-25,2021,46,Quiniela Real,1,35333,90,29,New York 2:30,1,46836,37|58|74|90,37|58|74|90,4,7|9|22|29|35|42|44|53|63|70|90,11,4,1,1,,False,,,,0,nr-historical-relations-j1.0.0
2021-09-26|49|35|22,2021-09-26,2021,49,Loteria Nacional,1,108538,35,22,Quiniela Loteka,1,587,35|40|83,35|40|83,1,7|9|22|29|35|42|44|53|63|70|90,5,3,1,1,,False,,,,0,nr-historical-relations-j1.0.0
2021-09-28|40|8|80,2021-09-28,2021,40,Quiniela Loteka,1,585,8,80,Loteria Nacional,1,108536,8|19|51|56|67|72,8|19|51|56|67|72,1,8|80,1,2,1,2,67,True,1,New York 10:30,1,1,nr-historical-relations-j1.0.0
2021-09-28|40|67|79,2021-09-28,2021,40,Quiniela Loteka,1,585,67,79,New York 10:30,1,49296,8|19|51|56|67|72,8|19|51|56|67|72,5,67|79|88,1,2,2,2,8,True,1,Loteria Nacional,2,1,nr-historical-relations-j1.0.0
2021-09-28|40|67|88,2021-09-28,2021,40,Quiniela Loteka,1,585,67,88,New York 2:30,2,46833,8|19|51|56|67|72,8|19|51|56|67|72,5,67|79|88,1,3,2,2,8,True,1,Loteria Nacional,2,1,nr-historical-relations-j1.0.0
2021-09-29|41|29|9,2021-09-29,2021,41,Loteria Nacional,1,108535,29,9,New York 2:30,1,46832,13|29|93,13|29|93,2,7|9|22|29|35|42|44|53|63|70|90,4,2,1,1,,False,,,,0,nr-historical-relations-j1.0.0
2021-09-30|40|56|12,2021-09-30,2021,40,Gana Mas,1,162475,56,12,New York 2:30,1,46831,8|19|51|56|67|72,8|19|51|56|67|72,4,12|41|56|71|89,3,1,1,1,,True,1,Quiniela Loteka,3,2,nr-historical-relations-j1.0.0
2021-10-01|43|28|23,2021-10-01,2021,43,New York 10:30,1,49293,28,23,New York 2:30,1,46830,12|28|44|60|81|92,12|28|44|60|81|92,2,23|28|73|77|87,2,1,1,2,44,True,3,Quiniela Real,3,3,nr-historical-relations-j1.0.0
2021-10-01|43|44|53,2021-10-01,2021,43,New York 10:30,1,49293,44,53,Gana Mas,1,162474,12|28|44|60|81|92,12|28|44|60|81|92,3,7|9|22|29|35|42|44|53|63|70|90,7,8,1,2,28,True,5,Loteria Nacional,2,1,nr-historical-relations-j1.0.0
2021-10-02|41|29|22,2021-10-02,2021,41,Quiniela Real,1,35326,29,22,New York 10:30,1,49292,13|29|93,13|29|93,2,7|9|22|29|35|42|44|53|63|70|90,4,3,1,3,35|63,True,5,New York 2:30,1,1,nr-historical-relations-j1.0.0
2021-10-02|49|35|22,2021-10-02,2021,49,Quiniela Loteka,1,581,35,22,New York 10:30,1,49292,35|40|83,35|40|83,1,7|9|22|29|35|42|44|53|63|70|90,5,3,1,3,29|63,True,2,Quiniela Real,1,1,nr-historical-relations-j1.0.0
2021-10-02|38|63|22,2021-10-02,2021,38,Loteria Nacional,1,108532,63,22,New York 10:30,1,49292,20|31|47|52|63|100,20|31|47|52|63|100,5,7|9|22|29|35|42|44|53|63|70|90,9,3,1,3,29|35,True,2,Gana Mas,2,4,nr-historical-relations-j1.0.0
2021-10-03|52|97|93,2021-10-03,2021,52,Quiniela Real,1,35325,97,93,New York 10:30,1,49291,65|97,65|97,2,48|93|97,3,2,1,1,,True,3,Quiniela Loteka,2,1,nr-historical-relations-j1.0.0
2021-10-04|39|9|35,2021-10-04,2021,39,New York 2:30,1,46827,9,35,Quiniela Real,1,35324,9|14|30|41|46|62|78|94,9|14|30|41|46|62|78|94,1,7|9|22|29|35|42|44|53|63|70|90,2,5,2,2,11,True,2,New York 10:30,3,2,nr-historical-relations-j1.0.0
2021-10-04|39|9|70,2021-10-04,2021,39,New York 2:30,1,46827,9,70,New York 10:30,1,49290,9|14|30|41|46|62|78|94,9|14|30|41|46|62|78|94,1,7|9|22|29|35|42|44|53|63|70|90,2,10,2,2,11,True,2,New York 10:30,3,2,nr-historical-relations-j1.0.0
2021-10-04|35|11|69,2021-10-04,2021,35,Quiniela Real,1,35324,11,69,Quiniela Leidsa,1,116023,6|11|43|54|86,6|11|43|54|86,2,11|57|69|91,1,3,1,2,9,True,7,Quiniela Loteka,3,1,nr-historical-relations-j1.0.0
2021-10-10|52|65|82,2021-10-10,2021,52,Quiniela Loteka,1,573,65,82,Loteria Nacional,1,108524,65|97,65|97,1,37|65|82,2,3,1,1,,False,,,,0,nr-historical-relations-j1.0.0
2021-10-13|38|63|70,2021-10-13,2021,38,Quiniela Leidsa,1,116014,63,70,Quiniela Real,1,35315,20|31|47|52|63|100,20|31|47|52|63|100,5,7|9|22|29|35|42|44|53|63|70|90,9,10,1,1,,True,2,Loteria Nacional,3,2,nr-historical-relations-j1.0.0
2021-10-14|35|6|60,2021-10-14,2021,35,Quiniela Real,1,35314,6,60,New York 10:30,1,49280,6|11|43|54|86,6|11|43|54|86,1,6|60,1,2,1,1,,False,,,,0,nr-historical-relations-j1.0.0
2021-10-15|39|94|84,2021-10-15,2021,39,New York 2:30,1,46816,94,84,Quiniela Loteka,1,568,9|14|30|41|46|62|78|94,9|14|30|41|46|62|78|94,8,58|84|94,3,2,1,1,,True,4,Gana Mas,2,1,nr-historical-relations-j1.0.0
2021-10-16|28|26|34,2021-10-16,2021,28,New York 10:30,1,49278,26,34,Gana Mas,1,162460,21|26|53,21|26|53,2,26|34|59|72,1,2,1,4,53|69|77,True,1,Quiniela Loteka,1,4,nr-historical-relations-j1.0.0
2021-10-16|28|53|29,2021-10-16,2021,28,New York 10:30,1,49278,53,29,Quiniela Real,1,35312,21|26|53,21|26|53,3,7|9|22|29|35|42|44|53|63|70|90,8,4,1,4,26|69|77,True,6,Quiniela Leidsa,1,1,nr-historical-relations-j1.0.0
2021-10-16|45|69|91,2021-10-16,2021,45,New York 2:30,1,46815,69,91,Loteria Nacional,1,108518,69|80,69|80,1,11|57|69|91,3,4,1,4,26|53|77,True,4,Quiniela Leidsa,2,1,nr-historical-relations-j1.0.0
2021-10-16|32|77|28,2021-10-16,2021,32,Quiniela Loteka,1,567,77,28,New York 10:30,1,49278,77,77,1,23|28|73|77|87,4,2,1,4,26|53|69,True,6,Gana Mas,2,1,nr-historical-relations-j1.0.0
2021-10-17|28|21|51,2021-10-17,2021,28,Gana Mas,1,162459,21,51,New York 2:30,1,46814,21|26|53,21|26|53,1,21|51,1,2,1,3,34|37,True,2,Quiniela Real,2,2,nr-historical-relations-j1.0.0
2021-10-17|51|34|26,2021-10-17,2021,51,New York 2:30,1,46814,34,26,Quiniela Loteka,1,566,34|98,34|98,1,26|34|59|72,2,1,1,3,21|37,True,5,Gana Mas,3,1,nr-historical-relations-j1.0.0
2021-10-17|46|37|82,2021-10-17,2021,46,Quiniela Leidsa,1,116010,37,82,New York 10:30,1,49277,37|58|74|90,37|58|74|90,1,37|65|82,1,3,1,3,21|34,False,,,,0,nr-historical-relations-j1.0.0
2021-10-18|43|12|56,2021-10-18,2021,43,Quiniela Loteka,1,565,12,56,Quiniela Real,1,35310,12|28|44|60|81|92,12|28|44|60|81|92,1,12|41|56|71|89,1,3,1,4,30|41|94,True,3,New York 2:30,3,2,nr-historical-relations-j1.0.0
2021-10-18|39|30|3,2021-10-18,2021,39,Loteria Nacional,1,108516,30,3,Gana Mas,1,162458,9|14|30|41|46|62|78|94,9|14|30|41|46|62|78|94,3,3|30|83,2,1,1,4,12|41|94,False,,,,0,nr-historical-relations-j1.0.0
2021-10-18|39|41|56,2021-10-18,2021,39,Loteria Nacional,1,108516,41,56,Quiniela Real,1,35310,9|14|30|41|46|62|78|94,9|14|30|41|46|62|78|94,4,12|41|56|71|89,2,3,1,4,12|30|94,True,3,Quiniela Real,3,2,nr-historical-relations-j1.0.0
2021-10-18|39|94|84,2021-10-18,2021,39,Loteria Nacional,1,108516,94,84,Quiniela Leidsa,1,116009,9|14|30|41|46|62|78|94,9|14|30|41|46|62|78|94,8,58|84|94,3,2,1,4,12|30|41,True,1,Gana Mas,2,2,nr-historical-relations-j1.0.0
2021-10-20|40|67|88,2021-10-20,2021,40,Quiniela Loteka,1,563,67,88,Quiniela Leidsa,1,116007,8|19|51|56|67|72,8|19|51|56|67|72,5,67|79|88,1,3,1,1,,True,5,Loteria Nacional,2,1,nr-historical-relations-j1.0.0
2021-10-21|47|68|27,2021-10-21,2021,47,Quiniela Leidsa,1,116006,68,27,Loteria Nacional,1,108513,4|36|68|79|84,4|36|68|79|84,3,27|68|76|92,2,1,2,1,,True,2,Quiniela Loteka,2,3,nr-historical-relations-j1.0.0
2021-10-21|47|68|92,2021-10-21,2021,47,Quiniela Leidsa,1,116006,68,92,New York 10:30,1,49273,4|36|68|79|84,4|36|68|79|84,3,27|68|76|92,2,4,2,1,,True,2,Quiniela Loteka,2,3,nr-historical-relations-j1.0.0
2021-10-25|42|71|56,2021-10-25,2021,42,Quiniela Real,1,35303,71,56,New York 10:30,1,49269,7|18|23|50|55|66|71,7|18|23|50|55|66|71,7,12|41|56|71|89,4,3,1,1,,True,1,New York 10:30,2,4,nr-historical-relations-j1.0.0
2021-10-28|40|51|21,2021-10-28,2021,40,New York 10:30,1,49266,51,21,Loteria Nacional,1,108506,8|19|51|56|67|72,8|19|51|56|67|72,3,21|51,2,1,1,2,87,True,5,New York 2:30,3,3,nr-historical-relations-j1.0.0
2021-10-28|33|87|23,2021-10-28,2021,33,Quiniela Loteka,1,555,87,23,Quiniela Leidsa,1,115999,2|39|82|87,2|39|82|87,4,23|28|73|77|87,5,1,2,2,51,True,2,Quiniela Real,2,2,nr-historical-relations-j1.0.0
2021-10-28|33|87|73,2021-10-28,2021,33,Quiniela Loteka,1,555,87,73,Quiniela Real,1,35300,2|39|82|87,2|39|82|87,4,23|28|73|77|87,5,3,2,2,51,True,2,Quiniela Real,2,2,nr-historical-relations-j1.0.0
2021-10-29|43|12|71,2021-10-29,2021,43,New York 2:30,1,46802,12,71,Quiniela Loteka,1,554,12|28|44|60|81|92,12|28|44|60|81|92,1,12|41|56|71|89,1,4,2,2,91,False,,,,0,nr-historical-relations-j1.0.0
2021-10-29|43|12|89,2021-10-29,2021,43,New York 2:30,1,46802,12,89,Loteria Nacional,1,108505,12|28|44|60|81|92,12|28|44|60|81|92,1,12|41|56|71|89,1,5,2,2,91,False,,,,0,nr-historical-relations-j1.0.0
2021-10-29|44|91|69,2021-10-29,2021,44,New York 10:30,1,49265,91,69,Quiniela Real,1,35299,22|59|70|75|91,22|59|70|75|91,5,11|57|69|91,4,3,1,2,12,True,1,Quiniela Leidsa,2,3,nr-historical-relations-j1.0.0
2021-10-31|43|44|29,2021-10-31,2021,43,Quiniela Loteka,1,552,44,29,New York 2:30,1,46800,12|28|44|60|81|92,12|28|44|60|81|92,3,7|9|22|29|35|42|44|53|63|70|90,7,4,2,1,,True,1,Gana Mas,3,1,nr-historical-relations-j1.0.0
2021-10-31|43|44|90,2021-10-31,2021,43,Quiniela Loteka,1,552,44,90,Loteria Nacional,1,108503,12|28|44|60|81|92,12|28|44|60|81|92,3,7|9|22|29|35|42|44|53|63|70|90,7,11,2,1,,True,1,Gana Mas,3,1,nr-historical-relations-j1.0.0
2021-11-01|39|14|54,2021-11-01,2021,39,Quiniela Real,1,35296,14,54,Quiniela Leidsa,1,115995,9|14|30|41|46|62|78|94,9|14|30|41|46|62|78|94,2,14|54,1,2,1,3,30|41,True,3,Gana Mas,2,4,nr-historical-relations-j1.0.0
2021-11-01|39|30|3,2021-11-01,2021,39,Quiniela Real,1,35296,30,3,Loteria Nacional,1,108502,9|14|30|41|46|62|78|94,9|14|30|41|46|62|78|94,3,3|30|83,2,1,1,3,14|41,True,3,Quiniela Real,1,1,nr-historical-relations-j1.0.0
2021-11-01|39|41|56,2021-11-01,2021,39,Quiniela Real,1,35296,41,56,Quiniela Loteka,1,551,9|14|30|41|46|62|78|94,9|14|30|41|46|62|78|94,4,12|41|56|71|89,2,3,1,3,14|30,True,4,Quiniela Leidsa,2,2,nr-historical-relations-j1.0.0
2021-11-04|30|57|11,2021-11-04,2021,30,Quiniela Real,1,35293,57,11,New York 2:30,1,46796,25|57,25|57,2,11|57|69|91,2,1,1,1,,True,4,Quiniela Loteka,1,1,nr-historical-relations-j1.0.0
2021-11-05|36|32|45,2021-11-05,2021,36,Quiniela Real,1,35292,32,45,New York 2:30,1,46795,32|48|64|85,32|48|64|85,1,32|45,1,2,1,1,,True,1,Loteria Nacional,1,5,nr-historical-relations-j1.0.0
2021-11-08|48|73|28,2021-11-08,2021,48,Quiniela Real,1,35289,73,28,Loteria Nacional,1,108495,73|89,73|89,1,23|28|73|77|87,3,2,1,1,,True,1,New York 10:30,3,2,nr-historical-relations-j1.0.0
2021-11-09|37|42|44,2021-11-09,2021,37,Loteria Nacional,1,108494,42,44,Gana Mas,1,162437,5|10|42,5|10|42,3,7|9|22|29|35|42|44|53|63|70|90,6,7,1,1,,True,3,New York 2:30,1,3,nr-historical-relations-j1.0.0
2021-11-11|44|22|29,2021-11-11,2021,44,Gana Mas,3,162435,22,29,Loteria Nacional,1,108492,22|59|70|75|91,22|59|70|75|91,1,7|9|22|29|35|42|44|53|63|70|90,3,4,1,2,70,True,3,Quiniela Real,2,2,nr-historical-relations-j1.0.0
2021-11-11|44|70|22,2021-11-11,2021,44,Gana Mas,3,162435,70,22,New York 10:30,1,49252,22|59|70|75|91,22|59|70|75|91,3,7|9|22|29|35|42|44|53|63|70|90,10,3,2,2,22,False,,,,0,nr-historical-relations-j1.0.0
2021-11-11|44|70|29,2021-11-11,2021,44,Gana Mas,3,162435,70,29,Loteria Nacional,1,108492,22|59|70|75|91,22|59|70|75|91,3,7|9|22|29|35|42|44|53|63|70|90,10,4,2,2,22,False,,,,0,nr-historical-relations-j1.0.0
2021-11-13|39|9|90,2021-11-13,2021,39,New York 10:30,1,49250,9,90,Loteria Nacional,1,108490,9|14|30|41|46|62|78|94,9|14|30|41|46|62|78|94,1,7|9|22|29|35|42|44|53|63|70|90,2,11,1,2,42,False,,,,0,nr-historical-relations-j1.0.0
2021-11-13|37|42|90,2021-11-13,2021,37,Quiniela Loteka,1,539,42,90,Loteria Nacional,1,108490,5|10|42,5|10|42,3,7|9|22|29|35|42|44|53|63|70|90,6,11,1,2,9,True,2,Quiniela Leidsa,3,3,nr-historical-relations-j1.0.0
2021-11-14|34|1|10,2021-11-14,2021,34,Quiniela Loteka,1,538,1,10,New York 2:30,1,46786,1|17|33|49|76,1|17|33|49|76,1,1|10|100,1,2,1,1,,True,3,Quiniela Real,1,3,nr-historical-relations-j1.0.0
2021-11-18|28|53|63,2021-11-18,2021,28,Quiniela Leidsa,1,115979,53,63,Quiniela Loteka,1,534,21|26|53,21|26|53,3,7|9|22|29|35|42|44|53|63|70|90,8,9,1,1,,False,,,,0,nr-historical-relations-j1.0.0
2021-11-21|35|54|14,2021-11-21,2021,35,Quiniela Real,1,35276,54,14,Loteria Nacional,1,108482,6|11|43|54|86,6|11|43|54|86,4,14|54,2,1,1,1,,True,1,Quiniela Leidsa,3,3,nr-historical-relations-j1.0.0
2021-11-24|43|28|87,2021-11-24,2021,43,Gana Mas,1,162424,28,87,New York 2:30,1,46776,12|28|44|60|81|92,12|28|44|60|81|92,2,23|28|73|77|87,2,5,1,1,,False,,,,0,nr-historical-relations-j1.0.0
2021-11-25|41|29|9,2021-11-25,2021,41,Gana Mas,1,162423,29,9,New York 10:30,1,49238,13|29|93,13|29|93,2,7|9|22|29|35|42|44|53|63|70|90,4,2,2,1,,True,6,Quiniela Real,2,1,nr-historical-relations-j1.0.0
2021-11-25|41|29|90,2021-11-25,2021,41,Gana Mas,1,162423,29,90,Loteria Nacional,1,108478,13|29|93,13|29|93,2,7|9|22|29|35|42|44|53|63|70|90,4,11,2,1,,True,6,Quiniela Real,2,1,nr-historical-relations-j1.0.0
2021-11-26|43|81|85,2021-11-26,2021,43,Quiniela Leidsa,1,115971,81,85,New York 10:30,1,49237,12|28|44|60|81|92,12|28|44|60|81|92,5,52|81|85,2,3,1,1,,True,3,Gana Mas,1,1,nr-historical-relations-j1.0.0
2021-11-27|37|42|22,2021-11-27,2021,37,Quiniela Real,1,35270,42,22,New York 10:30,1,49236,5|10|42,5|10|42,3,7|9|22|29|35|42|44|53|63|70|90,6,3,1,3,44|72,True,2,New York 2:30,2,2,nr-historical-relations-j1.0.0
2021-11-27|43|44|22,2021-11-27,2021,43,Loteria Nacional,1,108476,44,22,New York 10:30,1,49236,12|28|44|60|81|92,12|28|44|60|81|92,3,7|9|22|29|35|42|44|53|63|70|90,7,3,1,3,42|72,False,,,,0,nr-historical-relations-j1.0.0
2021-11-27|40|72|34,2021-11-27,2021,40,Gana Mas,1,162421,72,34,Quiniela Loteka,1,525,8|19|51|56|67|72,8|19|51|56|67|72,6,26|34|59|72,4,2,1,3,42|44,True,1,New York 2:30,2,3,nr-historical-relations-j1.0.0
2021-12-01|39|41|56,2021-12-01,2021,39,New York 10:30,1,49232,41,56,Gana Mas,1,162417,9|14|30|41|46|62|78|94,9|14|30|41|46|62|78|94,4,12|41|56|71|89,2,3,1,1,,True,2,New York 2:30,2,1,nr-historical-relations-j1.0.0
2021-12-02|36|32|45,2021-12-02,2021,36,Quiniela Loteka,1,520,32,45,Quiniela Real,1,35265,32|48|64|85,32|48|64|85,1,32|45,1,2,1,1,,True,3,Loteria Nacional,2,3,nr-historical-relations-j1.0.0
2021-12-04|39|30|83,2021-12-04,2021,39,New York 2:30,1,46766,30,83,Quiniela Leidsa,1,115963,9|14|30|41|46|62|78|94,9|14|30|41|46|62|78|94,3,3|30|83,2,3,1,1,,True,6,New York 10:30,1,1,nr-historical-relations-j1.0.0
2021-12-06|39|9|7,2021-12-06,2021,39,Quiniela Loteka,1,516,9,7,Quiniela Leidsa,1,115961,9|14|30|41|46|62|78|94,9|14|30|41|46|62|78|94,1,7|9|22|29|35|42|44|53|63|70|90,2,1,1,2,41,True,1,Quiniela Leidsa,2,2,nr-historical-relations-j1.0.0
2021-12-06|39|41|89,2021-12-06,2021,39,Quiniela Loteka,1,516,41,89,Loteria Nacional,1,108467,9|14|30|41|46|62|78|94,9|14|30|41|46|62|78|94,4,12|41|56|71|89,2,5,1,2,9,False,,,,0,nr-historical-relations-j1.0.0
2021-12-07|43|28|23,2021-12-07,2021,43,Loteria Nacional,1,108466,28,23,Quiniela Real,1,35260,12|28|44|60|81|92,12|28|44|60|81|92,2,23|28|73|77|87,2,1,1,1,,False,,,,0,nr-historical-relations-j1.0.0
2021-12-08|39|30|83,2021-12-08,2021,39,Quiniela Loteka,1,514,30,83,New York 2:30,1,46762,9|14|30|41|46|62|78|94,9|14|30|41|46|62|78|94,3,3|30|83,2,3,1,2,41,True,2,New York 10:30,1,1,nr-historical-relations-j1.0.0
2021-12-08|39|41|12,2021-12-08,2021,39,Quiniela Loteka,1,514,41,12,Quiniela Leidsa,1,115959,9|14|30|41|46|62|78|94,9|14|30|41|46|62|78|94,4,12|41|56|71|89,2,1,1,2,30,False,,,,0,nr-historical-relations-j1.0.0
2021-12-09|38|63|7,2021-12-09,2021,38,Quiniela Real,1,35258,63,7,Gana Mas,1,162410,20|31|47|52|63|100,20|31|47|52|63|100,5,7|9|22|29|35|42|44|53|63|70|90,9,1,1,1,,True,5,Quiniela Real,3,1,nr-historical-relations-j1.0.0
2021-12-13|37|42|90,2021-12-13,2021,37,New York 10:30,1,49220,42,90,Quiniela Loteka,1,509,5|10|42,5|10|42,3,7|9|22|29|35|42|44|53|63|70|90,6,11,1,2,72,False,,,,0,nr-historical-relations-j1.0.0
2021-12-13|40|72|26,2021-12-13,2021,40,Loteria Nacional,1,108460,72,26,Quiniela Leidsa,1,115954,8|19|51|56|67|72,8|19|51|56|67|72,6,26|34|59|72,4,1,1,2,42,True,7,Loteria Nacional,2,1,nr-historical-relations-j1.0.0
2021-12-16|49|35|70,2021-12-16,2021,49,Quiniela Loteka,1,506,35,70,Loteria Nacional,1,108457,35|40|83,35|40|83,1,7|9|22|29|35|42|44|53|63|70|90,5,10,1,1,,True,5,New York 10:30,1,2,nr-historical-relations-j1.0.0
2021-12-17|49|35|29,2021-12-17,2021,49,New York 10:30,1,49216,35,29,Quiniela Leidsa,1,115950,35|40|83,35|40|83,1,7|9|22|29|35|42|44|53|63|70|90,5,4,1,1,,True,4,New York 10:30,1,2,nr-historical-relations-j1.0.0
2021-12-21|42|7|35,2021-12-21,2021,42,Quiniela Leidsa,1,115946,7,35,New York 10:30,1,49212,7|18|23|50|55|66|71,7|18|23|50|55|66|71,1,7|9|22|29|35|42|44|53|63|70|90,1,5,1,2,44,False,,,,0,nr-historical-relations-j1.0.0
2021-12-21|43|44|35,2021-12-21,2021,43,Loteria Nacional,1,108452,44,35,New York 10:30,1,49212,12|28|44|60|81|92,12|28|44|60|81|92,3,7|9|22|29|35|42|44|53|63|70|90,7,5,2,2,7,True,5,Quiniela Real,3,1,nr-historical-relations-j1.0.0
2021-12-21|43|44|42,2021-12-21,2021,43,Loteria Nacional,1,108452,44,42,Quiniela Leidsa,1,115946,12|28|44|60|81|92,12|28|44|60|81|92,3,7|9|22|29|35|42|44|53|63|70|90,7,6,2,2,7,True,5,Quiniela Real,3,1,nr-historical-relations-j1.0.0
2021-12-22|37|42|9,2021-12-22,2021,37,Quiniela Real,1,35245,42,9,New York 10:30,1,49211,5|10|42,5|10|42,3,7|9|22|29|35|42|44|53|63|70|90,6,2,1,1,,False,,,,0,nr-historical-relations-j1.0.0
2021-12-23|40|67|79,2021-12-23,2021,40,New York 2:30,1,46747,67,79,Gana Mas,1,162397,8|19|51|56|67|72,8|19|51|56|67|72,5,67|79|88,1,2,1,2,77,True,3,Gana Mas,3,2,nr-historical-relations-j1.0.0
2021-12-23|32|77|87,2021-12-23,2021,32,Quiniela Real,1,35244,77,87,Quiniela Leidsa,1,115944,77,77,1,23|28|73|77|87,4,5,1,2,67,True,5,New York 10:30,1,5,nr-historical-relations-j1.0.0
2021-12-27|37|10|1,2021-12-27,2021,37,Gana Mas,1,162395,10,1,Quiniela Loteka,1,496,5|10|42,5|10|42,2,1|10|100,2,1,1,1,,False,,,,0,nr-historical-relations-j1.0.0
2021-12-31|28|26|72,2021-12-31,2021,28,Quiniela Real,1,35236,26,72,Quiniela Loteka,1,492,21|26|53,21|26|53,2,26|34|59|72,1,4,1,1,,True,6,Loteria Nacional,3,1,nr-historical-relations-j1.0.0
2022-01-02|42|7|29,2022-01-02,2022,42,Loteria Nacional,1,108444,7,29,New York 10:30,1,49200,7|18|23|50|55|66|71,7|18|23|50|55|66|71,1,7|9|22|29|35|42|44|53|63|70|90,1,4,1,1,,False,,,,0,nr-historical-relations-j1.0.0
2022-01-06|34|1|10,2022-01-06,2022,34,Quiniela Real,1,35230,1,10,Quiniela Loteka,1,487,1|17|33|49|76,1|17|33|49|76,1,1|10|100,1,2,1,2,76,True,2,Quiniela Loteka,1,1,nr-historical-relations-j1.0.0
2022-01-06|34|76|92,2022-01-06,2022,34,Quiniela Real,1,35230,76,92,Quiniela Leidsa,1,115934,1|17|33|49|76,1|17|33|49|76,5,27|68|76|92,3,4,1,2,1,False,,,,0,nr-historical-relations-j1.0.0
2022-01-08|42|7|9,2022-01-08,2022,42,Quiniela Leidsa,1,115932,7,9,Gana Mas,1,162385,7|18|23|50|55|66|71,7|18|23|50|55|66|71,1,7|9|22|29|35|42|44|53|63|70|90,1,2,1,3,23|71,True,3,New York 2:30,2,1,nr-historical-relations-j1.0.0
2022-01-08|42|23|77,2022-01-08,2022,42,Quiniela Leidsa,1,115932,23,77,Quiniela Real,1,35228,7|18|23|50|55|66|71,7|18|23|50|55|66|71,3,23|28|73|77|87,1,4,1,3,7|71,True,3,Quiniela Loteka,3,3,nr-historical-relations-j1.0.0
2022-01-08|42|71|56,2022-01-08,2022,42,Quiniela Leidsa,1,115932,71,56,New York 10:30,1,49194,7|18|23|50|55|66|71,7|18|23|50|55|66|71,7,12|41|56|71|89,4,3,1,3,7|23,True,3,Quiniela Real,3,2,nr-historical-relations-j1.0.0
2022-01-12|42|7|29,2022-01-12,2022,42,Quiniela Real,1,35224,7,29,Gana Mas,1,162382,7|18|23|50|55|66|71,7|18|23|50|55|66|71,1,7|9|22|29|35|42|44|53|63|70|90,1,4,2,1,,True,6,New York 10:30,1,1,nr-historical-relations-j1.0.0
2022-01-12|42|7|53,2022-01-12,2022,42,Quiniela Real,1,35224,7,53,New York 2:30,1,46727,7|18|23|50|55|66|71,7|18|23|50|55|66|71,1,7|9|22|29|35|42|44|53|63|70|90,1,8,2,1,,True,6,New York 10:30,1,1,nr-historical-relations-j1.0.0
2022-01-13|51|34|26,2022-01-13,2022,51,New York 2:30,1,46726,34,26,Quiniela Real,1,35223,34|98,34|98,1,26|34|59|72,2,1,1,1,,True,1,Quiniela Real,3,2,nr-historical-relations-j1.0.0
2022-01-20|49|35|9,2022-01-20,2022,49,Loteria Nacional,1,108426,35,9,New York 10:30,1,49182,35|40|83,35|40|83,1,7|9|22|29|35|42|44|53|63|70|90,5,2,2,1,,True,1,Quiniela Real,1,1,nr-historical-relations-j1.0.0
2022-01-20|49|35|22,2022-01-20,2022,49,Loteria Nacional,1,108426,35,22,Quiniela Leidsa,1,115920,35|40|83,35|40|83,1,7|9|22|29|35|42|44|53|63|70|90,5,3,2,1,,True,1,Quiniela Real,1,1,nr-historical-relations-j1.0.0
2022-01-21|37|42|35,2022-01-21,2022,37,Quiniela Loteka,1,472,42,35,Quiniela Real,1,35215,5|10|42,5|10|42,3,7|9|22|29|35|42|44|53|63|70|90,6,5,1,3,44|54,True,1,Quiniela Leidsa,1,2,nr-historical-relations-j1.0.0
2022-01-21|43|44|35,2022-01-21,2022,43,New York 10:30,1,49181,44,35,Quiniela Real,1,35215,12|28|44|60|81|92,12|28|44|60|81|92,3,7|9|22|29|35|42|44|53|63|70|90,7,5,1,3,42|54,True,1,Gana Mas,2,4,nr-historical-relations-j1.0.0
2022-01-21|35|54|14,2022-01-21,2022,35,Quiniela Real,1,35215,54,14,New York 2:30,1,46718,6|11|43|54|86,6|11|43|54|86,4,14|54,2,1,1,3,42|44,True,4,Quiniela Loteka,1,1,nr-historical-relations-j1.0.0
2022-01-22|42|23|73,2022-01-22,2022,42,Quiniela Leidsa,1,115918,23,73,Gana Mas,1,162373,7|18|23|50|55|66|71,7|18|23|50|55|66|71,3,23|28|73|77|87,1,3,2,1,,True,2,Quiniela Real,1,3,nr-historical-relations-j1.0.0
2022-01-22|42|23|87,2022-01-22,2022,42,Quiniela Leidsa,1,115918,23,87,New York 2:30,1,46717,7|18|23|50|55|66|71,7|18|23|50|55|66|71,3,23|28|73|77|87,1,5,2,1,,True,2,Quiniela Real,1,3,nr-historical-relations-j1.0.0
2022-01-25|44|22|7,2022-01-25,2022,44,Loteria Nacional,1,108422,22,7,Quiniela Leidsa,1,115915,22|59|70|75|91,22|59|70|75|91,1,7|9|22|29|35|42|44|53|63|70|90,3,1,1,2,70,True,5,Gana Mas,2,1,nr-historical-relations-j1.0.0
2022-01-25|44|70|7,2022-01-25,2022,44,Loteria Nacional,1,108422,70,7,Quiniela Leidsa,1,115915,22|59|70|75|91,22|59|70|75|91,3,7|9|22|29|35|42|44|53|63|70|90,10,1,1,2,22,True,4,Quiniela Loteka,2,2,nr-historical-relations-j1.0.0
2022-01-26|33|87|23,2022-01-26,2022,33,Quiniela Real,1,35210,87,23,Quiniela Loteka,1,467,2|39|82|87,2|39|82|87,4,23|28|73|77|87,5,1,1,1,,True,3,Loteria Nacional,3,2,nr-historical-relations-j1.0.0
2022-01-27|39|9|44,2022-01-27,2022,39,New York 10:30,1,49175,9,44,Gana Mas,1,162368,9|14|30|41|46|62|78|94,9|14|30|41|46|62|78|94,1,7|9|22|29|35|42|44|53|63|70|90,2,7,1,2,68,True,7,New York 10:30,2,1,nr-historical-relations-j1.0.0
2022-01-27|47|68|76,2022-01-27,2022,47,Quiniela Loteka,1,466,68,76,Quiniela Leidsa,1,115913,4|36|68|79|84,4|36|68|79|84,3,27|68|76|92,2,3,2,2,9,True,5,New York 10:30,2,1,nr-historical-relations-j1.0.0
2022-01-27|47|68|92,2022-01-27,2022,47,Quiniela Loteka,1,466,68,92,Quiniela Real,1,35209,4|36|68|79|84,4|36|68|79|84,3,27|68|76|92,2,4,2,2,9,True,5,New York 10:30,2,1,nr-historical-relations-j1.0.0
2022-01-29|48|73|23,2022-01-29,2022,48,New York 2:30,1,46710,73,23,New York 10:30,1,49173,73|89,73|89,1,23|28|73|77|87,3,1,1,3,89|93,True,1,New York 2:30,2,1,nr-historical-relations-j1.0.0
2022-01-29|48|89|12,2022-01-29,2022,48,New York 2:30,1,46710,89,12,Quiniela Leidsa,1,115911,73|89,73|89,2,12|41|56|71|89,5,1,2,3,73|93,True,5,New York 10:30,3,2,nr-historical-relations-j1.0.0
2022-01-29|48|89|41,2022-01-29,2022,48,New York 2:30,1,46710,89,41,Quiniela Real,1,35207,73|89,73|89,2,12|41|56|71|89,5,2,2,3,73|93,True,5,New York 10:30,3,2,nr-historical-relations-j1.0.0
2022-01-29|41|93|48,2022-01-29,2022,41,Quiniela Real,1,35207,93,48,New York 2:30,1,46710,13|29|93,13|29|93,3,48|93|97,2,1,1,3,73|89,True,4,Quiniela Leidsa,3,1,nr-historical-relations-j1.0.0
2022-01-31|28|26|59,2022-01-31,2022,28,Quiniela Real,1,35205,26,59,Gana Mas,1,162364,21|26|53,21|26|53,2,26|34|59|72,1,3,1,1,,False,,,,0,nr-historical-relations-j1.0.0
2022-02-02|48|73|23,2022-02-02,2022,48,Gana Mas,1,162362,73,23,Quiniela Loteka,1,460,73|89,73|89,1,23|28|73|77|87,3,1,1,2,89,False,,,,0,nr-historical-relations-j1.0.0
2022-02-02|48|89|71,2022-02-02,2022,48,Gana Mas,1,162362,89,71,New York 10:30,1,49169,73|89,73|89,2,12|41|56|71|89,5,4,1,2,73,True,1,New York 10:30,3,2,nr-historical-relations-j1.0.0
2022-02-05|36|85|81,2022-02-05,2022,36,Quiniela Real,1,35200,85,81,New York 10:30,1,49166,32|48|64|85,32|48|64|85,4,52|81|85,3,2,1,1,,False,,,,0,nr-historical-relations-j1.0.0
2022-02-07|33|82|65,2022-02-07,2022,33,Quiniela Loteka,1,455,82,65,Quiniela Leidsa,1,115902,2|39|82|87,2|39|82|87,3,37|65|82,3,2,1,1,,True,2,New York 2:30,2,2,nr-historical-relations-j1.0.0
2022-02-08|26|27|92,2022-02-08,2022,26,Gana Mas,1,162356,27,92,New York 2:30,1,46700,27|38,27|38,1,27|68|76|92,1,4,1,2,44,True,3,Loteria Nacional,3,2,nr-historical-relations-j1.0.0
2022-02-08|43|44|22,2022-02-08,2022,43,Quiniela Real,1,35197,44,22,Loteria Nacional,1,108408,12|28|44|60|81|92,12|28|44|60|81|92,3,7|9|22|29|35|42|44|53|63|70|90,7,3,2,2,27,True,5,Quiniela Loteka,3,1,nr-historical-relations-j1.0.0
2022-02-08|43|44|53,2022-02-08,2022,43,Quiniela Real,1,35197,44,53,Quiniela Leidsa,1,115901,12|28|44|60|81|92,12|28|44|60|81|92,3,7|9|22|29|35|42|44|53|63|70|90,7,8,2,2,27,True,5,Quiniela Loteka,3,1,nr-historical-relations-j1.0.0
2022-02-15|43|92|27,2022-02-15,2022,43,Quiniela Loteka,1,447,92,27,New York 10:30,1,49156,12|28|44|60|81|92,12|28|44|60|81|92,6,27|68|76|92,4,1,2,1,,True,1,New York 2:30,2,1,nr-historical-relations-j1.0.0
2022-02-15|43|92|68,2022-02-15,2022,43,Quiniela Loteka,1,447,92,68,Gana Mas,1,162349,12|28|44|60|81|92,12|28|44|60|81|92,6,27|68|76|92,4,2,2,1,,True,1,New York 2:30,2,1,nr-historical-relations-j1.0.0
2022-02-16|39|9|22,2022-02-16,2022,39,Quiniela Real,1,35189,9,22,Gana Mas,1,162348,9|14|30|41|46|62|78|94,9|14|30|41|46|62|78|94,1,7|9|22|29|35|42|44|53|63|70|90,2,3,1,2,46,True,3,Quiniela Loteka,1,1,nr-historical-relations-j1.0.0
2022-02-16|39|46|86,2022-02-16,2022,39,Quiniela Real,1,35189,46,86,New York 10:30,1,49155,9|14|30|41|46|62|78|94,9|14|30|41|46|62|78|94,5,19|46|86,2,3,1,2,9,True,7,Quiniela Leidsa,2,1,nr-historical-relations-j1.0.0
2022-02-22|49|40|4,2022-02-22,2022,49,Quiniela Loteka,1,440,40,4,Gana Mas,1,162342,35|40|83,35|40|83,2,4|40,2,1,1,2,48,True,3,Quiniela Real,1,1,nr-historical-relations-j1.0.0
2022-02-22|36|48|93,2022-02-22,2022,36,Quiniela Leidsa,1,115887,48,93,Quiniela Real,1,35183,32|48|64|85,32|48|64|85,2,48|93|97,1,2,1,2,40,True,3,New York 10:30,1,4,nr-historical-relations-j1.0.0
2022-02-24|43|12|89,2022-02-24,2022,43,Quiniela Real,1,35181,12,89,Quiniela Loteka,1,438,12|28|44|60|81|92,12|28|44|60|81|92,1,12|41|56|71|89,1,5,1,3,44|92,False,,,,0,nr-historical-relations-j1.0.0
2022-02-24|43|44|7,2022-02-24,2022,43,Quiniela Real,1,35181,44,7,New York 10:30,1,49147,12|28|44|60|81|92,12|28|44|60|81|92,3,7|9|22|29|35|42|44|53|63|70|90,7,1,2,3,12|92,True,3,Quiniela Real,3,3,nr-historical-relations-j1.0.0
2022-02-24|43|44|70,2022-02-24,2022,43,Quiniela Real,1,35181,44,70,Gana Mas,1,162340,12|28|44|60|81|92,12|28|44|60|81|92,3,7|9|22|29|35|42|44|53|63|70|90,7,10,2,3,12|92,True,3,Quiniela Real,3,3,nr-historical-relations-j1.0.0
2022-02-24|43|92|27,2022-02-24,2022,43,Quiniela Real,1,35181,92,27,New York 2:30,1,46684,12|28|44|60|81|92,12|28|44|60|81|92,6,27|68|76|92,4,1,1,3,12|44,False,,,,0,nr-historical-relations-j1.0.0
2022-02-25|41|13|17,2022-02-25,2022,41,Loteria Nacional,1,108391,13,17,New York 2:30,1,46683,13|29|93,13|29|93,1,13|17,1,2,1,4,56|89|93,True,4,Loteria Nacional,2,2,nr-historical-relations-j1.0.0
2022-02-25|40|56|41,2022-02-25,2022,40,Quiniela Real,1,35180,56,41,Loteria Nacional,1,108391,8|19|51|56|67|72,8|19|51|56|67|72,4,12|41|56|71|89,3,2,1,4,13|89|93,False,,,,0,nr-historical-relations-j1.0.0
2022-02-25|48|89|41,2022-02-25,2022,48,New York 10:30,1,49146,89,41,Loteria Nacional,1,108391,73|89,73|89,2,12|41|56|71|89,5,2,1,4,13|56|93,True,3,Quiniela Loteka,3,1,nr-historical-relations-j1.0.0
2022-02-25|41|93|48,2022-02-25,2022,41,Loteria Nacional,1,108391,93,48,New York 10:30,1,49146,13|29|93,13|29|93,3,48|93|97,2,1,1,4,13|56|89,True,1,Quiniela Leidsa,1,2,nr-historical-relations-j1.0.0
2022-02-26|41|29|22,2022-02-26,2022,41,New York 10:30,1,49145,29,22,Gana Mas,1,162338,13|29|93,13|29|93,2,7|9|22|29|35|42|44|53|63|70|90,4,3,1,1,,True,4,Quiniela Loteka,3,4,nr-historical-relations-j1.0.0
2022-02-28|28|26|72,2022-02-28,2022,28,Quiniela Leidsa,1,115881,26,72,Loteria Nacional,1,108389,21|26|53,21|26|53,2,26|34|59|72,1,4,1,5,53|59|63|70,True,7,Loteria Nacional,2,1,nr-historical-relations-j1.0.0
2022-02-28|28|53|22,2022-02-28,2022,28,Quiniela Leidsa,1,115881,53,22,New York 2:30,1,46680,21|26|53,21|26|53,3,7|9|22|29|35|42|44|53|63|70|90,8,3,2,5,26|59|63|70,True,1,Gana Mas,2,1,nr-historical-relations-j1.0.0
2022-02-28|28|53|44,2022-02-28,2022,28,Quiniela Leidsa,1,115881,53,44,New York 10:30,1,49143,21|26|53,21|26|53,3,7|9|22|29|35|42|44|53|63|70|90,8,7,2,5,26|59|63|70,True,1,Gana Mas,2,1,nr-historical-relations-j1.0.0
2022-02-28|44|59|26,2022-02-28,2022,44,New York 10:30,1,49143,59,26,Gana Mas,2,162337,22|59|70|75|91,22|59|70|75|91,2,26|34|59|72,3,1,2,5,26|53|63|70,False,,,,0,nr-historical-relations-j1.0.0
2022-02-28|44|59|72,2022-02-28,2022,44,New York 10:30,1,49143,59,72,Loteria Nacional,1,108389,22|59|70|75|91,22|59|70|75|91,2,26|34|59|72,3,4,2,5,26|53|63|70,False,,,,0,nr-historical-relations-j1.0.0
2022-02-28|38|63|22,2022-02-28,2022,38,Quiniela Loteka,1,434,63,22,New York 2:30,1,46680,20|31|47|52|63|100,20|31|47|52|63|100,5,7|9|22|29|35|42|44|53|63|70|90,9,3,2,5,26|53|59|70,True,5,Quiniela Leidsa,2,1,nr-historical-relations-j1.0.0
2022-02-28|38|63|44,2022-02-28,2022,38,Quiniela Loteka,1,434,63,44,New York 10:30,1,49143,20|31|47|52|63|100,20|31|47|52|63|100,5,7|9|22|29|35|42|44|53|63|70|90,9,7,2,5,26|53|59|70,True,5,Quiniela Leidsa,2,1,nr-historical-relations-j1.0.0
2022-02-28|44|70|22,2022-02-28,2022,44,New York 10:30,1,49143,70,22,New York 2:30,1,46680,22|59|70|75|91,22|59|70|75|91,3,7|9|22|29|35|42|44|53|63|70|90,10,3,1,5,26|53|59|63,True,1,Quiniela Real,2,3,nr-historical-relations-j1.0.0
2022-03-01|44|70|22,2022-03-01,2022,44,Quiniela Loteka,1,433,70,22,Gana Mas,1,162336,22|59|70|75|91,22|59|70|75|91,3,7|9|22|29|35|42|44|53|63|70|90,10,3,1,2,75,True,2,Quiniela Leidsa,2,2,nr-historical-relations-j1.0.0
2022-03-01|44|75|62,2022-03-01,2022,44,Quiniela Loteka,1,433,75,62,New York 10:30,1,49142,22|59|70|75|91,22|59|70|75|91,4,62|75,2,1,1,2,70,False,,,,0,nr-historical-relations-j1.0.0
2022-03-03|43|44|7,2022-03-03,2022,43,Quiniela Loteka,1,431,44,7,Quiniela Real,1,35174,12|28|44|60|81|92,12|28|44|60|81|92,3,7|9|22|29|35|42|44|53|63|70|90,7,1,1,2,81,True,2,Quiniela Real,1,1,nr-historical-relations-j1.0.0
2022-03-03|43|81|52,2022-03-03,2022,43,Quiniela Loteka,1,431,81,52,Loteria Nacional,1,108386,12|28|44|60|81|92,12|28|44|60|81|92,5,52|81|85,2,1,1,2,44,True,2,New York 2:30,1,3,nr-historical-relations-j1.0.0
2022-03-05|44|22|7,2022-03-05,2022,44,Quiniela Real,1,35172,22,7,Quiniela Leidsa,1,115876,22|59|70|75|91,22|59|70|75|91,1,7|9|22|29|35|42|44|53|63|70|90,3,1,1,4,70|74|90,True,4,New York 2:30,2,2,nr-historical-relations-j1.0.0
2022-03-05|44|70|7,2022-03-05,2022,44,Quiniela Real,1,35172,70,7,Quiniela Leidsa,1,115876,22|59|70|75|91,22|59|70|75|91,3,7|9|22|29|35|42|44|53|63|70|90,10,1,1,4,22|74|90,True,2,Quiniela Loteka,3,2,nr-historical-relations-j1.0.0
2022-03-05|46|74|31,2022-03-05,2022,46,New York 10:30,1,49138,74,31,Loteria Nacional,1,108384,37|58|74|90,37|58|74|90,3,31|74,2,1,1,4,22|70|90,False,,,,0,nr-historical-relations-j1.0.0
2022-03-05|46|90|7,2022-03-05,2022,46,New York 10:30,1,49138,90,7,Quiniela Leidsa,1,115876,37|58|74|90,37|58|74|90,4,7|9|22|29|35|42|44|53|63|70|90,11,1,2,4,22|70|74,True,5,Quiniela Loteka,1,1,nr-historical-relations-j1.0.0
2022-03-05|46|90|44,2022-03-05,2022,46,New York 10:30,1,49138,90,44,Quiniela Real,1,35172,37|58|74|90,37|58|74|90,4,7|9|22|29|35|42|44|53|63|70|90,11,7,2,4,22|70|74,True,5,Quiniela Loteka,1,1,nr-historical-relations-j1.0.0
2022-03-06|35|11|57,2022-03-06,2022,35,Quiniela Loteka,1,428,11,57,New York 10:30,1,49137,6|11|43|54|86,6|11|43|54|86,2,11|57|69|91,1,2,1,2,53,True,4,Quiniela Loteka,2,3,nr-historical-relations-j1.0.0
2022-03-06|28|53|35,2022-03-06,2022,28,Gana Mas,1,162331,53,35,Quiniela Loteka,1,428,21|26|53,21|26|53,3,7|9|22|29|35|42|44|53|63|70|90,8,5,1,2,11,False,,,,0,nr-historical-relations-j1.0.0
2022-03-07|31|3|83,2022-03-07,2022,31,Quiniela Leidsa,1,115874,3,83,New York 10:30,1,49136,3|24|88|99,3|24|88|99,1,3|30|83,1,3,1,1,,True,1,Quiniela Leidsa,1,2,nr-historical-relations-j1.0.0
2022-03-08|38|20|2,2022-03-08,2022,38,Quiniela Loteka,1,426,20,2,New York 2:30,1,46672,20|31|47|52|63|100,20|31|47|52|63|100,1,2|20,2,1,1,1,,False,,,,0,nr-historical-relations-j1.0.0
2022-03-09|36|48|93,2022-03-09,2022,36,Loteria Nacional,1,108380,48,93,New York 2:30,1,46671,32|48|64|85,32|48|64|85,2,48|93|97,1,2,1,1,,False,,,,0,nr-historical-relations-j1.0.0
2022-03-11|44|22|7,2022-03-11,2022,44,Quiniela Leidsa,1,115870,22,7,Quiniela Real,1,35166,22|59|70|75|91,22|59|70|75|91,1,7|9|22|29|35|42|44|53|63|70|90,3,1,1,2,70,True,3,New York 10:30,3,5,nr-historical-relations-j1.0.0
2022-03-11|44|70|7,2022-03-11,2022,44,Quiniela Leidsa,1,115870,70,7,Quiniela Real,1,35166,22|59|70|75|91,22|59|70|75|91,3,7|9|22|29|35|42|44|53|63|70|90,10,1,2,2,22,True,1,Quiniela Loteka,2,1,nr-historical-relations-j1.0.0
2022-03-11|44|70|22,2022-03-11,2022,44,Quiniela Leidsa,1,115870,70,22,New York 2:30,1,46669,22|59|70|75|91,22|59|70|75|91,3,7|9|22|29|35|42|44|53|63|70|90,10,3,2,2,22,True,1,Quiniela Loteka,2,1,nr-historical-relations-j1.0.0
2022-03-12|45|69|91,2022-03-12,2022,45,New York 2:30,1,46668,69,91,Quiniela Loteka,1,422,69|80,69|80,1,11|57|69|91,3,4,1,1,,True,6,Loteria Nacional,1,1,nr-historical-relations-j1.0.0
2022-03-14|39|41|71,2022-03-14,2022,39,New York 2:30,1,46666,41,71,New York 10:30,1,49129,9|14|30|41|46|62|78|94,9|14|30|41|46|62|78|94,4,12|41|56|71|89,2,4,1,2,82,True,3,Quiniela Loteka,2,2,nr-historical-relations-j1.0.0
2022-03-14|33|82|65,2022-03-14,2022,33,Quiniela Real,1,35163,82,65,Loteria Nacional,1,108375,2|39|82|87,2|39|82|87,3,37|65|82,3,2,1,2,41,True,3,Quiniela Leidsa,3,2,nr-historical-relations-j1.0.0
2022-03-16|33|39|78,2022-03-16,2022,33,Gana Mas,1,162322,39,78,New York 2:30,1,46664,2|39|82|87,2|39|82|87,2,39|78,1,2,1,2,56,False,,,,0,nr-historical-relations-j1.0.0
2022-03-16|40|56|89,2022-03-16,2022,40,Quiniela Real,1,35161,56,89,Quiniela Loteka,1,418,8|19|51|56|67|72,8|19|51|56|67|72,4,12|41|56|71|89,3,5,1,2,39,True,5,New York 2:30,1,2,nr-historical-relations-j1.0.0
2022-03-17|42|7|9,2022-03-17,2022,42,New York 2:30,1,46663,7,9,Gana Mas,1,162321,7|18|23|50|55|66|71,7|18|23|50|55|66|71,1,7|9|22|29|35|42|44|53|63|70|90,1,2,1,2,50,True,3,New York 2:30,1,2,nr-historical-relations-j1.0.0
2022-03-17|42|50|5,2022-03-17,2022,42,New York 2:30,1,46663,50,5,New York 10:30,1,49126,7|18|23|50|55|66|71,7|18|23|50|55|66|71,4,5|50,2,1,1,2,7,False,,,,0,nr-historical-relations-j1.0.0
2022-03-22|28|21|51,2022-03-22,2022,28,Gana Mas,1,162316,21,51,Quiniela Leidsa,1,115859,21|26|53,21|26|53,1,21|51,1,2,1,2,96,True,2,Gana Mas,2,3,nr-historical-relations-j1.0.0
2022-03-22|54|96|15,2022-03-22,2022,54,New York 10:30,1,49121,96,15,Loteria Nacional,1,108367,96,96,1,15|96,2,1,1,2,21,False,,,,0,nr-historical-relations-j1.0.0
2022-03-23|42|50|5,2022-03-23,2022,42,Gana Mas,1,162315,50,5,Quiniela Loteka,1,411,7|18|23|50|55|66|71,7|18|23|50|55|66|71,4,5|50,2,1,1,1,,True,6,New York 2:30,1,1,nr-historical-relations-j1.0.0
2022-03-24|48|89|12,2022-03-24,2022,48,Quiniela Loteka,1,410,89,12,Gana Mas,1,162314,73|89,73|89,2,12|41|56|71|89,5,1,1,1,,False,,,,0,nr-historical-relations-j1.0.0
2022-03-25|26|27|76,2022-03-25,2022,26,Loteria Nacional,1,108364,27,76,Quiniela Loteka,1,409,27|38,27|38,1,27|68|76|92,1,3,1,3,68|69,False,,,,0,nr-historical-relations-j1.0.0
2022-03-25|47|68|76,2022-03-25,2022,47,Gana Mas,1,162313,68,76,Quiniela Loteka,1,409,4|36|68|79|84,4|36|68|79|84,3,27|68|76|92,2,3,1,3,27|69,True,3,New York 10:30,2,1,nr-historical-relations-j1.0.0
2022-03-25|45|69|57,2022-03-25,2022,45,Quiniela Real,1,35152,69,57,New York 2:30,1,46655,69|80,69|80,1,11|57|69|91,3,2,1,3,27|68,True,7,Loteria Nacional,3,1,nr-historical-relations-j1.0.0
2022-03-27|38|20|2,2022-03-27,2022,38,New York 10:30,1,49116,20,2,New York 2:30,1,46653,20|31|47|52|63|100,20|31|47|52|63|100,1,2|20,2,1,1,4,29|63|70,False,,,,0,nr-historical-relations-j1.0.0
2022-03-27|41|29|22,2022-03-27,2022,41,Loteria Nacional,1,108362,29,22,Quiniela Loteka,1,407,13|29|93,13|29|93,2,7|9|22|29|35|42|44|53|63|70|90,4,3,2,4,20|63|70,True,5,Quiniela Real,2,1,nr-historical-relations-j1.0.0
2022-03-27|41|29|44,2022-03-27,2022,41,Loteria Nacional,1,108362,29,44,Quiniela Real,1,35150,13|29|93,13|29|93,2,7|9|22|29|35|42|44|53|63|70|90,4,7,2,4,20|63|70,True,5,Quiniela Real,2,1,nr-historical-relations-j1.0.0
2022-03-27|38|63|22,2022-03-27,2022,38,New York 10:30,1,49116,63,22,Quiniela Loteka,1,407,20|31|47|52|63|100,20|31|47|52|63|100,5,7|9|22|29|35|42|44|53|63|70|90,9,3,2,4,20|29|70,False,,,,0,nr-historical-relations-j1.0.0
2022-03-27|38|63|44,2022-03-27,2022,38,New York 10:30,1,49116,63,44,Quiniela Real,1,35150,20|31|47|52|63|100,20|31|47|52|63|100,5,7|9|22|29|35|42|44|53|63|70|90,9,7,2,4,20|29|70,False,,,,0,nr-historical-relations-j1.0.0
2022-03-27|44|70|22,2022-03-27,2022,44,Quiniela Real,1,35150,70,22,Quiniela Loteka,1,407,22|59|70|75|91,22|59|70|75|91,3,7|9|22|29|35|42|44|53|63|70|90,10,3,1,4,20|29|63,False,,,,0,nr-historical-relations-j1.0.0
2022-03-28|43|44|53,2022-03-28,2022,43,Quiniela Real,1,35149,44,53,Gana Mas,1,162310,12|28|44|60|81|92,12|28|44|60|81|92,3,7|9|22|29|35|42|44|53|63|70|90,7,8,1,2,90,True,1,Gana Mas,2,2,nr-historical-relations-j1.0.0
2022-03-28|46|90|53,2022-03-28,2022,46,Loteria Nacional,1,108361,90,53,Gana Mas,1,162310,37|58|74|90,37|58|74|90,4,7|9|22|29|35|42|44|53|63|70|90,11,8,1,2,44,True,1,New York 10:30,3,3,nr-historical-relations-j1.0.0
2022-03-29|45|80|8,2022-03-29,2022,45,New York 10:30,1,49114,80,8,Quiniela Real,1,35148,69|80,69|80,2,8|80,2,1,1,1,,True,1,New York 10:30,1,3,nr-historical-relations-j1.0.0
2022-03-31|44|22|90,2022-03-31,2022,44,Gana Mas,1,162307,22,90,Quiniela Real,1,35146,22|59|70|75|91,22|59|70|75|91,1,7|9|22|29|35|42|44|53|63|70|90,3,11,1,5,29|70|89|93,True,5,Quiniela Real,3,1,nr-historical-relations-j1.0.0
2022-03-31|41|29|44,2022-03-31,2022,41,Loteria Nacional,1,108358,29,44,Gana Mas,1,162307,13|29|93,13|29|93,2,7|9|22|29|35|42|44|53|63|70|90,4,7,2,5,22|70|89|93,True,1,Quiniela Real,2,1,nr-historical-relations-j1.0.0
2022-03-31|41|29|90,2022-03-31,2022,41,Loteria Nacional,1,108358,29,90,Quiniela Real,1,35146,13|29|93,13|29|93,2,7|9|22|29|35|42|44|53|63|70|90,4,11,2,5,22|70|89|93,True,1,Quiniela Real,2,1,nr-historical-relations-j1.0.0
2022-03-31|44|70|90,2022-03-31,2022,44,Gana Mas,1,162307,70,90,Quiniela Real,1,35146,22|59|70|75|91,22|59|70|75|91,3,7|9|22|29|35|42|44|53|63|70|90,10,11,1,5,22|29|89|93,True,4,Gana Mas,2,1,nr-historical-relations-j1.0.0
2022-03-31|48|89|41,2022-03-31,2022,48,Quiniela Loteka,1,403,89,41,Loteria Nacional,1,108358,73|89,73|89,2,12|41|56|71|89,5,2,2,5,22|29|70|93,False,,,,0,nr-historical-relations-j1.0.0
2022-03-31|48|89|56,2022-03-31,2022,48,Quiniela Loteka,1,403,89,56,New York 10:30,1,49112,73|89,73|89,2,12|41|56|71|89,5,3,2,5,22|29|70|93,False,,,,0,nr-historical-relations-j1.0.0
2022-03-31|41|93|48,2022-03-31,2022,41,Loteria Nacional,1,108358,93,48,Quiniela Loteka,1,403,13|29|93,13|29|93,3,48|93|97,2,1,1,5,22|29|70|89,True,3,Gana Mas,2,2,nr-historical-relations-j1.0.0
2022-04-01|46|90|9,2022-04-01,2022,46,Quiniela Real,1,35145,90,9,New York 10:30,1,49111,37|58|74|90,37|58|74|90,4,7|9|22|29|35|42|44|53|63|70|90,11,2,1,1,,True,1,Quiniela Leidsa,3,2,nr-historical-relations-j1.0.0
2022-04-02|40|8|80,2022-04-02,2022,40,Quiniela Leidsa,1,115848,8,80,Gana Mas,1,162305,8|19|51|56|67|72,8|19|51|56|67|72,1,8|80,1,2,1,1,,True,2,Quiniela Loteka,1,2,nr-historical-relations-j1.0.0
2022-04-04|48|89|41,2022-04-04,2022,48,Gana Mas,1,162303,89,41,Quiniela Leidsa,1,115846,73|89,73|89,2,12|41|56|71|89,5,2,1,2,93,True,5,New York 10:30,2,1,nr-historical-relations-j1.0.0
2022-04-04|41|93|48,2022-04-04,2022,41,Quiniela Leidsa,1,115846,93,48,Gana Mas,1,162303,13|29|93,13|29|93,3,48|93|97,2,1,2,2,89,True,7,Gana Mas,2,1,nr-historical-relations-j1.0.0
2022-04-04|41|93|97,2022-04-04,2022,41,Quiniela Leidsa,1,115846,93,97,Quiniela Real,1,35142,13|29|93,13|29|93,3,48|93|97,2,3,2,2,89,True,7,Gana Mas,2,1,nr-historical-relations-j1.0.0
2022-04-06|41|29|7,2022-04-06,2022,41,Gana Mas,1,162301,29,7,Loteria Nacional,1,108352,13|29|93,13|29|93,2,7|9|22|29|35|42|44|53|63|70|90,4,1,1,3,89|93,True,2,Quiniela Leidsa,1,3,nr-historical-relations-j1.0.0
2022-04-06|48|89|41,2022-04-06,2022,48,Quiniela Leidsa,1,115844,89,41,Gana Mas,1,162301,73|89,73|89,2,12|41|56|71|89,5,2,1,3,29|93,True,3,New York 10:30,2,1,nr-historical-relations-j1.0.0
2022-04-06|41|93|48,2022-04-06,2022,41,Gana Mas,1,162301,93,48,Quiniela Leidsa,1,115844,13|29|93,13|29|93,3,48|93|97,2,1,1,3,29|89,True,5,Gana Mas,2,1,nr-historical-relations-j1.0.0
2022-04-07|30|57|11,2022-04-07,2022,30,Quiniela Loteka,1,396,57,11,Quiniela Real,2,35139,25|57,25|57,2,11|57|69|91,2,1,1,1,,False,,,,0,nr-historical-relations-j1.0.0
2022-04-10|37|42|29,2022-04-10,2022,37,Loteria Nacional,1,108348,42,29,Quiniela Real,1,35136,5|10|42,5|10|42,3,7|9|22|29|35|42|44|53|63|70|90,6,4,1,1,,False,,,,0,nr-historical-relations-j1.0.0
2022-04-11|31|88|79,2022-04-11,2022,31,Quiniela Loteka,1,392,88,79,Quiniela Real,1,35135,3|24|88|99,3|24|88|99,3,67|79|88,3,2,1,1,,True,7,Loteria Nacional,3,1,nr-historical-relations-j1.0.0
2022-04-17|44|22|53,2022-04-17,2022,44,Gana Mas,1,162293,22,53,Quiniela Loteka,1,387,22|59|70|75|91,22|59|70|75|91,1,7|9|22|29|35|42|44|53|63|70|90,3,8,1,3,45|70,False,,,,0,nr-historical-relations-j1.0.0
2022-04-17|50|45|32,2022-04-17,2022,50,New York 2:30,1,46632,45,32,Quiniela Leidsa,1,115835,45,45,1,32|45,2,1,1,3,22|70,False,,,,0,nr-historical-relations-j1.0.0
2022-04-17|44|70|53,2022-04-17,2022,44,Gana Mas,1,162293,70,53,Quiniela Loteka,1,387,22|59|70|75|91,22|59|70|75|91,3,7|9|22|29|35|42|44|53|63|70|90,10,8,1,3,22|45,True,4,New York 10:30,2,2,nr-historical-relations-j1.0.0
2022-04-21|42|71|56,2022-04-21,2022,42,Quiniela Leidsa,1,115831,71,56,Loteria Nacional,1,108340,7|18|23|50|55|66|71,7|18|23|50|55|66|71,7,12|41|56|71|89,4,3,1,1,,False,,,,0,nr-historical-relations-j1.0.0
2022-04-22|42|7|29,2022-04-22,2022,42,New York 2:30,1,46627,7,29,Gana Mas,1,162289,7|18|23|50|55|66|71,7|18|23|50|55|66|71,1,7|9|22|29|35|42|44|53|63|70|90,1,4,1,3,50|73,False,,,,0,nr-historical-relations-j1.0.0
2022-04-22|42|50|5,2022-04-22,2022,42,New York 2:30,1,46627,50,5,Loteria Nacional,1,108339,7|18|23|50|55|66|71,7|18|23|50|55|66|71,4,5|50,2,1,1,3,7|73,False,,,,0,nr-historical-relations-j1.0.0
2022-04-22|48|73|23,2022-04-22,2022,48,Quiniela Loteka,1,382,73,23,Quiniela Leidsa,1,115830,73|89,73|89,1,23|28|73|77|87,3,1,1,3,7|50,False,,,,0,nr-historical-relations-j1.0.0
2022-04-23|46|58|84,2022-04-23,2022,46,Quiniela Loteka,1,381,58,84,New York 2:30,1,46626,37|58|74|90,37|58|74|90,2,58|84|94,1,2,1,2,90,True,1,New York 2:30,1,2,nr-historical-relations-j1.0.0
2022-04-23|46|90|70,2022-04-23,2022,46,Quiniela Loteka,1,381,90,70,New York 10:30,1,49089,37|58|74|90,37|58|74|90,4,7|9|22|29|35|42|44|53|63|70|90,11,10,1,2,58,True,1,Quiniela Leidsa,1,4,nr-historical-relations-j1.0.0
2022-04-24|42|7|90,2022-04-24,2022,42,New York 10:30,1,49088,7,90,Quiniela Leidsa,1,115828,7|18|23|50|55|66|71,7|18|23|50|55|66|71,1,7|9|22|29|35|42|44|53|63|70|90,1,11,1,2,84,False,,,,0,nr-historical-relations-j1.0.0
2022-04-24|47|84|58,2022-04-24,2022,47,Loteria Nacional,1,108337,84,58,New York 2:30,1,46625,4|36|68|79|84,4|36|68|79|84,5,58|84|94,2,1,1,2,7,True,4,Quiniela Real,1,2,nr-historical-relations-j1.0.0
2022-04-27|28|21|51,2022-04-27,2022,28,New York 10:30,1,49085,21,51,Quiniela Loteka,1,377,21|26|53,21|26|53,1,21|51,1,2,1,2,34,True,5,Quiniela Real,1,2,nr-historical-relations-j1.0.0
2022-04-27|51|34|26,2022-04-27,2022,51,Quiniela Loteka,1,377,34,26,Quiniela Real,1,35120,34|98,34|98,1,26|34|59|72,2,1,1,2,21,True,6,New York 10:30,1,1,nr-historical-relations-j1.0.0
2022-04-29|42|7|44,2022-04-29,2022,42,New York 2:30,1,46620,7,44,Loteria Nacional,1,108332,7|18|23|50|55|66|71,7|18|23|50|55|66|71,1,7|9|22|29|35|42|44|53|63|70|90,1,7,2,3,22|70,False,,,,0,nr-historical-relations-j1.0.0
2022-04-29|42|7|70,2022-04-29,2022,42,New York 2:30,1,46620,7,70,Quiniela Leidsa,1,115823,7|18|23|50|55|66|71,7|18|23|50|55|66|71,1,7|9|22|29|35|42|44|53|63|70|90,1,10,2,3,22|70,False,,,,0,nr-historical-relations-j1.0.0
2022-04-29|44|22|42,2022-04-29,2022,44,Loteria Nacional,1,108332,22,42,New York 2:30,1,46620,22|59|70|75|91,22|59|70|75|91,1,7|9|22|29|35|42|44|53|63|70|90,3,6,2,3,7|70,True,1,Quiniela Leidsa,3,4,nr-historical-relations-j1.0.0
2022-04-29|44|22|70,2022-04-29,2022,44,Loteria Nacional,1,108332,22,70,Quiniela Leidsa,1,115823,22|59|70|75|91,22|59|70|75|91,1,7|9|22|29|35|42|44|53|63|70|90,3,10,2,3,7|70,True,1,Quiniela Leidsa,3,4,nr-historical-relations-j1.0.0
2022-04-29|44|70|42,2022-04-29,2022,44,Loteria Nacional,1,108332,70,42,New York 2:30,1,46620,22|59|70|75|91,22|59|70|75|91,3,7|9|22|29|35|42|44|53|63|70|90,10,6,1,3,7|22,True,4,New York 2:30,2,2,nr-historical-relations-j1.0.0
2022-04-30|38|52|81,2022-04-30,2022,38,New York 10:30,1,49082,52,81,Quiniela Leidsa,1,115822,20|31|47|52|63|100,20|31|47|52|63|100,4,52|81|85,1,2,1,3,63|85,True,3,Quiniela Real,2,1,nr-historical-relations-j1.0.0
2022-04-30|38|63|29,2022-04-30,2022,38,New York 10:30,1,49082,63,29,Gana Mas,1,162281,20|31|47|52|63|100,20|31|47|52|63|100,5,7|9|22|29|35|42|44|53|63|70|90,9,4,1,3,52|85,True,2,Gana Mas,3,1,nr-historical-relations-j1.0.0
2022-04-30|36|85|81,2022-04-30,2022,36,New York 2:30,1,46619,85,81,Quiniela Leidsa,1,115822,32|48|64|85,32|48|64|85,4,52|81|85,3,2,1,3,52|63,True,2,Quiniela Leidsa,2,1,nr-historical-relations-j1.0.0
2022-05-01|46|58|84,2022-05-01,2022,46,Gana Mas,1,162280,58,84,Loteria Nacional,1,108330,37|58|74|90,37|58|74|90,2,58|84|94,1,2,1,1,,True,3,New York 10:30,3,1,nr-historical-relations-j1.0.0
2022-05-04|32|77|28,2022-05-04,2022,32,Gana Mas,1,162277,77,28,New York 2:30,1,46615,77,77,1,23|28|73|77|87,4,2,1,2,83,True,7,New York 2:30,2,1,nr-historical-relations-j1.0.0
2022-05-04|49|83|3,2022-05-04,2022,49,Quiniela Real,1,35113,83,3,Loteria Nacional,1,108327,35|40|83,35|40|83,3,3|30|83,3,1,1,2,77,True,2,Quiniela Leidsa,3,2,nr-historical-relations-j1.0.0
2022-05-05|38|20|2,2022-05-05,2022,38,Quiniela Real,2,35112,20,2,New York 2:30,1,46614,20|31|47|52|63|100,20|31|47|52|63|100,1,2|20,2,1,1,1,,False,,,,0,nr-historical-relations-j1.0.0
2022-05-06|49|35|22,2022-05-06,2022,49,Quiniela Loteka,1,368,35,22,Gana Mas,1,162275,35|40|83,35|40|83,1,7|9|22|29|35|42|44|53|63|70|90,5,3,2,2,44,False,,,,0,nr-historical-relations-j1.0.0
2022-05-06|49|35|29,2022-05-06,2022,49,Quiniela Loteka,1,368,35,29,Quiniela Real,1,35111,35|40|83,35|40|83,1,7|9|22|29|35|42|44|53|63|70|90,5,4,2,2,44,False,,,,0,nr-historical-relations-j1.0.0
2022-05-06|43|44|22,2022-05-06,2022,43,New York 2:30,1,46613,44,22,Gana Mas,1,162275,12|28|44|60|81|92,12|28|44|60|81|92,3,7|9|22|29|35|42|44|53|63|70|90,7,3,2,2,35,True,3,Quiniela Leidsa,3,3,nr-historical-relations-j1.0.0
2022-05-06|43|44|29,2022-05-06,2022,43,New York 2:30,1,46613,44,29,Quiniela Real,1,35111,12|28|44|60|81|92,12|28|44|60|81|92,3,7|9|22|29|35|42|44|53|63|70|90,7,4,2,2,35,True,3,Quiniela Leidsa,3,3,nr-historical-relations-j1.0.0
2022-05-07|39|94|84,2022-05-07,2022,39,Quiniela Leidsa,1,115815,94,84,Gana Mas,1,162274,9|14|30|41|46|62|78|94,9|14|30|41|46|62|78|94,8,58|84|94,3,2,1,1,,False,,,,0,nr-historical-relations-j1.0.0
2022-05-10|47|68|76,2022-05-10,2022,47,Quiniela Real,1,35107,68,76,Gana Mas,1,162271,4|36|68|79|84,4|36|68|79|84,3,27|68|76|92,2,3,2,1,,False,,,,0,nr-historical-relations-j1.0.0
2022-05-10|47|68|92,2022-05-10,2022,47,Quiniela Real,1,35107,68,92,New York 2:30,1,46609,4|36|68|79|84,4|36|68|79|84,3,27|68|76|92,2,4,2,1,,False,,,,0,nr-historical-relations-j1.0.0
2022-05-13|38|63|44,2022-05-13,2022,38,Gana Mas,1,162269,63,44,New York 10:30,1,49069,20|31|47|52|63|100,20|31|47|52|63|100,5,7|9|22|29|35|42|44|53|63|70|90,9,7,1,2,91,True,6,Quiniela Loteka,1,1,nr-historical-relations-j1.0.0
2022-05-13|44|91|69,2022-05-13,2022,44,New York 10:30,1,49069,91,69,Quiniela Loteka,1,361,22|59|70|75|91,22|59|70|75|91,5,11|57|69|91,4,3,1,2,63,True,1,Quiniela Real,2,2,nr-historical-relations-j1.0.0
2022-05-16|43|60|6,2022-05-16,2022,43,Loteria Nacional,1,108315,60,6,New York 2:30,1,46603,12|28|44|60|81|92,12|28|44|60|81|92,4,6|60,2,1,1,1,,True,1,Gana Mas,2,1,nr-historical-relations-j1.0.0
2022-05-18|42|71|89,2022-05-18,2022,42,Quiniela Leidsa,1,115804,71,89,New York 10:30,1,49064,7|18|23|50|55|66|71,7|18|23|50|55|66|71,7,12|41|56|71|89,4,5,1,1,,True,1,New York 10:30,3,3,nr-historical-relations-j1.0.0
2022-05-23|46|90|53,2022-05-23,2022,46,Gana Mas,1,162260,90,53,Quiniela Real,1,35094,37|58|74|90,37|58|74|90,4,7|9|22|29|35|42|44|53|63|70|90,11,8,2,1,,True,3,Loteria Nacional,3,3,nr-historical-relations-j1.0.0
2022-05-23|46|90|63,2022-05-23,2022,46,Gana Mas,1,162260,90,63,Quiniela Leidsa,1,115799,37|58|74|90,37|58|74|90,4,7|9|22|29|35|42|44|53|63|70|90,11,9,2,1,,True,3,Loteria Nacional,3,3,nr-historical-relations-j1.0.0
2022-05-24|42|71|89,2022-05-24,2022,42,Loteria Nacional,1,108307,71,89,Quiniela Loteka,1,350,7|18|23|50|55|66|71,7|18|23|50|55|66|71,7,12|41|56|71|89,4,5,1,1,,True,7,Quiniela Leidsa,2,1,nr-historical-relations-j1.0.0
2022-05-26|34|1|10,2022-05-26,2022,34,Quiniela Leidsa,1,115796,1,10,Quiniela Loteka,1,348,1|17|33|49|76,1|17|33|49|76,1,1|10|100,1,2,1,3,26|53,True,5,Quiniela Real,1,1,nr-historical-relations-j1.0.0
2022-05-26|28|26|34,2022-05-26,2022,28,New York 10:30,1,49056,26,34,Quiniela Leidsa,1,115796,21|26|53,21|26|53,2,26|34|59|72,1,2,1,3,1|53,True,1,New York 2:30,3,4,nr-historical-relations-j1.0.0
2022-05-26|28|53|63,2022-05-26,2022,28,New York 10:30,1,49056,53,63,Loteria Nacional,1,108305,21|26|53,21|26|53,3,7|9|22|29|35|42|44|53|63|70|90,8,9,1,3,1|26,True,7,Quiniela Leidsa,3,1,nr-historical-relations-j1.0.0
2022-05-27|35|6|60,2022-05-27,2022,35,New York 2:30,1,46592,6,60,Gana Mas,1,162256,6|11|43|54|86,6|11|43|54|86,1,6|60,1,2,1,3,86|90,True,1,Quiniela Loteka,1,1,nr-historical-relations-j1.0.0
2022-05-27|35|86|46,2022-05-27,2022,35,New York 2:30,1,46592,86,46,Quiniela Real,1,35090,6|11|43|54|86,6|11|43|54|86,5,19|46|86,3,2,1,3,6|90,True,4,Loteria Nacional,3,1,nr-historical-relations-j1.0.0
2022-05-27|46|90|35,2022-05-27,2022,46,Quiniela Real,1,35090,90,35,New York 2:30,1,46592,37|58|74|90,37|58|74|90,4,7|9|22|29|35|42|44|53|63|70|90,11,5,1,3,6|86,True,2,Quiniela Real,2,3,nr-historical-relations-j1.0.0
2022-05-29|28|53|44,2022-05-29,2022,28,Quiniela Leidsa,1,115793,53,44,Quiniela Loteka,1,345,21|26|53,21|26|53,3,7|9|22|29|35|42|44|53|63|70|90,8,7,1,1,,True,4,Quiniela Leidsa,3,2,nr-historical-relations-j1.0.0
2022-05-31|43|81|85,2022-05-31,2022,43,New York 2:30,1,46588,81,85,Quiniela Leidsa,1,115791,12|28|44|60|81|92,12|28|44|60|81|92,5,52|81|85,2,3,1,1,,True,1,Quiniela Real,3,2,nr-historical-relations-j1.0.0
2022-06-01|43|28|87,2022-06-01,2022,43,Quiniela Leidsa,1,115790,28,87,Quiniela Real,1,35085,12|28|44|60|81|92,12|28|44|60|81|92,2,23|28|73|77|87,2,5,1,3,72|73,True,1,New York 2:30,1,2,nr-historical-relations-j1.0.0
2022-06-01|40|72|34,2022-06-01,2022,40,Quiniela Loteka,1,342,72,34,Loteria Nacional,1,108299,8|19|51|56|67|72,8|19|51|56|67|72,6,26|34|59|72,4,2,1,3,28|73,True,1,Quiniela Leidsa,1,2,nr-historical-relations-j1.0.0
2022-06-01|48|73|87,2022-06-01,2022,48,Gana Mas,1,162251,73,87,Quiniela Real,1,35085,73|89,73|89,1,23|28|73|77|87,3,5,1,3,28|72,True,5,New York 2:30,1,2,nr-historical-relations-j1.0.0
2022-06-02|28|26|72,2022-06-02,2022,28,New York 2:30,1,46586,26,72,Quiniela Leidsa,1,115789,21|26|53,21|26|53,2,26|34|59|72,1,4,1,2,53,False,,,,0,nr-historical-relations-j1.0.0
2022-06-02|28|53|90,2022-06-02,2022,28,New York 2:30,1,46586,53,90,Quiniela Real,1,35084,21|26|53,21|26|53,3,7|9|22|29|35|42|44|53|63|70|90,8,11,1,2,26,True,3,Gana Mas,3,4,nr-historical-relations-j1.0.0
2022-06-04|37|42|63,2022-06-04,2022,37,New York 10:30,1,49047,42,63,Gana Mas,1,162248,5|10|42,5|10|42,3,7|9|22|29|35|42|44|53|63|70|90,6,9,1,1,,True,2,Gana Mas,3,4,nr-historical-relations-j1.0.0
2022-06-05|43|28|87,2022-06-05,2022,43,New York 10:30,1,49046,28,87,Gana Mas,1,162247,12|28|44|60|81|92,12|28|44|60|81|92,2,23|28|73|77|87,2,5,1,3,44|77,True,1,Gana Mas,1,3,nr-historical-relations-j1.0.0
2022-06-05|43|44|22,2022-06-05,2022,43,New York 10:30,1,49046,44,22,Quiniela Leidsa,1,115786,12|28|44|60|81|92,12|28|44|60|81|92,3,7|9|22|29|35|42|44|53|63|70|90,7,3,1,3,28|77,False,,,,0,nr-historical-relations-j1.0.0
2022-06-05|32|77|87,2022-06-05,2022,32,New York 2:30,1,46583,77,87,Gana Mas,1,162247,77,77,1,23|28|73|77|87,4,5,1,3,28|44,False,,,,0,nr-historical-relations-j1.0.0
2022-06-06|28|53|35,2022-06-06,2022,28,Gana Mas,1,162246,53,35,New York 10:30,1,49045,21|26|53,21|26|53,3,7|9|22|29|35|42|44|53|63|70|90,8,5,1,1,,True,1,Gana Mas,1,3,nr-historical-relations-j1.0.0
2022-06-07|49|35|53,2022-06-07,2022,49,New York 10:30,1,49044,35,53,Gana Mas,1,162245,35|40|83,35|40|83,1,7|9|22|29|35|42|44|53|63|70|90,5,8,1,2,42,False,,,,0,nr-historical-relations-j1.0.0
2022-06-07|37|42|53,2022-06-07,2022,37,Loteria Nacional,1,108293,42,53,Gana Mas,1,162245,5|10|42,5|10|42,3,7|9|22|29|35|42|44|53|63|70|90,6,8,1,2,35,True,1,Loteria Nacional,2,1,nr-historical-relations-j1.0.0
2022-06-08|43|44|29,2022-06-08,2022,43,New York 10:30,1,49043,44,29,Quiniela Leidsa,1,115783,12|28|44|60|81|92,12|28|44|60|81|92,3,7|9|22|29|35|42|44|53|63|70|90,7,4,2,1,,False,,,,0,nr-historical-relations-j1.0.0
2022-06-08|43|44|53,2022-06-08,2022,43,New York 10:30,1,49043,44,53,New York 2:30,1,46580,12|28|44|60|81|92,12|28|44|60|81|92,3,7|9|22|29|35|42|44|53|63|70|90,7,8,2,1,,False,,,,0,nr-historical-relations-j1.0.0
2022-06-09|30|57|11,2022-06-09,2022,30,Quiniela Loteka,1,334,57,11,Quiniela Real,1,35077,25|57,25|57,2,11|57|69|91,2,1,2,1,,True,4,Quiniela Leidsa,1,4,nr-historical-relations-j1.0.0
2022-06-09|30|57|91,2022-06-09,2022,30,Quiniela Loteka,1,334,57,91,Quiniela Leidsa,1,115782,25|57,25|57,2,11|57|69|91,2,4,2,1,,True,4,Quiniela Leidsa,1,4,nr-historical-relations-j1.0.0
2022-06-10|47|84|58,2022-06-10,2022,47,Quiniela Leidsa,1,115781,84,58,Quiniela Real,1,35076,4|36|68|79|84,4|36|68|79|84,5,58|84|94,2,1,1,1,,True,6,New York 2:30,3,1,nr-historical-relations-j1.0.0
2022-06-11|26|27|68,2022-06-11,2022,26,Loteria Nacional,1,108289,27,68,Gana Mas,1,162241,27|38,27|38,1,27|68|76|92,1,2,1,1,,True,5,Quiniela Loteka,2,2,nr-historical-relations-j1.0.0
2022-06-12|45|69|91,2022-06-12,2022,45,Quiniela Real,1,35074,69,91,New York 10:30,1,49039,69|80,69|80,1,11|57|69|91,3,4,1,1,,False,,,,0,nr-historical-relations-j1.0.0
2022-06-15|32|77|87,2022-06-15,2022,32,Gana Mas,1,162237,77,87,Quiniela Loteka,1,328,77,77,1,23|28|73|77|87,4,5,1,1,,False,,,,0,nr-historical-relations-j1.0.0
2022-06-16|49|35|22,2022-06-16,2022,49,New York 2:30,1,46572,35,22,New York 10:30,1,49035,35|40|83,35|40|83,1,7|9|22|29|35|42|44|53|63|70|90,5,3,2,4,63|70|91,True,1,Gana Mas,2,2,nr-historical-relations-j1.0.0
2022-06-16|49|35|44,2022-06-16,2022,49,New York 2:30,1,46572,35,44,Quiniela Loteka,1,327,35|40|83,35|40|83,1,7|9|22|29|35|42|44|53|63|70|90,5,7,2,4,63|70|91,True,1,Gana Mas,2,2,nr-historical-relations-j1.0.0
2022-06-16|38|63|22,2022-06-16,2022,38,Loteria Nacional,1,108284,63,22,New York 10:30,1,49035,20|31|47|52|63|100,20|31|47|52|63|100,5,7|9|22|29|35|42|44|53|63|70|90,9,3,2,4,35|70|91,False,,,,0,nr-historical-relations-j1.0.0
2022-06-16|38|63|44,2022-06-16,2022,38,Loteria Nacional,1,108284,63,44,Quiniela Loteka,1,327,20|31|47|52|63|100,20|31|47|52|63|100,5,7|9|22|29|35|42|44|53|63|70|90,9,7,2,4,35|70|91,False,,,,0,nr-historical-relations-j1.0.0
2022-06-16|44|70|22,2022-06-16,2022,44,Quiniela Loteka,1,327,70,22,New York 10:30,1,49035,22|59|70|75|91,22|59|70|75|91,3,7|9|22|29|35|42|44|53|63|70|90,10,3,1,4,35|63|91,True,1,New York 10:30,1,3,nr-historical-relations-j1.0.0
2022-06-16|44|91|57,2022-06-16,2022,44,Quiniela Loteka,1,327,91,57,Gana Mas,1,162236,22|59|70|75|91,22|59|70|75|91,5,11|57|69|91,4,2,1,4,35|63|70,True,1,New York 10:30,2,1,nr-historical-relations-j1.0.0
2022-06-25|39|9|90,2022-06-25,2022,39,Quiniela Leidsa,1,115766,9,90,New York 2:30,1,46563,9|14|30|41|46|62|78|94,9|14|30|41|46|62|78|94,1,7|9|22|29|35|42|44|53|63|70|90,2,11,1,1,,True,2,Quiniela Real,2,2,nr-historical-relations-j1.0.0
2022-06-26|28|53|35,2022-06-26,2022,28,Quiniela Real,1,35060,53,35,Gana Mas,1,162226,21|26|53,21|26|53,3,7|9|22|29|35|42|44|53|63|70|90,8,5,1,1,,True,1,Quiniela Loteka,3,3,nr-historical-relations-j1.0.0
2022-06-27|39|9|42,2022-06-27,2022,39,New York 2:30,1,46561,9,42,Quiniela Real,1,35059,9|14|30|41|46|62|78|94,9|14|30|41|46|62|78|94,1,7|9|22|29|35|42|44|53|63|70|90,2,6,1,1,,True,5,Gana Mas,3,1,nr-historical-relations-j1.0.0
2022-06-30|38|63|22,2022-06-30,2022,38,Gana Mas,1,162222,63,22,Quiniela Real,1,35056,20|31|47|52|63|100,20|31|47|52|63|100,5,7|9|22|29|35|42|44|53|63|70|90,9,3,1,2,79,True,3,Quiniela Leidsa,1,2,nr-historical-relations-j1.0.0
2022-06-30|47|79|67,2022-06-30,2022,47,Quiniela Loteka,1,313,79,67,New York 2:30,1,46558,4|36|68|79|84,4|36|68|79|84,4,67|79|88,2,1,2,2,63,True,4,Loteria Nacional,1,2,nr-historical-relations-j1.0.0
2022-06-30|47|79|88,2022-06-30,2022,47,Quiniela Loteka,1,313,79,88,New York 10:30,1,49021,4|36|68|79|84,4|36|68|79|84,4,67|79|88,2,3,2,2,63,True,4,Loteria Nacional,1,2,nr-historical-relations-j1.0.0
2022-07-03|37|42|29,2022-07-03,2022,37,Loteria Nacional,1,108267,42,29,New York 10:30,1,49018,5|10|42,5|10|42,3,7|9|22|29|35|42|44|53|63|70|90,6,4,2,2,53,True,5,Gana Mas,2,1,nr-historical-relations-j1.0.0
2022-07-03|37|42|63,2022-07-03,2022,37,Loteria Nacional,1,108267,42,63,Quiniela Leidsa,1,115758,5|10|42,5|10|42,3,7|9|22|29|35|42|44|53|63|70|90,6,9,2,2,53,True,5,Gana Mas,2,1,nr-historical-relations-j1.0.0
2022-07-03|28|53|29,2022-07-03,2022,28,Quiniela Loteka,1,310,53,29,New York 10:30,1,49018,21|26|53,21|26|53,3,7|9|22|29|35|42|44|53|63|70|90,8,4,2,2,42,False,,,,0,nr-historical-relations-j1.0.0
2022-07-03|28|53|63,2022-07-03,2022,28,Quiniela Loteka,1,310,53,63,Quiniela Leidsa,1,115758,21|26|53,21|26|53,3,7|9|22|29|35|42|44|53|63|70|90,8,9,2,2,42,False,,,,0,nr-historical-relations-j1.0.0
2022-07-05|40|51|21,2022-07-05,2022,40,Gana Mas,1,162217,51,21,Quiniela Leidsa,1,115756,8|19|51|56|67|72,8|19|51|56|67|72,3,21|51,2,1,1,2,67,True,2,Quiniela Real,2,1,nr-historical-relations-j1.0.0
2022-07-05|40|67|79,2022-07-05,2022,40,Gana Mas,1,162217,67,79,Loteria Nacional,1,108265,8|19|51|56|67|72,8|19|51|56|67|72,5,67|79|88,1,2,1,2,51,False,,,,0,nr-historical-relations-j1.0.0
2022-07-06|37|10|1,2022-07-06,2022,37,Quiniela Leidsa,1,115755,10,1,Quiniela Real,1,35050,5|10|42,5|10|42,2,1|10|100,2,1,1,2,42,True,7,Gana Mas,3,1,nr-historical-relations-j1.0.0
2022-07-06|37|42|7,2022-07-06,2022,37,Quiniela Leidsa,1,115755,42,7,New York 10:30,1,49015,5|10|42,5|10|42,3,7|9|22|29|35|42|44|53|63|70|90,6,1,2,2,10,True,2,Gana Mas,2,3,nr-historical-relations-j1.0.0
2022-07-06|37|42|9,2022-07-06,2022,37,Quiniela Leidsa,1,115755,42,9,New York 2:30,1,46552,5|10|42,5|10|42,3,7|9|22|29|35|42|44|53|63|70|90,6,2,2,2,10,True,2,Gana Mas,2,3,nr-historical-relations-j1.0.0
2022-07-07|46|90|63,2022-07-07,2022,46,Quiniela Leidsa,1,115754,90,63,Quiniela Real,1,35049,37|58|74|90,37|58|74|90,4,7|9|22|29|35|42|44|53|63|70|90,11,9,1,1,,True,4,Loteria Nacional,2,3,nr-historical-relations-j1.0.0
2022-07-10|28|53|7,2022-07-10,2022,28,Loteria Nacional,1,108260,53,7,New York 10:30,1,49011,21|26|53,21|26|53,3,7|9|22|29|35|42|44|53|63|70|90,8,1,1,1,,False,,,,0,nr-historical-relations-j1.0.0
2022-07-13|37|10|1,2022-07-13,2022,37,Gana Mas,1,162209,10,1,New York 2:30,1,46545,5|10|42,5|10|42,2,1|10|100,2,1,1,2,42,False,,,,0,nr-historical-relations-j1.0.0
2022-07-13|37|42|63,2022-07-13,2022,37,Gana Mas,1,162209,42,63,Loteria Nacional,1,108257,5|10|42,5|10|42,3,7|9|22|29|35|42|44|53|63|70|90,6,9,1,2,10,True,5,Quiniela Loteka,3,2,nr-historical-relations-j1.0.0
2022-07-15|44|22|7,2022-07-15,2022,44,Quiniela Leidsa,1,115746,22,7,New York 2:30,1,46543,22|59|70|75|91,22|59|70|75|91,1,7|9|22|29|35|42|44|53|63|70|90,3,1,2,2,70,True,5,Quiniela Loteka,2,1,nr-historical-relations-j1.0.0
2022-07-15|44|22|29,2022-07-15,2022,44,Quiniela Leidsa,1,115746,22,29,Loteria Nacional,1,108255,22|59|70|75|91,22|59|70|75|91,1,7|9|22|29|35|42|44|53|63|70|90,3,4,2,2,70,True,5,Quiniela Loteka,2,1,nr-historical-relations-j1.0.0
2022-07-15|44|70|7,2022-07-15,2022,44,Quiniela Leidsa,1,115746,70,7,New York 2:30,1,46543,22|59|70|75|91,22|59|70|75|91,3,7|9|22|29|35|42|44|53|63|70|90,10,1,2,2,22,True,5,Quiniela Loteka,3,1,nr-historical-relations-j1.0.0
2022-07-15|44|70|29,2022-07-15,2022,44,Quiniela Leidsa,1,115746,70,29,Loteria Nacional,1,108255,22|59|70|75|91,22|59|70|75|91,3,7|9|22|29|35|42|44|53|63|70|90,10,4,2,2,22,True,5,Quiniela Loteka,3,1,nr-historical-relations-j1.0.0
2022-07-22|38|63|44,2022-07-22,2022,38,Quiniela Real,1,35034,63,44,Quiniela Loteka,1,291,20|31|47|52|63|100,20|31|47|52|63|100,5,7|9|22|29|35|42|44|53|63|70|90,9,7,1,1,,False,,,,0,nr-historical-relations-j1.0.0
2022-07-23|39|41|56,2022-07-23,2022,39,Quiniela Leidsa,1,115738,41,56,New York 10:30,1,48998,9|14|30|41|46|62|78|94,9|14|30|41|46|62|78|94,4,12|41|56|71|89,2,3,1,2,62,True,1,New York 10:30,1,4,nr-historical-relations-j1.0.0
2022-07-23|39|62|75,2022-07-23,2022,39,Quiniela Leidsa,1,115738,62,75,New York 2:30,1,46535,9|14|30|41|46|62|78|94,9|14|30|41|46|62|78|94,6,62|75,1,2,1,2,41,True,7,New York 10:30,1,1,nr-historical-relations-j1.0.0
2022-07-24|41|29|9,2022-07-24,2022,41,New York 10:30,1,48997,29,9,Quiniela Loteka,1,289,13|29|93,13|29|93,2,7|9|22|29|35|42|44|53|63|70|90,4,2,1,1,,True,3,Quiniela Leidsa,2,4,nr-historical-relations-j1.0.0
2022-07-25|47|79|88,2022-07-25,2022,47,Loteria Nacional,1,108245,79,88,New York 10:30,1,48996,4|36|68|79|84,4|36|68|79|84,4,67|79|88,2,3,1,1,,True,6,Quiniela Real,1,1,nr-historical-relations-j1.0.0
2022-07-26|49|35|42,2022-07-26,2022,49,New York 2:30,1,46532,35,42,Quiniela Leidsa,1,115735,35|40|83,35|40|83,1,7|9|22|29|35|42|44|53|63|70|90,5,6,1,1,,False,,,,0,nr-historical-relations-j1.0.0
2022-07-28|42|7|29,2022-07-28,2022,42,Gana Mas,1,162195,7,29,New York 10:30,1,48993,7|18|23|50|55|66|71,7|18|23|50|55|66|71,1,7|9|22|29|35|42|44|53|63|70|90,1,4,1,5,9|23|50|53,True,3,Quiniela Loteka,1,1,nr-historical-relations-j1.0.0
2022-07-28|39|9|29,2022-07-28,2022,39,New York 2:30,1,46530,9,29,New York 10:30,1,48993,9|14|30|41|46|62|78|94,9|14|30|41|46|62|78|94,1,7|9|22|29|35|42|44|53|63|70|90,2,4,2,5,7|23|50|53,True,2,Quiniela Loteka,1,2,nr-historical-relations-j1.0.0
2022-07-28|39|9|42,2022-07-28,2022,39,New York 2:30,1,46530,9,42,Gana Mas,1,162195,9|14|30|41|46|62|78|94,9|14|30|41|46|62|78|94,1,7|9|22|29|35|42|44|53|63|70|90,2,6,2,5,7|23|50|53,True,2,Quiniela Loteka,1,2,nr-historical-relations-j1.0.0
2022-07-28|42|23|28,2022-07-28,2022,42,Gana Mas,1,162195,23,28,Quiniela Loteka,1,285,7|18|23|50|55|66|71,7|18|23|50|55|66|71,3,23|28|73|77|87,1,2,1,5,7|9|50|53,True,1,New York 2:30,3,2,nr-historical-relations-j1.0.0
2022-07-28|42|50|5,2022-07-28,2022,42,Gana Mas,1,162195,50,5,Quiniela Leidsa,1,115733,7|18|23|50|55|66|71,7|18|23|50|55|66|71,4,5|50,2,1,1,5,7|9|23|53,True,5,New York 2:30,3,1,nr-historical-relations-j1.0.0
2022-07-28|28|53|29,2022-07-28,2022,28,Quiniela Loteka,1,285,53,29,New York 10:30,1,48993,21|26|53,21|26|53,3,7|9|22|29|35|42|44|53|63|70|90,8,4,2,5,7|9|23|50,True,2,Loteria Nacional,1,1,nr-historical-relations-j1.0.0
2022-07-28|28|53|42,2022-07-28,2022,28,Quiniela Loteka,1,285,53,42,Gana Mas,1,162195,21|26|53,21|26|53,3,7|9|22|29|35|42|44|53|63|70|90,8,6,2,5,7|9|23|50,True,2,Loteria Nacional,1,1,nr-historical-relations-j1.0.0
2022-07-31|41|29|7,2022-07-31,2022,41,Quiniela Leidsa,1,115730,29,7,Quiniela Loteka,1,282,13|29|93,13|29|93,2,7|9|22|29|35|42|44|53|63|70|90,4,1,2,1,,True,5,Quiniela Loteka,2,2,nr-historical-relations-j1.0.0
2022-07-31|41|29|90,2022-07-31,2022,41,Quiniela Leidsa,1,115730,29,90,Gana Mas,1,162192,13|29|93,13|29|93,2,7|9|22|29|35|42|44|53|63|70|90,4,11,2,1,,True,5,Quiniela Loteka,2,2,nr-historical-relations-j1.0.0
2022-08-03|37|42|35,2022-08-03,2022,37,New York 2:30,1,46524,42,35,Quiniela Leidsa,1,115727,5|10|42,5|10|42,3,7|9|22|29|35|42|44|53|63|70|90,6,5,1,2,65,True,1,New York 2:30,3,5,nr-historical-relations-j1.0.0
2022-08-03|52|65|37,2022-08-03,2022,52,Gana Mas,1,162189,65,37,New York 2:30,1,46524,65|97,65|97,1,37|65|82,2,1,1,2,42,True,1,New York 2:30,2,2,nr-historical-relations-j1.0.0
2022-08-05|39|41|56,2022-08-05,2022,39,New York 2:30,1,46522,41,56,Quiniela Loteka,1,277,9|14|30|41|46|62|78|94,9|14|30|41|46|62|78|94,4,12|41|56|71|89,2,3,1,1,,True,6,New York 2:30,1,1,nr-historical-relations-j1.0.0
2022-08-07|39|14|54,2022-08-07,2022,39,Quiniela Loteka,1,275,14,54,Loteria Nacional,1,108232,9|14|30|41|46|62|78|94,9|14|30|41|46|62|78|94,2,14|54,1,2,1,1,,True,1,Quiniela Leidsa,2,2,nr-historical-relations-j1.0.0
2022-08-08|36|85|81,2022-08-08,2022,36,Quiniela Leidsa,1,115722,85,81,Gana Mas,1,162184,32|48|64|85,32|48|64|85,4,52|81|85,3,2,1,1,,True,4,Quiniela Real,1,1,nr-historical-relations-j1.0.0
2022-08-09|42|7|29,2022-08-09,2022,42,Loteria Nacional,1,108230,7,29,Quiniela Loteka,1,273,7|18|23|50|55|66|71,7|18|23|50|55|66|71,1,7|9|22|29|35|42|44|53|63|70|90,1,4,1,1,,True,1,New York 10:30,2,1,nr-historical-relations-j1.0.0
2022-08-10|40|56|12,2022-08-10,2022,40,Loteria Nacional,1,108229,56,12,Gana Mas,1,162182,8|19|51|56|67|72,8|19|51|56|67|72,4,12|41|56|71|89,3,1,1,1,,True,1,Loteria Nacional,1,1,nr-historical-relations-j1.0.0
2022-08-13|36|48|97,2022-08-13,2022,36,Quiniela Real,1,35012,48,97,Quiniela Leidsa,1,115717,32|48|64|85,32|48|64|85,2,48|93|97,1,3,1,1,,True,5,New York 2:30,3,2,nr-historical-relations-j1.0.0
2022-08-15|30|57|91,2022-08-15,2022,30,Loteria Nacional,1,108224,57,91,Quiniela Loteka,1,267,25|57,25|57,2,11|57|69|91,2,4,1,1,,True,6,New York 10:30,3,1,nr-historical-relations-j1.0.0
2022-08-17|42|7|63,2022-08-17,2022,42,New York 10:30,1,48973,7,63,New York 2:30,1,46510,7|18|23|50|55|66|71,7|18|23|50|55|66|71,1,7|9|22|29|35|42|44|53|63|70|90,1,9,1,2,79,True,2,New York 10:30,3,3,nr-historical-relations-j1.0.0
2022-08-17|47|79|88,2022-08-17,2022,47,Loteria Nacional,1,108223,79,88,Gana Mas,1,162176,4|36|68|79|84,4|36|68|79|84,4,67|79|88,2,3,1,2,7,True,6,New York 2:30,3,2,nr-historical-relations-j1.0.0
2022-08-19|41|29|44,2022-08-19,2022,41,Loteria Nacional,1,108221,29,44,Quiniela Leidsa,1,115711,13|29|93,13|29|93,2,7|9|22|29|35|42|44|53|63|70|90,4,7,1,1,,True,2,Gana Mas,1,1,nr-historical-relations-j1.0.0
2022-08-23|37|5|50,2022-08-23,2022,37,New York 10:30,1,48967,5,50,Quiniela Loteka,1,259,5|10|42,5|10|42,1,5|50,1,2,1,2,42,False,,,,0,nr-historical-relations-j1.0.0
2022-08-23|37|42|22,2022-08-23,2022,37,New York 10:30,1,48967,42,22,Loteria Nacional,1,108217,5|10|42,5|10|42,3,7|9|22|29|35|42|44|53|63|70|90,6,3,2,2,5,True,5,Quiniela Real,1,1,nr-historical-relations-j1.0.0
2022-08-23|37|42|63,2022-08-23,2022,37,New York 10:30,1,48967,42,63,Gana Mas,2,162171,5|10|42,5|10|42,3,7|9|22|29|35|42|44|53|63|70|90,6,9,2,2,5,True,5,Quiniela Real,1,1,nr-historical-relations-j1.0.0
2022-08-25|44|22|90,2022-08-25,2022,44,Quiniela Real,1,35000,22,90,Quiniela Leidsa,1,115705,22|59|70|75|91,22|59|70|75|91,1,7|9|22|29|35|42|44|53|63|70|90,3,11,1,2,70,True,3,Quiniela Real,3,1,nr-historical-relations-j1.0.0
2022-08-25|44|70|90,2022-08-25,2022,44,Quiniela Real,1,35000,70,90,Quiniela Leidsa,1,115705,22|59|70|75|91,22|59|70|75|91,3,7|9|22|29|35|42|44|53|63|70|90,10,11,1,2,22,False,,,,0,nr-historical-relations-j1.0.0
2022-08-28|42|7|29,2022-08-28,2022,42,Quiniela Real,1,34997,7,29,New York 10:30,1,48962,7|18|23|50|55|66|71,7|18|23|50|55|66|71,1,7|9|22|29|35|42|44|53|63|70|90,1,4,1,5,29|71|89|93,True,3,Loteria Nacional,3,1,nr-historical-relations-j1.0.0
2022-08-28|41|29|7,2022-08-28,2022,41,Gana Mas,1,162166,29,7,Quiniela Loteka,1,254,13|29|93,13|29|93,2,7|9|22|29|35|42|44|53|63|70|90,4,1,2,5,7|71|89|93,False,,,,0,nr-historical-relations-j1.0.0
2022-08-28|41|29|42,2022-08-28,2022,41,Gana Mas,1,162166,29,42,Quiniela Real,1,34997,13|29|93,13|29|93,2,7|9|22|29|35|42|44|53|63|70|90,4,6,2,5,7|71|89|93,False,,,,0,nr-historical-relations-j1.0.0
2022-08-28|42|71|41,2022-08-28,2022,42,Quiniela Real,1,34997,71,41,Gana Mas,1,162166,7|18|23|50|55|66|71,7|18|23|50|55|66|71,7,12|41|56|71|89,4,2,1,5,7|29|89|93,True,1,Quiniela Real,3,2,nr-historical-relations-j1.0.0
2022-08-28|48|89|41,2022-08-28,2022,48,New York 2:30,1,46499,89,41,Gana Mas,1,162166,73|89,73|89,2,12|41|56|71|89,5,2,1,5,7|29|71|93,True,7,Gana Mas,1,3,nr-historical-relations-j1.0.0
2022-08-28|41|93|48,2022-08-28,2022,41,Gana Mas,1,162166,93,48,New York 2:30,1,46499,13|29|93,13|29|93,3,48|93|97,2,1,1,5,7|29|71|89,True,5,Quiniela Leidsa,1,3,nr-historical-relations-j1.0.0
2022-08-30|39|9|44,2022-08-30,2022,39,Loteria Nacional,1,108210,9,44,New York 10:30,1,48960,9|14|30|41|46|62|78|94,9|14|30|41|46|62|78|94,1,7|9|22|29|35|42|44|53|63|70|90,2,7,1,3,25|42,True,7,Quiniela Real,3,1,nr-historical-relations-j1.0.0
2022-08-30|30|25|16,2022-08-30,2022,30,Quiniela Leidsa,1,115700,25,16,Quiniela Loteka,1,252,25|57,25|57,1,16|25,2,1,1,3,9|42,True,3,Loteria Nacional,2,2,nr-historical-relations-j1.0.0
2022-08-30|37|42|44,2022-08-30,2022,37,Gana Mas,1,162164,42,44,New York 10:30,1,48960,5|10|42,5|10|42,3,7|9|22|29|35|42|44|53|63|70|90,6,7,1,3,9|25,True,1,Quiniela Real,1,2,nr-historical-relations-j1.0.0
2022-08-31|42|23|73,2022-08-31,2022,42,Quiniela Real,1,34994,23,73,Quiniela Loteka,1,251,7|18|23|50|55|66|71,7|18|23|50|55|66|71,3,23|28|73|77|87,1,3,1,1,,False,,,,0,nr-historical-relations-j1.0.0
2022-09-02|44|22|63,2022-09-02,2022,44,Quiniela Real,1,34992,22,63,Quiniela Loteka,1,249,22|59|70|75|91,22|59|70|75|91,1,7|9|22|29|35|42|44|53|63|70|90,3,9,1,3,35|70,True,1,Gana Mas,3,1,nr-historical-relations-j1.0.0
2022-09-02|49|35|44,2022-09-02,2022,49,Gana Mas,1,162161,35,44,Quiniela Real,1,34992,35|40|83,35|40|83,1,7|9|22|29|35|42|44|53|63|70|90,5,7,2,3,22|70,True,4,Quiniela Loteka,3,1,nr-historical-relations-j1.0.0
2022-09-02|49|35|63,2022-09-02,2022,49,Gana Mas,1,162161,35,63,Quiniela Loteka,1,249,35|40|83,35|40|83,1,7|9|22|29|35|42|44|53|63|70|90,5,9,2,3,22|70,True,4,Quiniela Loteka,3,1,nr-historical-relations-j1.0.0
2022-09-02|44|70|63,2022-09-02,2022,44,Quiniela Real,1,34992,70,63,Quiniela Loteka,1,249,22|59|70|75|91,22|59|70|75|91,3,7|9|22|29|35|42|44|53|63|70|90,10,9,1,3,22|35,False,,,,0,nr-historical-relations-j1.0.0
2022-09-03|49|35|42,2022-09-03,2022,49,Loteria Nacional,1,108206,35,42,New York 10:30,1,48956,35|40|83,35|40|83,1,7|9|22|29|35|42|44|53|63|70|90,5,6,1,1,,True,3,Quiniela Loteka,3,1,nr-historical-relations-j1.0.0
2022-09-08|42|23|28,2022-09-08,2022,42,New York 10:30,1,48951,23,28,Quiniela Leidsa,1,115691,7|18|23|50|55|66|71,7|18|23|50|55|66|71,3,23|28|73|77|87,1,2,1,2,53,False,,,,0,nr-historical-relations-j1.0.0
2022-09-08|28|53|42,2022-09-08,2022,28,Quiniela Leidsa,1,115691,53,42,New York 10:30,1,48951,21|26|53,21|26|53,3,7|9|22|29|35|42|44|53|63|70|90,8,6,1,2,23,True,1,Quiniela Leidsa,3,2,nr-historical-relations-j1.0.0
2022-09-09|39|14|54,2022-09-09,2022,39,Gana Mas,1,162154,14,54,Quiniela Leidsa,1,115690,9|14|30|41|46|62|78|94,9|14|30|41|46|62|78|94,2,14|54,1,2,1,2,94,True,7,Quiniela Leidsa,1,2,nr-historical-relations-j1.0.0
2022-09-09|39|94|84,2022-09-09,2022,39,Gana Mas,1,162154,94,84,New York 10:30,1,48950,9|14|30|41|46|62|78|94,9|14|30|41|46|62|78|94,8,58|84|94,3,2,1,2,14,True,5,Loteria Nacional,2,1,nr-historical-relations-j1.0.0
2022-09-10|48|89|41,2022-09-10,2022,48,Loteria Nacional,1,108199,89,41,Quiniela Loteka,1,241,73|89,73|89,2,12|41|56|71|89,5,2,1,2,93,True,6,Quiniela Real,1,1,nr-historical-relations-j1.0.0
2022-09-10|41|93|48,2022-09-10,2022,41,Quiniela Loteka,1,241,93,48,Loteria Nacional,1,108199,13|29|93,13|29|93,3,48|93|97,2,1,1,2,89,True,1,New York 2:30,1,4,nr-historical-relations-j1.0.0
2022-09-11|40|56|12,2022-09-11,2022,40,Quiniela Leidsa,1,115688,56,12,New York 10:30,1,48948,8|19|51|56|67|72,8|19|51|56|67|72,4,12|41|56|71|89,3,1,1,1,,True,2,Quiniela Leidsa,3,2,nr-historical-relations-j1.0.0
2022-09-12|51|34|72,2022-09-12,2022,51,Loteria Nacional,1,108197,34,72,Quiniela Loteka,1,239,34|98,34|98,1,26|34|59|72,2,4,1,1,,True,4,Gana Mas,2,2,nr-historical-relations-j1.0.0
2022-09-15|42|7|29,2022-09-15,2022,42,New York 2:30,1,46481,7,29,Quiniela Real,1,34979,7|18|23|50|55|66|71,7|18|23|50|55|66|71,1,7|9|22|29|35|42|44|53|63|70|90,1,4,1,3,23|53,True,2,Quiniela Leidsa,1,2,nr-historical-relations-j1.0.0
2022-09-15|42|23|28,2022-09-15,2022,42,New York 2:30,1,46481,23,28,Loteria Nacional,1,108194,7|18|23|50|55|66|71,7|18|23|50|55|66|71,3,23|28|73|77|87,1,2,1,3,7|53,True,2,Quiniela Leidsa,2,1,nr-historical-relations-j1.0.0
2022-09-15|28|53|29,2022-09-15,2022,28,Loteria Nacional,1,108194,53,29,Quiniela Real,1,34979,21|26|53,21|26|53,3,7|9|22|29|35|42|44|53|63|70|90,8,4,2,3,7|23,True,5,Quiniela Leidsa,1,1,nr-historical-relations-j1.0.0
2022-09-15|28|53|42,2022-09-15,2022,28,Loteria Nacional,1,108194,53,42,New York 2:30,1,46481,21|26|53,21|26|53,3,7|9|22|29|35|42|44|53|63|70|90,8,6,2,3,7|23,True,5,Quiniela Leidsa,1,1,nr-historical-relations-j1.0.0
2022-09-17|38|52|85,2022-09-17,2022,38,Quiniela Real,1,34977,52,85,New York 10:30,1,48942,20|31|47|52|63|100,20|31|47|52|63|100,4,52|81|85,1,3,1,2,63,False,,,,0,nr-historical-relations-j1.0.0
2022-09-17|38|63|7,2022-09-17,2022,38,Quiniela Real,1,34977,63,7,Quiniela Leidsa,1,115682,20|31|47|52|63|100,20|31|47|52|63|100,5,7|9|22|29|35|42|44|53|63|70|90,9,1,1,2,52,True,3,Gana Mas,1,2,nr-historical-relations-j1.0.0
2022-09-18|33|39|78,2022-09-18,2022,33,Loteria Nacional,1,108191,39,78,Quiniela Leidsa,1,115681,2|39|82|87,2|39|82|87,2,39|78,1,2,1,1,,True,4,Loteria Nacional,2,2,nr-historical-relations-j1.0.0
2022-09-22|40|67|88,2022-09-22,2022,40,New York 2:30,1,46474,67,88,Quiniela Loteka,1,230,8|19|51|56|67|72,8|19|51|56|67|72,5,67|79|88,1,3,1,2,89,True,5,Quiniela Loteka,3,1,nr-historical-relations-j1.0.0
2022-09-22|48|89|56,2022-09-22,2022,48,New York 10:30,1,48937,89,56,Gana Mas,1,162142,73|89,73|89,2,12|41|56|71|89,5,3,1,2,67,True,6,Quiniela Loteka,3,1,nr-historical-relations-j1.0.0
2022-09-27|43|12|71,2022-09-27,2022,43,Quiniela Leidsa,1,115673,12,71,Loteria Nacional,1,108184,12|28|44|60|81|92,12|28|44|60|81|92,1,12|41|56|71|89,1,4,1,3,28|92,True,1,Loteria Nacional,3,1,nr-historical-relations-j1.0.0
2022-09-27|43|28|73,2022-09-27,2022,43,Quiniela Leidsa,1,115673,28,73,New York 2:30,1,46469,12|28|44|60|81|92,12|28|44|60|81|92,2,23|28|73|77|87,2,3,1,3,12|92,True,1,New York 10:30,2,2,nr-historical-relations-j1.0.0
2022-09-27|43|92|27,2022-09-27,2022,43,Quiniela Leidsa,1,115673,92,27,Quiniela Real,1,34968,12|28|44|60|81|92,12|28|44|60|81|92,6,27|68|76|92,4,1,1,3,12|28,True,3,New York 2:30,3,5,nr-historical-relations-j1.0.0
2022-09-29|43|92|68,2022-09-29,2022,43,New York 10:30,1,48930,92,68,New York 2:30,1,46467,12|28|44|60|81|92,12|28|44|60|81|92,6,27|68|76|92,4,2,1,1,,True,1,New York 2:30,3,5,nr-historical-relations-j1.0.0
2022-10-02|28|53|35,2022-10-02,2022,28,Quiniela Loteka,1,220,53,35,New York 2:30,1,46464,21|26|53,21|26|53,3,7|9|22|29|35|42|44|53|63|70|90,8,5,2,1,,True,4,Quiniela Leidsa,2,2,nr-historical-relations-j1.0.0
2022-10-02|28|53|63,2022-10-02,2022,28,Quiniela Loteka,1,220,53,63,Quiniela Leidsa,1,115668,21|26|53,21|26|53,3,7|9|22|29|35|42|44|53|63|70|90,8,9,2,1,,True,4,Quiniela Leidsa,2,2,nr-historical-relations-j1.0.0
2022-10-06|26|27|76,2022-10-06,2022,26,Quiniela Real,1,34959,27,76,Quiniela Leidsa,1,115664,27|38,27|38,1,27|68|76|92,1,3,1,1,,False,,,,0,nr-historical-relations-j1.0.0
2022-10-09|39|9|29,2022-10-09,2022,39,New York 10:30,1,48920,9,29,Quiniela Real,1,34956,9|14|30|41|46|62|78|94,9|14|30|41|46|62|78|94,1,7|9|22|29|35|42|44|53|63|70|90,2,4,1,2,48,True,3,Quiniela Loteka,1,1,nr-historical-relations-j1.0.0
2022-10-09|36|48|97,2022-10-09,2022,36,New York 2:30,1,46457,48,97,Gana Mas,1,162127,32|48|64|85,32|48|64|85,2,48|93|97,1,3,1,2,9,True,4,Quiniela Loteka,1,1,nr-historical-relations-j1.0.0
2022-10-11|39|9|42,2022-10-11,2022,39,New York 10:30,1,48918,9,42,Quiniela Leidsa,1,115659,9|14|30|41|46|62|78|94,9|14|30|41|46|62|78|94,1,7|9|22|29|35|42|44|53|63|70|90,2,6,1,3,41|71,True,1,Quiniela Loteka,1,1,nr-historical-relations-j1.0.0
2022-10-11|39|41|56,2022-10-11,2022,39,New York 10:30,1,48918,41,56,New York 2:30,1,46455,9|14|30|41|46|62|78|94,9|14|30|41|46|62|78|94,4,12|41|56|71|89,2,3,1,3,9|71,True,4,Loteria Nacional,3,2,nr-historical-relations-j1.0.0
2022-10-11|42|71|56,2022-10-11,2022,42,Quiniela Leidsa,1,115659,71,56,New York 2:30,1,46455,7|18|23|50|55|66|71,7|18|23|50|55|66|71,7,12|41|56|71|89,4,3,1,3,9|41,True,7,New York 2:30,2,1,nr-historical-relations-j1.0.0
2022-10-12|38|63|9,2022-10-12,2022,38,Quiniela Leidsa,1,115658,63,9,Quiniela Loteka,1,210,20|31|47|52|63|100,20|31|47|52|63|100,5,7|9|22|29|35|42|44|53|63|70|90,9,2,2,2,100,True,4,New York 10:30,1,1,nr-historical-relations-j1.0.0
2022-10-12|38|63|70,2022-10-12,2022,38,Quiniela Leidsa,1,115658,63,70,Quiniela Real,1,34953,20|31|47|52|63|100,20|31|47|52|63|100,5,7|9|22|29|35|42|44|53|63|70|90,9,10,2,2,100,True,4,New York 10:30,1,1,nr-historical-relations-j1.0.0
2022-10-12|38|100|10,2022-10-12,2022,38,Quiniela Leidsa,1,115658,100,10,New York 2:30,1,46454,20|31|47|52|63|100,20|31|47|52|63|100,6,1|10|100,3,2,1,2,63,False,,,,0,nr-historical-relations-j1.0.0
2022-10-13|33|39|78,2022-10-13,2022,33,Loteria Nacional,1,108168,39,78,New York 2:30,1,46453,2|39|82|87,2|39|82|87,2,39|78,1,2,1,1,,False,,,,0,nr-historical-relations-j1.0.0
2022-10-14|52|65|37,2022-10-14,2022,52,New York 10:30,1,48915,65,37,Gana Mas,1,162122,65|97,65|97,1,37|65|82,2,1,1,4,82|87|97,True,5,New York 10:30,2,2,nr-historical-relations-j1.0.0
2022-10-14|33|82|37,2022-10-14,2022,33,Quiniela Leidsa,1,115656,82,37,Gana Mas,1,162122,2|39|82|87,2|39|82|87,3,37|65|82,3,1,1,4,65|87|97,True,2,Quiniela Leidsa,3,3,nr-historical-relations-j1.0.0
2022-10-14|33|87|77,2022-10-14,2022,33,Quiniela Leidsa,1,115656,87,77,New York 2:30,1,46452,2|39|82|87,2|39|82|87,4,23|28|73|77|87,5,4,1,4,65|82|97,True,4,Loteria Nacional,3,1,nr-historical-relations-j1.0.0
2022-10-14|52|97|93,2022-10-14,2022,52,New York 10:30,1,48915,97,93,Quiniela Loteka,1,208,65|97,65|97,2,48|93|97,3,2,1,4,65|82|87,True,1,Quiniela Leidsa,3,3,nr-historical-relations-j1.0.0
2022-10-16|43|28|77,2022-10-16,2022,43,Quiniela Leidsa,1,115654,28,77,Gana Mas,1,162120,12|28|44|60|81|92,12|28|44|60|81|92,2,23|28|73|77|87,2,4,1,2,44,True,1,New York 10:30,2,1,nr-historical-relations-j1.0.0
2022-10-16|43|44|63,2022-10-16,2022,43,Quiniela Leidsa,1,115654,44,63,New York 10:30,1,48913,12|28|44|60|81|92,12|28|44|60|81|92,3,7|9|22|29|35|42|44|53|63|70|90,7,9,1,2,28,False,,,,0,nr-historical-relations-j1.0.0
2022-10-17|37|5|50,2022-10-17,2022,37,Quiniela Leidsa,1,115653,5,50,Loteria Nacional,1,108164,5|10|42,5|10|42,1,5|50,1,2,1,1,,True,4,Quiniela Loteka,1,2,nr-historical-relations-j1.0.0
2022-10-18|40|56|12,2022-10-18,2022,40,New York 10:30,1,48911,56,12,Quiniela Leidsa,1,115652,8|19|51|56|67|72,8|19|51|56|67|72,4,12|41|56|71|89,3,1,1,1,,True,7,Gana Mas,3,1,nr-historical-relations-j1.0.0
2022-10-22|38|63|9,2022-10-22,2022,38,Quiniela Leidsa,1,115648,63,9,Gana Mas,1,162114,20|31|47|52|63|100,20|31|47|52|63|100,5,7|9|22|29|35|42|44|53|63|70|90,9,2,2,1,,True,6,Loteria Nacional,2,1,nr-historical-relations-j1.0.0
2022-10-22|38|63|70,2022-10-22,2022,38,Quiniela Leidsa,1,115648,63,70,Quiniela Loteka,1,200,20|31|47|52|63|100,20|31|47|52|63|100,5,7|9|22|29|35|42|44|53|63|70|90,9,10,2,1,,True,6,Loteria Nacional,2,1,nr-historical-relations-j1.0.0
2022-10-23|37|42|9,2022-10-23,2022,37,New York 10:30,1,48906,42,9,New York 2:30,1,46443,5|10|42,5|10|42,3,7|9|22|29|35|42|44|53|63|70|90,6,2,1,1,,True,3,Quiniela Loteka,3,4,nr-historical-relations-j1.0.0
2022-10-26|43|44|29,2022-10-26,2022,43,Loteria Nacional,1,108155,44,29,Quiniela Loteka,1,196,12|28|44|60|81|92,12|28|44|60|81|92,3,7|9|22|29|35|42|44|53|63|70|90,7,4,1,2,69,True,3,Loteria Nacional,1,1,nr-historical-relations-j1.0.0
2022-10-26|45|69|11,2022-10-26,2022,45,Quiniela Real,1,34939,69,11,New York 2:30,1,46440,69|80,69|80,1,11|57|69|91,3,1,1,2,44,True,1,Quiniela Loteka,2,1,nr-historical-relations-j1.0.0
2022-10-27|42|23|73,2022-10-27,2022,42,New York 10:30,1,48902,23,73,Loteria Nacional,1,108154,7|18|23|50|55|66|71,7|18|23|50|55|66|71,3,23|28|73|77|87,1,3,1,4,71|89|90,True,3,Loteria Nacional,2,1,nr-historical-relations-j1.0.0
2022-10-27|42|71|56,2022-10-27,2022,42,New York 10:30,1,48902,71,56,New York 2:30,1,46439,7|18|23|50|55|66|71,7|18|23|50|55|66|71,7,12|41|56|71|89,4,3,1,4,23|89|90,False,,,,0,nr-historical-relations-j1.0.0
2022-10-27|48|89|56,2022-10-27,2022,48,Quiniela Real,1,34938,89,56,New York 2:30,1,46439,73|89,73|89,2,12|41|56|71|89,5,3,2,4,23|71|90,True,2,Loteria Nacional,3,3,nr-historical-relations-j1.0.0
2022-10-27|48|89|71,2022-10-27,2022,48,Quiniela Real,1,34938,89,71,Quiniela Loteka,1,195,73|89,73|89,2,12|41|56|71|89,5,4,2,4,23|71|90,True,2,Loteria Nacional,3,3,nr-historical-relations-j1.0.0
2022-10-27|46|90|42,2022-10-27,2022,46,Gana Mas,1,162109,90,42,New York 10:30,1,48902,37|58|74|90,37|58|74|90,4,7|9|22|29|35|42|44|53|63|70|90,11,6,1,4,23|71|89,True,3,Quiniela Leidsa,2,1,nr-historical-relations-j1.0.0
2022-10-28|40|51|21,2022-10-28,2022,40,Quiniela Loteka,1,194,51,21,Quiniela Leidsa,1,115642,8|19|51|56|67|72,8|19|51|56|67|72,3,21|51,2,1,1,1,,True,3,Gana Mas,3,2,nr-historical-relations-j1.0.0
2022-10-29|38|63|44,2022-10-29,2022,38,Gana Mas,1,162108,63,44,Loteria Nacional,1,108152,20|31|47|52|63|100,20|31|47|52|63|100,5,7|9|22|29|35|42|44|53|63|70|90,9,7,1,2,75,True,7,Quiniela Leidsa,2,1,nr-historical-relations-j1.0.0
2022-10-29|44|75|62,2022-10-29,2022,44,Loteria Nacional,1,108152,75,62,Quiniela Real,1,34936,22|59|70|75|91,22|59|70|75|91,4,62|75,2,1,1,2,63,True,3,Quiniela Loteka,3,1,nr-historical-relations-j1.0.0
2022-10-30|45|80|8,2022-10-30,2022,45,Loteria Nacional,1,108151,80,8,Quiniela Leidsa,1,115640,69|80,69|80,2,8|80,2,1,1,2,84,True,7,Gana Mas,2,1,nr-historical-relations-j1.0.0
2022-10-30|47|84|94,2022-10-30,2022,47,New York 10:30,1,48899,84,94,Quiniela Real,1,34935,4|36|68|79|84,4|36|68|79|84,5,58|84|94,2,3,1,2,80,False,,,,0,nr-historical-relations-j1.0.0
2022-10-31|43|44|9,2022-10-31,2022,43,New York 10:30,1,48898,44,9,New York 2:30,1,46435,12|28|44|60|81|92,12|28|44|60|81|92,3,7|9|22|29|35|42|44|53|63|70|90,7,2,1,1,,True,3,New York 10:30,3,1,nr-historical-relations-j1.0.0
2022-11-02|38|20|2,2022-11-02,2022,38,New York 10:30,1,48896,20,2,Quiniela Real,1,34932,20|31|47|52|63|100,20|31|47|52|63|100,1,2|20,2,1,1,2,63,True,4,New York 10:30,2,1,nr-historical-relations-j1.0.0
2022-11-02|38|63|22,2022-11-02,2022,38,New York 10:30,1,48896,63,22,Loteria Nacional,1,108148,20|31|47|52|63|100,20|31|47|52|63|100,5,7|9|22|29|35|42|44|53|63|70|90,9,3,1,2,20,True,3,Quiniela Leidsa,2,1,nr-historical-relations-j1.0.0
2022-11-03|41|29|22,2022-11-03,2022,41,New York 10:30,1,48895,29,22,Loteria Nacional,1,108147,13|29|93,13|29|93,2,7|9|22|29|35|42|44|53|63|70|90,4,3,1,2,79,False,,,,0,nr-historical-relations-j1.0.0
2022-11-03|47|79|67,2022-11-03,2022,47,Gana Mas,1,162103,79,67,Quiniela Loteka,1,188,4|36|68|79|84,4|36|68|79|84,4,67|79|88,2,1,1,2,29,True,1,Gana Mas,2,3,nr-historical-relations-j1.0.0
2022-11-10|48|89|71,2022-11-10,2022,48,Quiniela Real,1,34924,89,71,Quiniela Loteka,1,181,73|89,73|89,2,12|41|56|71|89,5,4,1,1,,False,,,,0,nr-historical-relations-j1.0.0
2022-11-16|50|45|32,2022-11-16,2022,50,Loteria Nacional,1,108134,45,32,New York 2:30,1,46419,45,45,1,32|45,2,1,1,1,,True,1,Quiniela Loteka,3,2,nr-historical-relations-j1.0.0
2022-11-17|43|92|68,2022-11-17,2022,43,Gana Mas,1,162089,92,68,Quiniela Loteka,1,174,12|28|44|60|81|92,12|28|44|60|81|92,6,27|68|76|92,4,2,1,1,,True,3,Quiniela Leidsa,1,1,nr-historical-relations-j1.0.0
2022-11-19|48|73|77,2022-11-19,2022,48,Quiniela Leidsa,1,115620,73,77,Gana Mas,1,162087,73|89,73|89,1,23|28|73|77|87,3,4,2,1,,True,7,New York 2:30,1,2,nr-historical-relations-j1.0.0
2022-11-19|48|73|87,2022-11-19,2022,48,Quiniela Leidsa,1,115620,73,87,Loteria Nacional,1,108131,73|89,73|89,1,23|28|73|77|87,3,5,2,1,,True,7,New York 2:30,1,2,nr-historical-relations-j1.0.0
2022-11-20|49|35|7,2022-11-20,2022,49,New York 2:30,1,46415,35,7,Quiniela Loteka,1,171,35|40|83,35|40|83,1,7|9|22|29|35|42|44|53|63|70|90,5,1,1,2,44,False,,,,0,nr-historical-relations-j1.0.0
2022-11-20|43|44|7,2022-11-20,2022,43,Gana Mas,1,162086,44,7,Quiniela Loteka,1,171,12|28|44|60|81|92,12|28|44|60|81|92,3,7|9|22|29|35|42|44|53|63|70|90,7,1,1,2,35,False,,,,0,nr-historical-relations-j1.0.0
2022-11-21|33|87|77,2022-11-21,2022,33,Gana Mas,1,162085,87,77,New York 2:30,1,46414,2|39|82|87,2|39|82|87,4,23|28|73|77|87,5,4,1,1,,True,1,New York 2:30,3,4,nr-historical-relations-j1.0.0
2022-11-24|46|90|42,2022-11-24,2022,46,Loteria Nacional,1,108126,90,42,Quiniela Loteka,1,167,37|58|74|90,37|58|74|90,4,7|9|22|29|35|42|44|53|63|70|90,11,6,1,1,,False,,,,0,nr-historical-relations-j1.0.0
2022-11-25|28|53|7,2022-11-25,2022,28,Loteria Nacional,1,108125,53,7,New York 10:30,1,48873,21|26|53,21|26|53,3,7|9|22|29|35|42|44|53|63|70|90,8,1,1,1,,True,2,Gana Mas,3,3,nr-historical-relations-j1.0.0
2022-11-28|39|9|70,2022-11-28,2022,39,Quiniela Leidsa,1,115611,9,70,Loteria Nacional,1,108122,9|14|30|41|46|62|78|94,9|14|30|41|46|62|78|94,1,7|9|22|29|35|42|44|53|63|70|90,2,10,1,2,41,True,2,New York 2:30,1,2,nr-historical-relations-j1.0.0
2022-11-28|39|41|56,2022-11-28,2022,39,Quiniela Leidsa,1,115611,41,56,New York 10:30,1,48870,9|14|30|41|46|62|78|94,9|14|30|41|46|62|78|94,4,12|41|56|71|89,2,3,1,2,9,True,7,Quiniela Loteka,3,1,nr-historical-relations-j1.0.0
2022-11-30|44|22|9,2022-11-30,2022,44,New York 10:30,1,48868,22,9,New York 2:30,1,46405,22|59|70|75|91,22|59|70|75|91,1,7|9|22|29|35|42|44|53|63|70|90,3,2,1,2,70,False,,,,0,nr-historical-relations-j1.0.0
2022-11-30|44|70|9,2022-11-30,2022,44,New York 10:30,1,48868,70,9,New York 2:30,1,46405,22|59|70|75|91,22|59|70|75|91,3,7|9|22|29|35|42|44|53|63|70|90,10,2,1,2,22,True,6,New York 2:30,2,3,nr-historical-relations-j1.0.0
2022-12-01|37|42|9,2022-12-01,2022,37,Gana Mas,1,162075,42,9,Quiniela Real,1,34903,5|10|42,5|10|42,3,7|9|22|29|35|42|44|53|63|70|90,6,2,1,1,,True,2,New York 2:30,2,3,nr-historical-relations-j1.0.0
2022-12-02|46|90|29,2022-12-02,2022,46,Quiniela Loteka,1,159,90,29,New York 10:30,1,48866,37|58|74|90,37|58|74|90,4,7|9|22|29|35|42|44|53|63|70|90,11,4,2,1,,False,,,,0,nr-historical-relations-j1.0.0
2022-12-02|46|90|53,2022-12-02,2022,46,Quiniela Loteka,1,159,90,53,Quiniela Real,1,34902,37|58|74|90,37|58|74|90,4,7|9|22|29|35|42|44|53|63|70|90,11,8,2,1,,False,,,,0,nr-historical-relations-j1.0.0
2022-12-03|31|3|30,2022-12-03,2022,31,New York 2:30,1,46402,3,30,Gana Mas,1,162073,3|24|88|99,3|24|88|99,1,3|30|83,1,2,1,2,83,True,2,Loteria Nacional,1,1,nr-historical-relations-j1.0.0
2022-12-03|49|83|30,2022-12-03,2022,49,New York 10:30,1,48865,83,30,Gana Mas,1,162073,35|40|83,35|40|83,3,3|30|83,3,2,1,2,3,True,2,New York 2:30,2,4,nr-historical-relations-j1.0.0
2022-12-06|38|63|9,2022-12-06,2022,38,Quiniela Real,1,34898,63,9,Gana Mas,1,162070,20|31|47|52|63|100,20|31|47|52|63|100,5,7|9|22|29|35|42|44|53|63|70|90,9,2,1,1,,True,6,Quiniela Leidsa,1,2,nr-historical-relations-j1.0.0
2022-12-07|31|3|83,2022-12-07,2022,31,Quiniela Loteka,1,154,3,83,Quiniela Leidsa,1,115602,3|24|88|99,3|24|88|99,1,3|30|83,1,3,1,2,7,False,,,,0,nr-historical-relations-j1.0.0
2022-12-07|42|7|70,2022-12-07,2022,42,Loteria Nacional,1,108113,7,70,New York 2:30,1,46398,7|18|23|50|55|66|71,7|18|23|50|55|66|71,1,7|9|22|29|35|42|44|53|63|70|90,1,10,1,2,3,True,6,Quiniela Real,2,1,nr-historical-relations-j1.0.0
2022-12-08|51|34|72,2022-12-08,2022,51,Quiniela Loteka,1,153,34,72,New York 2:30,1,46397,34|98,34|98,1,26|34|59|72,2,4,1,1,,True,7,Quiniela Loteka,2,1,nr-historical-relations-j1.0.0
2022-12-09|37|42|35,2022-12-09,2022,37,Quiniela Real,1,34895,42,35,New York 10:30,1,48859,5|10|42,5|10|42,3,7|9|22|29|35|42|44|53|63|70|90,6,5,1,1,,False,,,,0,nr-historical-relations-j1.0.0
2022-12-11|39|9|44,2022-12-11,2022,39,Quiniela Leidsa,1,115598,9,44,New York 2:30,1,46394,9|14|30|41|46|62|78|94,9|14|30|41|46|62|78|94,1,7|9|22|29|35|42|44|53|63|70|90,2,7,1,2,32,True,2,Loteria Nacional,2,3,nr-historical-relations-j1.0.0
2022-12-11|36|32|45,2022-12-11,2022,36,New York 10:30,1,48857,32,45,Quiniela Real,1,34893,32|48|64|85,32|48|64|85,1,32|45,1,2,1,2,9,True,3,Quiniela Real,2,2,nr-historical-relations-j1.0.0
2022-12-12|30|57|69,2022-12-12,2022,30,Quiniela Real,1,34892,57,69,Gana Mas,1,162065,25|57,25|57,2,11|57|69|91,2,3,1,1,,True,2,Loteria Nacional,3,2,nr-historical-relations-j1.0.0
2022-12-13|40|8|80,2022-12-13,2022,40,Quiniela Loteka,1,148,8,80,New York 10:30,1,48855,8|19|51|56|67|72,8|19|51|56|67|72,1,8|80,1,2,1,1,,False,,,,0,nr-historical-relations-j1.0.0
2022-12-15|49|35|9,2022-12-15,2022,49,Quiniela Loteka,1,146,35,9,Gana Mas,1,162062,35|40|83,35|40|83,1,7|9|22|29|35|42|44|53|63|70|90,5,2,1,1,,True,2,Quiniela Loteka,1,1,nr-historical-relations-j1.0.0
2022-12-16|46|90|7,2022-12-16,2022,46,Quiniela Real,1,34888,90,7,New York 2:30,1,46389,37|58|74|90,37|58|74|90,4,7|9|22|29|35|42|44|53|63|70|90,11,1,3,1,,True,7,Gana Mas,3,1,nr-historical-relations-j1.0.0
2022-12-16|46|90|29,2022-12-16,2022,46,Quiniela Real,1,34888,90,29,Loteria Nacional,1,108104,37|58|74|90,37|58|74|90,4,7|9|22|29|35|42|44|53|63|70|90,11,4,3,1,,True,7,Gana Mas,3,1,nr-historical-relations-j1.0.0
2022-12-16|46|90|70,2022-12-16,2022,46,Quiniela Real,1,34888,90,70,Gana Mas,1,162061,37|58|74|90,37|58|74|90,4,7|9|22|29|35|42|44|53|63|70|90,11,10,3,1,,True,7,Gana Mas,3,1,nr-historical-relations-j1.0.0
2022-12-18|33|87|77,2022-12-18,2022,33,Quiniela Loteka,1,143,87,77,Quiniela Leidsa,1,115591,2|39|82|87,2|39|82|87,4,23|28|73|77|87,5,4,1,1,,True,4,Quiniela Loteka,3,1,nr-historical-relations-j1.0.0
2022-12-19|49|83|30,2022-12-19,2022,49,New York 2:30,1,46386,83,30,Quiniela Loteka,1,142,35|40|83,35|40|83,3,3|30|83,3,2,1,1,,False,,,,0,nr-historical-relations-j1.0.0
2022-12-22|42|7|22,2022-12-22,2022,42,Gana Mas,1,162055,7,22,Quiniela Leidsa,1,115587,7|18|23|50|55|66|71,7|18|23|50|55|66|71,1,7|9|22|29|35|42|44|53|63|70|90,1,3,2,3,22|70,True,2,Quiniela Real,1,4,nr-historical-relations-j1.0.0
2022-12-22|42|7|44,2022-12-22,2022,42,Gana Mas,1,162055,7,44,Loteria Nacional,1,108098,7|18|23|50|55|66|71,7|18|23|50|55|66|71,1,7|9|22|29|35|42|44|53|63|70|90,1,7,2,3,22|70,True,2,Quiniela Real,1,4,nr-historical-relations-j1.0.0
2022-12-22|44|22|42,2022-12-22,2022,44,Loteria Nacional,1,108098,22,42,Gana Mas,1,162055,22|59|70|75|91,22|59|70|75|91,1,7|9|22|29|35|42|44|53|63|70|90,3,6,1,3,7|70,True,1,Gana Mas,2,4,nr-historical-relations-j1.0.0
2022-12-22|44|70|22,2022-12-22,2022,44,Loteria Nacional,1,108098,70,22,Quiniela Leidsa,1,115587,22|59|70|75|91,22|59|70|75|91,3,7|9|22|29|35|42|44|53|63|70|90,10,3,2,3,7|22,True,1,Quiniela Leidsa,2,1,nr-historical-relations-j1.0.0
2022-12-22|44|70|42,2022-12-22,2022,44,Loteria Nacional,1,108098,70,42,Gana Mas,1,162055,22|59|70|75|91,22|59|70|75|91,3,7|9|22|29|35|42|44|53|63|70|90,10,6,2,3,7|22,True,1,Quiniela Leidsa,2,1,nr-historical-relations-j1.0.0
2022-12-28|42|7|53,2022-12-28,2022,42,Quiniela Real,1,34876,7,53,New York 10:30,1,48840,7|18|23|50|55|66|71,7|18|23|50|55|66|71,1,7|9|22|29|35|42|44|53|63|70|90,1,8,1,2,23,True,1,New York 10:30,3,3,nr-historical-relations-j1.0.0
2022-12-28|42|23|77,2022-12-28,2022,42,Quiniela Real,1,34876,23,77,Gana Mas,1,162051,7|18|23|50|55|66|71,7|18|23|50|55|66|71,3,23|28|73|77|87,1,4,1,2,7,False,,,,0,nr-historical-relations-j1.0.0
2022-12-29|47|79|67,2022-12-29,2022,47,Loteria Nacional,1,108093,79,67,Quiniela Loteka,1,133,4|36|68|79|84,4|36|68|79|84,4,67|79|88,2,1,1,1,,False,,,,0,nr-historical-relations-j1.0.0
2022-12-30|45|80|8,2022-12-30,2022,45,New York 10:30,1,48838,80,8,Quiniela Loteka,1,132,69|80,69|80,2,8|80,2,1,1,1,,True,4,Gana Mas,2,1,nr-historical-relations-j1.0.0
2022-12-31|37|42|44,2022-12-31,2022,37,Quiniela Loteka,1,131,42,44,Quiniela Real,1,34873,5|10|42,5|10|42,3,7|9|22|29|35|42|44|53|63|70|90,6,7,1,1,,True,6,Loteria Nacional,1,1,nr-historical-relations-j1.0.0
2023-01-03|32|77|28,2023-01-03,2023,32,New York 2:30,1,46371,77,28,Gana Mas,1,162048,77,77,1,23|28|73|77|87,4,2,1,1,,True,1,Quiniela Loteka,2,2,nr-historical-relations-j1.0.0
2023-01-05|37|10|1,2023-01-05,2023,37,Quiniela Leidsa,1,115577,10,1,New York 2:30,1,46369,5|10|42,5|10|42,2,1|10|100,2,1,1,2,65,True,4,New York 2:30,2,3,nr-historical-relations-j1.0.0
2023-01-05|52|65|37,2023-01-05,2023,52,Quiniela Real,1,34868,65,37,Quiniela Leidsa,1,115577,65|97,65|97,1,37|65|82,2,1,1,2,10,True,7,New York 10:30,1,1,nr-historical-relations-j1.0.0
2023-01-06|42|50|5,2023-01-06,2023,42,Loteria Nacional,1,108088,50,5,New York 2:30,1,46368,7|18|23|50|55|66|71,7|18|23|50|55|66|71,4,5|50,2,1,1,1,,False,,,,0,nr-historical-relations-j1.0.0
2023-01-07|49|35|7,2023-01-07,2023,49,New York 10:30,1,48830,35,7,Loteria Nacional,1,108087,35|40|83,35|40|83,1,7|9|22|29|35|42|44|53|63|70|90,5,1,1,3,42|63,True,3,New York 10:30,2,3,nr-historical-relations-j1.0.0
2023-01-07|37|42|7,2023-01-07,2023,37,Quiniela Leidsa,1,115575,42,7,Loteria Nacional,1,108087,5|10|42,5|10|42,3,7|9|22|29|35|42|44|53|63|70|90,6,1,1,3,35|63,True,1,Quiniela Loteka,1,2,nr-historical-relations-j1.0.0
2023-01-07|38|63|7,2023-01-07,2023,38,Gana Mas,1,162045,63,7,Loteria Nacional,1,108087,20|31|47|52|63|100,20|31|47|52|63|100,5,7|9|22|29|35|42|44|53|63|70|90,9,1,1,3,35|42,True,3,Loteria Nacional,3,1,nr-historical-relations-j1.0.0
2023-01-08|42|7|53,2023-01-08,2023,42,Quiniela Loteka,1,124,7,53,New York 2:30,1,46366,7|18|23|50|55|66|71,7|18|23|50|55|66|71,1,7|9|22|29|35|42|44|53|63|70|90,1,8,1,2,77,True,2,New York 2:30,2,2,nr-historical-relations-j1.0.0
2023-01-08|32|77|23,2023-01-08,2023,32,Loteria Nacional,1,108086,77,23,Gana Mas,2,162044,77,77,1,23|28|73|77|87,4,1,1,2,7,True,3,Quiniela Leidsa,2,2,nr-historical-relations-j1.0.0
2023-01-09|37|42|22,2023-01-09,2023,37,Gana Mas,1,162043,42,22,Quiniela Leidsa,1,115573,5|10|42,5|10|42,3,7|9|22|29|35|42|44|53|63|70|90,6,3,2,1,,True,3,New York 2:30,1,1,nr-historical-relations-j1.0.0
2023-01-09|37|42|70,2023-01-09,2023,37,Gana Mas,1,162043,42,70,Quiniela Loteka,1,123,5|10|42,5|10|42,3,7|9|22|29|35|42|44|53|63|70|90,6,10,2,1,,True,3,New York 2:30,1,1,nr-historical-relations-j1.0.0
2023-01-10|29|15|96,2023-01-10,2023,29,Quiniela Loteka,1,122,15,96,Loteria Nacional,1,108084,15,15,1,15|96,1,2,1,2,44,True,1,Gana Mas,3,3,nr-historical-relations-j1.0.0
2023-01-10|43|44|29,2023-01-10,2023,43,Gana Mas,1,162042,44,29,Quiniela Loteka,1,122,12|28|44|60|81|92,12|28|44|60|81|92,3,7|9|22|29|35|42|44|53|63|70|90,7,4,1,2,15,True,1,Loteria Nacional,1,1,nr-historical-relations-j1.0.0
2023-01-11|37|42|44,2023-01-11,2023,37,Gana Mas,1,162041,42,44,Loteria Nacional,1,108083,5|10|42,5|10|42,3,7|9|22|29|35|42|44|53|63|70|90,6,7,1,3,59|76,True,1,New York 2:30,1,1,nr-historical-relations-j1.0.0
2023-01-11|44|59|34,2023-01-11,2023,44,Loteria Nacional,1,108083,59,34,Quiniela Loteka,1,121,22|59|70|75|91,22|59|70|75|91,2,26|34|59|72,3,2,1,3,42|76,True,3,Quiniela Loteka,2,1,nr-historical-relations-j1.0.0
2023-01-11|34|76|27,2023-01-11,2023,34,Quiniela Loteka,1,121,76,27,New York 10:30,1,48826,1|17|33|49|76,1|17|33|49|76,5,27|68|76|92,3,1,1,3,42|59,True,7,Quiniela Loteka,2,1,nr-historical-relations-j1.0.0
2023-01-12|42|7|90,2023-01-12,2023,42,New York 2:30,1,46362,7,90,Gana Mas,1,162040,7|18|23|50|55|66|71,7|18|23|50|55|66|71,1,7|9|22|29|35|42|44|53|63|70|90,1,11,1,2,84,True,5,Quiniela Loteka,1,1,nr-historical-relations-j1.0.0
2023-01-12|47|84|94,2023-01-12,2023,47,Quiniela Loteka,1,120,84,94,Quiniela Real,1,34861,4|36|68|79|84,4|36|68|79|84,5,58|84|94,2,3,1,2,7,True,1,Loteria Nacional,3,3,nr-historical-relations-j1.0.0
2023-01-13|35|6|60,2023-01-13,2023,35,Loteria Nacional,1,108081,6,60,New York 2:30,1,46361,6|11|43|54|86,6|11|43|54|86,1,6|60,1,2,1,1,,True,2,Loteria Nacional,2,1,nr-historical-relations-j1.0.0
2023-01-14|43|44|9,2023-01-14,2023,43,Loteria Nacional,1,108080,44,9,Quiniela Loteka,1,118,12|28|44|60|81|92,12|28|44|60|81|92,3,7|9|22|29|35|42|44|53|63|70|90,7,2,1,3,53|63,False,,,,0,nr-historical-relations-j1.0.0
2023-01-14|28|53|9,2023-01-14,2023,28,New York 2:30,1,46360,53,9,Quiniela Loteka,1,118,21|26|53,21|26|53,3,7|9|22|29|35|42|44|53|63|70|90,8,2,1,3,44|63,False,,,,0,nr-historical-relations-j1.0.0
2023-01-14|38|63|9,2023-01-14,2023,38,New York 10:30,1,48823,63,9,Quiniela Loteka,1,118,20|31|47|52|63|100,20|31|47|52|63|100,5,7|9|22|29|35|42|44|53|63|70|90,9,2,1,3,44|53,True,1,New York 2:30,2,3,nr-historical-relations-j1.0.0
2023-01-17|37|42|7,2023-01-17,2023,37,New York 2:30,1,46357,42,7,Quiniela Loteka,1,115,5|10|42,5|10|42,3,7|9|22|29|35|42|44|53|63|70|90,6,1,2,1,,True,5,Quiniela Real,2,1,nr-historical-relations-j1.0.0
2023-01-17|37|42|9,2023-01-17,2023,37,New York 2:30,1,46357,42,9,New York 10:30,1,48820,5|10|42,5|10|42,3,7|9|22|29|35|42|44|53|63|70|90,6,2,2,1,,True,5,Quiniela Real,2,1,nr-historical-relations-j1.0.0
2023-01-20|29|15|96,2023-01-20,2023,29,Quiniela Leidsa,1,115562,15,96,Gana Mas,1,162032,15,15,1,15|96,1,2,1,1,,True,2,Quiniela Loteka,2,3,nr-historical-relations-j1.0.0
2023-01-22|36|48|93,2023-01-22,2023,36,Loteria Nacional,1,108073,48,93,New York 2:30,1,46352,32|48|64|85,32|48|64|85,2,48|93|97,1,2,1,3,85|97,False,,,,0,nr-historical-relations-j1.0.0
2023-01-22|36|85|52,2023-01-22,2023,36,Loteria Nacional,1,108073,85,52,Quiniela Real,1,34851,32|48|64|85,32|48|64|85,4,52|81|85,3,1,1,3,48|97,True,1,Quiniela Real,2,5,nr-historical-relations-j1.0.0
2023-01-22|52|97|93,2023-01-22,2023,52,Quiniela Real,1,34851,97,93,New York 2:30,1,46352,65|97,65|97,2,48|93|97,3,2,1,3,48|85,True,2,Quiniela Leidsa,3,2,nr-historical-relations-j1.0.0
2023-01-24|33|87|73,2023-01-24,2023,33,Loteria Nacional,1,108071,87,73,Quiniela Leidsa,1,115558,2|39|82|87,2|39|82|87,4,23|28|73|77|87,5,3,1,1,,True,2,Quiniela Real,1,1,nr-historical-relations-j1.0.0
2023-01-25|43|81|85,2023-01-25,2023,43,New York 10:30,1,48812,81,85,Gana Mas,1,162028,12|28|44|60|81|92,12|28|44|60|81|92,5,52|81|85,2,3,1,2,82,True,1,New York 10:30,2,1,nr-historical-relations-j1.0.0
2023-01-25|33|82|65,2023-01-25,2023,33,Quiniela Real,1,34848,82,65,Quiniela Leidsa,1,115557,2|39|82|87,2|39|82|87,3,37|65|82,3,2,1,2,81,True,2,New York 10:30,2,2,nr-historical-relations-j1.0.0
2023-01-26|42|23|87,2023-01-26,2023,42,Quiniela Leidsa,1,115556,23,87,Quiniela Real,1,34847,7|18|23|50|55|66|71,7|18|23|50|55|66|71,3,23|28|73|77|87,1,5,1,1,,True,6,New York 2:30,3,2,nr-historical-relations-j1.0.0
2023-01-29|28|53|7,2023-01-29,2023,28,Quiniela Loteka,1,103,53,7,Loteria Nacional,1,108066,21|26|53,21|26|53,3,7|9|22|29|35|42|44|53|63|70|90,8,1,1,2,97,False,,,,0,nr-historical-relations-j1.0.0
2023-01-29|52|97|93,2023-01-29,2023,52,New York 10:30,1,48808,97,93,New York 2:30,1,46345,65|97,65|97,2,48|93|97,3,2,1,2,53,True,7,New York 2:30,2,1,nr-historical-relations-j1.0.0
2023-02-01|49|35|90,2023-02-01,2023,49,Quiniela Leidsa,1,115550,35,90,Loteria Nacional,1,108063,35|40|83,35|40|83,1,7|9|22|29|35|42|44|53|63|70|90,5,11,1,1,,True,1,New York 2:30,2,1,nr-historical-relations-j1.0.0
2023-02-02|50|45|32,2023-02-02,2023,50,New York 2:30,1,46341,45,32,Loteria Nacional,1,108062,45,45,1,32|45,2,1,1,3,58|94,False,,,,0,nr-historical-relations-j1.0.0
2023-02-02|46|58|84,2023-02-02,2023,46,Quiniela Leidsa,1,115549,58,84,Quiniela Real,1,34840,37|58|74|90,37|58|74|90,2,58|84|94,1,2,1,3,45|94,True,2,New York 2:30,3,2,nr-historical-relations-j1.0.0
2023-02-02|39|94|84,2023-02-02,2023,39,New York 10:30,1,48804,94,84,Quiniela Real,1,34840,9|14|30|41|46|62|78|94,9|14|30|41|46|62|78|94,8,58|84|94,3,2,1,3,45|58,True,2,Quiniela Loteka,1,2,nr-historical-relations-j1.0.0
2023-02-08|39|9|70,2023-02-08,2023,39,Quiniela Real,1,34834,9,70,Quiniela Leidsa,1,115543,9|14|30|41|46|62|78|94,9|14|30|41|46|62|78|94,1,7|9|22|29|35|42|44|53|63|70|90,2,10,1,3,27|72,True,1,Quiniela Loteka,1,2,nr-historical-relations-j1.0.0
2023-02-08|26|27|68,2023-02-08,2023,26,New York 10:30,1,48798,27,68,New York 2:30,1,46335,27|38,27|38,1,27|68|76|92,1,2,1,3,9|72,True,6,Quiniela Real,1,2,nr-historical-relations-j1.0.0
2023-02-08|40|72|26,2023-02-08,2023,40,Gana Mas,1,162015,72,26,New York 10:30,1,48798,8|19|51|56|67|72,8|19|51|56|67|72,6,26|34|59|72,4,1,1,3,9|27,True,1,New York 2:30,3,2,nr-historical-relations-j1.0.0
2023-02-11|38|31|74,2023-02-11,2023,38,New York 10:30,1,48795,31,74,Quiniela Leidsa,1,115540,20|31|47|52|63|100,20|31|47|52|63|100,2,31|74,1,2,1,2,83,True,2,New York 10:30,3,4,nr-historical-relations-j1.0.0
2023-02-11|49|83|3,2023-02-11,2023,49,Quiniela Loteka,1,90,83,3,New York 2:30,1,46332,35|40|83,35|40|83,3,3|30|83,3,1,1,2,31,True,1,New York 2:30,3,1,nr-historical-relations-j1.0.0
2023-02-14|44|22|53,2023-02-14,2023,44,Quiniela Leidsa,1,115537,22,53,New York 10:30,1,48792,22|59|70|75|91,22|59|70|75|91,1,7|9|22|29|35|42|44|53|63|70|90,3,8,1,2,70,True,2,Quiniela Real,2,4,nr-historical-relations-j1.0.0
2023-02-14|44|70|53,2023-02-14,2023,44,Quiniela Leidsa,1,115537,70,53,New York 10:30,1,48792,22|59|70|75|91,22|59|70|75|91,3,7|9|22|29|35|42|44|53|63|70|90,10,8,1,2,22,True,1,Quiniela Real,2,3,nr-historical-relations-j1.0.0
2023-02-15|37|10|1,2023-02-15,2023,37,Loteria Nacional,1,108049,10,1,New York 10:30,1,48791,5|10|42,5|10|42,2,1|10|100,2,1,1,1,,False,,,,0,nr-historical-relations-j1.0.0
2023-02-16|41|29|63,2023-02-16,2023,41,Loteria Nacional,1,108048,29,63,New York 2:30,1,46327,13|29|93,13|29|93,2,7|9|22|29|35|42|44|53|63|70|90,4,9,1,1,,True,1,Gana Mas,3,3,nr-historical-relations-j1.0.0
2023-02-19|45|69|57,2023-02-19,2023,45,Quiniela Real,1,34823,69,57,New York 2:30,1,46324,69|80,69|80,1,11|57|69|91,3,2,1,1,,True,6,Gana Mas,3,1,nr-historical-relations-j1.0.0
2023-02-20|35|11|91,2023-02-20,2023,35,New York 2:30,1,46323,11,91,Loteria Nacional,1,108044,6|11|43|54|86,6|11|43|54|86,2,11|57|69|91,1,4,1,1,,True,3,Quiniela Real,3,3,nr-historical-relations-j1.0.0
2023-02-21|30|25|16,2023-02-21,2023,30,Gana Mas,1,162002,25,16,New York 2:30,1,46322,25|57,25|57,1,16|25,2,1,1,1,,True,3,Loteria Nacional,2,1,nr-historical-relations-j1.0.0
2023-02-23|37|42|53,2023-02-23,2023,37,Quiniela Real,1,34819,42,53,Quiniela Leidsa,1,115528,5|10|42,5|10|42,3,7|9|22|29|35|42|44|53|63|70|90,6,8,1,1,,True,3,Gana Mas,2,3,nr-historical-relations-j1.0.0
2023-02-24|44|22|90,2023-02-24,2023,44,Quiniela Loteka,1,77,22,90,New York 2:30,1,46319,22|59|70|75|91,22|59|70|75|91,1,7|9|22|29|35|42|44|53|63|70|90,3,11,1,3,70|75,True,4,New York 2:30,2,1,nr-historical-relations-j1.0.0
2023-02-24|44|70|90,2023-02-24,2023,44,Quiniela Loteka,1,77,70,90,New York 2:30,1,46319,22|59|70|75|91,22|59|70|75|91,3,7|9|22|29|35|42|44|53|63|70|90,10,11,1,3,22|75,True,1,Loteria Nacional,2,2,nr-historical-relations-j1.0.0
2023-02-24|44|75|62,2023-02-24,2023,44,Quiniela Loteka,1,77,75,62,Loteria Nacional,1,108040,22|59|70|75|91,22|59|70|75|91,4,62|75,2,1,1,3,22|70,False,,,,0,nr-historical-relations-j1.0.0
2023-02-25|46|74|31,2023-02-25,2023,46,Quiniela Real,1,34817,74,31,Gana Mas,1,161998,37|58|74|90,37|58|74|90,3,31|74,2,1,1,1,,False,,,,0,nr-historical-relations-j1.0.0
2023-02-26|43|44|42,2023-02-26,2023,43,Gana Mas,1,161997,44,42,Quiniela Loteka,2,75,12|28|44|60|81|92,12|28|44|60|81|92,3,7|9|22|29|35|42|44|53|63|70|90,7,6,1,3,71|92,False,,,,0,nr-historical-relations-j1.0.0
2023-02-26|42|71|12,2023-02-26,2023,42,Quiniela Loteka,2,75,71,12,New York 2:30,1,46317,7|18|23|50|55|66|71,7|18|23|50|55|66|71,7,12|41|56|71|89,4,1,1,3,44|92,False,,,,0,nr-historical-relations-j1.0.0
2023-02-26|43|92|68,2023-02-26,2023,43,Gana Mas,1,161997,92,68,Quiniela Leidsa,1,115525,12|28|44|60|81|92,12|28|44|60|81|92,6,27|68|76|92,4,2,1,3,44|71,True,7,Loteria Nacional,2,1,nr-historical-relations-j1.0.0
2023-02-27|46|74|31,2023-02-27,2023,46,Quiniela Loteka,1,74,74,31,New York 2:30,1,46316,37|58|74|90,37|58|74|90,3,31|74,2,1,1,1,,True,6,Quiniela Leidsa,3,1,nr-historical-relations-j1.0.0
2023-03-02|40|72|59,2023-03-02,2023,40,New York 10:30,1,48776,72,59,Quiniela Real,1,34812,8|19|51|56|67|72,8|19|51|56|67|72,6,26|34|59|72,4,3,1,1,,False,,,,0,nr-historical-relations-j1.0.0
2023-03-03|42|7|53,2023-03-03,2023,42,Quiniela Leidsa,1,115520,7,53,Loteria Nacional,1,108034,7|18|23|50|55|66|71,7|18|23|50|55|66|71,1,7|9|22|29|35|42|44|53|63|70|90,1,8,1,2,72,True,6,New York 2:30,1,3,nr-historical-relations-j1.0.0
2023-03-03|40|72|34,2023-03-03,2023,40,Gana Mas,1,161993,72,34,New York 10:30,1,48775,8|19|51|56|67|72,8|19|51|56|67|72,6,26|34|59|72,4,2,1,2,7,False,,,,0,nr-historical-relations-j1.0.0
2023-03-04|40|51|21,2023-03-04,2023,40,Quiniela Loteka,1,69,51,21,Quiniela Real,1,34810,8|19|51|56|67|72,8|19|51|56|67|72,3,21|51,2,1,1,1,,True,2,Gana Mas,3,2,nr-historical-relations-j1.0.0
2023-03-05|36|85|81,2023-03-05,2023,36,Loteria Nacional,1,108032,85,81,New York 2:30,1,46310,32|48|64|85,32|48|64|85,4,52|81|85,3,2,1,1,,True,2,New York 2:30,3,2,nr-historical-relations-j1.0.0
2023-03-07|26|27|76,2023-03-07,2023,26,Gana Mas,1,161989,27,76,New York 10:30,1,48771,27|38,27|38,1,27|68|76|92,1,3,1,2,92,True,3,New York 2:30,2,2,nr-historical-relations-j1.0.0
2023-03-07|43|92|76,2023-03-07,2023,43,Quiniela Leidsa,1,115516,92,76,New York 10:30,1,48771,12|28|44|60|81|92,12|28|44|60|81|92,6,27|68|76|92,4,3,1,2,27,True,7,New York 10:30,2,1,nr-historical-relations-j1.0.0
2023-03-08|46|74|31,2023-03-08,2023,46,New York 2:30,1,46307,74,31,Loteria Nacional,1,108029,37|58|74|90,37|58|74|90,3,31|74,2,1,1,2,90,True,2,New York 2:30,1,2,nr-historical-relations-j1.0.0
2023-03-08|46|90|22,2023-03-08,2023,46,New York 2:30,1,46307,90,22,New York 10:30,1,48770,37|58|74|90,37|58|74|90,4,7|9|22|29|35|42|44|53|63|70|90,11,3,2,2,74,True,1,Quiniela Real,3,2,nr-historical-relations-j1.0.0
2023-03-08|46|90|29,2023-03-08,2023,46,New York 2:30,1,46307,90,29,Quiniela Leidsa,1,115515,37|58|74|90,37|58|74|90,4,7|9|22|29|35|42|44|53|63|70|90,11,4,2,2,74,True,1,Quiniela Real,3,2,nr-historical-relations-j1.0.0
2023-03-09|49|35|7,2023-03-09,2023,49,Quiniela Leidsa,1,115514,35,7,New York 2:30,1,46306,35|40|83,35|40|83,1,7|9|22|29|35|42|44|53|63|70|90,5,1,2,1,,False,,,,0,nr-historical-relations-j1.0.0
2023-03-09|49|35|9,2023-03-09,2023,49,Quiniela Leidsa,1,115514,35,9,Quiniela Loteka,1,64,35|40|83,35|40|83,1,7|9|22|29|35|42|44|53|63|70|90,5,2,2,1,,False,,,,0,nr-historical-relations-j1.0.0
2023-03-14|43|81|85,2023-03-14,2023,43,Gana Mas,1,161982,81,85,Loteria Nacional,1,108023,12|28|44|60|81|92,12|28|44|60|81|92,5,52|81|85,2,3,1,1,,True,6,Loteria Nacional,3,1,nr-historical-relations-j1.0.0
2023-03-16|26|27|68,2023-03-16,2023,26,Quiniela Real,1,34798,27,68,Gana Mas,1,161980,27|38,27|38,1,27|68|76|92,1,2,1,3,68|79,True,3,New York 10:30,2,1,nr-historical-relations-j1.0.0
2023-03-16|47|68|27,2023-03-16,2023,47,New York 2:30,1,46299,68,27,Quiniela Leidsa,1,115507,4|36|68|79|84,4|36|68|79|84,3,27|68|76|92,2,1,1,3,27|79,True,7,Quiniela Real,2,1,nr-historical-relations-j1.0.0
2023-03-16|47|79|67,2023-03-16,2023,47,New York 2:30,1,46299,79,67,Quiniela Loteka,1,57,4|36|68|79|84,4|36|68|79|84,4,67|79|88,2,1,1,3,27|68,True,2,Loteria Nacional,3,2,nr-historical-relations-j1.0.0
2023-03-17|42|23|77,2023-03-17,2023,42,New York 10:30,1,48761,23,77,New York 2:30,1,46298,7|18|23|50|55|66|71,7|18|23|50|55|66|71,3,23|28|73|77|87,1,4,1,1,,True,3,Loteria Nacional,2,2,nr-historical-relations-j1.0.0
2023-03-18|43|28|77,2023-03-18,2023,43,New York 2:30,1,46297,28,77,Quiniela Loteka,1,55,12|28|44|60|81|92,12|28|44|60|81|92,2,23|28|73|77|87,2,4,1,1,,True,4,Quiniela Leidsa,3,1,nr-historical-relations-j1.0.0
2023-03-19|44|22|29,2023-03-19,2023,44,Gana Mas,1,161977,22,29,Quiniela Loteka,1,54,22|59|70|75|91,22|59|70|75|91,1,7|9|22|29|35|42|44|53|63|70|90,3,4,1,2,70,True,3,Quiniela Real,1,1,nr-historical-relations-j1.0.0
2023-03-19|44|70|29,2023-03-19,2023,44,Gana Mas,1,161977,70,29,Quiniela Loteka,1,54,22|59|70|75|91,22|59|70|75|91,3,7|9|22|29|35|42|44|53|63|70|90,10,4,1,2,22,True,6,New York 10:30,3,1,nr-historical-relations-j1.0.0
2023-03-20|44|59|34,2023-03-20,2023,44,New York 10:30,1,48758,59,34,Quiniela Loteka,1,53,22|59|70|75|91,22|59|70|75|91,2,26|34|59|72,3,2,1,1,,False,,,,0,nr-historical-relations-j1.0.0
2023-03-21|31|3|30,2023-03-21,2023,31,Quiniela Real,1,34793,3,30,New York 2:30,1,46294,3|24|88|99,3|24|88|99,1,3|30|83,1,2,1,1,,True,3,Quiniela Loteka,1,1,nr-historical-relations-j1.0.0
2023-03-22|43|12|41,2023-03-22,2023,43,Quiniela Loteka,1,51,12,41,New York 10:30,1,48756,12|28|44|60|81|92,12|28|44|60|81|92,1,12|41|56|71|89,1,2,1,3,29|44,True,4,New York 2:30,1,2,nr-historical-relations-j1.0.0
2023-03-22|41|29|22,2023-03-22,2023,41,New York 10:30,1,48756,29,22,Quiniela Real,1,34792,13|29|93,13|29|93,2,7|9|22|29|35|42|44|53|63|70|90,4,3,2,3,12|44,False,,,,0,nr-historical-relations-j1.0.0
2023-03-22|41|29|90,2023-03-22,2023,41,New York 10:30,1,48756,29,90,Gana Mas,1,161974,13|29|93,13|29|93,2,7|9|22|29|35|42|44|53|63|70|90,4,11,2,3,12|44,False,,,,0,nr-historical-relations-j1.0.0
2023-03-22|43|44|22,2023-03-22,2023,43,Quiniela Loteka,1,51,44,22,Quiniela Real,1,34792,12|28|44|60|81|92,12|28|44|60|81|92,3,7|9|22|29|35|42|44|53|63|70|90,7,3,2,3,12|29,True,5,New York 2:30,2,1,nr-historical-relations-j1.0.0
2023-03-22|43|44|90,2023-03-22,2023,43,Quiniela Loteka,1,51,44,90,Gana Mas,1,161974,12|28|44|60|81|92,12|28|44|60|81|92,3,7|9|22|29|35|42|44|53|63|70|90,7,11,2,3,12|29,True,5,New York 2:30,2,1,nr-historical-relations-j1.0.0
2023-03-23|38|100|1,2023-03-23,2023,38,New York 10:30,1,48755,100,1,Quiniela Leidsa,1,115500,20|31|47|52|63|100,20|31|47|52|63|100,6,1|10|100,3,1,1,1,,False,,,,0,nr-historical-relations-j1.0.0
2023-03-27|28|53|9,2023-03-27,2023,28,Quiniela Leidsa,1,115496,53,9,Quiniela Real,1,34787,21|26|53,21|26|53,3,7|9|22|29|35|42|44|53|63|70|90,8,2,1,1,,False,,,,0,nr-historical-relations-j1.0.0
2023-03-29|38|20|2,2023-03-29,2023,38,Quiniela Real,1,34785,20,2,New York 2:30,1,46286,20|31|47|52|63|100,20|31|47|52|63|100,1,2|20,2,1,1,1,,True,1,Gana Mas,1,2,nr-historical-relations-j1.0.0
2023-04-01|39|9|35,2023-04-01,2023,39,Gana Mas,1,161964,9,35,Quiniela Loteka,1,41,9|14|30|41|46|62|78|94,9|14|30|41|46|62|78|94,1,7|9|22|29|35|42|44|53|63|70|90,2,5,1,4,41|46|86,True,7,Quiniela Real,1,1,nr-historical-relations-j1.0.0
2023-04-01|39|41|56,2023-04-01,2023,39,Gana Mas,1,161964,41,56,New York 10:30,1,48746,9|14|30|41|46|62|78|94,9|14|30|41|46|62|78|94,4,12|41|56|71|89,2,3,1,4,9|46|86,True,2,Quiniela Real,1,2,nr-historical-relations-j1.0.0
2023-04-01|39|46|19,2023-04-01,2023,39,Gana Mas,1,161964,46,19,Loteria Nacional,1,108005,9|14|30|41|46|62|78|94,9|14|30|41|46|62|78|94,5,19|46|86,2,1,1,4,9|41|86,False,,,,0,nr-historical-relations-j1.0.0
2023-04-01|35|86|19,2023-04-01,2023,35,Quiniela Loteka,1,41,86,19,Loteria Nacional,1,108005,6|11|43|54|86,6|11|43|54|86,5,19|46|86,3,1,1,4,9|41|46,True,4,Quiniela Leidsa,3,3,nr-historical-relations-j1.0.0
2023-04-03|41|29|35,2023-04-03,2023,41,Quiniela Real,1,34780,29,35,Loteria Nacional,1,108003,13|29|93,13|29|93,2,7|9|22|29|35|42|44|53|63|70|90,4,5,1,1,,True,4,New York 2:30,1,2,nr-historical-relations-j1.0.0
2023-04-05|43|28|23,2023-04-05,2023,43,Loteria Nacional,1,108001,28,23,New York 10:30,1,48742,12|28|44|60|81|92,12|28|44|60|81|92,2,23|28|73|77|87,2,1,1,1,,True,3,New York 10:30,3,2,nr-historical-relations-j1.0.0
2023-04-08|41|29|9,2023-04-08,2023,41,Quiniela Loteka,1,35,29,9,Quiniela Real,1,34776,13|29|93,13|29|93,2,7|9|22|29|35|42|44|53|63|70|90,4,2,1,1,,False,,,,0,nr-historical-relations-j1.0.0
2023-04-09|26|27|68,2023-04-09,2023,26,Quiniela Loteka,1,34,27,68,New York 10:30,1,48738,27|38,27|38,1,27|68|76|92,1,2,1,2,92,True,2,Quiniela Leidsa,1,2,nr-historical-relations-j1.0.0
2023-04-09|43|92|68,2023-04-09,2023,43,Quiniela Leidsa,1,115485,92,68,New York 10:30,1,48738,12|28|44|60|81|92,12|28|44|60|81|92,6,27|68|76|92,4,2,1,2,27,True,7,Quiniela Loteka,1,1,nr-historical-relations-j1.0.0
2023-04-12|41|29|22,2023-04-12,2023,41,New York 2:30,1,46272,29,22,Quiniela Leidsa,1,115482,13|29|93,13|29|93,2,7|9|22|29|35|42|44|53|63|70|90,4,3,1,2,35,True,4,New York 10:30,2,2,nr-historical-relations-j1.0.0
2023-04-12|49|35|22,2023-04-12,2023,49,Quiniela Loteka,1,31,35,22,Quiniela Leidsa,1,115482,35|40|83,35|40|83,1,7|9|22|29|35|42|44|53|63|70|90,5,3,1,2,29,True,3,Quiniela Leidsa,3,3,nr-historical-relations-j1.0.0
2023-04-13|42|7|9,2023-04-13,2023,42,Loteria Nacional,1,107996,7,9,Gana Mas,1,161955,7|18|23|50|55|66|71,7|18|23|50|55|66|71,1,7|9|22|29|35|42|44|53|63|70|90,1,2,2,2,71,True,2,New York 2:30,2,2,nr-historical-relations-j1.0.0
2023-04-13|42|7|53,2023-04-13,2023,42,Loteria Nacional,1,107996,7,53,Quiniela Real,1,34771,7|18|23|50|55|66|71,7|18|23|50|55|66|71,1,7|9|22|29|35|42|44|53|63|70|90,1,8,2,2,71,True,2,New York 2:30,2,2,nr-historical-relations-j1.0.0
2023-04-13|42|71|56,2023-04-13,2023,42,Loteria Nacional,1,107996,71,56,Quiniela Leidsa,1,115481,7|18|23|50|55|66|71,7|18|23|50|55|66|71,7,12|41|56|71|89,4,3,1,2,7,True,6,New York 10:30,3,1,nr-historical-relations-j1.0.0
2023-04-15|40|56|89,2023-04-15,2023,40,New York 10:30,1,48732,56,89,Gana Mas,1,161953,8|19|51|56|67|72,8|19|51|56|67|72,4,12|41|56|71|89,3,5,1,1,,True,5,Loteria Nacional,2,1,nr-historical-relations-j1.0.0
2023-04-17|28|21|51,2023-04-17,2023,28,Quiniela Leidsa,1,115477,21,51,Gana Mas,1,161952,21|26|53,21|26|53,1,21|51,1,2,1,1,,True,2,Loteria Nacional,1,1,nr-historical-relations-j1.0.0
2023-04-18|41|29|7,2023-04-18,2023,41,Gana Mas,1,161951,29,7,Quiniela Leidsa,1,115476,13|29|93,13|29|93,2,7|9|22|29|35|42|44|53|63|70|90,4,1,1,1,,True,5,Quiniela Loteka,2,1,nr-historical-relations-j1.0.0
2023-04-20|34|17|13,2023-04-20,2023,34,Quiniela Leidsa,1,115474,17,13,Gana Mas,1,161949,1|17|33|49|76,1|17|33|49|76,2,13|17,2,1,1,2,83,False,,,,0,nr-historical-relations-j1.0.0
2023-04-20|49|83|30,2023-04-20,2023,49,Loteria Nacional,1,107989,83,30,New York 10:30,1,48727,35|40|83,35|40|83,3,3|30|83,3,2,1,2,17,False,,,,0,nr-historical-relations-j1.0.0
2023-04-21|37|10|1,2023-04-21,2023,37,New York 2:30,1,46263,10,1,Loteria Nacional,1,107988,5|10|42,5|10|42,2,1|10|100,2,1,1,2,34,False,,,,0,nr-historical-relations-j1.0.0
2023-04-21|51|34|59,2023-04-21,2023,51,Quiniela Leidsa,1,115473,34,59,Quiniela Loteka,1,22,34|98,34|98,1,26|34|59|72,2,3,1,2,10,True,3,Quiniela Leidsa,2,2,nr-historical-relations-j1.0.0
2023-04-22|51|34|72,2023-04-22,2023,51,Gana Mas,1,161947,34,72,Quiniela Loteka,1,21,34|98,34|98,1,26|34|59|72,2,4,1,1,,True,2,Quiniela Leidsa,2,2,nr-historical-relations-j1.0.0
2023-04-25|46|90|9,2023-04-25,2023,46,Loteria Nacional,1,107984,90,9,Quiniela Real,1,34759,37|58|74|90,37|58|74|90,4,7|9|22|29|35|42|44|53|63|70|90,11,2,2,1,,True,2,Quiniela Loteka,2,4,nr-historical-relations-j1.0.0
2023-04-25|46|90|53,2023-04-25,2023,46,Loteria Nacional,1,107984,90,53,Gana Mas,1,161944,37|58|74|90,37|58|74|90,4,7|9|22|29|35|42|44|53|63|70|90,11,8,2,1,,True,2,Quiniela Loteka,2,4,nr-historical-relations-j1.0.0
2023-04-27|43|44|7,2023-04-27,2023,43,New York 2:30,1,46257,44,7,Quiniela Leidsa,1,115467,12|28|44|60|81|92,12|28|44|60|81|92,3,7|9|22|29|35|42|44|53|63|70|90,7,1,3,1,,False,,,,0,nr-historical-relations-j1.0.0
2023-04-27|43|44|9,2023-04-27,2023,43,New York 2:30,1,46257,44,9,Gana Mas,1,161942,12|28|44|60|81|92,12|28|44|60|81|92,3,7|9|22|29|35|42|44|53|63|70|90,7,2,3,1,,False,,,,0,nr-historical-relations-j1.0.0
2023-04-27|43|44|53,2023-04-27,2023,43,New York 2:30,1,46257,44,53,Quiniela Loteka,1,16,12|28|44|60|81|92,12|28|44|60|81|92,3,7|9|22|29|35|42|44|53|63|70|90,7,8,3,1,,False,,,,0,nr-historical-relations-j1.0.0
2023-04-30|37|42|90,2023-04-30,2023,37,Quiniela Leidsa,1,115464,42,90,Loteria Nacional,1,107979,5|10|42,5|10|42,3,7|9|22|29|35|42|44|53|63|70|90,6,11,1,1,,True,4,Quiniela Loteka,2,2,nr-historical-relations-j1.0.0
2023-05-03|39|9|53,2023-05-03,2023,39,New York 2:30,1,46251,9,53,Quiniela Real,1,34751,9|14|30|41|46|62|78|94,9|14|30|41|46|62|78|94,1,7|9|22|29|35|42|44|53|63|70|90,2,8,1,2,46,True,3,Quiniela Loteka,1,1,nr-historical-relations-j1.0.0
2023-05-03|39|46|19,2023-05-03,2023,39,New York 2:30,1,46251,46,19,Loteria Nacional,1,107976,9|14|30|41|46|62|78|94,9|14|30|41|46|62|78|94,5,19|46|86,2,1,1,2,9,False,,,,0,nr-historical-relations-j1.0.0
2023-05-04|43|28|73,2023-05-04,2023,43,Loteria Nacional,1,107975,28,73,Gana Mas,1,161935,12|28|44|60|81|92,12|28|44|60|81|92,2,23|28|73|77|87,2,3,1,2,92,True,6,Quiniela Real,2,3,nr-historical-relations-j1.0.0
2023-05-04|43|92|68,2023-05-04,2023,43,Loteria Nacional,1,107975,92,68,New York 10:30,1,48713,12|28|44|60|81|92,12|28|44|60|81|92,6,27|68|76|92,4,2,1,2,28,True,1,Quiniela Loteka,2,2,nr-historical-relations-j1.0.0
2023-05-05|40|67|88,2023-05-05,2023,40,Quiniela Leidsa,1,115459,67,88,New York 2:30,1,46249,8|19|51|56|67|72,8|19|51|56|67|72,5,67|79|88,1,3,1,1,,False,,,,0,nr-historical-relations-j1.0.0
2023-05-06|30|25|16,2023-05-06,2023,30,New York 10:30,1,48711,25,16,Quiniela Real,1,34748,25|57,25|57,1,16|25,2,1,1,3,44|92,True,7,Quiniela Loteka,3,1,nr-historical-relations-j1.0.0
2023-05-06|43|44|9,2023-05-06,2023,43,Gana Mas,1,161933,44,9,Quiniela Loteka,1,7,12|28|44|60|81|92,12|28|44|60|81|92,3,7|9|22|29|35|42|44|53|63|70|90,7,2,1,3,25|92,True,1,New York 10:30,2,3,nr-historical-relations-j1.0.0
2023-05-06|43|92|27,2023-05-06,2023,43,Gana Mas,1,161933,92,27,Quiniela Leidsa,1,115458,12|28|44|60|81|92,12|28|44|60|81|92,6,27|68|76|92,4,1,1,3,25|44,True,2,Loteria Nacional,3,1,nr-historical-relations-j1.0.0
2023-05-07|42|7|63,2023-05-07,2023,42,Quiniela Loteka,1,6,7,63,New York 10:30,1,48710,7|18|23|50|55|66|71,7|18|23|50|55|66|71,1,7|9|22|29|35|42|44|53|63|70|90,1,9,1,3,9|94,False,,,,0,nr-historical-relations-j1.0.0
2023-05-07|39|9|42,2023-05-07,2023,39,Quiniela Leidsa,1,115457,9,42,Quiniela Loteka,1,6,9|14|30|41|46|62|78|94,9|14|30|41|46|62|78|94,1,7|9|22|29|35|42|44|53|63|70|90,2,6,2,3,7|94,True,7,Gana Mas,3,1,nr-historical-relations-j1.0.0
2023-05-07|39|9|63,2023-05-07,2023,39,Quiniela Leidsa,1,115457,9,63,New York 10:30,1,48710,9|14|30|41|46|62|78|94,9|14|30|41|46|62|78|94,1,7|9|22|29|35|42|44|53|63|70|90,2,9,2,3,7|94,True,7,Gana Mas,3,1,nr-historical-relations-j1.0.0
2023-05-07|39|94|84,2023-05-07,2023,39,Quiniela Leidsa,1,115457,94,84,Gana Mas,1,161932,9|14|30|41|46|62|78|94,9|14|30|41|46|62|78|94,8,58|84|94,3,2,1,3,7|9,False,,,,0,nr-historical-relations-j1.0.0
2023-05-09|38|31|74,2023-05-09,2023,38,New York 2:30,1,46245,31,74,Quiniela Real,1,34745,20|31|47|52|63|100,20|31|47|52|63|100,2,31|74,1,2,1,2,63,True,2,New York 2:30,3,2,nr-historical-relations-j1.0.0
2023-05-09|38|63|29,2023-05-09,2023,38,New York 2:30,1,46245,63,29,Quiniela Leidsa,1,115455,20|31|47|52|63|100,20|31|47|52|63|100,5,7|9|22|29|35|42|44|53|63|70|90,9,4,1,2,31,True,6,Loteria Nacional,1,2,nr-historical-relations-j1.0.0
2023-05-14|26|27|76,2023-05-14,2023,26,New York 10:30,1,48703,27,76,Quiniela Real,1,34740,27|38,27|38,1,27|68|76|92,1,3,1,1,,True,2,Quiniela Loteka,3,3,nr-historical-relations-j1.0.0
2023-05-15|39|9|63,2023-05-15,2023,39,Gana Mas,1,161924,9,63,Loteria Nacional,1,107964,9|14|30|41|46|62|78|94,9|14|30|41|46|62|78|94,1,7|9|22|29|35|42|44|53|63|70|90,2,9,1,3,41|46,True,4,Quiniela Loteka,2,1,nr-historical-relations-j1.0.0
2023-05-15|39|41|89,2023-05-15,2023,39,Gana Mas,1,161924,41,89,Quiniela Real,1,34739,9|14|30|41|46|62|78|94,9|14|30|41|46|62|78|94,4,12|41|56|71|89,2,5,1,3,9|46,True,4,Loteria Nacional,1,2,nr-historical-relations-j1.0.0
2023-05-15|39|46|86,2023-05-15,2023,39,Gana Mas,1,161924,46,86,Quiniela Loteka,1,34692,9|14|30|41|46|62|78|94,9|14|30|41|46|62|78|94,5,19|46|86,2,3,1,3,9|41,True,1,Gana Mas,1,1,nr-historical-relations-j1.0.0
2023-05-16|46|58|94,2023-05-16,2023,46,Gana Mas,1,161923,58,94,New York 10:30,1,48701,37|58|74|90,37|58|74|90,2,58|84|94,1,3,1,1,,True,1,Quiniela Loteka,1,2,nr-historical-relations-j1.0.0
2023-05-18|26|27|92,2023-05-18,2023,26,Quiniela Leidsa,1,115446,27,92,New York 2:30,1,46236,27|38,27|38,1,27|68|76|92,1,4,1,1,,True,2,New York 2:30,3,1,nr-historical-relations-j1.0.0
2023-05-21|44|22|7,2023-05-21,2023,44,Gana Mas,1,161918,22,7,Quiniela Real,1,34733,22|59|70|75|91,22|59|70|75|91,1,7|9|22|29|35|42|44|53|63|70|90,3,1,2,2,70,True,4,Gana Mas,2,2,nr-historical-relations-j1.0.0
2023-05-21|44|22|29,2023-05-21,2023,44,Gana Mas,1,161918,22,29,New York 10:30,1,48696,22|59|70|75|91,22|59|70|75|91,1,7|9|22|29|35|42|44|53|63|70|90,3,4,2,2,70,True,4,Gana Mas,2,2,nr-historical-relations-j1.0.0
2023-05-21|44|70|7,2023-05-21,2023,44,Gana Mas,1,161918,70,7,Quiniela Real,1,34733,22|59|70|75|91,22|59|70|75|91,3,7|9|22|29|35|42|44|53|63|70|90,10,1,3,2,22,False,,,,0,nr-historical-relations-j1.0.0
2023-05-21|44|70|22,2023-05-21,2023,44,Gana Mas,1,161918,70,22,Loteria Nacional,1,107958,22|59|70|75|91,22|59|70|75|91,3,7|9|22|29|35|42|44|53|63|70|90,10,3,3,2,22,False,,,,0,nr-historical-relations-j1.0.0
2023-05-21|44|70|29,2023-05-21,2023,44,Gana Mas,1,161918,70,29,New York 10:30,1,48696,22|59|70|75|91,22|59|70|75|91,3,7|9|22|29|35|42|44|53|63|70|90,10,4,3,2,22,False,,,,0,nr-historical-relations-j1.0.0
2023-05-22|36|48|93,2023-05-22,2023,36,New York 10:30,1,48695,48,93,Loteria Nacional,1,107957,32|48|64|85,32|48|64|85,2,48|93|97,1,2,1,1,,True,3,New York 10:30,3,2,nr-historical-relations-j1.0.0
2023-05-24|33|2|20,2023-05-24,2023,33,Quiniela Real,1,34730,2,20,New York 10:30,1,48693,2|39|82|87,2|39|82|87,1,2|20,1,2,1,3,68|87,False,,,,0,nr-historical-relations-j1.0.0
2023-05-24|47|68|76,2023-05-24,2023,47,Gana Mas,1,161915,68,76,Quiniela Loteka,1,34683,4|36|68|79|84,4|36|68|79|84,3,27|68|76|92,2,3,1,3,2|87,True,1,Quiniela Leidsa,1,2,nr-historical-relations-j1.0.0
2023-05-24|33|87|23,2023-05-24,2023,33,Quiniela Real,1,34730,87,23,Loteria Nacional,1,107955,2|39|82|87,2|39|82|87,4,23|28|73|77|87,5,1,1,3,2|68,True,2,Quiniela Loteka,1,2,nr-historical-relations-j1.0.0
2023-05-29|42|7|90,2023-05-29,2023,42,Quiniela Loteka,1,34678,7,90,Quiniela Leidsa,1,115435,7|18|23|50|55|66|71,7|18|23|50|55|66|71,1,7|9|22|29|35|42|44|53|63|70|90,1,11,1,3,29|71,True,5,New York 2:30,1,1,nr-historical-relations-j1.0.0
2023-05-29|41|29|42,2023-05-29,2023,41,New York 2:30,1,46225,29,42,Quiniela Loteka,1,34678,13|29|93,13|29|93,2,7|9|22|29|35|42|44|53|63|70|90,4,6,2,3,7|71,True,5,Quiniela Leidsa,2,1,nr-historical-relations-j1.0.0
2023-05-29|41|29|90,2023-05-29,2023,41,New York 2:30,1,46225,29,90,Quiniela Leidsa,1,115435,13|29|93,13|29|93,2,7|9|22|29|35|42|44|53|63|70|90,4,11,2,3,7|71,True,5,Quiniela Leidsa,2,1,nr-historical-relations-j1.0.0
2023-05-29|42|71|41,2023-05-29,2023,42,Quiniela Loteka,1,34678,71,41,New York 2:30,1,46225,7|18|23|50|55|66|71,7|18|23|50|55|66|71,7,12|41|56|71|89,4,2,1,3,7|29,True,3,Quiniela Loteka,2,1,nr-historical-relations-j1.0.0
2023-05-30|31|3|30,2023-05-30,2023,31,Loteria Nacional,1,107949,3,30,Quiniela Leidsa,1,115434,3|24|88|99,3|24|88|99,1,3|30|83,1,2,1,2,57,False,,,,0,nr-historical-relations-j1.0.0
2023-05-30|30|57|11,2023-05-30,2023,30,Quiniela Leidsa,1,115434,57,11,Quiniela Real,1,34724,25|57,25|57,2,11|57|69|91,2,1,1,2,3,True,5,New York 10:30,1,1,nr-historical-relations-j1.0.0
2023-05-31|33|87|23,2023-05-31,2023,33,New York 2:30,2,46223,87,23,Gana Mas,1,161908,2|39|82|87,2|39|82|87,4,23|28|73|77|87,5,1,1,1,,True,4,Gana Mas,3,1,nr-historical-relations-j1.0.0
2023-06-03|39|9|7,2023-06-03,2023,39,Quiniela Leidsa,1,115430,9,7,New York 2:30,1,46220,9|14|30|41|46|62|78|94,9|14|30|41|46|62|78|94,1,7|9|22|29|35|42|44|53|63|70|90,2,1,1,3,30|44,True,1,New York 10:30,2,4,nr-historical-relations-j1.0.0
2023-06-03|39|30|83,2023-06-03,2023,39,Quiniela Leidsa,1,115430,30,83,Gana Mas,1,161905,9|14|30|41|46|62|78|94,9|14|30|41|46|62|78|94,3,3|30|83,2,3,1,3,9|44,False,,,,0,nr-historical-relations-j1.0.0
2023-06-03|43|44|7,2023-06-03,2023,43,Quiniela Real,1,34720,44,7,New York 2:30,1,46220,12|28|44|60|81|92,12|28|44|60|81|92,3,7|9|22|29|35|42|44|53|63|70|90,7,1,1,3,9|30,True,7,Gana Mas,1,1,nr-historical-relations-j1.0.0
2023-06-05|51|34|59,2023-06-05,2023,51,New York 10:30,1,48681,34,59,New York 2:30,1,46218,34|98,34|98,1,26|34|59|72,2,3,1,1,,True,5,New York 2:30,1,1,nr-historical-relations-j1.0.0
2023-06-06|40|56|12,2023-06-06,2023,40,Gana Mas,1,161903,56,12,New York 10:30,1,48680,8|19|51|56|67|72,8|19|51|56|67|72,4,12|41|56|71|89,3,1,1,4,67|72|89,False,,,,0,nr-historical-relations-j1.0.0
2023-06-06|40|67|88,2023-06-06,2023,40,Gana Mas,1,161903,67,88,Quiniela Real,1,34717,8|19|51|56|67|72,8|19|51|56|67|72,5,67|79|88,1,3,1,4,56|72|89,True,3,New York 10:30,1,2,nr-historical-relations-j1.0.0
2023-06-06|40|72|59,2023-06-06,2023,40,Gana Mas,1,161903,72,59,New York 2:30,1,46217,8|19|51|56|67|72,8|19|51|56|67|72,6,26|34|59|72,4,3,1,4,56|67|89,True,2,Quiniela Real,3,3,nr-historical-relations-j1.0.0
2023-06-06|48|89|12,2023-06-06,2023,48,Quiniela Leidsa,1,115427,89,12,New York 10:30,1,48680,73|89,73|89,2,12|41|56|71|89,5,1,1,4,56|67|72,True,5,Quiniela Real,2,1,nr-historical-relations-j1.0.0
2023-06-07|39|9|53,2023-06-07,2023,39,New York 10:30,1,48679,9,53,New York 2:30,1,46216,9|14|30|41|46|62|78|94,9|14|30|41|46|62|78|94,1,7|9|22|29|35|42|44|53|63|70|90,2,8,1,1,,True,2,New York 2:30,3,2,nr-historical-relations-j1.0.0
2023-06-10|44|22|9,2023-06-10,2023,44,Gana Mas,1,161899,22,9,Loteria Nacional,1,107938,22|59|70|75|91,22|59|70|75|91,1,7|9|22|29|35|42|44|53|63|70|90,3,2,1,3,59|70,True,3,Gana Mas,3,4,nr-historical-relations-j1.0.0
2023-06-10|44|59|34,2023-06-10,2023,44,Gana Mas,1,161899,59,34,New York 2:30,1,46213,22|59|70|75|91,22|59|70|75|91,2,26|34|59|72,3,2,1,3,22|70,True,3,Loteria Nacional,1,1,nr-historical-relations-j1.0.0
2023-06-10|44|70|9,2023-06-10,2023,44,Gana Mas,1,161899,70,9,Loteria Nacional,1,107938,22|59|70|75|91,22|59|70|75|91,3,7|9|22|29|35|42|44|53|63|70|90,10,2,1,3,22|59,True,1,Gana Mas,1,2,nr-historical-relations-j1.0.0
2023-06-12|47|84|94,2023-06-12,2023,47,New York 10:30,1,48674,84,94,Gana Mas,1,161897,4|36|68|79|84,4|36|68|79|84,5,58|84|94,2,3,1,1,,True,1,Quiniela Loteka,3,1,nr-historical-relations-j1.0.0
2023-06-13|38|100|1,2023-06-13,2023,38,New York 2:30,1,46210,100,1,Quiniela Real,1,34710,20|31|47|52|63|100,20|31|47|52|63|100,6,1|10|100,3,1,1,1,,False,,,,0,nr-historical-relations-j1.0.0
2023-06-14|42|7|22,2023-06-14,2023,42,Gana Mas,1,161895,7,22,Quiniela Loteka,1,34662,7|18|23|50|55|66|71,7|18|23|50|55|66|71,1,7|9|22|29|35|42|44|53|63|70|90,1,3,2,1,,True,2,Gana Mas,2,3,nr-historical-relations-j1.0.0
2023-06-14|42|7|90,2023-06-14,2023,42,Gana Mas,1,161895,7,90,Loteria Nacional,1,107934,7|18|23|50|55|66|71,7|18|23|50|55|66|71,1,7|9|22|29|35|42|44|53|63|70|90,1,11,2,1,,True,2,Gana Mas,2,3,nr-historical-relations-j1.0.0
2023-06-17|39|9|35,2023-06-17,2023,39,Quiniela Leidsa,1,115416,9,35,Loteria Nacional,1,107931,9|14|30|41|46|62|78|94,9|14|30|41|46|62|78|94,1,7|9|22|29|35|42|44|53|63|70|90,2,5,1,4,14|86|90,True,1,New York 2:30,2,3,nr-historical-relations-j1.0.0
2023-06-17|39|14|54,2023-06-17,2023,39,Quiniela Leidsa,1,115416,14,54,Quiniela Loteka,1,34659,9|14|30|41|46|62|78|94,9|14|30|41|46|62|78|94,2,14|54,1,2,1,4,9|86|90,True,2,Quiniela Leidsa,2,1,nr-historical-relations-j1.0.0
2023-06-17|35|86|46,2023-06-17,2023,35,Loteria Nacional,1,107931,86,46,Gana Mas,1,161892,6|11|43|54|86,6|11|43|54|86,5,19|46|86,3,2,1,4,9|14|90,True,5,New York 10:30,3,2,nr-historical-relations-j1.0.0
2023-06-17|46|90|9,2023-06-17,2023,46,Gana Mas,1,161892,90,9,Quiniela Real,1,34706,37|58|74|90,37|58|74|90,4,7|9|22|29|35|42|44|53|63|70|90,11,2,2,4,9|14|86,True,1,Gana Mas,3,1,nr-historical-relations-j1.0.0
2023-06-17|46|90|35,2023-06-17,2023,46,Gana Mas,1,161892,90,35,Loteria Nacional,1,107931,37|58|74|90,37|58|74|90,4,7|9|22|29|35|42|44|53|63|70|90,11,5,2,4,9|14|86,True,1,Gana Mas,3,1,nr-historical-relations-j1.0.0
2023-06-19|43|28|73,2023-06-19,2023,43,Quiniela Real,1,34704,28,73,Quiniela Loteka,1,34657,12|28|44|60|81|92,12|28|44|60|81|92,2,23|28|73|77|87,2,3,1,2,44,True,7,Quiniela Leidsa,2,1,nr-historical-relations-j1.0.0
2023-06-19|43|44|70,2023-06-19,2023,43,Quiniela Real,1,34704,44,70,Loteria Nacional,1,107929,12|28|44|60|81|92,12|28|44|60|81|92,3,7|9|22|29|35|42|44|53|63|70|90,7,10,1,2,28,True,7,Gana Mas,3,1,nr-historical-relations-j1.0.0
2023-06-21|37|42|9,2023-06-21,2023,37,New York 2:30,1,46202,42,9,Loteria Nacional,1,107927,5|10|42,5|10|42,3,7|9|22|29|35|42|44|53|63|70|90,6,2,1,1,,False,,,,0,nr-historical-relations-j1.0.0
2023-06-23|43|28|87,2023-06-23,2023,43,Quiniela Real,1,34700,28,87,Quiniela Leidsa,1,115410,12|28|44|60|81|92,12|28|44|60|81|92,2,23|28|73|77|87,2,5,1,3,44|63,True,3,Quiniela Leidsa,2,3,nr-historical-relations-j1.0.0
2023-06-23|43|44|9,2023-06-23,2023,43,Quiniela Real,1,34700,44,9,Quiniela Loteka,1,34653,12|28|44|60|81|92,12|28|44|60|81|92,3,7|9|22|29|35|42|44|53|63|70|90,7,2,1,3,28|63,True,3,Gana Mas,3,3,nr-historical-relations-j1.0.0
2023-06-23|38|63|9,2023-06-23,2023,38,New York 10:30,1,48662,63,9,Quiniela Loteka,1,34653,20|31|47|52|63|100,20|31|47|52|63|100,5,7|9|22|29|35|42|44|53|63|70|90,9,2,1,3,28|44,True,7,Quiniela Leidsa,2,1,nr-historical-relations-j1.0.0
2023-06-24|46|90|70,2023-06-24,2023,46,New York 2:30,1,46199,90,70,Loteria Nacional,1,107924,37|58|74|90,37|58|74|90,4,7|9|22|29|35|42|44|53|63|70|90,11,10,1,1,,True,2,Quiniela Loteka,3,4,nr-historical-relations-j1.0.0
2023-06-25|37|42|70,2023-06-25,2023,37,Quiniela Real,1,34698,42,70,Gana Mas,1,161884,5|10|42,5|10|42,3,7|9|22|29|35|42|44|53|63|70|90,6,10,1,1,,True,6,Quiniela Leidsa,3,1,nr-historical-relations-j1.0.0
2023-06-26|38|20|2,2023-06-26,2023,38,New York 2:30,1,46197,20,2,Quiniela Loteka,1,34650,20|31|47|52|63|100,20|31|47|52|63|100,1,2|20,2,1,1,3,68|79,True,3,New York 2:30,2,2,nr-historical-relations-j1.0.0
2023-06-26|47|68|76,2023-06-26,2023,47,New York 10:30,1,48659,68,76,Quiniela Real,1,34697,4|36|68|79|84,4|36|68|79|84,3,27|68|76|92,2,3,1,3,20|79,True,2,New York 2:30,1,2,nr-historical-relations-j1.0.0
2023-06-26|47|79|67,2023-06-26,2023,47,New York 10:30,1,48659,79,67,Quiniela Leidsa,1,115407,4|36|68|79|84,4|36|68|79|84,4,67|79|88,2,1,1,3,20|68,True,3,New York 2:30,3,1,nr-historical-relations-j1.0.0
2023-06-27|40|19|86,2023-06-27,2023,40,New York 10:30,1,48658,19,86,Quiniela Real,1,34696,8|19|51|56|67|72,8|19|51|56|67|72,2,19|46|86,1,3,1,1,,False,,,,0,nr-historical-relations-j1.0.0
2023-06-28|44|22|70,2023-06-28,2023,44,New York 10:30,1,48657,22,70,Quiniela Loteka,1,34648,22|59|70|75|91,22|59|70|75|91,1,7|9|22|29|35|42|44|53|63|70|90,3,10,1,1,,True,4,Quiniela Loteka,1,1,nr-historical-relations-j1.0.0
2023-06-29|39|9|7,2023-06-29,2023,39,Quiniela Loteka,1,51119,9,7,Quiniela Leidsa,1,115404,9|14|30|41|46|62|78|94,9|14|30|41|46|62|78|94,1,7|9|22|29|35|42|44|53|63|70|90,2,1,1,2,94,False,,,,0,nr-historical-relations-j1.0.0
2023-06-29|39|94|84,2023-06-29,2023,39,Quiniela Loteka,1,51119,94,84,New York 10:30,1,51127,9|14|30|41|46|62|78|94,9|14|30|41|46|62|78|94,8,58|84|94,3,2,1,2,9,True,1,Gana Mas,3,1,nr-historical-relations-j1.0.0
2023-06-30|28|26|59,2023-06-30,2023,28,Quiniela Real,1,51135,26,59,New York 10:30,1,51138,21|26|53,21|26|53,2,26|34|59|72,1,3,2,3,53|87,True,5,Gana Mas,1,1,nr-historical-relations-j1.0.0
2023-06-30|28|26|72,2023-06-30,2023,28,Quiniela Real,1,51135,26,72,Gana Mas,1,161879,21|26|53,21|26|53,2,26|34|59|72,1,4,2,3,53|87,True,5,Gana Mas,1,1,nr-historical-relations-j1.0.0
2023-06-30|28|53|7,2023-06-30,2023,28,Quiniela Real,1,51135,53,7,Quiniela Loteka,1,51130,21|26|53,21|26|53,3,7|9|22|29|35|42|44|53|63|70|90,8,1,1,3,26|87,True,4,Loteria Nacional,3,1,nr-historical-relations-j1.0.0
2023-06-30|33|87|28,2023-06-30,2023,33,Quiniela Leidsa,1,115403,87,28,Quiniela Real,1,51135,2|39|82|87,2|39|82|87,4,23|28|73|77|87,5,2,1,3,26|53,True,6,Loteria Nacional,3,2,nr-historical-relations-j1.0.0
2023-07-05|39|62|75,2023-07-05,2023,39,Quiniela Leidsa,1,115398,62,75,Quiniela Loteka,1,52089,9|14|30|41|46|62|78|94,9|14|30|41|46|62|78|94,6,62|75,1,2,1,1,,True,2,New York 10:30,1,2,nr-historical-relations-j1.0.0
2023-07-06|43|92|27,2023-07-06,2023,43,Quiniela Real,1,55057,92,27,Gana Mas,1,161873,12|28|44|60|81|92,12|28|44|60|81|92,6,27|68|76|92,4,1,1,1,,True,1,Quiniela Loteka,1,4,nr-historical-relations-j1.0.0
2023-07-07|39|9|63,2023-07-07,2023,39,Gana Mas,1,161872,9,63,Quiniela Leidsa,1,115396,9|14|30|41|46|62|78|94,9|14|30|41|46|62|78|94,1,7|9|22|29|35|42|44|53|63|70|90,2,9,1,2,30,True,3,Quiniela Leidsa,1,1,nr-historical-relations-j1.0.0
2023-07-07|39|30|3,2023-07-07,2023,39,Gana Mas,1,161872,30,3,Quiniela Real,1,58763,9|14|30|41|46|62|78|94,9|14|30|41|46|62|78|94,3,3|30|83,2,1,1,2,9,True,5,Quiniela Loteka,3,1,nr-historical-relations-j1.0.0
2023-07-08|28|53|44,2023-07-08,2023,28,Loteria Nacional,1,107910,53,44,New York 10:30,1,62768,21|26|53,21|26|53,3,7|9|22|29|35|42|44|53|63|70|90,8,7,1,2,77,False,,,,0,nr-historical-relations-j1.0.0
2023-07-08|32|77|28,2023-07-08,2023,32,Gana Mas,1,161871,77,28,Loteria Nacional,1,107910,77,77,1,23|28|73|77|87,4,2,1,2,53,False,,,,0,nr-historical-relations-j1.0.0
2023-07-09|46|90|42,2023-07-09,2023,46,Quiniela Real,1,62777,90,42,Loteria Nacional,1,107909,37|58|74|90,37|58|74|90,4,7|9|22|29|35|42|44|53|63|70|90,11,6,1,1,,True,1,New York 2:30,3,2,nr-historical-relations-j1.0.0
2023-07-11|42|7|90,2023-07-11,2023,42,Quiniela Real,1,68110,7,90,New York 10:30,1,68119,7|18|23|50|55|66|71,7|18|23|50|55|66|71,1,7|9|22|29|35|42|44|53|63|70|90,1,11,1,1,,True,1,Gana Mas,3,2,nr-historical-relations-j1.0.0
2023-07-14|46|58|84,2023-07-14,2023,46,Loteria Nacional,1,107904,58,84,Quiniela Loteka,1,68167,37|58|74|90,37|58|74|90,2,58|84|94,1,2,1,1,,False,,,,0,nr-historical-relations-j1.0.0
2023-07-16|44|22|9,2023-07-16,2023,44,Loteria Nacional,1,107902,22,9,Quiniela Loteka,1,72645,22|59|70|75|91,22|59|70|75|91,1,7|9|22|29|35|42|44|53|63|70|90,3,2,1,2,70,True,4,Quiniela Loteka,3,1,nr-historical-relations-j1.0.0
2023-07-16|44|70|9,2023-07-16,2023,44,Loteria Nacional,1,107902,70,9,Quiniela Loteka,1,72645,22|59|70|75|91,22|59|70|75|91,3,7|9|22|29|35|42|44|53|63|70|90,10,2,2,2,22,True,2,Gana Mas,2,5,nr-historical-relations-j1.0.0
2023-07-16|44|70|22,2023-07-16,2023,44,Loteria Nacional,1,107902,70,22,New York 10:30,1,72646,22|59|70|75|91,22|59|70|75|91,3,7|9|22|29|35|42|44|53|63|70|90,10,3,2,2,22,True,2,Gana Mas,2,5,nr-historical-relations-j1.0.0
2023-07-17|36|32|45,2023-07-17,2023,36,Quiniela Leidsa,1,115386,32,45,Quiniela Loteka,1,72660,32|48|64|85,32|48|64|85,1,32|45,1,2,1,1,,True,2,Loteria Nacional,2,2,nr-historical-relations-j1.0.0
2023-07-18|41|29|63,2023-07-18,2023,41,Loteria Nacional,1,107900,29,63,New York 10:30,1,72678,13|29|93,13|29|93,2,7|9|22|29|35|42|44|53|63|70|90,4,9,1,2,56,False,,,,0,nr-historical-relations-j1.0.0
2023-07-18|40|56|41,2023-07-18,2023,40,Quiniela Leidsa,1,115385,56,41,Loteria Nacional,1,107900,8|19|51|56|67|72,8|19|51|56|67|72,4,12|41|56|71|89,3,2,1,2,29,True,6,Quiniela Real,1,1,nr-historical-relations-j1.0.0
2023-07-19|39|9|35,2023-07-19,2023,39,New York 10:30,1,72694,9,35,Quiniela Leidsa,1,115384,9|14|30|41|46|62|78|94,9|14|30|41|46|62|78|94,1,7|9|22|29|35|42|44|53|63|70|90,2,5,2,1,,False,,,,0,nr-historical-relations-j1.0.0
2023-07-19|39|9|63,2023-07-19,2023,39,New York 10:30,1,72694,9,63,Quiniela Loteka,1,72693,9|14|30|41|46|62|78|94,9|14|30|41|46|62|78|94,1,7|9|22|29|35|42|44|53|63|70|90,2,9,2,1,,False,,,,0,nr-historical-relations-j1.0.0
2023-07-20|52|65|37,2023-07-20,2023,52,Quiniela Leidsa,1,115383,65,37,Quiniela Real,1,72706,65|97,65|97,1,37|65|82,2,1,1,2,97,False,,,,0,nr-historical-relations-j1.0.0
2023-07-20|52|97|93,2023-07-20,2023,52,Quiniela Leidsa,1,115383,97,93,New York 2:30,1,72712,65|97,65|97,2,48|93|97,3,2,1,2,65,False,,,,0,nr-historical-relations-j1.0.0
2023-07-22|43|12|41,2023-07-22,2023,43,New York 2:30,1,72710,12,41,Loteria Nacional,1,107896,12|28|44|60|81|92,12|28|44|60|81|92,1,12|41|56|71|89,1,2,1,1,,True,1,New York 10:30,2,2,nr-historical-relations-j1.0.0
2023-07-24|41|29|42,2023-07-24,2023,41,Gana Mas,1,161855,29,42,New York 10:30,1,72764,13|29|93,13|29|93,2,7|9|22|29|35|42|44|53|63|70|90,4,6,1,3,63|71,False,,,,0,nr-historical-relations-j1.0.0
2023-07-24|38|63|42,2023-07-24,2023,38,New York 2:30,1,72746,63,42,New York 10:30,1,72764,20|31|47|52|63|100,20|31|47|52|63|100,5,7|9|22|29|35|42|44|53|63|70|90,9,6,1,3,29|71,False,,,,0,nr-historical-relations-j1.0.0
2023-07-24|42|71|41,2023-07-24,2023,42,New York 10:30,1,72764,71,41,Gana Mas,1,161855,7|18|23|50|55|66|71,7|18|23|50|55|66|71,7,12|41|56|71|89,4,2,2,3,29|63,True,5,New York 10:30,1,2,nr-historical-relations-j1.0.0
2023-07-24|42|71|56,2023-07-24,2023,42,New York 10:30,1,72764,71,56,Quiniela Real,1,72742,7|18|23|50|55|66|71,7|18|23|50|55|66|71,7,12|41|56|71|89,4,3,2,3,29|63,True,5,New York 10:30,1,2,nr-historical-relations-j1.0.0
2023-07-25|28|26|59,2023-07-25,2023,28,Loteria Nacional,1,107893,26,59,Quiniela Leidsa,1,115378,21|26|53,21|26|53,2,26|34|59|72,1,3,1,2,77,True,7,Quiniela Leidsa,1,1,nr-historical-relations-j1.0.0
2023-07-25|32|77|28,2023-07-25,2023,32,Gana Mas,1,161854,77,28,Loteria Nacional,1,107893,77,77,1,23|28|73|77|87,4,2,1,2,26,False,,,,0,nr-historical-relations-j1.0.0
2023-07-26|42|7|53,2023-07-26,2023,42,New York 10:30,1,72803,7,53,New York 2:30,2,72789,7|18|23|50|55|66|71,7|18|23|50|55|66|71,1,7|9|22|29|35|42|44|53|63|70|90,1,8,1,1,,True,1,Gana Mas,2,3,nr-historical-relations-j1.0.0
2023-07-28|40|19|86,2023-07-28,2023,40,New York 10:30,1,72834,19,86,Quiniela Leidsa,1,115375,8|19|51|56|67|72,8|19|51|56|67|72,2,19|46|86,1,3,1,1,,False,,,,0,nr-historical-relations-j1.0.0
2023-07-30|37|42|22,2023-07-30,2023,37,New York 10:30,1,72866,42,22,New York 2:30,1,72852,5|10|42,5|10|42,3,7|9|22|29|35|42|44|53|63|70|90,6,3,2,2,63,True,3,Quiniela Real,3,1,nr-historical-relations-j1.0.0
2023-07-30|37|42|35,2023-07-30,2023,37,New York 10:30,1,72866,42,35,Quiniela Real,1,72848,5|10|42,5|10|42,3,7|9|22|29|35|42|44|53|63|70|90,6,5,2,2,63,True,3,Quiniela Real,3,1,nr-historical-relations-j1.0.0
2023-07-30|38|63|22,2023-07-30,2023,38,Quiniela Leidsa,1,115373,63,22,New York 2:30,1,72852,20|31|47|52|63|100,20|31|47|52|63|100,5,7|9|22|29|35|42|44|53|63|70|90,9,3,2,2,42,True,6,Loteria Nacional,2,1,nr-historical-relations-j1.0.0
2023-07-30|38|63|35,2023-07-30,2023,38,Quiniela Leidsa,1,115373,63,35,Quiniela Real,1,72848,20|31|47|52|63|100,20|31|47|52|63|100,5,7|9|22|29|35|42|44|53|63|70|90,9,5,2,2,42,True,6,Loteria Nacional,2,1,nr-historical-relations-j1.0.0
2023-08-01|26|27|68,2023-08-01,2023,26,Quiniela Leidsa,1,115371,27,68,Loteria Nacional,1,107886,27|38,27|38,1,27|68|76|92,1,2,1,1,,True,2,Quiniela Real,2,2,nr-historical-relations-j1.0.0
2023-08-03|46|37|65,2023-08-03,2023,46,Quiniela Leidsa,1,115369,37,65,Loteria Nacional,1,107884,37|58|74|90,37|58|74|90,1,37|65|82,1,2,1,2,74,True,4,Quiniela Leidsa,2,2,nr-historical-relations-j1.0.0
2023-08-03|46|74|31,2023-08-03,2023,46,Quiniela Leidsa,1,115369,74,31,Quiniela Loteka,1,72937,37|58|74|90,37|58|74|90,3,31|74,2,1,1,2,37,True,2,Gana Mas,1,1,nr-historical-relations-j1.0.0
2023-08-05|43|92|68,2023-08-05,2023,43,New York 2:30,1,72971,92,68,Loteria Nacional,1,107882,12|28|44|60|81|92,12|28|44|60|81|92,6,27|68|76|92,4,2,1,1,,True,1,New York 2:30,3,2,nr-historical-relations-j1.0.0
2023-08-09|46|90|63,2023-08-09,2023,46,New York 2:30,1,78515,90,63,Loteria Nacional,1,107878,37|58|74|90,37|58|74|90,4,7|9|22|29|35|42|44|53|63|70|90,11,9,1,1,,True,5,Quiniela Real,3,2,nr-historical-relations-j1.0.0
2023-08-14|33|82|37,2023-08-14,2023,33,New York 2:30,1,105636,82,37,Gana Mas,1,161834,2|39|82|87,2|39|82|87,3,37|65|82,3,1,1,2,87,True,1,Gana Mas,3,5,nr-historical-relations-j1.0.0
2023-08-14|33|87|73,2023-08-14,2023,33,New York 2:30,1,105636,87,73,New York 10:30,1,105641,2|39|82|87,2|39|82|87,4,23|28|73|77|87,5,3,1,2,82,True,3,Quiniela Leidsa,1,4,nr-historical-relations-j1.0.0
2023-08-15|33|82|37,2023-08-15,2023,33,New York 10:30,1,105642,82,37,Quiniela Leidsa,1,115357,2|39|82|87,2|39|82|87,3,37|65|82,3,1,1,1,,True,1,Gana Mas,3,3,nr-historical-relations-j1.0.0
2023-08-16|54|96|15,2023-08-16,2023,54,Gana Mas,1,161832,96,15,New York 10:30,1,105643,96,96,1,15|96,2,1,1,1,,True,3,Quiniela Leidsa,1,3,nr-historical-relations-j1.0.0
2023-08-18|44|22|9,2023-08-18,2023,44,Quiniela Real,1,105646,22,9,Loteria Nacional,1,107869,22|59|70|75|91,22|59|70|75|91,1,7|9|22|29|35|42|44|53|63|70|90,3,2,1,2,70,True,3,Quiniela Loteka,1,2,nr-historical-relations-j1.0.0
2023-08-18|44|70|9,2023-08-18,2023,44,Quiniela Real,1,105646,70,9,Loteria Nacional,1,107869,22|59|70|75|91,22|59|70|75|91,3,7|9|22|29|35|42|44|53|63|70|90,10,2,1,2,22,False,,,,0,nr-historical-relations-j1.0.0
2023-08-19|27|16|25,2023-08-19,2023,27,New York 10:30,1,105669,16,25,Quiniela Loteka,1,105668,16,16,1,16|25,1,2,1,1,,True,5,New York 2:30,3,1,nr-historical-relations-j1.0.0
2023-08-20|39|41|89,2023-08-20,2023,39,New York 10:30,1,105690,41,89,Quiniela Leidsa,1,115352,9|14|30|41|46|62|78|94,9|14|30|41|46|62|78|94,4,12|41|56|71|89,2,5,1,1,,False,,,,0,nr-historical-relations-j1.0.0
2023-08-21|47|79|67,2023-08-21,2023,47,Quiniela Real,1,105692,79,67,Loteria Nacional,1,107866,4|36|68|79|84,4|36|68|79|84,4,67|79|88,2,1,1,2,90,True,3,Quiniela Loteka,3,2,nr-historical-relations-j1.0.0
2023-08-21|46|90|22,2023-08-21,2023,46,Gana Mas,1,161827,90,22,Quiniela Loteka,1,129973,37|58|74|90,37|58|74|90,4,7|9|22|29|35|42|44|53|63|70|90,11,3,1,2,79,False,,,,0,nr-historical-relations-j1.0.0
2023-08-25|38|63|42,2023-08-25,2023,38,New York 2:30,1,143784,63,42,Loteria Nacional,1,143768,20|31|47|52|63|100,20|31|47|52|63|100,5,7|9|22|29|35|42|44|53|63|70|90,9,6,1,1,,True,4,Quiniela Real,3,1,nr-historical-relations-j1.0.0
2023-08-26|31|88|79,2023-08-26,2023,31,Quiniela Loteka,1,143796,88,79,New York 10:30,1,143805,3|24|88|99,3|24|88|99,3,67|79|88,3,2,1,1,,True,6,Loteria Nacional,2,1,nr-historical-relations-j1.0.0
2023-08-27|47|79|67,2023-08-27,2023,47,Quiniela Loteka,1,143813,79,67,New York 10:30,1,143821,4|36|68|79|84,4|36|68|79|84,4,67|79|88,2,1,1,2,84,True,2,New York 10:30,3,3,nr-historical-relations-j1.0.0
2023-08-27|47|84|58,2023-08-27,2023,47,Quiniela Loteka,1,143813,84,58,Loteria Nacional,1,143811,4|36|68|79|84,4|36|68|79|84,5,58|84|94,2,1,1,2,79,True,4,Loteria Nacional,1,1,nr-historical-relations-j1.0.0
2023-08-29|28|26|59,2023-08-29,2023,28,Quiniela Leidsa,1,143843,26,59,New York 2:30,1,143851,21|26|53,21|26|53,2,26|34|59|72,1,3,1,2,53,True,6,New York 10:30,3,2,nr-historical-relations-j1.0.0
2023-08-29|28|53|7,2023-08-29,2023,28,Quiniela Leidsa,1,143843,53,7,Quiniela Loteka,1,143844,21|26|53,21|26|53,3,7|9|22|29|35|42|44|53|63|70|90,8,1,2,2,26,True,2,Loteria Nacional,2,1,nr-historical-relations-j1.0.0
2023-08-29|28|53|70,2023-08-29,2023,28,Quiniela Leidsa,1,143843,53,70,New York 10:30,1,143852,21|26|53,21|26|53,3,7|9|22|29|35|42|44|53|63|70|90,8,10,2,2,26,True,2,Loteria Nacional,2,1,nr-historical-relations-j1.0.0
2023-08-30|52|65|82,2023-08-30,2023,52,Quiniela Real,1,143865,65,82,Quiniela Loteka,1,143859,65|97,65|97,1,37|65|82,2,3,1,1,,False,,,,0,nr-historical-relations-j1.0.0
2023-08-31|43|92|27,2023-08-31,2023,43,Quiniela Loteka,1,143875,92,27,Gana Mas,1,161819,12|28|44|60|81|92,12|28|44|60|81|92,6,27|68|76|92,4,1,1,1,,True,6,Quiniela Loteka,2,2,nr-historical-relations-j1.0.0
2023-09-01|36|85|52,2023-09-01,2023,36,New York 10:30,1,143899,85,52,Loteria Nacional,1,143889,32|48|64|85,32|48|64|85,4,52|81|85,3,1,1,1,,False,,,,0,nr-historical-relations-j1.0.0
2023-09-02|34|1|10,2023-09-02,2023,34,Quiniela Leidsa,1,143905,1,10,Quiniela Real,1,143912,1|17|33|49|76,1|17|33|49|76,1,1|10|100,1,2,1,1,,True,6,New York 2:30,3,2,nr-historical-relations-j1.0.0
2023-09-03|35|11|57,2023-09-03,2023,35,Quiniela Leidsa,1,150552,11,57,Gana Mas,1,161816,6|11|43|54|86,6|11|43|54|86,2,11|57|69|91,1,2,1,1,,True,7,New York 10:30,2,2,nr-historical-relations-j1.0.0
2023-09-04|42|7|35,2023-09-04,2023,42,New York 10:30,1,150576,7,35,Loteria Nacional,1,150562,7|18|23|50|55|66|71,7|18|23|50|55|66|71,1,7|9|22|29|35|42|44|53|63|70|90,1,5,1,3,9|35,True,4,Loteria Nacional,1,2,nr-historical-relations-j1.0.0
2023-09-04|39|9|35,2023-09-04,2023,39,Quiniela Leidsa,1,150567,9,35,Loteria Nacional,1,150562,9|14|30|41|46|62|78|94,9|14|30|41|46|62|78|94,1,7|9|22|29|35|42|44|53|63|70|90,2,5,2,3,7|35,True,1,Loteria Nacional,1,5,nr-historical-relations-j1.0.0
2023-09-04|39|9|42,2023-09-04,2023,39,Quiniela Leidsa,1,150567,9,42,New York 10:30,1,150576,9|14|30|41|46|62|78|94,9|14|30|41|46|62|78|94,1,7|9|22|29|35|42|44|53|63|70|90,2,6,2,3,7|35,True,1,Loteria Nacional,1,5,nr-historical-relations-j1.0.0
2023-09-04|49|35|42,2023-09-04,2023,49,Quiniela Real,1,150561,35,42,New York 10:30,1,150576,35|40|83,35|40|83,1,7|9|22|29|35|42|44|53|63|70|90,5,6,1,3,7|9,False,,,,0,nr-historical-relations-j1.0.0
2023-09-05|37|42|9,2023-09-05,2023,37,Gana Mas,1,161814,42,9,Loteria Nacional,1,150579,5|10|42,5|10|42,3,7|9|22|29|35|42|44|53|63|70|90,6,2,1,1,,True,7,New York 10:30,1,1,nr-historical-relations-j1.0.0
2023-09-06|43|12|41,2023-09-06,2023,43,New York 2:30,1,150610,12,41,Quiniela Loteka,1,150603,12|28|44|60|81|92,12|28|44|60|81|92,1,12|41|56|71|89,1,2,1,3,68|92,True,1,Quiniela Leidsa,1,1,nr-historical-relations-j1.0.0
2023-09-06|47|68|76,2023-09-06,2023,47,Loteria Nacional,1,150596,68,76,Quiniela Real,1,150609,4|36|68|79|84,4|36|68|79|84,3,27|68|76|92,2,3,1,3,12|92,True,2,Gana Mas,3,3,nr-historical-relations-j1.0.0
2023-09-06|43|92|76,2023-09-06,2023,43,New York 2:30,1,150610,92,76,Quiniela Real,1,150609,12|28|44|60|81|92,12|28|44|60|81|92,6,27|68|76|92,4,3,1,3,12|68,True,1,Loteria Nacional,3,2,nr-historical-relations-j1.0.0
2023-09-07|41|29|9,2023-09-07,2023,41,Gana Mas,1,161812,29,9,New York 10:30,1,150630,13|29|93,13|29|93,2,7|9|22|29|35|42|44|53|63|70|90,4,2,1,1,,False,,,,0,nr-historical-relations-j1.0.0
2023-09-09|31|88|79,2023-09-09,2023,31,New York 10:30,1,150667,88,79,Loteria Nacional,1,150650,3|24|88|99,3|24|88|99,3,67|79|88,3,2,1,1,,True,7,Quiniela Loteka,2,1,nr-historical-relations-j1.0.0
2023-09-11|28|26|72,2023-09-11,2023,28,Quiniela Leidsa,1,150687,26,72,New York 2:30,1,150698,21|26|53,21|26|53,2,26|34|59|72,1,4,1,1,,True,5,Quiniela Leidsa,1,1,nr-historical-relations-j1.0.0
2023-09-12|34|1|10,2023-09-12,2023,34,Loteria Nacional,1,150701,1,10,Quiniela Leidsa,1,150706,1|17|33|49|76,1|17|33|49|76,1,1|10|100,1,2,1,3,7|71,False,,,,0,nr-historical-relations-j1.0.0
2023-09-12|42|7|53,2023-09-12,2023,42,New York 10:30,1,150715,7,53,Quiniela Loteka,1,150707,7|18|23|50|55|66|71,7|18|23|50|55|66|71,1,7|9|22|29|35|42|44|53|63|70|90,1,8,1,3,1|71,False,,,,0,nr-historical-relations-j1.0.0
2023-09-12|42|71|56,2023-09-12,2023,42,New York 10:30,1,150715,71,56,New York 2:30,1,150714,7|18|23|50|55|66|71,7|18|23|50|55|66|71,7,12|41|56|71|89,4,3,1,3,1|7,True,3,Gana Mas,1,2,nr-historical-relations-j1.0.0
2023-09-13|28|53|90,2023-09-13,2023,28,New York 2:30,1,150728,53,90,Quiniela Loteka,1,150720,21|26|53,21|26|53,3,7|9|22|29|35|42|44|53|63|70|90,8,11,1,2,87,True,4,Quiniela Real,3,2,nr-historical-relations-j1.0.0
2023-09-13|33|87|28,2023-09-13,2023,33,Loteria Nacional,1,150718,87,28,New York 2:30,1,150728,2|39|82|87,2|39|82|87,4,23|28|73|77|87,5,2,1,2,53,True,3,New York 2:30,1,2,nr-historical-relations-j1.0.0
2023-09-14|34|76|68,2023-09-14,2023,34,Quiniela Loteka,1,150744,76,68,New York 10:30,1,150753,1|17|33|49|76,1|17|33|49|76,5,27|68|76|92,3,2,2,2,85,True,4,Gana Mas,3,2,nr-historical-relations-j1.0.0
2023-09-14|34|76|92,2023-09-14,2023,34,Quiniela Loteka,1,150744,76,92,New York 2:30,1,150741,1|17|33|49|76,1|17|33|49|76,5,27|68|76|92,3,4,2,2,85,True,4,Gana Mas,3,2,nr-historical-relations-j1.0.0
2023-09-14|36|85|81,2023-09-14,2023,36,Quiniela Leidsa,1,150746,85,81,Loteria Nacional,1,150745,32|48|64|85,32|48|64|85,4,52|81|85,3,2,1,2,76,False,,,,0,nr-historical-relations-j1.0.0
2023-09-15|49|83|30,2023-09-15,2023,49,Quiniela Real,1,150755,83,30,New York 10:30,1,150772,35|40|83,35|40|83,3,3|30|83,3,2,1,1,,False,,,,0,nr-historical-relations-j1.0.0
2023-09-16|26|27|92,2023-09-16,2023,26,Quiniela Leidsa,1,150775,27,92,Quiniela Real,1,150786,27|38,27|38,1,27|68|76|92,1,4,1,2,68,True,7,Quiniela Loteka,2,1,nr-historical-relations-j1.0.0
2023-09-16|47|68|92,2023-09-16,2023,47,Gana Mas,1,161803,68,92,Quiniela Real,1,150786,4|36|68|79|84,4|36|68|79|84,3,27|68|76|92,2,4,1,2,27,False,,,,0,nr-historical-relations-j1.0.0
2023-09-17|49|83|3,2023-09-17,2023,49,Quiniela Leidsa,1,150793,83,3,New York 10:30,1,150805,35|40|83,35|40|83,3,3|30|83,3,1,1,1,,False,,,,0,nr-historical-relations-j1.0.0
2023-09-18|41|29|9,2023-09-18,2023,41,New York 10:30,1,150822,29,9,Quiniela Leidsa,1,150827,13|29|93,13|29|93,2,7|9|22|29|35|42|44|53|63|70|90,4,2,2,1,,False,,,,0,nr-historical-relations-j1.0.0
2023-09-18|41|29|22,2023-09-18,2023,41,New York 10:30,1,150822,29,22,Quiniela Loteka,1,150815,13|29|93,13|29|93,2,7|9|22|29|35|42|44|53|63|70|90,4,3,2,1,,False,,,,0,nr-historical-relations-j1.0.0
2023-09-20|32|77|23,2023-09-20,2023,32,New York 10:30,1,150860,77,23,New York 2:30,1,150853,77,77,1,23|28|73|77|87,4,1,1,1,,False,,,,0,nr-historical-relations-j1.0.0
2023-09-22|47|4|40,2023-09-22,2023,47,Quiniela Leidsa,1,150884,4,40,Quiniela Loteka,1,150886,4|36|68|79|84,4|36|68|79|84,1,4|40,1,2,1,2,35,True,3,New York 10:30,1,1,nr-historical-relations-j1.0.0
2023-09-22|49|35|63,2023-09-22,2023,49,Loteria Nacional,1,150880,35,63,New York 2:30,1,150892,35|40|83,35|40|83,1,7|9|22|29|35|42|44|53|63|70|90,5,9,1,2,4,False,,,,0,nr-historical-relations-j1.0.0
2023-09-23|52|65|82,2023-09-23,2023,52,New York 10:30,1,150911,65,82,Quiniela Real,1,150909,65|97,65|97,1,37|65|82,2,3,1,1,,True,3,Gana Mas,3,2,nr-historical-relations-j1.0.0
2023-09-25|37|10|1,2023-09-25,2023,37,New York 2:30,1,150943,10,1,Quiniela Loteka,1,150934,5|10|42,5|10|42,2,1|10|100,2,1,1,2,65,True,1,Quiniela Loteka,1,2,nr-historical-relations-j1.0.0
2023-09-25|52|65|37,2023-09-25,2023,52,Gana Mas,1,161795,65,37,New York 2:30,1,150943,65|97,65|97,1,37|65|82,2,1,2,2,10,True,1,Gana Mas,3,2,nr-historical-relations-j1.0.0
2023-09-25|52|65|82,2023-09-25,2023,52,Gana Mas,1,161795,65,82,Quiniela Leidsa,1,150932,65|97,65|97,1,37|65|82,2,3,2,2,10,True,1,Gana Mas,3,2,nr-historical-relations-j1.0.0
2023-09-27|37|5|50,2023-09-27,2023,37,Quiniela Loteka,1,150970,5,50,Gana Mas,1,161793,5|10|42,5|10|42,1,5|50,1,2,1,3,42|85,True,3,Quiniela Loteka,3,2,nr-historical-relations-j1.0.0
2023-09-27|37|42|53,2023-09-27,2023,37,Quiniela Loteka,1,150970,42,53,Quiniela Real,1,150976,5|10|42,5|10|42,3,7|9|22|29|35|42|44|53|63|70|90,6,8,1,3,5|85,True,3,New York 2:30,3,2,nr-historical-relations-j1.0.0
2023-09-27|36|85|81,2023-09-27,2023,36,Quiniela Leidsa,1,150968,85,81,Loteria Nacional,1,150963,32|48|64|85,32|48|64|85,4,52|81|85,3,2,1,3,5|42,True,1,Gana Mas,2,3,nr-historical-relations-j1.0.0
2023-09-28|45|69|57,2023-09-28,2023,45,Quiniela Real,1,150986,69,57,Quiniela Loteka,1,150987,69|80,69|80,1,11|57|69|91,3,2,1,1,,True,1,Gana Mas,1,3,nr-historical-relations-j1.0.0
2023-09-30|34|17|13,2023-09-30,2023,34,New York 2:30,1,151029,17,13,New York 10:30,1,151055,1|17|33|49|76,1|17|33|49|76,2,13|17,2,1,1,2,85,True,1,Quiniela Real,2,2,nr-historical-relations-j1.0.0
2023-09-30|36|85|52,2023-09-30,2023,36,Gana Mas,1,161790,85,52,Loteria Nacional,1,151016,32|48|64|85,32|48|64|85,4,52|81|85,3,1,1,2,17,True,3,New York 10:30,3,2,nr-historical-relations-j1.0.0
2023-10-01|44|59|72,2023-10-01,2023,44,Quiniela Leidsa,1,151064,59,72,New York 10:30,1,151072,22|59|70|75|91,22|59|70|75|91,2,26|34|59|72,3,4,1,2,63,True,5,Gana Mas,2,2,nr-historical-relations-j1.0.0
2023-10-01|38|63|44,2023-10-01,2023,38,Quiniela Real,1,151058,63,44,Quiniela Leidsa,1,151064,20|31|47|52|63|100,20|31|47|52|63|100,5,7|9|22|29|35|42|44|53|63|70|90,9,7,1,2,59,True,5,Loteria Nacional,1,5,nr-historical-relations-j1.0.0
2023-10-02|49|83|3,2023-10-02,2023,49,Loteria Nacional,1,151088,83,3,Quiniela Real,1,151075,35|40|83,35|40|83,3,3|30|83,3,1,1,1,,True,2,New York 2:30,1,1,nr-historical-relations-j1.0.0
2023-10-03|31|3|30,2023-10-03,2023,31,Loteria Nacional,1,151105,3,30,Quiniela Real,1,151092,3|24|88|99,3|24|88|99,1,3|30|83,1,2,1,1,,False,,,,0,nr-historical-relations-j1.0.0
2023-10-07|42|7|63,2023-10-07,2023,42,Quiniela Loteka,1,161770,7,63,Loteria Nacional,1,161775,7|18|23|50|55|66|71,7|18|23|50|55|66|71,1,7|9|22|29|35|42|44|53|63|70|90,1,9,1,1,,True,3,Quiniela Real,1,2,nr-historical-relations-j1.0.0
2023-10-08|44|59|72,2023-10-08,2023,44,Gana Mas,1,165754,59,72,Quiniela Real,1,165749,22|59|70|75|91,22|59|70|75|91,2,26|34|59|72,3,4,1,2,90,True,5,Quiniela Real,1,2,nr-historical-relations-j1.0.0
2023-10-08|46|90|44,2023-10-08,2023,46,Quiniela Loteka,1,165763,90,44,Gana Mas,1,165754,37|58|74|90,37|58|74|90,4,7|9|22|29|35|42|44|53|63|70|90,11,7,1,2,59,False,,,,0,nr-historical-relations-j1.0.0
2023-10-10|44|22|7,2023-10-10,2023,44,Quiniela Loteka,1,165809,22,7,Quiniela Real,1,165799,22|59|70|75|91,22|59|70|75|91,1,7|9|22|29|35|42|44|53|63|70|90,3,1,1,3,59|70,False,,,,0,nr-historical-relations-j1.0.0
2023-10-10|44|59|26,2023-10-10,2023,44,Quiniela Loteka,1,165809,59,26,New York 2:30,1,165803,22|59|70|75|91,22|59|70|75|91,2,26|34|59|72,3,1,2,3,22|70,True,3,Quiniela Real,1,2,nr-historical-relations-j1.0.0
2023-10-10|44|59|34,2023-10-10,2023,44,Quiniela Loteka,1,165809,59,34,Quiniela Leidsa,1,165815,22|59|70|75|91,22|59|70|75|91,2,26|34|59|72,3,2,2,3,22|70,True,3,Quiniela Real,1,2,nr-historical-relations-j1.0.0
2023-10-10|44|70|7,2023-10-10,2023,44,Quiniela Loteka,1,165809,70,7,Quiniela Real,1,165799,22|59|70|75|91,22|59|70|75|91,3,7|9|22|29|35|42|44|53|63|70|90,10,1,1,3,22|59,False,,,,0,nr-historical-relations-j1.0.0
2023-10-13|35|11|57,2023-10-13,2023,35,New York 10:30,1,165896,11,57,Quiniela Leidsa,1,165894,6|11|43|54|86,6|11|43|54|86,2,11|57|69|91,1,2,1,3,69|80,True,2,Quiniela Leidsa,3,3,nr-historical-relations-j1.0.0
2023-10-13|45|69|57,2023-10-13,2023,45,Loteria Nacional,1,165890,69,57,Quiniela Leidsa,1,165894,69|80,69|80,1,11|57|69|91,3,2,1,3,11|80,False,,,,0,nr-historical-relations-j1.0.0
2023-10-13|45|80|8,2023-10-13,2023,45,Loteria Nacional,1,165890,80,8,Gana Mas,1,165880,69|80,69|80,2,8|80,2,1,1,3,11|69,True,3,Quiniela Loteka,2,2,nr-historical-relations-j1.0.0
2023-10-14|44|22|29,2023-10-14,2023,44,New York 10:30,1,167924,22,29,Quiniela Leidsa,1,167917,22|59|70|75|91,22|59|70|75|91,1,7|9|22|29|35|42|44|53|63|70|90,3,4,1,3,35|70,False,,,,0,nr-historical-relations-j1.0.0
2023-10-14|49|35|29,2023-10-14,2023,49,Quiniela Loteka,1,167911,35,29,Quiniela Leidsa,1,167917,35|40|83,35|40|83,1,7|9|22|29|35|42|44|53|63|70|90,5,4,2,3,22|70,True,3,Quiniela Loteka,1,1,nr-historical-relations-j1.0.0
2023-10-14|49|35|44,2023-10-14,2023,49,Quiniela Loteka,1,167911,35,44,New York 10:30,1,167924,35|40|83,35|40|83,1,7|9|22|29|35|42|44|53|63|70|90,5,7,2,3,22|70,True,3,Quiniela Loteka,1,1,nr-historical-relations-j1.0.0
2023-10-14|44|70|29,2023-10-14,2023,44,New York 10:30,1,167924,70,29,Quiniela Leidsa,1,167917,22|59|70|75|91,22|59|70|75|91,3,7|9|22|29|35|42|44|53|63|70|90,10,4,1,3,22|35,False,,,,0,nr-historical-relations-j1.0.0
2023-10-16|43|12|89,2023-10-16,2023,43,Gana Mas,1,167963,12,89,Quiniela Leidsa,1,167976,12|28|44|60|81|92,12|28|44|60|81|92,1,12|41|56|71|89,1,5,1,4,25|44|92,True,4,Gana Mas,1,3,nr-historical-relations-j1.0.0
2023-10-16|30|25|16,2023-10-16,2023,30,Loteria Nacional,1,167977,25,16,Quiniela Real,1,167959,25|57,25|57,1,16|25,2,1,1,4,12|44|92,True,2,Quiniela Leidsa,3,3,nr-historical-relations-j1.0.0
2023-10-16|43|44|9,2023-10-16,2023,43,Gana Mas,1,167963,44,9,Quiniela Loteka,1,167970,12|28|44|60|81|92,12|28|44|60|81|92,3,7|9|22|29|35|42|44|53|63|70|90,7,2,1,4,12|25|92,True,7,New York 2:30,3,1,nr-historical-relations-j1.0.0
2023-10-16|43|92|27,2023-10-16,2023,43,Gana Mas,1,167963,92,27,New York 10:30,1,167980,12|28|44|60|81|92,12|28|44|60|81|92,6,27|68|76|92,4,1,1,4,12|25|44,True,2,Quiniela Real,2,1,nr-historical-relations-j1.0.0
2023-10-17|38|63|35,2023-10-17,2023,38,Loteria Nacional,1,168003,63,35,Quiniela Loteka,1,167997,20|31|47|52|63|100,20|31|47|52|63|100,5,7|9|22|29|35|42|44|53|63|70|90,9,5,2,1,,False,,,,0,nr-historical-relations-j1.0.0
2023-10-17|38|63|90,2023-10-17,2023,38,Loteria Nacional,1,168003,63,90,Gana Mas,1,167990,20|31|47|52|63|100,20|31|47|52|63|100,5,7|9|22|29|35|42|44|53|63|70|90,9,11,2,1,,False,,,,0,nr-historical-relations-j1.0.0
2023-10-18|39|9|53,2023-10-18,2023,39,Quiniela Real,1,168012,9,53,New York 10:30,1,168029,9|14|30|41|46|62|78|94,9|14|30|41|46|62|78|94,1,7|9|22|29|35|42|44|53|63|70|90,2,8,1,2,90,True,5,Gana Mas,1,2,nr-historical-relations-j1.0.0
2023-10-18|46|90|53,2023-10-18,2023,46,Gana Mas,1,168015,90,53,New York 10:30,1,168029,37|58|74|90,37|58|74|90,4,7|9|22|29|35|42|44|53|63|70|90,11,8,1,2,9,True,1,New York 2:30,1,3,nr-historical-relations-j1.0.0
2023-10-19|33|39|78,2023-10-19,2023,33,Gana Mas,1,168045,39,78,Loteria Nacional,1,168058,2|39|82|87,2|39|82|87,2,39|78,1,2,1,1,,False,,,,0,nr-historical-relations-j1.0.0
2023-10-21|29|15|96,2023-10-21,2023,29,Quiniela Real,1,168091,15,96,New York 10:30,1,168112,15,15,1,15|96,1,2,1,2,79,True,6,New York 10:30,3,1,nr-historical-relations-j1.0.0
2023-10-21|47|79|67,2023-10-21,2023,47,Quiniela Loteka,1,168101,79,67,Gana Mas,1,168096,4|36|68|79|84,4|36|68|79|84,4,67|79|88,2,1,1,2,15,True,1,New York 2:30,3,2,nr-historical-relations-j1.0.0
2023-10-22|43|28|73,2023-10-22,2023,43,Quiniela Real,1,168118,28,73,New York 10:30,1,168138,12|28|44|60|81|92,12|28|44|60|81|92,2,23|28|73|77|87,2,3,1,3,44|92,True,2,Quiniela Leidsa,3,2,nr-historical-relations-j1.0.0
2023-10-22|43|44|90,2023-10-22,2023,43,Quiniela Real,1,168118,44,90,Quiniela Leidsa,1,168129,12|28|44|60|81|92,12|28|44|60|81|92,3,7|9|22|29|35|42|44|53|63|70|90,7,11,1,3,28|92,True,1,New York 2:30,3,2,nr-historical-relations-j1.0.0
2023-10-22|43|92|68,2023-10-22,2023,43,Quiniela Real,1,168118,92,68,Gana Mas,1,168123,12|28|44|60|81|92,12|28|44|60|81|92,6,27|68|76|92,4,2,1,3,28|44,True,2,Quiniela Loteka,2,1,nr-historical-relations-j1.0.0
2023-10-24|37|42|44,2023-10-24,2023,37,New York 10:30,1,168191,42,44,New York 2:30,1,168175,5|10|42,5|10|42,3,7|9|22|29|35|42|44|53|63|70|90,6,7,1,2,59,True,6,Quiniela Loteka,1,1,nr-historical-relations-j1.0.0
2023-10-24|44|59|26,2023-10-24,2023,44,New York 2:30,1,168175,59,26,Quiniela Real,1,168170,22|59|70|75|91,22|59|70|75|91,2,26|34|59|72,3,1,1,2,42,False,,,,0,nr-historical-relations-j1.0.0
2023-10-25|43|81|85,2023-10-25,2023,43,Loteria Nacional,1,168215,81,85,New York 10:30,1,168218,12|28|44|60|81|92,12|28|44|60|81|92,5,52|81|85,2,3,1,1,,True,3,Quiniela Leidsa,1,3,nr-historical-relations-j1.0.0
2023-10-26|41|29|7,2023-10-26,2023,41,New York 10:30,1,168244,29,7,New York 2:30,1,168228,13|29|93,13|29|93,2,7|9|22|29|35|42|44|53|63|70|90,4,1,2,2,56,True,1,Quiniela Loteka,3,3,nr-historical-relations-j1.0.0
2023-10-26|41|29|63,2023-10-26,2023,41,New York 10:30,1,168244,29,63,Gana Mas,1,168229,13|29|93,13|29|93,2,7|9|22|29|35|42|44|53|63|70|90,4,9,2,2,56,True,1,Quiniela Loteka,3,3,nr-historical-relations-j1.0.0
2023-10-26|40|56|41,2023-10-26,2023,40,Quiniela Leidsa,1,168242,56,41,New York 10:30,1,168244,8|19|51|56|67|72,8|19|51|56|67|72,4,12|41|56|71|89,3,2,2,2,29,True,3,Quiniela Real,1,1,nr-historical-relations-j1.0.0
2023-10-26|40|56|71,2023-10-26,2023,40,Quiniela Leidsa,1,168242,56,71,Quiniela Real,1,168225,8|19|51|56|67|72,8|19|51|56|67|72,4,12|41|56|71|89,3,4,2,2,29,True,3,Quiniela Real,1,1,nr-historical-relations-j1.0.0
2023-10-27|37|42|35,2023-10-27,2023,37,Gana Mas,1,168255,42,35,New York 10:30,1,168270,5|10|42,5|10|42,3,7|9|22|29|35|42|44|53|63|70|90,6,5,2,1,,True,3,Quiniela Loteka,1,4,nr-historical-relations-j1.0.0
2023-10-27|37|42|90,2023-10-27,2023,37,Gana Mas,1,168255,42,90,Loteria Nacional,1,168263,5|10|42,5|10|42,3,7|9|22|29|35|42|44|53|63|70|90,6,11,2,1,,True,3,Quiniela Loteka,1,4,nr-historical-relations-j1.0.0
2023-10-29|34|76|27,2023-10-29,2023,34,Quiniela Leidsa,1,168312,76,27,New York 2:30,1,168303,1|17|33|49|76,1|17|33|49|76,5,27|68|76|92,3,1,1,1,,True,4,New York 10:30,3,1,nr-historical-relations-j1.0.0
2023-10-31|30|57|69,2023-10-31,2023,30,Quiniela Real,1,168354,57,69,New York 2:30,1,168359,25|57,25|57,2,11|57|69|91,2,3,1,1,,True,2,Quiniela Loteka,1,4,nr-historical-relations-j1.0.0
2023-11-01|42|7|63,2023-11-01,2023,42,Loteria Nacional,1,168395,7,63,New York 2:30,1,168383,7|18|23|50|55|66|71,7|18|23|50|55|66|71,1,7|9|22|29|35|42|44|53|63|70|90,1,9,1,2,71,True,2,Gana Mas,1,4,nr-historical-relations-j1.0.0
2023-11-01|42|71|12,2023-11-01,2023,42,Loteria Nacional,1,168395,71,12,Gana Mas,1,168385,7|18|23|50|55|66|71,7|18|23|50|55|66|71,7,12|41|56|71|89,4,1,1,2,7,True,1,New York 10:30,2,2,nr-historical-relations-j1.0.0
2023-11-03|35|11|91,2023-11-03,2023,35,New York 2:30,1,168436,11,91,Loteria Nacional,1,168450,6|11|43|54|86,6|11|43|54|86,2,11|57|69|91,1,4,1,1,,True,1,Quiniela Real,3,2,nr-historical-relations-j1.0.0
2023-11-06|41|13|17,2023-11-06,2023,41,Loteria Nacional,1,168523,13,17,Quiniela Loteka,1,168517,13|29|93,13|29|93,1,13|17,1,2,1,2,77,True,1,New York 10:30,2,3,nr-historical-relations-j1.0.0
2023-11-06|32|77|23,2023-11-06,2023,32,New York 2:30,1,168515,77,23,New York 10:30,1,168529,77,77,1,23|28|73|77|87,4,1,1,2,13,True,4,Gana Mas,2,1,nr-historical-relations-j1.0.0
2023-11-08|26|27|76,2023-11-08,2023,26,Quiniela Leidsa,1,168578,27,76,Quiniela Real,1,168562,27|38,27|38,1,27|68|76|92,1,3,1,1,,False,,,,0,nr-historical-relations-j1.0.0
2023-11-10|44|22|63,2023-11-10,2023,44,Gana Mas,1,168624,22,63,Loteria Nacional,1,168633,22|59|70|75|91,22|59|70|75|91,1,7|9|22|29|35|42|44|53|63|70|90,3,9,1,2,70,True,2,New York 2:30,3,2,nr-historical-relations-j1.0.0
2023-11-10|44|70|63,2023-11-10,2023,44,Gana Mas,1,168624,70,63,Loteria Nacional,1,168633,22|59|70|75|91,22|59|70|75|91,3,7|9|22|29|35|42|44|53|63|70|90,10,9,1,2,22,True,5,New York 10:30,2,2,nr-historical-relations-j1.0.0
2023-11-12|48|89|12,2023-11-12,2023,48,New York 10:30,1,168691,89,12,Quiniela Leidsa,1,168680,73|89,73|89,2,12|41|56|71|89,5,1,2,1,,True,1,New York 2:30,3,3,nr-historical-relations-j1.0.0
2023-11-12|48|89|71,2023-11-12,2023,48,New York 10:30,1,168691,89,71,Loteria Nacional,1,168683,73|89,73|89,2,12|41|56|71|89,5,4,2,1,,True,1,New York 2:30,3,3,nr-historical-relations-j1.0.0
2023-11-16|39|9|29,2023-11-16,2023,39,Loteria Nacional,1,168792,9,29,New York 2:30,1,168779,9|14|30|41|46|62|78|94,9|14|30|41|46|62|78|94,1,7|9|22|29|35|42|44|53|63|70|90,2,4,2,2,94,False,,,,0,nr-historical-relations-j1.0.0
2023-11-16|39|9|90,2023-11-16,2023,39,Loteria Nacional,1,168792,9,90,Quiniela Real,1,168774,9|14|30|41|46|62|78|94,9|14|30|41|46|62|78|94,1,7|9|22|29|35|42|44|53|63|70|90,2,11,2,2,94,False,,,,0,nr-historical-relations-j1.0.0
2023-11-16|39|94|84,2023-11-16,2023,39,Loteria Nacional,1,168792,94,84,Quiniela Leidsa,1,168791,9|14|30|41|46|62|78|94,9|14|30|41|46|62|78|94,8,58|84|94,3,2,1,2,9,True,4,Quiniela Loteka,1,3,nr-historical-relations-j1.0.0
2023-11-17|39|30|3,2023-11-17,2023,39,Quiniela Real,1,168798,30,3,New York 2:30,1,168804,9|14|30|41|46|62|78|94,9|14|30|41|46|62|78|94,3,3|30|83,2,1,1,3,41|46,True,3,Quiniela Loteka,2,3,nr-historical-relations-j1.0.0
2023-11-17|39|41|89,2023-11-17,2023,39,Quiniela Real,1,168798,41,89,Gana Mas,1,168802,9|14|30|41|46|62|78|94,9|14|30|41|46|62|78|94,4,12|41|56|71|89,2,5,1,3,30|46,True,4,Gana Mas,2,2,nr-historical-relations-j1.0.0
2023-11-17|39|46|86,2023-11-17,2023,39,Quiniela Real,1,168798,46,86,Quiniela Loteka,1,168809,9|14|30|41|46|62|78|94,9|14|30|41|46|62|78|94,5,19|46|86,2,3,1,3,30|41,True,5,Quiniela Leidsa,1,1,nr-historical-relations-j1.0.0
2023-11-21|50|45|32,2023-11-21,2023,50,Gana Mas,1,168879,45,32,Quiniela Leidsa,1,168891,45,45,1,32|45,2,1,1,1,,True,2,Quiniela Loteka,2,1,nr-historical-relations-j1.0.0
2023-11-22|46|74|31,2023-11-22,2023,46,Quiniela Leidsa,1,168918,74,31,Loteria Nacional,1,168920,37|58|74|90,37|58|74|90,3,31|74,2,1,1,1,,True,2,Quiniela Real,2,1,nr-historical-relations-j1.0.0
2023-11-24|49|35|7,2023-11-24,2023,49,Quiniela Leidsa,1,168970,35,7,New York 10:30,1,168973,35|40|83,35|40|83,1,7|9|22|29|35|42|44|53|63|70|90,5,1,2,1,,True,1,Quiniela Real,2,2,nr-historical-relations-j1.0.0
2023-11-24|49|35|63,2023-11-24,2023,49,Quiniela Leidsa,1,168970,35,63,Quiniela Loteka,1,168966,35|40|83,35|40|83,1,7|9|22|29|35|42|44|53|63|70|90,5,9,2,1,,True,1,Quiniela Real,2,2,nr-historical-relations-j1.0.0
2023-11-25|39|9|53,2023-11-25,2023,39,New York 2:30,1,168982,9,53,Gana Mas,1,168981,9|14|30|41|46|62|78|94,9|14|30|41|46|62|78|94,1,7|9|22|29|35|42|44|53|63|70|90,2,8,1,2,94,True,2,Quiniela Real,3,6,nr-historical-relations-j1.0.0
2023-11-25|39|94|58,2023-11-25,2023,39,New York 2:30,1,168982,94,58,Loteria Nacional,1,168996,9|14|30|41|46|62|78|94,9|14|30|41|46|62|78|94,8,58|84|94,3,1,1,2,9,False,,,,0,nr-historical-relations-j1.0.0
2023-11-27|43|44|7,2023-11-27,2023,43,New York 2:30,1,169032,44,7,Loteria Nacional,1,169045,12|28|44|60|81|92,12|28|44|60|81|92,3,7|9|22|29|35|42|44|53|63|70|90,7,1,1,2,92,True,5,Quiniela Real,3,2,nr-historical-relations-j1.0.0
2023-11-27|43|92|68,2023-11-27,2023,43,New York 2:30,1,169032,92,68,Gana Mas,1,169031,12|28|44|60|81|92,12|28|44|60|81|92,6,27|68|76|92,4,2,1,2,44,True,7,New York 2:30,1,1,nr-historical-relations-j1.0.0
2023-11-29|46|37|82,2023-11-29,2023,46,Quiniela Real,1,169077,37,82,Quiniela Leidsa,1,169095,37|58|74|90,37|58|74|90,1,37|65|82,1,3,1,2,58,True,5,Quiniela Real,1,1,nr-historical-relations-j1.0.0
2023-11-29|46|58|84,2023-11-29,2023,46,Quiniela Real,1,169077,58,84,Quiniela Loteka,1,169088,37|58|74|90,37|58|74|90,2,58|84|94,1,2,1,2,37,True,3,Gana Mas,2,2,nr-historical-relations-j1.0.0
2023-11-30|35|11|91,2023-11-30,2023,35,Quiniela Loteka,1,169115,11,91,Quiniela Leidsa,1,169120,6|11|43|54|86,6|11|43|54|86,2,11|57|69|91,1,4,1,1,,True,7,Quiniela Real,1,1,nr-historical-relations-j1.0.0
2023-12-03|44|59|72,2023-12-03,2023,44,New York 2:30,1,169190,59,72,Gana Mas,1,169185,22|59|70|75|91,22|59|70|75|91,2,26|34|59|72,3,4,1,2,87,True,5,Quiniela Loteka,3,2,nr-historical-relations-j1.0.0
2023-12-03|33|87|73,2023-12-03,2023,33,New York 10:30,1,169201,87,73,Loteria Nacional,1,169202,2|39|82|87,2|39|82|87,4,23|28|73|77|87,5,3,1,2,59,True,5,New York 2:30,1,1,nr-historical-relations-j1.0.0
2023-12-08|28|53|9,2023-12-08,2023,28,Quiniela Real,1,169313,53,9,Loteria Nacional,1,169329,21|26|53,21|26|53,3,7|9|22|29|35|42|44|53|63|70|90,8,2,1,1,,True,6,Loteria Nacional,3,1,nr-historical-relations-j1.0.0
2023-12-09|43|44|90,2023-12-09,2023,43,Quiniela Loteka,1,169348,44,90,Quiniela Leidsa,1,169354,12|28|44|60|81|92,12|28|44|60|81|92,3,7|9|22|29|35|42|44|53|63|70|90,7,11,1,1,,True,2,Gana Mas,1,1,nr-historical-relations-j1.0.0
2023-12-10|38|52|81,2023-12-10,2023,38,Quiniela Real,1,169366,52,81,Quiniela Leidsa,1,169374,20|31|47|52|63|100,20|31|47|52|63|100,4,52|81|85,1,2,1,1,,True,2,Quiniela Loteka,2,1,nr-historical-relations-j1.0.0
2023-12-13|27|16|25,2023-12-13,2023,27,Quiniela Leidsa,1,169458,16,25,Gana Mas,1,169446,16,16,1,16|25,1,2,1,3,29|34,True,1,Quiniela Leidsa,2,3,nr-historical-relations-j1.0.0
2023-12-13|41|29|70,2023-12-13,2023,41,Loteria Nacional,1,169460,29,70,New York 2:30,1,169447,13|29|93,13|29|93,2,7|9|22|29|35|42|44|53|63|70|90,4,10,1,3,16|34,True,2,New York 2:30,1,3,nr-historical-relations-j1.0.0
2023-12-13|51|34|26,2023-12-13,2023,51,New York 10:30,1,169463,34,26,Quiniela Real,1,169442,34|98,34|98,1,26|34|59|72,2,1,1,3,16|29,True,4,Loteria Nacional,3,1,nr-historical-relations-j1.0.0
2023-12-15|49|35|29,2023-12-15,2023,49,Gana Mas,1,169500,35,29,New York 2:30,1,169499,35|40|83,35|40|83,1,7|9|22|29|35|42|44|53|63|70|90,5,4,1,3,40|44,True,1,Loteria Nacional,2,2,nr-historical-relations-j1.0.0
2023-12-15|49|40|4,2023-12-15,2023,49,Gana Mas,1,169500,40,4,Loteria Nacional,2,169510,35|40|83,35|40|83,2,4|40,2,1,1,3,35|44,True,1,Quiniela Loteka,2,2,nr-historical-relations-j1.0.0
2023-12-15|43|44|29,2023-12-15,2023,43,Quiniela Loteka,1,169505,44,29,New York 2:30,1,169499,12|28|44|60|81|92,12|28|44|60|81|92,3,7|9|22|29|35|42|44|53|63|70|90,7,4,1,3,35|40,True,5,Quiniela Leidsa,1,2,nr-historical-relations-j1.0.0
2023-12-18|40|56|89,2023-12-18,2023,40,New York 2:30,1,169576,56,89,Loteria Nacional,1,169577,8|19|51|56|67|72,8|19|51|56|67|72,4,12|41|56|71|89,3,5,1,1,,True,4,Quiniela Leidsa,1,1,nr-historical-relations-j1.0.0
2023-12-19|42|7|29,2023-12-19,2023,42,Quiniela Leidsa,1,169612,7,29,Gana Mas,1,169600,7|18|23|50|55|66|71,7|18|23|50|55|66|71,1,7|9|22|29|35|42|44|53|63|70|90,1,4,1,2,90,True,3,Loteria Nacional,1,1,nr-historical-relations-j1.0.0
2023-12-19|46|90|29,2023-12-19,2023,46,New York 2:30,1,169601,90,29,Gana Mas,1,169600,37|58|74|90,37|58|74|90,4,7|9|22|29|35|42|44|53|63|70|90,11,4,2,2,7,False,,,,0,nr-historical-relations-j1.0.0
2023-12-19|46|90|42,2023-12-19,2023,46,New York 2:30,1,169601,90,42,Quiniela Leidsa,1,169612,37|58|74|90,37|58|74|90,4,7|9|22|29|35|42|44|53|63|70|90,11,6,2,2,7,False,,,,0,nr-historical-relations-j1.0.0
2023-12-20|44|22|70,2023-12-20,2023,44,Quiniela Leidsa,1,169636,22,70,New York 2:30,1,169625,22|59|70|75|91,22|59|70|75|91,1,7|9|22|29|35|42|44|53|63|70|90,3,10,1,3,75|91,False,,,,0,nr-historical-relations-j1.0.0
2023-12-20|44|75|62,2023-12-20,2023,44,Quiniela Leidsa,1,169636,75,62,Loteria Nacional,1,169637,22|59|70|75|91,22|59|70|75|91,4,62|75,2,1,1,3,22|91,True,3,Quiniela Loteka,1,4,nr-historical-relations-j1.0.0
2023-12-20|44|91|69,2023-12-20,2023,44,Quiniela Leidsa,1,169636,91,69,Gana Mas,1,169623,22|59|70|75|91,22|59|70|75|91,5,11|57|69|91,4,3,1,3,22|75,True,2,Quiniela Real,3,2,nr-historical-relations-j1.0.0
2023-12-21|46|90|70,2023-12-21,2023,46,Quiniela Real,1,169643,90,70,New York 10:30,1,169666,37|58|74|90,37|58|74|90,4,7|9|22|29|35|42|44|53|63|70|90,11,10,1,1,,True,7,Loteria Nacional,1,1,nr-historical-relations-j1.0.0
2023-12-22|44|22|7,2023-12-22,2023,44,Quiniela Loteka,1,169681,22,7,Loteria Nacional,1,169688,22|59|70|75|91,22|59|70|75|91,1,7|9|22|29|35|42|44|53|63|70|90,3,1,1,4,70|75|91,True,7,Quiniela Leidsa,3,1,nr-historical-relations-j1.0.0
2023-12-22|44|70|7,2023-12-22,2023,44,Quiniela Loteka,1,169681,70,7,Loteria Nacional,1,169688,22|59|70|75|91,22|59|70|75|91,3,7|9|22|29|35|42|44|53|63|70|90,10,1,1,4,22|75|91,True,5,New York 2:30,2,3,nr-historical-relations-j1.0.0
2023-12-22|44|75|62,2023-12-22,2023,44,Quiniela Loteka,1,169681,75,62,Gana Mas,1,169673,22|59|70|75|91,22|59|70|75|91,4,62|75,2,1,1,4,22|70|91,True,1,Quiniela Loteka,1,4,nr-historical-relations-j1.0.0
2023-12-22|44|91|11,2023-12-22,2023,44,Quiniela Loteka,1,169681,91,11,New York 10:30,1,169691,22|59|70|75|91,22|59|70|75|91,5,11|57|69|91,4,1,1,4,22|70|75,True,2,Quiniela Real,3,1,nr-historical-relations-j1.0.0
2023-12-25|41|29|53,2023-12-25,2023,41,Quiniela Real,1,169741,29,53,New York 2:30,1,169748,13|29|93,13|29|93,2,7|9|22|29|35|42|44|53|63|70|90,4,8,1,1,,False,,,,0,nr-historical-relations-j1.0.0
2023-12-27|39|9|44,2023-12-27,2023,39,Quiniela Loteka,1,169793,9,44,Quiniela Real,1,169783,9|14|30|41|46|62|78|94,9|14|30|41|46|62|78|94,1,7|9|22|29|35|42|44|53|63|70|90,2,7,1,1,,True,1,Gana Mas,2,2,nr-historical-relations-j1.0.0
2023-12-28|38|20|2,2023-12-28,2023,38,New York 10:30,1,169829,20,2,Quiniela Loteka,1,169819,20|31|47|52|63|100,20|31|47|52|63|100,1,2|20,2,1,1,3,52|63,True,3,New York 10:30,3,1,nr-historical-relations-j1.0.0
2023-12-28|38|52|85,2023-12-28,2023,38,New York 10:30,1,169829,52,85,Gana Mas,1,169813,20|31|47|52|63|100,20|31|47|52|63|100,4,52|81|85,1,3,1,3,20|63,True,4,Quiniela Real,1,1,nr-historical-relations-j1.0.0
2023-12-28|38|63|35,2023-12-28,2023,38,New York 10:30,1,169829,63,35,Quiniela Real,1,169809,20|31|47|52|63|100,20|31|47|52|63|100,5,7|9|22|29|35|42|44|53|63|70|90,9,5,2,3,20|52,False,,,,0,nr-historical-relations-j1.0.0
2023-12-28|38|63|90,2023-12-28,2023,38,New York 10:30,1,169829,63,90,Loteria Nacional,1,169826,20|31|47|52|63|100,20|31|47|52|63|100,5,7|9|22|29|35|42|44|53|63|70|90,9,11,2,3,20|52,False,,,,0,nr-historical-relations-j1.0.0
2023-12-29|41|29|70,2023-12-29,2023,41,Quiniela Loteka,1,169841,29,70,New York 2:30,1,169837,13|29|93,13|29|93,2,7|9|22|29|35|42|44|53|63|70|90,4,10,1,1,,False,,,,0,nr-historical-relations-j1.0.0
2023-12-30|43|44|7,2023-12-30,2023,43,New York 2:30,1,169864,44,7,Quiniela Real,1,169859,12|28|44|60|81|92,12|28|44|60|81|92,3,7|9|22|29|35|42|44|53|63|70|90,7,1,2,1,,True,3,Quiniela Real,1,2,nr-historical-relations-j1.0.0
2023-12-30|43|44|35,2023-12-30,2023,43,New York 2:30,1,169864,44,35,New York 10:30,1,169880,12|28|44|60|81|92,12|28|44|60|81|92,3,7|9|22|29|35|42|44|53|63|70|90,7,5,2,1,,True,3,Quiniela Real,1,2,nr-historical-relations-j1.0.0
2024-01-02|37|42|44,2024-01-02,2024,37,Quiniela Leidsa,1,169935,42,44,Quiniela Real,1,169919,5|10|42,5|10|42,3,7|9|22|29|35|42|44|53|63|70|90,6,7,1,2,77,True,4,Gana Mas,1,1,nr-historical-relations-j1.0.0
2024-01-02|32|77|87,2024-01-02,2024,32,New York 10:30,1,169938,77,87,Quiniela Loteka,1,169929,77,77,1,23|28|73|77|87,4,5,1,2,42,True,6,Quiniela Leidsa,3,1,nr-historical-relations-j1.0.0
2024-01-04|37|42|53,2024-01-04,2024,37,Quiniela Loteka,1,169983,42,53,Quiniela Leidsa,1,169989,5|10|42,5|10|42,3,7|9|22|29|35|42|44|53|63|70|90,6,8,1,1,,True,2,Gana Mas,1,1,nr-historical-relations-j1.0.0
2024-01-05|28|53|22,2024-01-05,2024,28,New York 10:30,1,170018,53,22,Quiniela Leidsa,1,170014,21|26|53,21|26|53,3,7|9|22|29|35|42|44|53|63|70|90,8,3,2,3,82|87,True,2,Quiniela Real,1,3,nr-historical-relations-j1.0.0
2024-01-05|28|53|90,2024-01-05,2024,28,New York 10:30,1,170018,53,90,New York 2:30,1,170002,21|26|53,21|26|53,3,7|9|22|29|35|42|44|53|63|70|90,8,11,2,3,82|87,True,2,Quiniela Real,1,3,nr-historical-relations-j1.0.0
2024-01-05|33|82|65,2024-01-05,2024,33,Gana Mas,1,170001,82,65,Quiniela Loteka,1,170008,2|39|82|87,2|39|82|87,3,37|65|82,3,2,1,3,53|87,True,1,Quiniela Loteka,2,4,nr-historical-relations-j1.0.0
2024-01-05|33|87|28,2024-01-05,2024,33,Gana Mas,1,170001,87,28,New York 10:30,1,170018,2|39|82|87,2|39|82|87,4,23|28|73|77|87,5,2,1,3,53|82,True,2,Gana Mas,3,3,nr-historical-relations-j1.0.0
2024-01-06|41|29|42,2024-01-06,2024,41,Quiniela Real,1,172075,29,42,Gana Mas,1,172078,13|29|93,13|29|93,2,7|9|22|29|35|42|44|53|63|70|90,4,6,1,2,71,True,1,Gana Mas,2,1,nr-historical-relations-j1.0.0
2024-01-06|42|71|41,2024-01-06,2024,42,Gana Mas,1,172078,71,41,Quiniela Real,1,172075,7|18|23|50|55|66|71,7|18|23|50|55|66|71,7,12|41|56|71|89,4,2,1,2,29,True,2,New York 10:30,3,2,nr-historical-relations-j1.0.0
2024-01-07|44|22|53,2024-01-07,2024,44,Quiniela Leidsa,1,172114,22,53,Quiniela Real,1,172099,22|59|70|75|91,22|59|70|75|91,1,7|9|22|29|35|42|44|53|63|70|90,3,8,1,2,70,True,1,Loteria Nacional,2,3,nr-historical-relations-j1.0.0
2024-01-07|44|70|22,2024-01-07,2024,44,Quiniela Leidsa,1,172114,70,22,Loteria Nacional,1,172110,22|59|70|75|91,22|59|70|75|91,3,7|9|22|29|35|42|44|53|63|70|90,10,3,2,2,22,True,4,New York 10:30,2,1,nr-historical-relations-j1.0.0
2024-01-07|44|70|53,2024-01-07,2024,44,Quiniela Leidsa,1,172114,70,53,Quiniela Real,1,172099,22|59|70|75|91,22|59|70|75|91,3,7|9|22|29|35|42|44|53|63|70|90,10,8,2,2,22,True,4,New York 10:30,2,1,nr-historical-relations-j1.0.0
2024-01-08|46|37|82,2024-01-08,2024,46,Quiniela Loteka,1,172137,37,82,Loteria Nacional,1,172146,37|58|74|90,37|58|74|90,1,37|65|82,1,3,1,2,77,True,2,New York 2:30,3,1,nr-historical-relations-j1.0.0
2024-01-08|32|77|73,2024-01-08,2024,32,New York 2:30,1,172133,77,73,Quiniela Real,1,172128,77,77,1,23|28|73|77|87,4,3,1,2,37,True,7,Gana Mas,2,1,nr-historical-relations-j1.0.0
2024-01-12|42|23|87,2024-01-12,2024,42,New York 10:30,1,172257,23,87,New York 2:30,1,172241,7|18|23|50|55|66|71,7|18|23|50|55|66|71,3,23|28|73|77|87,1,5,1,2,71,True,6,New York 2:30,2,1,nr-historical-relations-j1.0.0
2024-01-12|42|71|89,2024-01-12,2024,42,New York 10:30,1,172257,71,89,Quiniela Leidsa,1,172252,7|18|23|50|55|66|71,7|18|23|50|55|66|71,7,12|41|56|71|89,4,5,1,2,23,True,1,Quiniela Leidsa,2,2,nr-historical-relations-j1.0.0
2024-01-13|47|68|76,2024-01-13,2024,47,New York 2:30,1,172269,68,76,Quiniela Real,1,172264,4|36|68|79|84,4|36|68|79|84,3,27|68|76|92,2,3,1,2,84,False,,,,0,nr-historical-relations-j1.0.0
2024-01-13|47|84|94,2024-01-13,2024,47,New York 2:30,1,172269,84,94,Quiniela Leidsa,1,172281,4|36|68|79|84,4|36|68|79|84,5,58|84|94,2,3,1,2,68,True,1,Quiniela Real,3,4,nr-historical-relations-j1.0.0
2024-01-14|44|22|29,2024-01-14,2024,44,Loteria Nacional,1,172305,22,29,Quiniela Loteka,1,172308,22|59|70|75|91,22|59|70|75|91,1,7|9|22|29|35|42|44|53|63|70|90,3,4,1,3,70|91,True,2,Gana Mas,3,1,nr-historical-relations-j1.0.0
2024-01-14|44|70|29,2024-01-14,2024,44,Loteria Nacional,1,172305,70,29,Quiniela Loteka,1,172308,22|59|70|75|91,22|59|70|75|91,3,7|9|22|29|35|42|44|53|63|70|90,10,4,1,3,22|91,True,4,New York 2:30,1,2,nr-historical-relations-j1.0.0
2024-01-14|44|91|69,2024-01-14,2024,44,Loteria Nacional,1,172305,91,69,Gana Mas,1,172295,22|59|70|75|91,22|59|70|75|91,5,11|57|69|91,4,3,1,3,22|70,True,1,Quiniela Loteka,1,5,nr-historical-relations-j1.0.0
2024-01-16|45|69|57,2024-01-16,2024,45,Quiniela Loteka,1,172354,69,57,Gana Mas,1,172347,69|80,69|80,1,11|57|69|91,3,2,1,2,81,True,4,New York 2:30,1,1,nr-historical-relations-j1.0.0
2024-01-16|43|81|85,2024-01-16,2024,43,New York 10:30,1,173667,81,85,Quiniela Real,1,172345,12|28|44|60|81|92,12|28|44|60|81|92,5,52|81|85,2,3,1,2,69,True,6,Gana Mas,2,2,nr-historical-relations-j1.0.0
2024-01-17|43|28|73,2024-01-17,2024,43,Quiniela Loteka,1,173683,28,73,Quiniela Leidsa,1,173690,12|28|44|60|81|92,12|28|44|60|81|92,2,23|28|73|77|87,2,3,1,4,35|44|53,True,7,Loteria Nacional,2,1,nr-historical-relations-j1.0.0
2024-01-17|49|35|90,2024-01-17,2024,49,Loteria Nacional,1,173693,35,90,Quiniela Real,1,173672,35|40|83,35|40|83,1,7|9|22|29|35|42|44|53|63|70|90,5,11,1,4,28|44|53,True,4,Quiniela Loteka,1,2,nr-historical-relations-j1.0.0
2024-01-17|43|44|90,2024-01-17,2024,43,Quiniela Loteka,1,173683,44,90,Quiniela Real,1,173672,12|28|44|60|81|92,12|28|44|60|81|92,3,7|9|22|29|35|42|44|53|63|70|90,7,11,1,4,28|35|53,False,,,,0,nr-historical-relations-j1.0.0
2024-01-17|28|53|90,2024-01-17,2024,28,Gana Mas,1,173676,53,90,Quiniela Real,1,173672,21|26|53,21|26|53,3,7|9|22|29|35|42|44|53|63|70|90,8,11,1,4,28|35|44,True,5,Gana Mas,1,3,nr-historical-relations-j1.0.0
2024-01-19|46|37|82,2024-01-19,2024,46,Loteria Nacional,1,173748,37,82,New York 2:30,1,173736,37|58|74|90,37|58|74|90,1,37|65|82,1,3,1,2,65,True,3,Quiniela Real,1,1,nr-historical-relations-j1.0.0
2024-01-19|52|65|82,2024-01-19,2024,52,New York 10:30,1,173752,65,82,New York 2:30,1,173736,65|97,65|97,1,37|65|82,2,3,1,2,37,True,5,Gana Mas,1,1,nr-historical-relations-j1.0.0
2024-01-21|35|54|14,2024-01-21,2024,35,Quiniela Loteka,1,173800,54,14,New York 10:30,1,173806,6|11|43|54|86,6|11|43|54|86,4,14|54,2,1,1,2,86,True,2,Gana Mas,1,4,nr-historical-relations-j1.0.0
2024-01-21|35|86|19,2024-01-21,2024,35,Quiniela Loteka,1,173800,86,19,Quiniela Real,1,173788,6|11|43|54|86,6|11|43|54|86,5,19|46|86,3,1,1,2,54,True,3,Loteria Nacional,3,2,nr-historical-relations-j1.0.0
2024-01-22|37|42|53,2024-01-22,2024,37,Quiniela Real,1,173812,42,53,Gana Mas,1,173814,5|10|42,5|10|42,3,7|9|22|29|35|42|44|53|63|70|90,6,8,1,1,,True,5,New York 10:30,1,2,nr-historical-relations-j1.0.0
2024-01-25|40|67|88,2024-01-25,2024,40,Gana Mas,1,173898,67,88,Quiniela Real,1,173895,8|19|51|56|67|72,8|19|51|56|67|72,5,67|79|88,1,3,1,1,,False,,,,0,nr-historical-relations-j1.0.0
2024-01-26|33|87|73,2024-01-26,2024,33,New York 10:30,1,173945,87,73,Gana Mas,1,173927,2|39|82|87,2|39|82|87,4,23|28|73|77|87,5,3,1,1,,False,,,,0,nr-historical-relations-j1.0.0
2024-01-27|42|7|53,2024-01-27,2024,42,New York 10:30,1,173973,7,53,Quiniela Leidsa,1,173967,7|18|23|50|55|66|71,7|18|23|50|55|66|71,1,7|9|22|29|35|42|44|53|63|70|90,1,8,1,3,23|53,True,1,Quiniela Leidsa,3,4,nr-historical-relations-j1.0.0
2024-01-27|42|23|28,2024-01-27,2024,42,New York 10:30,1,173973,23,28,Quiniela Loteka,1,173961,7|18|23|50|55|66|71,7|18|23|50|55|66|71,3,23|28|73|77|87,1,2,1,3,7|53,False,,,,0,nr-historical-relations-j1.0.0
2024-01-27|28|53|42,2024-01-27,2024,28,Quiniela Loteka,1,173961,53,42,New York 10:30,1,173973,21|26|53,21|26|53,3,7|9|22|29|35|42|44|53|63|70|90,8,6,1,3,7|23,True,4,Gana Mas,1,1,nr-historical-relations-j1.0.0
2024-01-28|47|84|94,2024-01-28,2024,47,Loteria Nacional,1,173997,84,94,Quiniela Loteka,1,173994,4|36|68|79|84,4|36|68|79|84,5,58|84|94,2,3,1,1,,False,,,,0,nr-historical-relations-j1.0.0
2024-01-30|28|26|34,2024-01-30,2024,28,Quiniela Real,1,174035,26,34,Loteria Nacional,1,174048,21|26|53,21|26|53,2,26|34|59|72,1,2,1,1,,True,2,Quiniela Real,1,3,nr-historical-relations-j1.0.0
2024-01-31|39|9|53,2024-01-31,2024,39,New York 10:30,1,174088,9,53,Gana Mas,1,174070,9|14|30|41|46|62|78|94,9|14|30|41|46|62|78|94,1,7|9|22|29|35|42|44|53|63|70|90,2,8,2,2,29,True,1,Quiniela Leidsa,1,2,nr-historical-relations-j1.0.0
2024-01-31|39|9|70,2024-01-31,2024,39,New York 10:30,1,174088,9,70,Quiniela Real,1,174065,9|14|30|41|46|62|78|94,9|14|30|41|46|62|78|94,1,7|9|22|29|35|42|44|53|63|70|90,2,10,2,2,29,True,1,Quiniela Leidsa,1,2,nr-historical-relations-j1.0.0
2024-01-31|41|29|53,2024-01-31,2024,41,Quiniela Leidsa,1,174083,29,53,Gana Mas,1,174070,13|29|93,13|29|93,2,7|9|22|29|35|42|44|53|63|70|90,4,8,2,2,9,True,1,Gana Mas,2,2,nr-historical-relations-j1.0.0
2024-01-31|41|29|70,2024-01-31,2024,41,Quiniela Leidsa,1,174083,29,70,Quiniela Real,1,174065,13|29|93,13|29|93,2,7|9|22|29|35|42|44|53|63|70|90,4,10,2,2,9,True,1,Gana Mas,2,2,nr-historical-relations-j1.0.0
2024-02-01|46|90|7,2024-02-01,2024,46,Loteria Nacional,1,174115,90,7,New York 2:30,1,174105,37|58|74|90,37|58|74|90,4,7|9|22|29|35|42|44|53|63|70|90,11,1,2,1,,True,1,Loteria Nacional,2,2,nr-historical-relations-j1.0.0
2024-02-01|46|90|9,2024-02-01,2024,46,Loteria Nacional,1,174115,90,9,Quiniela Leidsa,1,174119,37|58|74|90,37|58|74|90,4,7|9|22|29|35|42|44|53|63|70|90,11,2,2,1,,True,1,Loteria Nacional,2,2,nr-historical-relations-j1.0.0
2024-02-03|44|22|29,2024-02-03,2024,44,Quiniela Real,1,174154,22,29,New York 2:30,1,174162,22|59|70|75|91,22|59|70|75|91,1,7|9|22|29|35|42|44|53|63|70|90,3,4,2,3,42|70,True,5,Gana Mas,3,4,nr-historical-relations-j1.0.0
2024-02-03|44|22|70,2024-02-03,2024,44,Quiniela Real,1,174154,22,70,Gana Mas,1,174160,22|59|70|75|91,22|59|70|75|91,1,7|9|22|29|35|42|44|53|63|70|90,3,10,2,3,42|70,True,5,Gana Mas,3,4,nr-historical-relations-j1.0.0
2024-02-03|37|42|22,2024-02-03,2024,37,Quiniela Loteka,1,174167,42,22,New York 10:30,1,174180,5|10|42,5|10|42,3,7|9|22|29|35|42|44|53|63|70|90,6,3,4,3,22|70,True,6,New York 2:30,2,1,nr-historical-relations-j1.0.0
2024-02-03|37|42|29,2024-02-03,2024,37,Quiniela Loteka,1,174167,42,29,New York 2:30,1,174162,5|10|42,5|10|42,3,7|9|22|29|35|42|44|53|63|70|90,6,4,4,3,22|70,True,6,New York 2:30,2,1,nr-historical-relations-j1.0.0
2024-02-03|37|42|44,2024-02-03,2024,37,Quiniela Loteka,1,174167,42,44,Quiniela Real,1,174154,5|10|42,5|10|42,3,7|9|22|29|35|42|44|53|63|70|90,6,7,4,3,22|70,True,6,New York 2:30,2,1,nr-historical-relations-j1.0.0
2024-02-03|37|42|70,2024-02-03,2024,37,Quiniela Loteka,1,174167,42,70,Gana Mas,1,174160,5|10|42,5|10|42,3,7|9|22|29|35|42|44|53|63|70|90,6,10,4,3,22|70,True,6,New York 2:30,2,1,nr-historical-relations-j1.0.0
2024-02-03|44|70|22,2024-02-03,2024,44,Quiniela Real,1,174154,70,22,New York 10:30,1,174180,22|59|70|75|91,22|59|70|75|91,3,7|9|22|29|35|42|44|53|63|70|90,10,3,2,3,22|42,True,1,Quiniela Real,2,3,nr-historical-relations-j1.0.0
2024-02-03|44|70|29,2024-02-03,2024,44,Quiniela Real,1,174154,70,29,New York 2:30,1,174162,22|59|70|75|91,22|59|70|75|91,3,7|9|22|29|35|42|44|53|63|70|90,10,4,2,3,22|42,True,1,Quiniela Real,2,3,nr-historical-relations-j1.0.0
2024-02-05|32|77|28,2024-02-05,2024,32,New York 10:30,1,174235,77,28,New York 2:30,1,174218,77,77,1,23|28|73|77|87,4,2,1,1,,False,,,,0,nr-historical-relations-j1.0.0
2024-02-06|37|42|70,2024-02-06,2024,37,Gana Mas,1,174244,42,70,New York 2:30,1,174246,5|10|42,5|10|42,3,7|9|22|29|35|42|44|53|63|70|90,6,10,1,2,63,True,3,New York 2:30,2,2,nr-historical-relations-j1.0.0
2024-02-06|38|63|70,2024-02-06,2024,38,Loteria Nacional,1,174262,63,70,New York 2:30,1,174246,20|31|47|52|63|100,20|31|47|52|63|100,5,7|9|22|29|35|42|44|53|63|70|90,9,10,1,2,42,False,,,,0,nr-historical-relations-j1.0.0
2024-02-07|47|68|76,2024-02-07,2024,47,Gana Mas,1,174274,68,76,New York 10:30,1,174293,4|36|68|79|84,4|36|68|79|84,3,27|68|76|92,2,3,1,2,79,True,3,Loteria Nacional,1,4,nr-historical-relations-j1.0.0
2024-02-07|47|79|67,2024-02-07,2024,47,Gana Mas,1,174274,79,67,Quiniela Loteka,1,174283,4|36|68|79|84,4|36|68|79|84,4,67|79|88,2,1,1,2,68,True,1,New York 10:30,3,2,nr-historical-relations-j1.0.0
2024-02-10|49|35|29,2024-02-10,2024,49,New York 10:30,1,174377,35,29,New York 2:30,1,174360,35|40|83,35|40|83,1,7|9|22|29|35|42|44|53|63|70|90,5,4,1,1,,False,,,,0,nr-historical-relations-j1.0.0
2024-02-11|38|100|10,2024-02-11,2024,38,New York 10:30,1,174405,100,10,Gana Mas,1,174387,20|31|47|52|63|100,20|31|47|52|63|100,6,1|10|100,3,2,1,1,,False,,,,0,nr-historical-relations-j1.0.0
2024-02-16|38|31|74,2024-02-16,2024,38,Loteria Nacional,1,174539,31,74,Quiniela Real,1,174524,20|31|47|52|63|100,20|31|47|52|63|100,2,31|74,1,2,1,1,,True,5,Quiniela Leidsa,1,1,nr-historical-relations-j1.0.0
2024-02-17|43|28|73,2024-02-17,2024,43,New York 10:30,1,174573,28,73,Quiniela Real,1,174550,12|28|44|60|81|92,12|28|44|60|81|92,2,23|28|73|77|87,2,3,1,1,,True,2,Loteria Nacional,1,4,nr-historical-relations-j1.0.0
2024-02-19|33|2|20,2024-02-19,2024,33,New York 10:30,1,174611,2,20,Quiniela Leidsa,1,174606,2|39|82|87,2|39|82|87,1,2|20,1,2,1,4,23|53|87,False,,,,0,nr-historical-relations-j1.0.0
2024-02-19|42|23|28,2024-02-19,2024,42,Quiniela Loteka,1,174598,23,28,Loteria Nacional,1,174608,7|18|23|50|55|66|71,7|18|23|50|55|66|71,3,23|28|73|77|87,1,2,1,4,2|53|87,True,7,Loteria Nacional,2,1,nr-historical-relations-j1.0.0
2024-02-19|28|53|42,2024-02-19,2024,28,Loteria Nacional,1,174608,53,42,Quiniela Loteka,1,174598,21|26|53,21|26|53,3,7|9|22|29|35|42|44|53|63|70|90,8,6,1,4,2|23|87,False,,,,0,nr-historical-relations-j1.0.0
2024-02-19|33|87|28,2024-02-19,2024,33,New York 10:30,1,174611,87,28,Loteria Nacional,1,174608,2|39|82|87,2|39|82|87,4,23|28|73|77|87,5,2,1,4,2|23|53,True,3,Quiniela Real,3,2,nr-historical-relations-j1.0.0
2024-02-20|39|9|22,2024-02-20,2024,39,Quiniela Leidsa,1,174632,9,22,Quiniela Real,1,174619,9|14|30|41|46|62|78|94,9|14|30|41|46|62|78|94,1,7|9|22|29|35|42|44|53|63|70|90,2,3,1,2,53,True,1,Quiniela Real,2,2,nr-historical-relations-j1.0.0
2024-02-20|28|53|22,2024-02-20,2024,28,Gana Mas,1,174622,53,22,Quiniela Real,1,174619,21|26|53,21|26|53,3,7|9|22|29|35|42|44|53|63|70|90,8,3,1,2,9,False,,,,0,nr-historical-relations-j1.0.0
2024-02-21|32|77|28,2024-02-21,2024,32,Gana Mas,1,174647,77,28,Quiniela Loteka,1,174654,77,77,1,23|28|73|77|87,4,2,1,1,,True,7,New York 10:30,2,1,nr-historical-relations-j1.0.0
2024-02-22|42|7|22,2024-02-22,2024,42,New York 2:30,1,174677,7,22,Quiniela Loteka,1,174688,7|18|23|50|55|66|71,7|18|23|50|55|66|71,1,7|9|22|29|35|42|44|53|63|70|90,1,3,2,1,,True,1,Quiniela Leidsa,2,2,nr-historical-relations-j1.0.0
2024-02-22|42|7|70,2024-02-22,2024,42,New York 2:30,1,174677,7,70,Gana Mas,1,174675,7|18|23|50|55|66|71,7|18|23|50|55|66|71,1,7|9|22|29|35|42|44|53|63|70|90,1,10,2,1,,True,1,Quiniela Leidsa,2,2,nr-historical-relations-j1.0.0
2024-02-24|41|13|17,2024-02-24,2024,41,New York 10:30,1,174753,13,17,Loteria Nacional,1,174750,13|29|93,13|29|93,1,13|17,1,2,1,1,,True,4,New York 2:30,2,3,nr-historical-relations-j1.0.0
2024-02-25|40|72|26,2024-02-25,2024,40,Gana Mas,1,174763,72,26,Quiniela Real,1,174761,8|19|51|56|67|72,8|19|51|56|67|72,6,26|34|59|72,4,1,1,1,,True,4,Quiniela Leidsa,3,1,nr-historical-relations-j1.0.0
2024-02-27|47|79|67,2024-02-27,2024,47,Quiniela Leidsa,1,174831,79,67,New York 10:30,1,174835,4|36|68|79|84,4|36|68|79|84,4,67|79|88,2,1,1,1,,True,1,Gana Mas,1,1,nr-historical-relations-j1.0.0
2024-02-28|44|22|63,2024-02-28,2024,44,Quiniela Leidsa,1,174858,22,63,New York 10:30,1,174862,22|59|70|75|91,22|59|70|75|91,1,7|9|22|29|35|42|44|53|63|70|90,3,9,2,3,59|70,True,4,Gana Mas,1,1,nr-historical-relations-j1.0.0
2024-02-28|44|22|70,2024-02-28,2024,44,Quiniela Leidsa,1,174858,22,70,Loteria Nacional,1,174853,22|59|70|75|91,22|59|70|75|91,1,7|9|22|29|35|42|44|53|63|70|90,3,10,2,3,59|70,True,4,Gana Mas,1,1,nr-historical-relations-j1.0.0
2024-02-28|44|59|26,2024-02-28,2024,44,Quiniela Leidsa,1,174858,59,26,Quiniela Real,1,174841,22|59|70|75|91,22|59|70|75|91,2,26|34|59|72,3,1,1,3,22|70,True,7,Gana Mas,1,1,nr-historical-relations-j1.0.0
2024-02-28|44|70|63,2024-02-28,2024,44,Quiniela Leidsa,1,174858,70,63,New York 10:30,1,174862,22|59|70|75|91,22|59|70|75|91,3,7|9|22|29|35|42|44|53|63|70|90,10,9,1,3,22|59,True,2,New York 2:30,1,3,nr-historical-relations-j1.0.0
2024-03-01|31|3|30,2024-03-01,2024,31,Gana Mas,1,174898,3,30,Quiniela Loteka,1,174910,3|24|88|99,3|24|88|99,1,3|30|83,1,2,1,1,,True,3,New York 10:30,1,2,nr-historical-relations-j1.0.0
2024-03-02|39|9|42,2024-03-02,2024,39,Gana Mas,1,174930,9,42,Loteria Nacional,1,174945,9|14|30|41|46|62|78|94,9|14|30|41|46|62|78|94,1,7|9|22|29|35|42|44|53|63|70|90,2,6,1,1,,False,,,,0,nr-historical-relations-j1.0.0
2024-03-03|43|44|22,2024-03-03,2024,43,Quiniela Loteka,1,174968,44,22,Gana Mas,1,174957,12|28|44|60|81|92,12|28|44|60|81|92,3,7|9|22|29|35|42|44|53|63|70|90,7,3,2,2,92,True,4,New York 2:30,3,1,nr-historical-relations-j1.0.0
2024-03-03|43|44|29,2024-03-03,2024,43,Quiniela Loteka,1,174968,44,29,Loteria Nacional,1,174964,12|28|44|60|81|92,12|28|44|60|81|92,3,7|9|22|29|35|42|44|53|63|70|90,7,4,2,2,92,True,4,New York 2:30,3,1,nr-historical-relations-j1.0.0
2024-03-03|43|92|27,2024-03-03,2024,43,Quiniela Loteka,1,174968,92,27,Quiniela Leidsa,1,174963,12|28|44|60|81|92,12|28|44|60|81|92,6,27|68|76|92,4,1,1,2,44,True,2,Quiniela Loteka,2,1,nr-historical-relations-j1.0.0
2024-03-04|36|85|81,2024-03-04,2024,36,New York 2:30,1,174983,85,81,Gana Mas,1,174981,32|48|64|85,32|48|64|85,4,52|81|85,3,2,1,1,,True,2,New York 10:30,2,3,nr-historical-relations-j1.0.0
2024-03-05|37|10|1,2024-03-05,2024,37,Gana Mas,1,175009,10,1,Quiniela Real,1,175007,5|10|42,5|10|42,2,1|10|100,2,1,1,1,,True,1,Quiniela Leidsa,1,4,nr-historical-relations-j1.0.0
2024-03-07|43|81|52,2024-03-07,2024,43,Quiniela Leidsa,1,175080,81,52,Quiniela Real,1,175065,12|28|44|60|81|92,12|28|44|60|81|92,5,52|81|85,2,1,1,1,,True,2,New York 10:30,1,3,nr-historical-relations-j1.0.0
2024-03-12|28|21|51,2024-03-12,2024,28,Quiniela Leidsa,1,175219,21,51,New York 10:30,1,175223,21|26|53,21|26|53,1,21|51,1,2,1,4,26|27|34,True,7,Quiniela Leidsa,1,1,nr-historical-relations-j1.0.0
2024-03-12|28|26|59,2024-03-12,2024,28,Quiniela Leidsa,1,175219,26,59,Gana Mas,1,175207,21|26|53,21|26|53,2,26|34|59|72,1,3,1,4,21|27|34,True,2,Quiniela Real,3,2,nr-historical-relations-j1.0.0
2024-03-12|26|27|68,2024-03-12,2024,26,Loteria Nacional,1,175220,27,68,Quiniela Loteka,1,175213,27|38,27|38,1,27|68|76|92,1,2,1,4,21|26|34,True,2,Quiniela Loteka,1,3,nr-historical-relations-j1.0.0
2024-03-12|51|34|26,2024-03-12,2024,51,New York 10:30,1,175223,34,26,Loteria Nacional,1,175220,34|98,34|98,1,26|34|59|72,2,1,2,4,21|26|27,True,3,New York 2:30,2,1,nr-historical-relations-j1.0.0
2024-03-12|51|34|59,2024-03-12,2024,51,New York 10:30,1,175223,34,59,Gana Mas,1,175207,34|98,34|98,1,26|34|59|72,2,3,2,4,21|26|27,True,3,New York 2:30,2,1,nr-historical-relations-j1.0.0
2024-03-15|32|77|87,2024-03-15,2024,32,Quiniela Loteka,1,175297,77,87,Gana Mas,1,175291,77,77,1,23|28|73|77|87,4,5,1,1,,True,2,Quiniela Loteka,3,3,nr-historical-relations-j1.0.0
2024-03-16|54|96|15,2024-03-16,2024,54,Loteria Nacional,1,175332,96,15,Gana Mas,1,175318,96,96,1,15|96,2,1,1,1,,True,2,Quiniela Leidsa,3,3,nr-historical-relations-j1.0.0
2024-03-18|43|28|77,2024-03-18,2024,43,Gana Mas,1,175373,28,77,New York 10:30,1,175391,12|28|44|60|81|92,12|28|44|60|81|92,2,23|28|73|77|87,2,4,1,2,79,True,3,New York 10:30,3,3,nr-historical-relations-j1.0.0
2024-03-18|47|79|88,2024-03-18,2024,47,Quiniela Loteka,1,175380,79,88,Loteria Nacional,1,175386,4|36|68|79|84,4|36|68|79|84,4,67|79|88,2,3,1,2,28,True,2,Loteria Nacional,1,2,nr-historical-relations-j1.0.0
2024-03-19|26|27|92,2024-03-19,2024,26,Quiniela Loteka,1,175407,27,92,New York 2:30,1,175401,27|38,27|38,1,27|68|76|92,1,4,1,1,,True,4,Loteria Nacional,1,2,nr-historical-relations-j1.0.0
2024-03-22|49|35|29,2024-03-22,2024,49,New York 10:30,1,175500,35,29,Loteria Nacional,1,175493,35|40|83,35|40|83,1,7|9|22|29|35|42|44|53|63|70|90,5,4,1,2,42,True,1,New York 2:30,2,1,nr-historical-relations-j1.0.0
2024-03-22|37|42|29,2024-03-22,2024,37,New York 2:30,1,175484,42,29,Loteria Nacional,1,175493,5|10|42,5|10|42,3,7|9|22|29|35|42|44|53|63|70|90,6,4,1,2,35,True,1,Quiniela Real,2,3,nr-historical-relations-j1.0.0
2024-03-26|39|9|44,2024-03-26,2024,39,New York 2:30,1,175592,9,44,New York 10:30,1,175609,9|14|30|41|46|62|78|94,9|14|30|41|46|62|78|94,1,7|9|22|29|35|42|44|53|63|70|90,2,7,1,1,,True,1,Quiniela Leidsa,2,1,nr-historical-relations-j1.0.0
2024-03-28|42|23|87,2024-03-28,2024,42,New York 2:30,1,175644,23,87,Quiniela Real,1,175642,7|18|23|50|55|66|71,7|18|23|50|55|66|71,3,23|28|73|77|87,1,5,1,1,,True,7,New York 2:30,3,1,nr-historical-relations-j1.0.0
2024-04-05|38|20|2,2024-04-05,2024,38,Quiniela Leidsa,1,175841,20,2,New York 2:30,2,175829,20|31|47|52|63|100,20|31|47|52|63|100,1,2|20,2,1,1,3,63|90,True,6,Gana Mas,3,1,nr-historical-relations-j1.0.0
2024-04-05|38|63|70,2024-04-05,2024,38,Quiniela Leidsa,1,175841,63,70,New York 10:30,1,175844,20|31|47|52|63|100,20|31|47|52|63|100,5,7|9|22|29|35|42|44|53|63|70|90,9,10,1,3,20|90,True,1,Quiniela Loteka,1,2,nr-historical-relations-j1.0.0
2024-04-05|46|90|70,2024-04-05,2024,46,Quiniela Real,1,175826,90,70,New York 10:30,1,175844,37|58|74|90,37|58|74|90,4,7|9|22|29|35|42|44|53|63|70|90,11,10,1,3,20|63,True,4,New York 10:30,2,1,nr-historical-relations-j1.0.0
2024-04-07|28|53|7,2024-04-07,2024,28,New York 2:30,1,175884,53,7,Loteria Nacional,1,175894,21|26|53,21|26|53,3,7|9|22|29|35|42|44|53|63|70|90,8,1,2,2,87,True,7,Loteria Nacional,2,1,nr-historical-relations-j1.0.0
2024-04-07|28|53|29,2024-04-07,2024,28,New York 2:30,1,175884,53,29,Quiniela Loteka,1,175896,21|26|53,21|26|53,3,7|9|22|29|35|42|44|53|63|70|90,8,4,2,2,87,True,7,Loteria Nacional,2,1,nr-historical-relations-j1.0.0
2024-04-07|33|87|28,2024-04-07,2024,33,Quiniela Real,1,175882,87,28,New York 2:30,1,175884,2|39|82|87,2|39|82|87,4,23|28|73|77|87,5,2,1,2,53,True,5,Quiniela Real,3,2,nr-historical-relations-j1.0.0
2024-04-11|47|68|27,2024-04-11,2024,47,Quiniela Real,1,176027,68,27,New York 2:30,1,176030,4|36|68|79|84,4|36|68|79|84,3,27|68|76|92,2,1,1,1,,True,5,New York 10:30,1,1,nr-historical-relations-j1.0.0
2024-04-12|51|34|72,2024-04-12,2024,51,Gana Mas,1,176058,34,72,Loteria Nacional,1,176069,34|98,34|98,1,26|34|59|72,2,4,1,1,,True,1,New York 10:30,2,1,nr-historical-relations-j1.0.0
2024-04-13|39|14|54,2024-04-13,2024,39,Loteria Nacional,1,176096,14,54,Quiniela Leidsa,1,176097,9|14|30|41|46|62|78|94,9|14|30|41|46|62|78|94,2,14|54,1,2,1,1,,True,2,Gana Mas,2,4,nr-historical-relations-j1.0.0
2024-04-15|41|29|63,2024-04-15,2024,41,Quiniela Loteka,1,176154,29,63,Quiniela Real,1,176145,13|29|93,13|29|93,2,7|9|22|29|35|42|44|53|63|70|90,4,9,1,1,,False,,,,0,nr-historical-relations-j1.0.0
2024-04-16|33|2|20,2024-04-16,2024,33,Quiniela Real,1,176174,2,20,Quiniela Leidsa,1,176189,2|39|82|87,2|39|82|87,1,2|20,1,2,1,1,,True,2,Gana Mas,3,2,nr-historical-relations-j1.0.0
2024-04-17|39|9|22,2024-04-17,2024,39,New York 10:30,1,176225,9,22,Gana Mas,1,176206,9|14|30|41|46|62|78|94,9|14|30|41|46|62|78|94,1,7|9|22|29|35|42|44|53|63|70|90,2,3,1,1,,False,,,,0,nr-historical-relations-j1.0.0
2024-04-18|42|71|89,2024-04-18,2024,42,New York 10:30,1,176253,71,89,Gana Mas,1,176234,7|18|23|50|55|66|71,7|18|23|50|55|66|71,7,12|41|56|71|89,4,5,1,1,,True,5,New York 2:30,3,1,nr-historical-relations-j1.0.0
2024-04-20|42|7|70,2024-04-20,2024,42,Loteria Nacional,1,176304,7,70,New York 10:30,1,176399,7|18|23|50|55|66|71,7|18|23|50|55|66|71,1,7|9|22|29|35|42|44|53|63|70|90,1,10,1,1,,True,1,Loteria Nacional,3,3,nr-historical-relations-j1.0.0
2024-04-21|39|14|54,2024-04-21,2024,39,Loteria Nacional,1,176330,14,54,New York 10:30,1,176341,9|14|30|41|46|62|78|94,9|14|30|41|46|62|78|94,2,14|54,1,2,1,1,,True,1,Quiniela Leidsa,1,1,nr-historical-relations-j1.0.0
2024-04-23|38|63|53,2024-04-23,2024,38,Quiniela Leidsa,1,176391,63,53,Loteria Nacional,1,176390,20|31|47|52|63|100,20|31|47|52|63|100,5,7|9|22|29|35|42|44|53|63|70|90,9,8,1,1,,True,5,Quiniela Leidsa,1,2,nr-historical-relations-j1.0.0
2024-04-24|52|97|48,2024-04-24,2024,52,Loteria Nacional,1,176419,97,48,Quiniela Real,1,176407,65|97,65|97,2,48|93|97,3,1,1,1,,True,3,Gana Mas,1,2,nr-historical-relations-j1.0.0
2024-04-27|43|44|9,2024-04-27,2024,43,New York 10:30,1,176516,44,9,Quiniela Leidsa,2,176506,12|28|44|60|81|92,12|28|44|60|81|92,3,7|9|22|29|35|42|44|53|63|70|90,7,2,1,3,74|90,False,,,,0,nr-historical-relations-j1.0.0
2024-04-27|46|74|31,2024-04-27,2024,46,Quiniela Loteka,1,176501,74,31,Loteria Nacional,1,176508,37|58|74|90,37|58|74|90,3,31|74,2,1,1,3,44|90,True,6,New York 10:30,3,1,nr-historical-relations-j1.0.0
2024-04-27|46|90|9,2024-04-27,2024,46,Quiniela Loteka,1,176501,90,9,Quiniela Leidsa,2,176506,37|58|74|90,37|58|74|90,4,7|9|22|29|35|42|44|53|63|70|90,11,2,1,3,44|74,True,5,Loteria Nacional,1,1,nr-historical-relations-j1.0.0
2024-04-28|45|80|8,2024-04-28,2024,45,New York 10:30,1,176543,80,8,Quiniela Loteka,1,176539,69|80,69|80,2,8|80,2,1,1,2,87,True,1,Quiniela Leidsa,1,1,nr-historical-relations-j1.0.0
2024-04-28|33|87|73,2024-04-28,2024,33,New York 2:30,1,176525,87,73,Loteria Nacional,1,176534,2|39|82|87,2|39|82|87,4,23|28|73|77|87,5,3,1,2,80,True,6,New York 2:30,1,1,nr-historical-relations-j1.0.0
2024-04-29|30|57|91,2024-04-29,2024,30,New York 2:30,1,176553,57,91,Loteria Nacional,1,176565,25|57,25|57,2,11|57|69|91,2,4,1,2,83,True,6,Quiniela Leidsa,1,1,nr-historical-relations-j1.0.0
2024-04-29|49|83|30,2024-04-29,2024,49,Gana Mas,1,176583,83,30,New York 2:30,1,176553,35|40|83,35|40|83,3,3|30|83,3,2,1,2,57,True,4,New York 2:30,1,2,nr-historical-relations-j1.0.0
2024-05-01|40|56|89,2024-05-01,2024,40,New York 10:30,1,176636,56,89,Loteria Nacional,1,176627,8|19|51|56|67|72,8|19|51|56|67|72,4,12|41|56|71|89,3,5,1,3,63|72,False,,,,0,nr-historical-relations-j1.0.0
2024-05-01|38|63|7,2024-05-01,2024,38,Quiniela Leidsa,1,176628,63,7,Quiniela Loteka,1,176622,20|31|47|52|63|100,20|31|47|52|63|100,5,7|9|22|29|35|42|44|53|63|70|90,9,1,1,3,56|72,True,5,Quiniela Leidsa,1,1,nr-historical-relations-j1.0.0
2024-05-01|40|72|34,2024-05-01,2024,40,New York 10:30,1,176636,72,34,New York 2:30,1,176617,8|19|51|56|67|72,8|19|51|56|67|72,6,26|34|59|72,4,2,1,3,56|63,False,,,,0,nr-historical-relations-j1.0.0
2024-05-02|40|72|59,2024-05-02,2024,40,Quiniela Leidsa,1,176664,72,59,New York 10:30,1,176672,8|19|51|56|67|72,8|19|51|56|67|72,6,26|34|59|72,4,3,1,1,,True,7,Quiniela Real,2,1,nr-historical-relations-j1.0.0
2024-05-03|49|35|42,2024-05-03,2024,49,Quiniela Real,1,176677,35,42,Quiniela Leidsa,1,176694,35|40|83,35|40|83,1,7|9|22|29|35|42|44|53|63|70|90,5,6,1,1,,True,2,Quiniela Real,3,1,nr-historical-relations-j1.0.0
2024-05-04|48|73|87,2024-05-04,2024,48,Quiniela Loteka,1,176715,73,87,New York 2:30,1,176709,73|89,73|89,1,23|28|73|77|87,3,5,1,1,,True,3,New York 2:30,1,2,nr-historical-relations-j1.0.0
2024-05-05|45|69|57,2024-05-05,2024,45,New York 10:30,1,176756,69,57,Quiniela Leidsa,1,176740,69|80,69|80,1,11|57|69|91,3,2,1,1,,True,2,New York 10:30,1,5,nr-historical-relations-j1.0.0
2024-05-06|41|29|53,2024-05-06,2024,41,Gana Mas,1,176764,29,53,New York 2:30,1,176765,13|29|93,13|29|93,2,7|9|22|29|35|42|44|53|63|70|90,4,8,2,2,63,True,1,Quiniela Leidsa,3,1,nr-historical-relations-j1.0.0
2024-05-06|41|29|63,2024-05-06,2024,41,Gana Mas,1,176764,29,63,Quiniela Leidsa,1,176777,13|29|93,13|29|93,2,7|9|22|29|35|42|44|53|63|70|90,4,9,2,2,63,True,1,Quiniela Leidsa,3,1,nr-historical-relations-j1.0.0
2024-05-06|38|63|53,2024-05-06,2024,38,Loteria Nacional,1,176775,63,53,New York 2:30,1,176765,20|31|47|52|63|100,20|31|47|52|63|100,5,7|9|22|29|35|42|44|53|63|70|90,9,8,1,2,29,True,7,New York 2:30,2,1,nr-historical-relations-j1.0.0
2024-05-10|39|41|89,2024-05-10,2024,39,New York 2:30,1,176880,41,89,Quiniela Real,1,176876,9|14|30|41|46|62|78|94,9|14|30|41|46|62|78|94,4,12|41|56|71|89,2,5,1,2,94,True,3,Loteria Nacional,2,3,nr-historical-relations-j1.0.0
2024-05-10|39|94|84,2024-05-10,2024,39,New York 2:30,1,176880,94,84,Quiniela Loteka,1,176886,9|14|30|41|46|62|78|94,9|14|30|41|46|62|78|94,8,58|84|94,3,2,1,2,41,True,3,Gana Mas,1,2,nr-historical-relations-j1.0.0
2024-05-11|35|6|60,2024-05-11,2024,35,Loteria Nacional,1,176918,6,60,Quiniela Leidsa,2,176917,6|11|43|54|86,6|11|43|54|86,1,6|60,1,2,1,1,,False,,,,0,nr-historical-relations-j1.0.0
2024-05-12|35|54|14,2024-05-12,2024,35,New York 10:30,1,176954,54,14,Gana Mas,1,176936,6|11|43|54|86,6|11|43|54|86,4,14|54,2,1,1,1,,False,,,,0,nr-historical-relations-j1.0.0
2024-05-13|35|11|57,2024-05-13,2024,35,New York 2:30,1,176962,11,57,New York 10:30,1,176981,6|11|43|54|86,6|11|43|54|86,2,11|57|69|91,1,2,1,2,27,True,5,Gana Mas,2,1,nr-historical-relations-j1.0.0
2024-05-13|26|27|76,2024-05-13,2024,26,Loteria Nacional,1,176972,27,76,Quiniela Leidsa,1,176973,27|38,27|38,1,27|68|76|92,1,3,1,2,11,True,2,Gana Mas,2,2,nr-historical-relations-j1.0.0
2024-05-14|42|7|29,2024-05-14,2024,42,Quiniela Real,1,176989,7,29,New York 2:30,1,176993,7|18|23|50|55|66|71,7|18|23|50|55|66|71,1,7|9|22|29|35|42|44|53|63|70|90,1,4,2,3,29|71,True,5,New York 2:30,2,2,nr-historical-relations-j1.0.0
2024-05-14|42|7|35,2024-05-14,2024,42,Quiniela Real,1,176989,7,35,Quiniela Leidsa,1,177007,7|18|23|50|55|66|71,7|18|23|50|55|66|71,1,7|9|22|29|35|42|44|53|63|70|90,1,5,2,3,29|71,True,5,New York 2:30,2,2,nr-historical-relations-j1.0.0
2024-05-14|41|29|35,2024-05-14,2024,41,Gana Mas,1,176992,29,35,Quiniela Leidsa,1,177007,13|29|93,13|29|93,2,7|9|22|29|35|42|44|53|63|70|90,4,5,2,3,7|71,True,2,Quiniela Loteka,2,2,nr-historical-relations-j1.0.0
2024-05-14|41|29|42,2024-05-14,2024,41,Gana Mas,1,176992,29,42,Quiniela Real,1,176989,13|29|93,13|29|93,2,7|9|22|29|35|42|44|53|63|70|90,4,6,2,3,7|71,True,2,Quiniela Loteka,2,2,nr-historical-relations-j1.0.0
2024-05-14|42|71|41,2024-05-14,2024,42,Quiniela Real,1,176989,71,41,Gana Mas,1,176992,7|18|23|50|55|66|71,7|18|23|50|55|66|71,7,12|41|56|71|89,4,2,1,3,7|29,True,2,Quiniela Leidsa,3,2,nr-historical-relations-j1.0.0
2024-05-16|39|9|22,2024-05-16,2024,39,Loteria Nacional,1,177062,9,22,New York 2:30,1,177051,9|14|30|41|46|62|78|94,9|14|30|41|46|62|78|94,1,7|9|22|29|35|42|44|53|63|70|90,2,3,1,2,94,True,6,Loteria Nacional,1,1,nr-historical-relations-j1.0.0
2024-05-16|39|94|58,2024-05-16,2024,39,Loteria Nacional,1,177062,94,58,Quiniela Leidsa,1,177063,9|14|30|41|46|62|78|94,9|14|30|41|46|62|78|94,8,58|84|94,3,1,1,2,9,True,6,Quiniela Loteka,3,2,nr-historical-relations-j1.0.0
2024-05-17|39|30|3,2024-05-17,2024,39,New York 10:30,1,177097,30,3,Loteria Nacional,1,177089,9|14|30|41|46|62|78|94,9|14|30|41|46|62|78|94,3,3|30|83,2,1,1,1,,True,1,Loteria Nacional,2,3,nr-historical-relations-j1.0.0
2024-05-18|39|94|84,2024-05-18,2024,39,Quiniela Leidsa,1,177116,94,84,Loteria Nacional,1,177114,9|14|30|41|46|62|78|94,9|14|30|41|46|62|78|94,8,58|84|94,3,2,1,1,,True,4,Quiniela Loteka,3,2,nr-historical-relations-j1.0.0
2024-05-22|44|22|9,2024-05-22,2024,44,Quiniela Loteka,1,177215,22,9,Loteria Nacional,1,177225,22|59|70|75|91,22|59|70|75|91,1,7|9|22|29|35|42|44|53|63|70|90,3,2,1,3,44|70,False,,,,0,nr-historical-relations-j1.0.0
2024-05-22|43|44|9,2024-05-22,2024,43,New York 2:30,1,177209,44,9,Loteria Nacional,1,177225,12|28|44|60|81|92,12|28|44|60|81|92,3,7|9|22|29|35|42|44|53|63|70|90,7,2,1,3,22|70,True,1,Quiniela Leidsa,3,2,nr-historical-relations-j1.0.0
2024-05-22|44|70|9,2024-05-22,2024,44,Quiniela Loteka,1,177215,70,9,Loteria Nacional,1,177225,22|59|70|75|91,22|59|70|75|91,3,7|9|22|29|35|42|44|53|63|70|90,10,2,1,3,22|44,True,5,New York 10:30,2,2,nr-historical-relations-j1.0.0
2024-05-23|42|7|35,2024-05-23,2024,42,Gana Mas,1,177238,7,35,Quiniela Leidsa,1,177248,7|18|23|50|55|66|71,7|18|23|50|55|66|71,1,7|9|22|29|35|42|44|53|63|70|90,1,5,1,2,71,True,1,Quiniela Loteka,1,1,nr-historical-relations-j1.0.0
2024-05-23|42|71|12,2024-05-23,2024,42,Gana Mas,1,177238,71,12,Quiniela Loteka,1,177243,7|18|23|50|55|66|71,7|18|23|50|55|66|71,7,12|41|56|71|89,4,1,1,2,7,False,,,,0,nr-historical-relations-j1.0.0
2024-05-26|42|7|44,2024-05-26,2024,42,New York 10:30,2,177343,7,44,Loteria Nacional,1,177335,7|18|23|50|55|66|71,7|18|23|50|55|66|71,1,7|9|22|29|35|42|44|53|63|70|90,1,7,1,4,22|70|71,True,5,Quiniela Loteka,2,1,nr-historical-relations-j1.0.0
2024-05-26|44|22|42,2024-05-26,2024,44,Loteria Nacional,1,177335,22,42,New York 10:30,2,177343,22|59|70|75|91,22|59|70|75|91,1,7|9|22|29|35|42|44|53|63|70|90,3,6,1,4,7|70|71,True,6,Loteria Nacional,1,1,nr-historical-relations-j1.0.0
2024-05-26|44|70|42,2024-05-26,2024,44,Loteria Nacional,1,177335,70,42,New York 10:30,2,177343,22|59|70|75|91,22|59|70|75|91,3,7|9|22|29|35|42|44|53|63|70|90,10,6,1,4,7|22|71,True,1,New York 10:30,2,2,nr-historical-relations-j1.0.0
2024-05-26|42|71|89,2024-05-26,2024,42,New York 10:30,2,177343,71,89,Quiniela Loteka,1,177338,7|18|23|50|55|66|71,7|18|23|50|55|66|71,7,12|41|56|71|89,4,5,1,4,7|22|70,False,,,,0,nr-historical-relations-j1.0.0
2024-05-27|34|1|10,2024-05-27,2024,34,New York 2:30,1,177353,1,10,New York 10:30,1,177373,1|17|33|49|76,1|17|33|49|76,1,1|10|100,1,2,1,1,,True,3,Loteria Nacional,1,2,nr-historical-relations-j1.0.0
2024-05-31|32|77|23,2024-05-31,2024,32,Quiniela Loteka,1,177476,77,23,New York 10:30,1,177488,77,77,1,23|28|73|77|87,4,1,1,2,87,True,4,Quiniela Loteka,2,1,nr-historical-relations-j1.0.0
2024-05-31|33|87|23,2024-05-31,2024,33,Loteria Nacional,1,177482,87,23,New York 10:30,1,177488,2|39|82|87,2|39|82|87,4,23|28|73|77|87,5,1,1,2,77,True,3,Loteria Nacional,2,4,nr-historical-relations-j1.0.0
2024-06-01|32|77|73,2024-06-01,2024,32,Quiniela Loteka,1,177503,77,73,Quiniela Real,1,177494,77,77,1,23|28|73|77|87,4,3,1,1,,True,3,Quiniela Loteka,2,3,nr-historical-relations-j1.0.0
2024-06-05|26|27|76,2024-06-05,2024,26,New York 2:30,1,177612,27,76,New York 10:30,1,177631,27|38,27|38,1,27|68|76|92,1,3,1,1,,False,,,,0,nr-historical-relations-j1.0.0
2024-06-06|45|80|8,2024-06-06,2024,45,Gana Mas,1,177641,80,8,New York 10:30,1,177659,69|80,69|80,2,8|80,2,1,1,1,,True,1,Loteria Nacional,3,1,nr-historical-relations-j1.0.0
2024-06-07|32|77|87,2024-06-07,2024,32,Loteria Nacional,1,177678,77,87,Quiniela Real,1,177665,77,77,1,23|28|73|77|87,4,5,1,1,,True,1,Gana Mas,1,2,nr-historical-relations-j1.0.0
2024-06-08|48|73|77,2024-06-08,2024,48,Loteria Nacional,1,177708,73,77,Gana Mas,1,177698,73|89,73|89,1,23|28|73|77|87,3,4,1,1,,True,7,Quiniela Real,1,1,nr-historical-relations-j1.0.0
2024-06-09|26|27|68,2024-06-09,2024,26,New York 10:30,1,177745,27,68,New York 2:30,1,177727,27|38,27|38,1,27|68|76|92,1,2,1,1,,True,5,New York 10:30,2,1,nr-historical-relations-j1.0.0
2024-06-12|42|7|53,2024-06-12,2024,42,Gana Mas,1,177811,7,53,Quiniela Loteka,1,177817,7|18|23|50|55|66|71,7|18|23|50|55|66|71,1,7|9|22|29|35|42|44|53|63|70|90,1,8,1,1,,True,7,Loteria Nacional,3,1,nr-historical-relations-j1.0.0
2024-06-14|48|73|28,2024-06-14,2024,48,New York 2:30,1,177870,73,28,Quiniela Real,1,177867,73|89,73|89,1,23|28|73|77|87,3,2,1,2,77,True,1,Quiniela Real,1,4,nr-historical-relations-j1.0.0
2024-06-14|32|77|28,2024-06-14,2024,32,New York 10:30,1,177889,77,28,Quiniela Real,1,177867,77,77,1,23|28|73|77|87,4,2,1,2,73,False,,,,0,nr-historical-relations-j1.0.0
2024-06-16|39|30|3,2024-06-16,2024,39,Loteria Nacional,1,177936,30,3,Quiniela Loteka,1,177940,9|14|30|41|46|62|78|94,9|14|30|41|46|62|78|94,3,3|30|83,2,1,1,3,41|83,True,2,Gana Mas,2,1,nr-historical-relations-j1.0.0
2024-06-16|39|41|56,2024-06-16,2024,39,Loteria Nacional,1,177936,41,56,Quiniela Leidsa,1,177931,9|14|30|41|46|62|78|94,9|14|30|41|46|62|78|94,4,12|41|56|71|89,2,3,1,3,30|83,True,3,Quiniela Loteka,3,2,nr-historical-relations-j1.0.0
2024-06-16|49|83|3,2024-06-16,2024,49,New York 2:30,1,177929,83,3,Quiniela Loteka,1,177940,35|40|83,35|40|83,3,3|30|83,3,1,1,3,30|41,True,2,New York 10:30,2,2,nr-historical-relations-j1.0.0
2024-06-17|44|22|53,2024-06-17,2024,44,Quiniela Real,1,177952,22,53,Loteria Nacional,1,177968,22|59|70|75|91,22|59|70|75|91,1,7|9|22|29|35|42|44|53|63|70|90,3,8,1,3,42|70,True,2,Gana Mas,2,2,nr-historical-relations-j1.0.0
2024-06-17|37|42|22,2024-06-17,2024,37,Gana Mas,1,177956,42,22,Quiniela Loteka,1,177961,5|10|42,5|10|42,3,7|9|22|29|35|42|44|53|63|70|90,6,3,3,3,22|70,True,1,Quiniela Loteka,3,1,nr-historical-relations-j1.0.0
2024-06-17|37|42|44,2024-06-17,2024,37,Gana Mas,1,177956,42,44,Quiniela Real,1,177952,5|10|42,5|10|42,3,7|9|22|29|35|42|44|53|63|70|90,6,7,3,3,22|70,True,1,Quiniela Loteka,3,1,nr-historical-relations-j1.0.0
2024-06-17|37|42|53,2024-06-17,2024,37,Gana Mas,1,177956,42,53,Loteria Nacional,1,177968,5|10|42,5|10|42,3,7|9|22|29|35|42|44|53|63|70|90,6,8,3,3,22|70,True,1,Quiniela Loteka,3,1,nr-historical-relations-j1.0.0
2024-06-17|44|70|22,2024-06-17,2024,44,Quiniela Real,1,177952,70,22,Quiniela Loteka,1,177961,22|59|70|75|91,22|59|70|75|91,3,7|9|22|29|35|42|44|53|63|70|90,10,3,2,3,22|42,False,,,,0,nr-historical-relations-j1.0.0
2024-06-17|44|70|53,2024-06-17,2024,44,Quiniela Real,1,177952,70,53,Loteria Nacional,1,177968,22|59|70|75|91,22|59|70|75|91,3,7|9|22|29|35|42|44|53|63|70|90,10,8,2,3,22|42,False,,,,0,nr-historical-relations-j1.0.0
2024-06-19|37|42|22,2024-06-19,2024,37,Quiniela Loteka,1,178022,42,22,Quiniela Real,1,178012,5|10|42,5|10|42,3,7|9|22|29|35|42|44|53|63|70|90,6,3,1,1,,False,,,,0,nr-historical-relations-j1.0.0
2024-06-21|40|19|46,2024-06-21,2024,40,Quiniela Real,1,178071,19,46,Quiniela Leidsa,1,178086,8|19|51|56|67|72,8|19|51|56|67|72,2,19|46|86,1,2,1,2,56,True,3,Quiniela Leidsa,2,2,nr-historical-relations-j1.0.0
2024-06-21|40|56|12,2024-06-21,2024,40,Quiniela Real,1,178071,56,12,Quiniela Loteka,1,178080,8|19|51|56|67|72,8|19|51|56|67|72,4,12|41|56|71|89,3,1,1,2,19,True,1,New York 10:30,2,2,nr-historical-relations-j1.0.0
2024-06-25|54|96|15,2024-06-25,2024,54,Quiniela Leidsa,1,178196,96,15,Quiniela Loteka,1,178192,96,96,1,15|96,2,1,1,1,,True,2,Loteria Nacional,3,2,nr-historical-relations-j1.0.0
2024-06-26|28|53|22,2024-06-26,2024,28,New York 10:30,1,178233,53,22,Loteria Nacional,1,178224,21|26|53,21|26|53,3,7|9|22|29|35|42|44|53|63|70|90,8,3,2,1,,False,,,,0,nr-historical-relations-j1.0.0
2024-06-26|28|53|29,2024-06-26,2024,28,New York 10:30,1,178233,53,29,Gana Mas,1,178215,21|26|53,21|26|53,3,7|9|22|29|35|42|44|53|63|70|90,8,4,2,1,,False,,,,0,nr-historical-relations-j1.0.0
2024-06-28|34|1|10,2024-06-28,2024,34,Gana Mas,1,178276,1,10,New York 2:30,1,178275,1|17|33|49|76,1|17|33|49|76,1,1|10|100,1,2,1,1,,False,,,,0,nr-historical-relations-j1.0.0
2024-06-29|38|63|90,2024-06-29,2024,38,Quiniela Leidsa,1,178317,63,90,Loteria Nacional,1,178316,20|31|47|52|63|100,20|31|47|52|63|100,5,7|9|22|29|35|42|44|53|63|70|90,9,11,1,1,,True,4,New York 10:30,1,2,nr-historical-relations-j1.0.0
2024-07-01|39|9|7,2024-07-01,2024,39,Gana Mas,1,178363,9,7,Quiniela Leidsa,1,178371,9|14|30|41|46|62|78|94,9|14|30|41|46|62|78|94,1,7|9|22|29|35|42|44|53|63|70|90,2,1,2,2,94,False,,,,0,nr-historical-relations-j1.0.0
2024-07-01|39|9|90,2024-07-01,2024,39,Gana Mas,1,178363,9,90,Quiniela Real,1,178359,9|14|30|41|46|62|78|94,9|14|30|41|46|62|78|94,1,7|9|22|29|35|42|44|53|63|70|90,2,11,2,2,94,False,,,,0,nr-historical-relations-j1.0.0
2024-07-01|39|94|58,2024-07-01,2024,39,Gana Mas,1,178363,94,58,Quiniela Loteka,1,178368,9|14|30|41|46|62|78|94,9|14|30|41|46|62|78|94,8,58|84|94,3,1,1,2,9,False,,,,0,nr-historical-relations-j1.0.0
2024-07-02|42|23|77,2024-07-02,2024,42,New York 10:30,1,178397,23,77,New York 2:30,1,178391,7|18|23|50|55|66|71,7|18|23|50|55|66|71,3,23|28|73|77|87,1,4,1,2,71,True,4,Gana Mas,3,1,nr-historical-relations-j1.0.0
2024-07-02|42|71|56,2024-07-02,2024,42,New York 10:30,1,178397,71,56,Quiniela Real,1,178388,7|18|23|50|55|66|71,7|18|23|50|55|66|71,7,12|41|56|71|89,4,3,1,2,23,True,1,Quiniela Leidsa,3,1,nr-historical-relations-j1.0.0
2024-07-03|39|9|22,2024-07-03,2024,39,Quiniela Real,1,178402,9,22,Gana Mas,1,178406,9|14|30|41|46|62|78|94,9|14|30|41|46|62|78|94,1,7|9|22|29|35|42|44|53|63|70|90,2,3,2,1,,False,,,,0,nr-historical-relations-j1.0.0
2024-07-03|39|9|63,2024-07-03,2024,39,Quiniela Real,1,178402,9,63,New York 10:30,1,178424,9|14|30|41|46|62|78|94,9|14|30|41|46|62|78|94,1,7|9|22|29|35|42|44|53|63|70|90,2,9,2,1,,False,,,,0,nr-historical-relations-j1.0.0
2024-07-04|40|72|34,2024-07-04,2024,40,Quiniela Loteka,1,178440,72,34,Gana Mas,1,178434,8|19|51|56|67|72,8|19|51|56|67|72,6,26|34|59|72,4,2,1,1,,True,7,Loteria Nacional,1,2,nr-historical-relations-j1.0.0
2024-07-07|36|48|93,2024-07-07,2024,36,Gana Mas,1,178506,48,93,New York 10:30,1,178522,32|48|64|85,32|48|64|85,2,48|93|97,1,2,2,1,,True,2,New York 2:30,1,2,nr-historical-relations-j1.0.0
2024-07-07|36|48|97,2024-07-07,2024,36,Gana Mas,1,178506,48,97,New York 2:30,1,178505,32|48|64|85,32|48|64|85,2,48|93|97,1,3,2,1,,True,2,New York 2:30,1,2,nr-historical-relations-j1.0.0
2024-07-08|50|45|32,2024-07-08,2024,50,Loteria Nacional,1,178541,45,32,Quiniela Real,1,178531,45,45,1,32|45,2,1,1,1,,True,2,Gana Mas,3,3,nr-historical-relations-j1.0.0
2024-07-09|31|88|79,2024-07-09,2024,31,Loteria Nacional,1,178573,88,79,Quiniela Real,1,178557,3|24|88|99,3|24|88|99,3,67|79|88,3,2,1,3,89|93,False,,,,0,nr-historical-relations-j1.0.0
2024-07-09|48|89|41,2024-07-09,2024,48,New York 2:30,1,178562,89,41,Quiniela Leidsa,1,178574,73|89,73|89,2,12|41|56|71|89,5,2,1,3,88|93,True,7,Gana Mas,2,1,nr-historical-relations-j1.0.0
2024-07-09|41|93|48,2024-07-09,2024,41,Quiniela Leidsa,1,178574,93,48,New York 2:30,1,178562,13|29|93,13|29|93,3,48|93|97,2,1,1,3,88|89,True,2,New York 10:30,2,3,nr-historical-relations-j1.0.0
2024-07-11|42|7|63,2024-07-11,2024,42,New York 2:30,1,178622,7,63,Quiniela Leidsa,1,178632,7|18|23|50|55|66|71,7|18|23|50|55|66|71,1,7|9|22|29|35|42|44|53|63|70|90,1,9,1,2,50,True,6,Quiniela Leidsa,2,1,nr-historical-relations-j1.0.0
2024-07-11|42|50|5,2024-07-11,2024,42,New York 2:30,1,178622,50,5,Quiniela Real,2,178617,7|18|23|50|55|66|71,7|18|23|50|55|66|71,4,5|50,2,1,1,2,7,True,3,Quiniela Real,2,1,nr-historical-relations-j1.0.0
2024-07-12|36|48|97,2024-07-12,2024,36,Gana Mas,1,178653,48,97,Quiniela Real,1,178649,32|48|64|85,32|48|64|85,2,48|93|97,1,3,1,1,,True,6,New York 10:30,3,1,nr-historical-relations-j1.0.0
2024-07-15|44|22|53,2024-07-15,2024,44,New York 2:30,1,178737,22,53,Quiniela Real,1,178734,22|59|70|75|91,22|59|70|75|91,1,7|9|22|29|35|42|44|53|63|70|90,3,8,1,2,70,True,2,New York 10:30,1,5,nr-historical-relations-j1.0.0
2024-07-15|44|70|53,2024-07-15,2024,44,New York 2:30,1,178737,70,53,Quiniela Real,1,178734,22|59|70|75|91,22|59|70|75|91,3,7|9|22|29|35|42|44|53|63|70|90,10,8,1,2,22,True,4,Loteria Nacional,1,2,nr-historical-relations-j1.0.0
2024-07-18|30|25|16,2024-07-18,2024,30,New York 2:30,1,178823,25,16,New York 10:30,1,178840,25|57,25|57,1,16|25,2,1,1,1,,True,3,Quiniela Leidsa,3,3,nr-historical-relations-j1.0.0
2024-07-20|44|22|35,2024-07-20,2024,44,New York 10:30,1,178901,22,35,Quiniela Leidsa,1,178890,22|59|70|75|91,22|59|70|75|91,1,7|9|22|29|35|42|44|53|63|70|90,3,5,1,3,59|70,True,1,Gana Mas,3,5,nr-historical-relations-j1.0.0
2024-07-20|44|59|26,2024-07-20,2024,44,New York 10:30,1,178901,59,26,New York 2:30,1,178878,22|59|70|75|91,22|59|70|75|91,2,26|34|59|72,3,1,1,3,22|70,True,4,New York 10:30,1,5,nr-historical-relations-j1.0.0
2024-07-20|44|70|35,2024-07-20,2024,44,New York 10:30,1,178901,70,35,Quiniela Leidsa,1,178890,22|59|70|75|91,22|59|70|75|91,3,7|9|22|29|35|42|44|53|63|70|90,10,5,1,3,22|59,True,5,Quiniela Loteka,2,1,nr-historical-relations-j1.0.0
2024-07-24|26|27|76,2024-07-24,2024,26,Gana Mas,1,179023,27,76,Quiniela Real,1,178992,27|38,27|38,1,27|68|76|92,1,3,1,2,72,False,,,,0,nr-historical-relations-j1.0.0
2024-07-24|40|72|26,2024-07-24,2024,40,New York 2:30,1,179017,72,26,Gana Mas,1,179023,8|19|51|56|67|72,8|19|51|56|67|72,6,26|34|59|72,4,1,2,2,27,False,,,,0,nr-historical-relations-j1.0.0
2024-07-24|40|72|59,2024-07-24,2024,40,New York 2:30,1,179017,72,59,New York 10:30,1,179016,8|19|51|56|67|72,8|19|51|56|67|72,6,26|34|59|72,4,3,2,2,27,False,,,,0,nr-historical-relations-j1.0.0
2024-07-26|41|13|17,2024-07-26,2024,41,Quiniela Real,1,179049,13,17,Quiniela Loteka,1,179057,13|29|93,13|29|93,1,13|17,1,2,1,1,,True,1,Quiniela Real,2,4,nr-historical-relations-j1.0.0
2024-08-01|31|3|83,2024-08-01,2024,31,New York 2:30,1,179229,3,83,Quiniela Leidsa,1,179241,3|24|88|99,3|24|88|99,1,3|30|83,1,3,1,1,,True,3,Quiniela Leidsa,3,2,nr-historical-relations-j1.0.0
2024-08-02|40|72|34,2024-08-02,2024,40,Gana Mas,1,179259,72,34,Quiniela Loteka,1,179266,8|19|51|56|67|72,8|19|51|56|67|72,6,26|34|59|72,4,2,1,2,87,True,3,Gana Mas,2,1,nr-historical-relations-j1.0.0
2024-08-02|33|87|73,2024-08-02,2024,33,Quiniela Real,1,179255,87,73,New York 10:30,1,179276,2|39|82|87,2|39|82|87,4,23|28|73|77|87,5,3,1,2,72,True,6,New York 10:30,1,1,nr-historical-relations-j1.0.0
2024-08-03|42|71|89,2024-08-03,2024,42,Quiniela Real,1,179283,71,89,Quiniela Leidsa,1,179297,7|18|23|50|55|66|71,7|18|23|50|55|66|71,7,12|41|56|71|89,4,5,1,1,,False,,,,0,nr-historical-relations-j1.0.0
2024-08-04|32|77|23,2024-08-04,2024,32,Quiniela Loteka,1,179325,77,23,Loteria Nacional,1,179323,77,77,1,23|28|73|77|87,4,1,1,1,,True,2,Quiniela Leidsa,2,2,nr-historical-relations-j1.0.0
2024-08-05|35|11|57,2024-08-05,2024,35,Loteria Nacional,1,179351,11,57,Quiniela Leidsa,1,179352,6|11|43|54|86,6|11|43|54|86,2,11|57|69|91,1,2,1,7,22|44|69|70|80|91,True,4,New York 2:30,3,2,nr-historical-relations-j1.0.0
2024-08-05|44|22|35,2024-08-05,2024,44,Gana Mas,1,179342,22,35,Loteria Nacional,1,179351,22|59|70|75|91,22|59|70|75|91,1,7|9|22|29|35|42|44|53|63|70|90,3,5,1,7,11|44|69|70|80|91,False,,,,0,nr-historical-relations-j1.0.0
2024-08-05|43|44|35,2024-08-05,2024,43,New York 10:30,1,179383,44,35,Loteria Nacional,1,179351,12|28|44|60|81|92,12|28|44|60|81|92,3,7|9|22|29|35|42|44|53|63|70|90,7,5,1,7,11|22|69|70|80|91,True,1,New York 2:30,2,3,nr-historical-relations-j1.0.0
2024-08-05|45|69|57,2024-08-05,2024,45,Quiniela Loteka,1,179347,69,57,Quiniela Leidsa,1,179352,69|80,69|80,1,11|57|69|91,3,2,1,7,11|22|44|70|80|91,False,,,,0,nr-historical-relations-j1.0.0
2024-08-05|44|70|35,2024-08-05,2024,44,Gana Mas,1,179342,70,35,Loteria Nacional,1,179351,22|59|70|75|91,22|59|70|75|91,3,7|9|22|29|35|42|44|53|63|70|90,10,5,1,7,11|22|44|69|80|91,True,2,Quiniela Leidsa,3,1,nr-historical-relations-j1.0.0
2024-08-05|45|80|8,2024-08-05,2024,45,Quiniela Loteka,1,179347,80,8,New York 2:30,1,179341,69|80,69|80,2,8|80,2,1,1,7,11|22|44|69|70|91,False,,,,0,nr-historical-relations-j1.0.0
2024-08-05|44|91|57,2024-08-05,2024,44,Gana Mas,1,179342,91,57,Quiniela Leidsa,1,179352,22|59|70|75|91,22|59|70|75|91,5,11|57|69|91,4,2,1,7,11|22|44|69|70|80,True,7,New York 2:30,3,1,nr-historical-relations-j1.0.0
2024-08-07|44|22|7,2024-08-07,2024,44,Gana Mas,1,179404,22,7,Loteria Nacional,1,179413,22|59|70|75|91,22|59|70|75|91,1,7|9|22|29|35|42|44|53|63|70|90,3,1,1,2,70,False,,,,0,nr-historical-relations-j1.0.0
2024-08-07|44|70|7,2024-08-07,2024,44,Gana Mas,1,179404,70,7,Loteria Nacional,1,179413,22|59|70|75|91,22|59|70|75|91,3,7|9|22|29|35|42|44|53|63|70|90,10,1,1,2,22,True,7,Gana Mas,3,1,nr-historical-relations-j1.0.0
2024-08-09|42|7|29,2024-08-09,2024,42,Gana Mas,1,179461,7,29,Loteria Nacional,1,179472,7|18|23|50|55|66|71,7|18|23|50|55|66|71,1,7|9|22|29|35|42|44|53|63|70|90,1,4,1,2,15,True,1,Quiniela Leidsa,1,3,nr-historical-relations-j1.0.0
2024-08-09|29|15|96,2024-08-09,2024,29,Loteria Nacional,1,179472,15,96,New York 10:30,1,179479,15,15,1,15|96,1,2,1,2,7,False,,,,0,nr-historical-relations-j1.0.0
2024-08-11|49|35|7,2024-08-11,2024,49,New York 10:30,1,179536,35,7,New York 2:30,1,179518,35|40|83,35|40|83,1,7|9|22|29|35|42|44|53|63|70|90,5,1,2,1,,True,7,New York 2:30,3,1,nr-historical-relations-j1.0.0
2024-08-11|49|35|29,2024-08-11,2024,49,New York 10:30,1,179536,35,29,Quiniela Real,1,179514,35|40|83,35|40|83,1,7|9|22|29|35|42|44|53|63|70|90,5,4,2,1,,True,7,New York 2:30,3,1,nr-historical-relations-j1.0.0
2024-08-13|36|48|97,2024-08-13,2024,36,Quiniela Loteka,1,179578,48,97,New York 10:30,1,179590,32|48|64|85,32|48|64|85,2,48|93|97,1,3,1,1,,False,,,,0,nr-historical-relations-j1.0.0
2024-08-14|30|57|69,2024-08-14,2024,30,Quiniela Leidsa,1,179610,57,69,Loteria Nacional,1,179608,25|57,25|57,2,11|57|69|91,2,3,1,1,,True,5,Gana Mas,2,3,nr-historical-relations-j1.0.0
2024-08-17|41|29|22,2024-08-17,2024,41,New York 2:30,1,179683,29,22,Quiniela Leidsa,1,179693,13|29|93,13|29|93,2,7|9|22|29|35|42|44|53|63|70|90,4,3,1,1,,False,,,,0,nr-historical-relations-j1.0.0
2024-08-20|47|68|92,2024-08-20,2024,47,Gana Mas,1,179765,68,92,Quiniela Real,1,179762,4|36|68|79|84,4|36|68|79|84,3,27|68|76|92,2,4,1,1,,True,1,Quiniela Loteka,2,1,nr-historical-relations-j1.0.0
2024-08-21|42|50|5,2024-08-21,2024,42,New York 2:30,1,179791,50,5,Quiniela Leidsa,1,179802,7|18|23|50|55|66|71,7|18|23|50|55|66|71,4,5|50,2,1,1,1,,True,6,Quiniela Leidsa,1,1,nr-historical-relations-j1.0.0
2024-08-22|38|31|74,2024-08-22,2024,38,Quiniela Real,1,179816,31,74,New York 10:30,1,179839,20|31|47|52|63|100,20|31|47|52|63|100,2,31|74,1,2,1,3,63|100,True,2,New York 10:30,2,3,nr-historical-relations-j1.0.0
2024-08-22|38|63|22,2024-08-22,2024,38,Quiniela Real,1,179816,63,22,Quiniela Leidsa,1,179832,20|31|47|52|63|100,20|31|47|52|63|100,5,7|9|22|29|35|42|44|53|63|70|90,9,3,1,3,31|100,False,,,,0,nr-historical-relations-j1.0.0
2024-08-22|38|100|1,2024-08-22,2024,38,Quiniela Real,1,179816,100,1,New York 2:30,1,179820,20|31|47|52|63|100,20|31|47|52|63|100,6,1|10|100,3,1,1,3,31|63,False,,,,0,nr-historical-relations-j1.0.0
2024-08-23|35|54|14,2024-08-23,2024,35,Quiniela Real,1,179846,54,14,New York 10:30,1,179864,6|11|43|54|86,6|11|43|54|86,4,14|54,2,1,1,1,,False,,,,0,nr-historical-relations-j1.0.0
2024-08-28|41|29|90,2024-08-28,2024,41,Quiniela Leidsa,1,180000,29,90,Quiniela Loteka,1,179996,13|29|93,13|29|93,2,7|9|22|29|35|42|44|53|63|70|90,4,11,1,1,,True,7,Loteria Nacional,1,1,nr-historical-relations-j1.0.0
2024-08-29|37|10|1,2024-08-29,2024,37,Quiniela Leidsa,1,180032,10,1,Loteria Nacional,1,180030,5|10|42,5|10|42,2,1|10|100,2,1,1,2,42,True,3,Quiniela Loteka,3,2,nr-historical-relations-j1.0.0
2024-08-29|37|42|7,2024-08-29,2024,37,Quiniela Leidsa,1,180032,42,7,Gana Mas,1,180021,5|10|42,5|10|42,3,7|9|22|29|35|42|44|53|63|70|90,6,1,1,2,10,True,2,Gana Mas,2,3,nr-historical-relations-j1.0.0
2024-08-30|36|48|97,2024-08-30,2024,36,Quiniela Loteka,1,180057,48,97,Quiniela Leidsa,1,180062,32|48|64|85,32|48|64|85,2,48|93|97,1,3,1,1,,True,4,Gana Mas,3,1,nr-historical-relations-j1.0.0
2024-08-31|36|32|45,2024-08-31,2024,36,Quiniela Loteka,1,180087,32,45,New York 10:30,1,180101,32|48|64|85,32|48|64|85,1,32|45,1,2,1,1,,True,4,Quiniela Real,1,2,nr-historical-relations-j1.0.0
2024-09-01|28|53|7,2024-09-01,2024,28,New York 10:30,1,180129,53,7,Quiniela Leidsa,1,180113,21|26|53,21|26|53,3,7|9|22|29|35|42|44|53|63|70|90,8,1,2,1,,True,2,Loteria Nacional,2,1,nr-historical-relations-j1.0.0
2024-09-01|28|53|22,2024-09-01,2024,28,New York 10:30,1,180129,53,22,Loteria Nacional,1,180120,21|26|53,21|26|53,3,7|9|22|29|35|42|44|53|63|70|90,8,3,2,1,,True,2,Loteria Nacional,2,1,nr-historical-relations-j1.0.0
2024-09-03|33|82|37,2024-09-03,2024,33,New York 2:30,1,180167,82,37,New York 10:30,1,180187,2|39|82|87,2|39|82|87,3,37|65|82,3,1,2,1,,True,1,New York 2:30,3,4,nr-historical-relations-j1.0.0
2024-09-03|33|82|65,2024-09-03,2024,33,New York 2:30,1,180167,82,65,Quiniela Real,1,180164,2|39|82|87,2|39|82|87,3,37|65|82,3,2,2,1,,True,1,New York 2:30,3,4,nr-historical-relations-j1.0.0
2024-09-04|32|77|87,2024-09-04,2024,32,Quiniela Real,1,180194,77,87,Quiniela Loteka,1,180202,77,77,1,23|28|73|77|87,4,5,1,1,,True,7,New York 10:30,3,1,nr-historical-relations-j1.0.0
2024-09-09|39|9|63,2024-09-09,2024,39,New York 2:30,1,180338,9,63,Gana Mas,1,180340,9|14|30|41|46|62|78|94,9|14|30|41|46|62|78|94,1,7|9|22|29|35|42|44|53|63|70|90,2,9,1,2,94,True,1,New York 2:30,1,1,nr-historical-relations-j1.0.0
2024-09-09|39|94|84,2024-09-09,2024,39,New York 2:30,1,180338,94,84,Quiniela Leidsa,1,180350,9|14|30|41|46|62|78|94,9|14|30|41|46|62|78|94,8,58|84|94,3,2,1,2,9,True,7,Loteria Nacional,1,1,nr-historical-relations-j1.0.0
2024-09-11|44|22|53,2024-09-11,2024,44,Loteria Nacional,1,180436,22,53,New York 2:30,1,180396,22|59|70|75|91,22|59|70|75|91,1,7|9|22|29|35|42|44|53|63|70|90,3,8,1,4,59|63|70,True,2,Quiniela Loteka,2,2,nr-historical-relations-j1.0.0
2024-09-11|44|59|34,2024-09-11,2024,44,Loteria Nacional,1,180436,59,34,Quiniela Loteka,1,180402,22|59|70|75|91,22|59|70|75|91,2,26|34|59|72,3,2,1,4,22|63|70,True,4,Quiniela Loteka,3,2,nr-historical-relations-j1.0.0
2024-09-11|38|63|44,2024-09-11,2024,38,New York 10:30,1,180415,63,44,Loteria Nacional,1,180436,20|31|47|52|63|100,20|31|47|52|63|100,5,7|9|22|29|35|42|44|53|63|70|90,9,7,2,4,22|59|70,True,5,New York 2:30,1,2,nr-historical-relations-j1.0.0
2024-09-11|38|63|53,2024-09-11,2024,38,New York 10:30,1,180415,63,53,New York 2:30,1,180396,20|31|47|52|63|100,20|31|47|52|63|100,5,7|9|22|29|35|42|44|53|63|70|90,9,8,2,4,22|59|70,True,5,New York 2:30,1,2,nr-historical-relations-j1.0.0
2024-09-11|44|70|53,2024-09-11,2024,44,Loteria Nacional,1,180436,70,53,New York 2:30,1,180396,22|59|70|75|91,22|59|70|75|91,3,7|9|22|29|35|42|44|53|63|70|90,10,8,1,4,22|59|63,False,,,,0,nr-historical-relations-j1.0.0
2024-09-12|28|53|35,2024-09-12,2024,28,Loteria Nacional,1,180438,53,35,Quiniela Leidsa,1,180439,21|26|53,21|26|53,3,7|9|22|29|35|42|44|53|63|70|90,8,5,1,4,54|86|90,True,5,New York 10:30,2,1,nr-historical-relations-j1.0.0
2024-09-12|35|54|14,2024-09-12,2024,35,Quiniela Leidsa,1,180439,54,14,Gana Mas,1,180425,6|11|43|54|86,6|11|43|54|86,4,14|54,2,1,1,4,53|86|90,True,4,New York 2:30,3,1,nr-historical-relations-j1.0.0
2024-09-12|35|86|46,2024-09-12,2024,35,Quiniela Leidsa,1,180439,86,46,Quiniela Loteka,1,180430,6|11|43|54|86,6|11|43|54|86,5,19|46|86,3,2,1,4,53|54|90,True,1,Gana Mas,1,3,nr-historical-relations-j1.0.0
2024-09-12|46|90|35,2024-09-12,2024,46,Quiniela Loteka,1,180430,90,35,Quiniela Leidsa,1,180439,37|58|74|90,37|58|74|90,4,7|9|22|29|35|42|44|53|63|70|90,11,5,1,4,53|54|86,True,2,New York 2:30,3,2,nr-historical-relations-j1.0.0
2024-09-13|40|19|86,2024-09-13,2024,40,Loteria Nacional,1,180470,19,86,Gana Mas,1,180460,8|19|51|56|67|72,8|19|51|56|67|72,2,19|46|86,1,3,1,4,29|56|67,True,1,New York 2:30,2,6,nr-historical-relations-j1.0.0
2024-09-13|41|29|35,2024-09-13,2024,41,New York 10:30,1,180478,29,35,Quiniela Leidsa,1,180471,13|29|93,13|29|93,2,7|9|22|29|35|42|44|53|63|70|90,4,5,1,4,19|56|67,True,5,New York 10:30,2,1,nr-historical-relations-j1.0.0
2024-09-13|40|56|41,2024-09-13,2024,40,Loteria Nacional,1,180470,56,41,New York 10:30,1,180478,8|19|51|56|67|72,8|19|51|56|67|72,4,12|41|56|71|89,3,2,2,4,19|29|67,False,,,,0,nr-historical-relations-j1.0.0
2024-09-13|40|56|71,2024-09-13,2024,40,Loteria Nacional,1,180470,56,71,Quiniela Real,1,180456,8|19|51|56|67|72,8|19|51|56|67|72,4,12|41|56|71|89,3,4,2,4,19|29|67,False,,,,0,nr-historical-relations-j1.0.0
2024-09-13|40|67|79,2024-09-13,2024,40,Loteria Nacional,1,180470,67,79,Quiniela Loteka,1,180466,8|19|51|56|67|72,8|19|51|56|67|72,5,67|79|88,1,2,1,4,19|29|56,True,3,Loteria Nacional,2,1,nr-historical-relations-j1.0.0
2024-09-15|41|93|97,2024-09-15,2024,41,New York 2:30,1,180518,93,97,Quiniela Loteka,1,180529,13|29|93,13|29|93,3,48|93|97,2,3,1,1,,True,3,Quiniela Loteka,1,1,nr-historical-relations-j1.0.0
2024-09-17|42|23|77,2024-09-17,2024,42,New York 10:30,1,180586,23,77,Loteria Nacional,1,180582,7|18|23|50|55|66|71,7|18|23|50|55|66|71,3,23|28|73|77|87,1,4,1,2,65,True,3,Loteria Nacional,2,3,nr-historical-relations-j1.0.0
2024-09-17|52|65|82,2024-09-17,2024,52,Quiniela Loteka,1,180580,65,82,New York 2:30,1,180574,65|97,65|97,1,37|65|82,2,3,1,2,23,True,6,Quiniela Real,1,1,nr-historical-relations-j1.0.0
2024-09-18|40|19|86,2024-09-18,2024,40,Gana Mas,1,180599,19,86,Quiniela Real,1,180595,8|19|51|56|67|72,8|19|51|56|67|72,2,19|46|86,1,3,1,1,,True,1,Quiniela Real,3,3,nr-historical-relations-j1.0.0
2024-09-19|40|51|21,2024-09-19,2024,40,New York 10:30,1,180641,51,21,Quiniela Leidsa,1,180638,8|19|51|56|67|72,8|19|51|56|67|72,3,21|51,2,1,1,1,,True,1,Quiniela Leidsa,2,2,nr-historical-relations-j1.0.0
2024-09-20|42|7|44,2024-09-20,2024,42,Quiniela Loteka,1,180660,7,44,Quiniela Leidsa,1,180663,7|18|23|50|55|66|71,7|18|23|50|55|66|71,1,7|9|22|29|35|42|44|53|63|70|90,1,7,1,7,9|22|46|59|63|70,False,,,,0,nr-historical-relations-j1.0.0
2024-09-20|39|9|42,2024-09-20,2024,39,New York 2:30,1,180654,9,42,Quiniela Loteka,1,180660,9|14|30|41|46|62|78|94,9|14|30|41|46|62|78|94,1,7|9|22|29|35|42|44|53|63|70|90,2,6,2,7,7|22|46|59|63|70,False,,,,0,nr-historical-relations-j1.0.0
2024-09-20|39|9|44,2024-09-20,2024,39,New York 2:30,1,180654,9,44,Quiniela Leidsa,1,180663,9|14|30|41|46|62|78|94,9|14|30|41|46|62|78|94,1,7|9|22|29|35|42|44|53|63|70|90,2,7,2,7,7|22|46|59|63|70,False,,,,0,nr-historical-relations-j1.0.0
2024-09-20|44|22|42,2024-09-20,2024,44,Quiniela Leidsa,1,180663,22,42,Quiniela Loteka,1,180660,22|59|70|75|91,22|59|70|75|91,1,7|9|22|29|35|42|44|53|63|70|90,3,6,1,7,7|9|46|59|63|70,True,3,Loteria Nacional,3,2,nr-historical-relations-j1.0.0
2024-09-20|39|46|19,2024-09-20,2024,39,New York 2:30,1,180654,46,19,New York 10:30,1,180669,9|14|30|41|46|62|78|94,9|14|30|41|46|62|78|94,5,19|46|86,2,1,1,7,7|9|22|59|63|70,True,5,Loteria Nacional,1,1,nr-historical-relations-j1.0.0
2024-09-20|44|59|72,2024-09-20,2024,44,Quiniela Leidsa,1,180663,59,72,Quiniela Real,1,180650,22|59|70|75|91,22|59|70|75|91,2,26|34|59|72,3,4,1,7,7|9|22|46|63|70,True,1,Loteria Nacional,1,2,nr-historical-relations-j1.0.0
2024-09-20|38|63|42,2024-09-20,2024,38,Loteria Nacional,1,180662,63,42,Quiniela Loteka,1,180660,20|31|47|52|63|100,20|31|47|52|63|100,5,7|9|22|29|35|42|44|53|63|70|90,9,6,2,7,7|9|22|46|59|70,False,,,,0,nr-historical-relations-j1.0.0
2024-09-20|38|63|44,2024-09-20,2024,38,Loteria Nacional,1,180662,63,44,Quiniela Leidsa,1,180663,20|31|47|52|63|100,20|31|47|52|63|100,5,7|9|22|29|35|42|44|53|63|70|90,9,7,2,7,7|9|22|46|59|70,False,,,,0,nr-historical-relations-j1.0.0
2024-09-20|44|70|42,2024-09-20,2024,44,Quiniela Leidsa,1,180663,70,42,Quiniela Loteka,1,180660,22|59|70|75|91,22|59|70|75|91,3,7|9|22|29|35|42|44|53|63|70|90,10,6,1,7,7|9|22|46|59|63,False,,,,0,nr-historical-relations-j1.0.0
2024-09-21|51|34|59,2024-09-21,2024,51,Quiniela Leidsa,1,180689,34,59,Loteria Nacional,1,180688,34|98,34|98,1,26|34|59|72,2,3,1,1,,True,5,Gana Mas,3,2,nr-historical-relations-j1.0.0
2024-09-22|43|60|6,2024-09-22,2024,43,Quiniela Real,1,180702,60,6,Loteria Nacional,1,180713,12|28|44|60|81|92,12|28|44|60|81|92,4,6|60,2,1,1,2,91,False,,,,0,nr-historical-relations-j1.0.0
2024-09-22|44|91|69,2024-09-22,2024,44,New York 10:30,1,180721,91,69,Quiniela Leidsa,1,180706,22|59|70|75|91,22|59|70|75|91,5,11|57|69|91,4,3,1,2,60,False,,,,0,nr-historical-relations-j1.0.0
2024-09-23|41|29|53,2024-09-23,2024,41,Loteria Nacional,1,180740,29,53,New York 2:30,1,180727,13|29|93,13|29|93,2,7|9|22|29|35|42|44|53|63|70|90,4,8,1,1,,True,2,Gana Mas,3,2,nr-historical-relations-j1.0.0
2024-09-27|26|27|76,2024-09-27,2024,26,New York 2:30,1,180843,27,76,Quiniela Real,1,180840,27|38,27|38,1,27|68|76|92,1,3,1,1,,True,7,Quiniela Loteka,3,1,nr-historical-relations-j1.0.0
2024-09-29|35|86|19,2024-09-29,2024,35,New York 2:30,1,180901,86,19,Gana Mas,1,180902,6|11|43|54|86,6|11|43|54|86,5,19|46|86,3,1,1,1,,True,1,Quiniela Leidsa,2,2,nr-historical-relations-j1.0.0
2024-09-30|35|86|46,2024-09-30,2024,35,Quiniela Real,1,180925,86,46,Loteria Nacional,1,180938,6|11|43|54|86,6|11|43|54|86,5,19|46|86,3,2,1,2,90,True,4,Quiniela Loteka,2,1,nr-historical-relations-j1.0.0
2024-09-30|46|90|22,2024-09-30,2024,46,Loteria Nacional,1,180938,90,22,Gana Mas,1,180929,37|58|74|90,37|58|74|90,4,7|9|22|29|35|42|44|53|63|70|90,11,3,3,2,86,True,5,Quiniela Real,1,1,nr-historical-relations-j1.0.0
2024-09-30|46|90|35,2024-09-30,2024,46,Loteria Nacional,1,180938,90,35,Quiniela Real,1,180925,37|58|74|90,37|58|74|90,4,7|9|22|29|35|42|44|53|63|70|90,11,5,3,2,86,True,5,Quiniela Real,1,1,nr-historical-relations-j1.0.0
2024-09-30|46|90|63,2024-09-30,2024,46,Loteria Nacional,1,180938,90,63,Quiniela Loteka,2,180934,37|58|74|90,37|58|74|90,4,7|9|22|29|35|42|44|53|63|70|90,11,9,3,2,86,True,5,Quiniela Real,1,1,nr-historical-relations-j1.0.0
2024-10-01|40|72|26,2024-10-01,2024,40,Gana Mas,1,180958,72,26,New York 10:30,1,180974,8|19|51|56|67|72,8|19|51|56|67|72,6,26|34|59|72,4,1,1,2,77,True,2,Quiniela Loteka,1,5,nr-historical-relations-j1.0.0
2024-10-01|32|77|28,2024-10-01,2024,32,Loteria Nacional,1,180967,77,28,New York 2:30,1,180957,77,77,1,23|28|73|77|87,4,2,1,2,72,True,3,Loteria Nacional,1,2,nr-historical-relations-j1.0.0
2024-10-03|51|34|72,2024-10-03,2024,51,Quiniela Leidsa,1,181025,34,72,Quiniela Loteka,1,181020,34|98,34|98,1,26|34|59|72,2,4,1,1,,False,,,,0,nr-historical-relations-j1.0.0
2024-10-05|39|9|90,2024-10-05,2024,39,Quiniela Loteka,1,181080,9,90,Quiniela Real,1,181069,9|14|30|41|46|62|78|94,9|14|30|41|46|62|78|94,1,7|9|22|29|35|42|44|53|63|70|90,2,11,1,3,14|69,True,2,Quiniela Loteka,2,3,nr-historical-relations-j1.0.0
2024-10-05|39|14|54,2024-10-05,2024,39,Quiniela Loteka,1,181080,14,54,New York 2:30,1,181074,9|14|30|41|46|62|78|94,9|14|30|41|46|62|78|94,2,14|54,1,2,1,3,9|69,True,7,New York 2:30,3,2,nr-historical-relations-j1.0.0
2024-10-05|45|69|11,2024-10-05,2024,45,New York 10:30,1,181090,69,11,Gana Mas,1,181075,69|80,69|80,1,11|57|69|91,3,1,1,3,9|14,True,2,Quiniela Leidsa,2,1,nr-historical-relations-j1.0.0
2024-10-08|42|7|90,2024-10-08,2024,42,Quiniela Loteka,1,181160,7,90,Loteria Nacional,1,181164,7|18|23|50|55|66|71,7|18|23|50|55|66|71,1,7|9|22|29|35|42|44|53|63|70|90,1,11,1,3,9|30,True,2,Quiniela Loteka,1,1,nr-historical-relations-j1.0.0
2024-10-08|39|9|42,2024-10-08,2024,39,Gana Mas,1,181153,9,42,Quiniela Loteka,1,181160,9|14|30|41|46|62|78|94,9|14|30|41|46|62|78|94,1,7|9|22|29|35|42|44|53|63|70|90,2,6,2,3,7|30,True,1,Gana Mas,1,3,nr-historical-relations-j1.0.0
2024-10-08|39|9|90,2024-10-08,2024,39,Gana Mas,1,181153,9,90,Loteria Nacional,1,181164,9|14|30|41|46|62|78|94,9|14|30|41|46|62|78|94,1,7|9|22|29|35|42|44|53|63|70|90,2,11,2,3,7|30,True,1,Gana Mas,1,3,nr-historical-relations-j1.0.0
2024-10-08|39|30|83,2024-10-08,2024,39,Gana Mas,1,181153,30,83,New York 10:30,1,181170,9|14|30|41|46|62|78|94,9|14|30|41|46|62|78|94,3,3|30|83,2,3,1,3,7|9,True,3,Loteria Nacional,1,2,nr-historical-relations-j1.0.0
2024-10-10|46|37|65,2024-10-10,2024,46,Loteria Nacional,1,181235,37,65,Gana Mas,1,181211,37|58|74|90,37|58|74|90,1,37|65|82,1,2,1,2,90,True,7,Gana Mas,3,1,nr-historical-relations-j1.0.0
2024-10-10|46|90|7,2024-10-10,2024,46,Loteria Nacional,1,181235,90,7,Quiniela Loteka,1,181218,37|58|74|90,37|58|74|90,4,7|9|22|29|35|42|44|53|63|70|90,11,1,2,2,37,True,3,Quiniela Real,1,1,nr-historical-relations-j1.0.0
2024-10-10|46|90|9,2024-10-10,2024,46,Loteria Nacional,1,181235,90,9,Quiniela Leidsa,1,181234,37|58|74|90,37|58|74|90,4,7|9|22|29|35|42|44|53|63|70|90,11,2,2,2,37,True,3,Quiniela Real,1,1,nr-historical-relations-j1.0.0
2024-10-11|49|83|30,2024-10-11,2024,49,New York 10:30,1,181261,83,30,Loteria Nacional,1,181253,35|40|83,35|40|83,3,3|30|83,3,2,1,1,,True,7,Quiniela Loteka,2,1,nr-historical-relations-j1.0.0
2024-10-12|45|69|91,2024-10-12,2024,45,Quiniela Leidsa,1,181281,69,91,New York 2:30,1,181270,69|80,69|80,1,11|57|69|91,3,4,1,1,,True,6,Quiniela Real,2,1,nr-historical-relations-j1.0.0
2024-10-14|50|45|32,2024-10-14,2024,50,Gana Mas,1,181326,45,32,New York 2:30,1,181324,45,45,1,32|45,2,1,1,1,,False,,,,0,nr-historical-relations-j1.0.0
2024-10-15|32|77|23,2024-10-15,2024,32,Quiniela Leidsa,1,181365,77,23,Gana Mas,1,181354,77,77,1,23|28|73|77|87,4,1,2,1,,True,7,Quiniela Real,2,1,nr-historical-relations-j1.0.0
2024-10-15|32|77|73,2024-10-15,2024,32,Quiniela Leidsa,1,181365,77,73,New York 2:30,1,181352,77,77,1,23|28|73|77|87,4,3,2,1,,True,7,Quiniela Real,2,1,nr-historical-relations-j1.0.0
2024-10-16|43|12|71,2024-10-16,2024,43,New York 10:30,1,181401,12,71,Quiniela Real,1,181378,12|28|44|60|81|92,12|28|44|60|81|92,1,12|41|56|71|89,1,4,1,3,44|89,True,7,New York 2:30,3,1,nr-historical-relations-j1.0.0
2024-10-16|43|44|29,2024-10-16,2024,43,New York 10:30,1,181401,44,29,Loteria Nacional,1,181413,12|28|44|60|81|92,12|28|44|60|81|92,3,7|9|22|29|35|42|44|53|63|70|90,7,4,1,3,12|89,False,,,,0,nr-historical-relations-j1.0.0
2024-10-16|48|89|71,2024-10-16,2024,48,New York 2:30,1,181381,89,71,Quiniela Real,1,181378,73|89,73|89,2,12|41|56|71|89,5,4,1,3,12|44,False,,,,0,nr-historical-relations-j1.0.0
2024-10-17|38|100|1,2024-10-17,2024,38,Loteria Nacional,1,181423,100,1,Quiniela Loteka,1,181418,20|31|47|52|63|100,20|31|47|52|63|100,6,1|10|100,3,1,1,1,,False,,,,0,nr-historical-relations-j1.0.0
2024-10-19|40|8|80,2024-10-19,2024,40,Quiniela Loteka,1,181475,8,80,Loteria Nacional,1,181478,8|19|51|56|67|72,8|19|51|56|67|72,1,8|80,1,2,1,2,56,True,2,New York 10:30,3,2,nr-historical-relations-j1.0.0
2024-10-19|40|56|71,2024-10-19,2024,40,Quiniela Loteka,1,181475,56,71,Quiniela Leidsa,1,181479,8|19|51|56|67|72,8|19|51|56|67|72,4,12|41|56|71|89,3,4,1,2,8,False,,,,0,nr-historical-relations-j1.0.0
2024-10-21|43|92|27,2024-10-21,2024,43,Loteria Nacional,1,181537,92,27,Gana Mas,1,181523,12|28|44|60|81|92,12|28|44|60|81|92,6,27|68|76|92,4,1,1,1,,True,5,Loteria Nacional,3,2,nr-historical-relations-j1.0.0
2024-10-22|30|57|11,2024-10-22,2024,30,New York 10:30,1,181574,57,11,Quiniela Real,1,181550,25|57,25|57,2,11|57|69|91,2,1,1,1,,True,2,New York 10:30,3,3,nr-historical-relations-j1.0.0
2024-10-23|37|42|22,2024-10-23,2024,37,Loteria Nacional,1,181595,42,22,New York 10:30,1,181601,5|10|42,5|10|42,3,7|9|22|29|35|42|44|53|63|70|90,6,3,2,2,73,False,,,,0,nr-historical-relations-j1.0.0
2024-10-23|37|42|53,2024-10-23,2024,37,Loteria Nacional,1,181595,42,53,Gana Mas,1,181584,5|10|42,5|10|42,3,7|9|22|29|35|42|44|53|63|70|90,6,8,2,2,73,False,,,,0,nr-historical-relations-j1.0.0
2024-10-23|48|73|87,2024-10-23,2024,48,Quiniela Leidsa,1,181593,73,87,Quiniela Real,1,181581,73|89,73|89,1,23|28|73|77|87,3,5,1,2,42,True,3,Gana Mas,2,1,nr-historical-relations-j1.0.0
2024-10-24|38|20|2,2024-10-24,2024,38,New York 10:30,1,181633,20,2,New York 2:30,1,181612,20|31|47|52|63|100,20|31|47|52|63|100,1,2|20,2,1,1,1,,True,1,Quiniela Leidsa,1,3,nr-historical-relations-j1.0.0
2024-10-28|35|11|69,2024-10-28,2024,35,Quiniela Loteka,1,181736,11,69,New York 2:30,1,181730,6|11|43|54|86,6|11|43|54|86,2,11|57|69|91,1,3,2,1,,True,4,New York 10:30,1,1,nr-historical-relations-j1.0.0
2024-10-28|35|11|91,2024-10-28,2024,35,Quiniela Loteka,1,181736,11,91,Loteria Nacional,1,181741,6|11|43|54|86,6|11|43|54|86,2,11|57|69|91,1,4,2,1,,True,4,New York 10:30,1,1,nr-historical-relations-j1.0.0
2024-10-29|38|63|53,2024-10-29,2024,38,New York 2:30,1,181760,63,53,Quiniela Leidsa,1,181772,20|31|47|52|63|100,20|31|47|52|63|100,5,7|9|22|29|35|42|44|53|63|70|90,9,8,1,1,,True,1,Loteria Nacional,1,5,nr-historical-relations-j1.0.0
2024-10-30|44|22|63,2024-10-30,2024,44,Gana Mas,1,181788,22,63,Loteria Nacional,1,181800,22|59|70|75|91,22|59|70|75|91,1,7|9|22|29|35|42|44|53|63|70|90,3,9,1,2,70,False,,,,0,nr-historical-relations-j1.0.0
2024-10-30|44|70|63,2024-10-30,2024,44,Gana Mas,1,181788,70,63,Loteria Nacional,1,181800,22|59|70|75|91,22|59|70|75|91,3,7|9|22|29|35|42|44|53|63|70|90,10,9,1,2,22,True,4,Gana Mas,3,2,nr-historical-relations-j1.0.0
2024-10-31|38|52|81,2024-10-31,2024,38,Gana Mas,1,181816,52,81,Quiniela Loteka,1,181822,20|31|47|52|63|100,20|31|47|52|63|100,4,52|81|85,1,2,1,1,,False,,,,0,nr-historical-relations-j1.0.0
2024-11-03|48|73|87,2024-11-03,2024,48,Loteria Nacional,1,181910,73,87,Quiniela Loteka,1,181912,73|89,73|89,1,23|28|73|77|87,3,5,1,2,90,True,1,Quiniela Leidsa,1,3,nr-historical-relations-j1.0.0
2024-11-03|46|90|70,2024-11-03,2024,46,New York 2:30,1,181902,90,70,Quiniela Real,1,181898,37|58|74|90,37|58|74|90,4,7|9|22|29|35|42|44|53|63|70|90,11,10,1,2,73,True,1,Gana Mas,1,3,nr-historical-relations-j1.0.0
2024-11-05|48|73|87,2024-11-05,2024,48,New York 2:30,1,181956,73,87,Loteria Nacional,1,181994,73|89,73|89,1,23|28|73|77|87,3,5,1,1,,True,1,Gana Mas,3,2,nr-historical-relations-j1.0.0
2024-11-06|28|21|51,2024-11-06,2024,28,Quiniela Leidsa,1,181995,21,51,Gana Mas,1,181983,21|26|53,21|26|53,1,21|51,1,2,1,4,26|53|77,True,4,Loteria Nacional,2,1,nr-historical-relations-j1.0.0
2024-11-06|28|26|34,2024-11-06,2024,28,Quiniela Leidsa,1,181995,26,34,New York 10:30,1,182005,21|26|53,21|26|53,2,26|34|59|72,1,2,1,4,21|53|77,False,,,,0,nr-historical-relations-j1.0.0
2024-11-06|28|53|90,2024-11-06,2024,28,Quiniela Leidsa,1,181995,53,90,Quiniela Real,1,181980,21|26|53,21|26|53,3,7|9|22|29|35|42|44|53|63|70|90,8,11,1,4,21|26|77,True,2,Loteria Nacional,1,2,nr-historical-relations-j1.0.0
2024-11-06|32|77|28,2024-11-06,2024,32,Loteria Nacional,1,182000,77,28,Quiniela Leidsa,1,181995,77,77,1,23|28|73|77|87,4,2,1,4,21|26|53,True,2,Loteria Nacional,2,1,nr-historical-relations-j1.0.0
2024-11-12|51|34|59,2024-11-12,2024,51,Loteria Nacional,1,182172,34,59,Quiniela Real,1,182159,34|98,34|98,1,26|34|59|72,2,3,2,1,,False,,,,0,nr-historical-relations-j1.0.0
2024-11-12|51|34|72,2024-11-12,2024,51,Loteria Nacional,1,182172,34,72,Quiniela Leidsa,1,182173,34|98,34|98,1,26|34|59|72,2,4,2,1,,False,,,,0,nr-historical-relations-j1.0.0
2024-11-13|50|45|32,2024-11-13,2024,50,New York 2:30,1,182190,45,32,Loteria Nacional,1,182201,45,45,1,32|45,2,1,1,1,,False,,,,0,nr-historical-relations-j1.0.0
2024-11-16|40|67|79,2024-11-16,2024,40,New York 10:30,1,182292,67,79,Quiniela Real,1,182268,8|19|51|56|67|72,8|19|51|56|67|72,5,67|79|88,1,2,1,1,,True,2,Loteria Nacional,2,3,nr-historical-relations-j1.0.0
2024-11-17|38|63|35,2024-11-17,2024,38,Loteria Nacional,1,182311,63,35,Gana Mas,1,182300,20|31|47|52|63|100,20|31|47|52|63|100,5,7|9|22|29|35|42|44|53|63|70|90,9,5,2,1,,True,1,New York 10:30,2,3,nr-historical-relations-j1.0.0
2024-11-17|38|63|70,2024-11-17,2024,38,Loteria Nacional,1,182311,63,70,Quiniela Real,1,182298,20|31|47|52|63|100,20|31|47|52|63|100,5,7|9|22|29|35|42|44|53|63|70|90,9,10,2,1,,True,1,New York 10:30,2,3,nr-historical-relations-j1.0.0
2024-11-18|39|30|3,2024-11-18,2024,39,New York 10:30,1,182665,30,3,Quiniela Loteka,1,182336,9|14|30|41|46|62|78|94,9|14|30|41|46|62|78|94,3,3|30|83,2,1,1,2,94,True,2,Quiniela Leidsa,1,1,nr-historical-relations-j1.0.0
2024-11-18|39|94|84,2024-11-18,2024,39,New York 10:30,1,182665,94,84,Quiniela Real,1,182326,9|14|30|41|46|62|78|94,9|14|30|41|46|62|78|94,8,58|84|94,3,2,1,2,30,False,,,,0,nr-historical-relations-j1.0.0
2024-11-21|42|7|44,2024-11-21,2024,42,Gana Mas,1,182418,7,44,Loteria Nacional,1,182429,7|18|23|50|55|66|71,7|18|23|50|55|66|71,1,7|9|22|29|35|42|44|53|63|70|90,1,7,1,7,22|23|26|53|59|70,True,2,New York 10:30,3,2,nr-historical-relations-j1.0.0
2024-11-21|44|22|42,2024-11-21,2024,44,Loteria Nacional,1,182429,22,42,Gana Mas,1,182418,22|59|70|75|91,22|59|70|75|91,1,7|9|22|29|35|42|44|53|63|70|90,3,6,1,7,7|23|26|53|59|70,True,2,Gana Mas,3,2,nr-historical-relations-j1.0.0
2024-11-21|42|23|28,2024-11-21,2024,42,Gana Mas,1,182418,23,28,Quiniela Loteka,1,182424,7|18|23|50|55|66|71,7|18|23|50|55|66|71,3,23|28|73|77|87,1,2,2,7,7|22|26|53|59|70,False,,,,0,nr-historical-relations-j1.0.0
2024-11-21|42|23|87,2024-11-21,2024,42,Gana Mas,1,182418,23,87,Quiniela Real,1,182415,7|18|23|50|55|66|71,7|18|23|50|55|66|71,3,23|28|73|77|87,1,5,2,7,7|22|26|53|59|70,False,,,,0,nr-historical-relations-j1.0.0
2024-11-21|28|26|72,2024-11-21,2024,28,Quiniela Loteka,1,182424,26,72,New York 2:30,1,182419,21|26|53,21|26|53,2,26|34|59|72,1,4,1,7,7|22|23|53|59|70,False,,,,0,nr-historical-relations-j1.0.0
2024-11-21|28|53|42,2024-11-21,2024,28,Quiniela Loteka,1,182424,53,42,Gana Mas,1,182418,21|26|53,21|26|53,3,7|9|22|29|35|42|44|53|63|70|90,8,6,2,7,7|22|23|26|59|70,True,1,Quiniela Loteka,3,1,nr-historical-relations-j1.0.0
2024-11-21|28|53|44,2024-11-21,2024,28,Quiniela Loteka,1,182424,53,44,Loteria Nacional,1,182429,21|26|53,21|26|53,3,7|9|22|29|35|42|44|53|63|70|90,8,7,2,7,7|22|23|26|59|70,True,1,Quiniela Loteka,3,1,nr-historical-relations-j1.0.0
2024-11-21|44|59|72,2024-11-21,2024,44,Loteria Nacional,1,182429,59,72,New York 2:30,1,182419,22|59|70|75|91,22|59|70|75|91,2,26|34|59|72,3,4,1,7,7|22|23|26|53|70,True,3,New York 2:30,1,3,nr-historical-relations-j1.0.0
2024-11-21|44|70|42,2024-11-21,2024,44,Loteria Nacional,1,182429,70,42,Gana Mas,1,182418,22|59|70|75|91,22|59|70|75|91,3,7|9|22|29|35|42|44|53|63|70|90,10,6,1,7,7|22|23|26|53|59,True,3,Gana Mas,3,1,nr-historical-relations-j1.0.0
2024-11-24|49|35|9,2024-11-24,2024,49,New York 10:30,1,182521,35,9,Quiniela Leidsa,1,182505,35|40|83,35|40|83,1,7|9|22|29|35|42|44|53|63|70|90,5,2,1,1,,True,5,New York 2:30,1,1,nr-historical-relations-j1.0.0
2024-11-26|36|48|97,2024-11-26,2024,36,Quiniela Real,1,182557,48,97,New York 2:30,1,182562,32|48|64|85,32|48|64|85,2,48|93|97,1,3,1,2,67,True,2,Loteria Nacional,2,2,nr-historical-relations-j1.0.0
2024-11-26|40|67|79,2024-11-26,2024,40,New York 10:30,1,182579,67,79,Gana Mas,1,182560,8|19|51|56|67|72,8|19|51|56|67|72,5,67|79|88,1,2,1,2,48,True,1,Loteria Nacional,1,4,nr-historical-relations-j1.0.0
2024-11-29|40|72|34,2024-11-29,2024,40,New York 10:30,1,182666,72,34,Loteria Nacional,1,182658,8|19|51|56|67|72,8|19|51|56|67|72,6,26|34|59|72,4,2,1,2,76,True,1,Loteria Nacional,3,2,nr-historical-relations-j1.0.0
2024-11-29|34|76|92,2024-11-29,2024,34,Loteria Nacional,1,182658,76,92,Quiniela Loteka,1,182653,1|17|33|49|76,1|17|33|49|76,5,27|68|76|92,3,4,1,2,72,True,6,Quiniela Real,2,2,nr-historical-relations-j1.0.0
2024-11-30|39|9|7,2024-11-30,2024,39,New York 10:30,1,182690,9,7,New York 2:30,1,182701,9|14|30|41|46|62|78|94,9|14|30|41|46|62|78|94,1,7|9|22|29|35|42|44|53|63|70|90,2,1,1,3,29|35,False,,,,0,nr-historical-relations-j1.0.0
2024-11-30|41|29|7,2024-11-30,2024,41,Quiniela Leidsa,1,182688,29,7,New York 2:30,1,182701,13|29|93,13|29|93,2,7|9|22|29|35|42|44|53|63|70|90,4,1,1,3,9|35,False,,,,0,nr-historical-relations-j1.0.0
2024-11-30|49|35|7,2024-11-30,2024,49,Quiniela Loteka,1,182683,35,7,New York 2:30,1,182701,35|40|83,35|40|83,1,7|9|22|29|35|42|44|53|63|70|90,5,1,1,3,9|29,False,,,,0,nr-historical-relations-j1.0.0
2024-12-01|43|28|87,2024-12-01,2024,43,Quiniela Real,1,182699,28,87,Gana Mas,1,182708,12|28|44|60|81|92,12|28|44|60|81|92,2,23|28|73|77|87,2,5,1,1,,False,,,,0,nr-historical-relations-j1.0.0
2024-12-03|47|79|67,2024-12-03,2024,47,Quiniela Leidsa,1,182776,79,67,Quiniela Loteka,1,182773,4|36|68|79|84,4|36|68|79|84,4,67|79|88,2,1,1,1,,True,1,New York 10:30,2,2,nr-historical-relations-j1.0.0
2024-12-04|47|84|94,2024-12-04,2024,47,Gana Mas,1,182795,84,94,New York 10:30,1,182815,4|36|68|79|84,4|36|68|79|84,5,58|84|94,2,3,1,1,,True,3,Quiniela Loteka,2,3,nr-historical-relations-j1.0.0
2024-12-06|38|31|74,2024-12-06,2024,38,Quiniela Real,1,182853,31,74,Quiniela Leidsa,1,182867,20|31|47|52|63|100,20|31|47|52|63|100,2,31|74,1,2,1,1,,True,5,Quiniela Real,3,2,nr-historical-relations-j1.0.0
2024-12-09|35|6|60,2024-12-09,2024,35,Quiniela Real,1,182939,6,60,New York 10:30,1,182960,6|11|43|54|86,6|11|43|54|86,1,6|60,1,2,1,1,,True,1,Gana Mas,1,3,nr-historical-relations-j1.0.0
2024-12-10|45|69|91,2024-12-10,2024,45,Quiniela Leidsa,1,182984,69,91,Quiniela Real,1,182968,69|80,69|80,1,11|57|69|91,3,4,1,1,,True,3,New York 10:30,2,2,nr-historical-relations-j1.0.0
2024-12-12|38|52|85,2024-12-12,2024,38,Quiniela Real,1,183025,52,85,New York 10:30,1,183046,20|31|47|52|63|100,20|31|47|52|63|100,4,52|81|85,1,3,1,2,63,True,1,Gana Mas,1,1,nr-historical-relations-j1.0.0
2024-12-12|38|63|35,2024-12-12,2024,38,Quiniela Real,1,183025,63,35,Quiniela Leidsa,1,183058,20|31|47|52|63|100,20|31|47|52|63|100,5,7|9|22|29|35|42|44|53|63|70|90,9,5,1,2,52,True,4,New York 10:30,2,1,nr-historical-relations-j1.0.0
2024-12-13|49|35|22,2024-12-13,2024,49,Quiniela Loteka,1,183064,35,22,Quiniela Leidsa,1,183068,35|40|83,35|40|83,1,7|9|22|29|35|42|44|53|63|70|90,5,3,1,2,97,True,5,Loteria Nacional,3,1,nr-historical-relations-j1.0.0
2024-12-13|52|97|48,2024-12-13,2024,52,Gana Mas,1,183056,97,48,New York 10:30,1,183074,65|97,65|97,2,48|93|97,3,1,1,2,35,True,2,Quiniela Loteka,1,2,nr-historical-relations-j1.0.0
2024-12-19|49|35|42,2024-12-19,2024,49,Quiniela Leidsa,1,183593,35,42,Quiniela Loteka,1,183587,35|40|83,35|40|83,1,7|9|22|29|35|42|44|53|63|70|90,5,6,1,3,37|90,True,3,Quiniela Real,2,2,nr-historical-relations-j1.0.0
2024-12-19|46|37|82,2024-12-19,2024,46,New York 2:30,1,183522,37,82,New York 10:30,1,183599,37|58|74|90,37|58|74|90,1,37|65|82,1,3,1,3,35|90,True,4,New York 2:30,2,1,nr-historical-relations-j1.0.0
2024-12-19|46|90|42,2024-12-19,2024,46,New York 2:30,1,183522,90,42,Quiniela Loteka,1,183587,37|58|74|90,37|58|74|90,4,7|9|22|29|35|42|44|53|63|70|90,11,6,1,3,35|37,True,2,Gana Mas,2,5,nr-historical-relations-j1.0.0
2024-12-21|38|63|9,2024-12-21,2024,38,Quiniela Leidsa,1,183649,63,9,New York 2:30,1,183637,20|31|47|52|63|100,20|31|47|52|63|100,5,7|9|22|29|35|42|44|53|63|70|90,9,2,2,1,,True,3,New York 2:30,2,1,nr-historical-relations-j1.0.0
2024-12-21|38|63|90,2024-12-21,2024,38,Quiniela Leidsa,1,183649,63,90,Quiniela Loteka,1,183644,20|31|47|52|63|100,20|31|47|52|63|100,5,7|9|22|29|35|42|44|53|63|70|90,9,11,2,1,,True,3,New York 2:30,2,1,nr-historical-relations-j1.0.0
2024-12-23|40|19|86,2024-12-23,2024,40,Quiniela Leidsa,1,183702,19,86,Quiniela Loteka,1,183698,8|19|51|56|67|72,8|19|51|56|67|72,2,19|46|86,1,3,1,2,56,True,6,Loteria Nacional,3,1,nr-historical-relations-j1.0.0
2024-12-23|40|56|41,2024-12-23,2024,40,Quiniela Leidsa,1,183702,56,41,Gana Mas,1,183693,8|19|51|56|67|72,8|19|51|56|67|72,4,12|41|56|71|89,3,2,1,2,19,False,,,,0,nr-historical-relations-j1.0.0
2024-12-25|44|91|11,2024-12-25,2024,44,New York 2:30,1,183740,91,11,Quiniela Real,1,183732,22|59|70|75|91,22|59|70|75|91,5,11|57|69|91,4,1,1,1,,False,,,,0,nr-historical-relations-j1.0.0
2024-12-28|49|83|3,2024-12-28,2024,49,Loteria Nacional,1,183825,83,3,Quiniela Real,1,183811,35|40|83,35|40|83,3,3|30|83,3,1,1,1,,True,1,Gana Mas,1,2,nr-historical-relations-j1.0.0
2024-12-29|39|9|35,2024-12-29,2024,39,New York 10:30,1,183858,9,35,Quiniela Leidsa,1,183842,9|14|30|41|46|62|78|94,9|14|30|41|46|62|78|94,1,7|9|22|29|35|42|44|53|63|70|90,2,5,1,3,30|53,True,1,Gana Mas,2,3,nr-historical-relations-j1.0.0
2024-12-29|39|30|83,2024-12-29,2024,39,New York 10:30,1,183858,30,83,Gana Mas,1,183840,9|14|30|41|46|62|78|94,9|14|30|41|46|62|78|94,3,3|30|83,2,3,1,3,9|53,False,,,,0,nr-historical-relations-j1.0.0
2024-12-29|28|53|35,2024-12-29,2024,28,Quiniela Loteka,1,183851,53,35,Quiniela Leidsa,1,183842,21|26|53,21|26|53,3,7|9|22|29|35|42|44|53|63|70|90,8,5,1,3,9|30,True,4,Quiniela Leidsa,3,3,nr-historical-relations-j1.0.0
2024-12-30|28|53|22,2024-12-30,2024,28,Quiniela Loteka,1,183875,53,22,Quiniela Real,1,183863,21|26|53,21|26|53,3,7|9|22|29|35|42|44|53|63|70|90,8,3,1,2,68,True,3,Quiniela Leidsa,3,4,nr-historical-relations-j1.0.0
2024-12-30|47|68|92,2024-12-30,2024,47,Quiniela Leidsa,1,183881,68,92,Gana Mas,1,183866,4|36|68|79|84,4|36|68|79|84,3,27|68|76|92,2,4,1,2,53,True,7,New York 2:30,3,1,nr-historical-relations-j1.0.0
2025-01-04|44|22|53,2025-01-04,2025,44,Loteria Nacional,1,184004,22,53,New York 10:30,1,184013,22|59|70|75|91,22|59|70|75|91,1,7|9|22|29|35|42|44|53|63|70|90,3,8,1,3,70|91,True,1,Loteria Nacional,3,1,nr-historical-relations-j1.0.0
2025-01-04|44|70|22,2025-01-04,2025,44,Loteria Nacional,1,184004,70,22,Gana Mas,1,183993,22|59|70|75|91,22|59|70|75|91,3,7|9|22|29|35|42|44|53|63|70|90,10,3,2,3,22|91,False,,,,0,nr-historical-relations-j1.0.0
2025-01-04|44|70|53,2025-01-04,2025,44,Loteria Nacional,1,184004,70,53,New York 10:30,1,184013,22|59|70|75|91,22|59|70|75|91,3,7|9|22|29|35|42|44|53|63|70|90,10,8,2,3,22|91,False,,,,0,nr-historical-relations-j1.0.0
2025-01-04|44|91|57,2025-01-04,2025,44,Loteria Nacional,1,184004,91,57,Quiniela Loteka,1,184000,22|59|70|75|91,22|59|70|75|91,5,11|57|69|91,4,2,1,3,22|70,True,1,Quiniela Real,2,1,nr-historical-relations-j1.0.0
2025-01-08|30|57|11,2025-01-08,2025,30,New York 2:30,1,184110,57,11,New York 10:30,1,184128,25|57,25|57,2,11|57|69|91,2,1,1,2,83,True,2,Quiniela Real,1,2,nr-historical-relations-j1.0.0
2025-01-08|49|83|30,2025-01-08,2025,49,Quiniela Real,1,184107,83,30,New York 2:30,1,184110,35|40|83,35|40|83,3,3|30|83,3,2,1,2,57,True,3,New York 10:30,1,2,nr-historical-relations-j1.0.0
2025-01-09|40|56|71,2025-01-09,2025,40,Quiniela Real,1,184136,56,71,Loteria Nacional,1,184150,8|19|51|56|67|72,8|19|51|56|67|72,4,12|41|56|71|89,3,4,1,1,,True,2,Quiniela Real,3,3,nr-historical-relations-j1.0.0
2025-01-10|40|56|41,2025-01-10,2025,40,Loteria Nacional,1,184180,56,41,Quiniela Loteka,1,184177,8|19|51|56|67|72,8|19|51|56|67|72,4,12|41|56|71|89,3,2,1,2,72,True,1,Quiniela Real,3,3,nr-historical-relations-j1.0.0
2025-01-10|40|72|26,2025-01-10,2025,40,Loteria Nacional,1,184180,72,26,Quiniela Leidsa,1,184195,8|19|51|56|67|72,8|19|51|56|67|72,6,26|34|59|72,4,1,2,2,56,True,2,Loteria Nacional,1,6,nr-historical-relations-j1.0.0
2025-01-10|40|72|34,2025-01-10,2025,40,Loteria Nacional,1,184180,72,34,Gana Mas,1,184167,8|19|51|56|67|72,8|19|51|56|67|72,6,26|34|59|72,4,2,2,2,56,True,2,Loteria Nacional,1,6,nr-historical-relations-j1.0.0
2025-01-11|42|7|63,2025-01-11,2025,42,Quiniela Loteka,1,184203,7,63,Gana Mas,1,184196,7|18|23|50|55|66|71,7|18|23|50|55|66|71,1,7|9|22|29|35|42|44|53|63|70|90,1,9,1,1,,True,2,New York 10:30,2,3,nr-historical-relations-j1.0.0
2025-01-12|28|26|72,2025-01-12,2025,28,New York 10:30,1,184247,26,72,Loteria Nacional,1,184238,21|26|53,21|26|53,2,26|34|59|72,1,4,1,2,53,True,2,Gana Mas,1,3,nr-historical-relations-j1.0.0
2025-01-12|28|53|22,2025-01-12,2025,28,New York 10:30,1,184247,53,22,Quiniela Loteka,1,184240,21|26|53,21|26|53,3,7|9|22|29|35|42|44|53|63|70|90,8,3,2,2,26,True,3,Quiniela Loteka,1,1,nr-historical-relations-j1.0.0
2025-01-12|28|53|90,2025-01-12,2025,28,New York 10:30,1,184247,53,90,New York 2:30,1,184230,21|26|53,21|26|53,3,7|9|22|29|35|42|44|53|63|70|90,8,11,2,2,26,True,3,Quiniela Loteka,1,1,nr-historical-relations-j1.0.0
2025-01-15|37|42|29,2025-01-15,2025,37,Quiniela Real,1,184310,42,29,New York 10:30,1,184333,5|10|42,5|10|42,3,7|9|22|29|35|42|44|53|63|70|90,6,4,2,2,89,False,,,,0,nr-historical-relations-j1.0.0
2025-01-15|37|42|53,2025-01-15,2025,37,Quiniela Real,1,184310,42,53,Quiniela Loteka,1,184318,5|10|42,5|10|42,3,7|9|22|29|35|42|44|53|63|70|90,6,8,2,2,89,False,,,,0,nr-historical-relations-j1.0.0
2025-01-15|48|89|71,2025-01-15,2025,48,Gana Mas,1,184312,89,71,Loteria Nacional,1,184324,73|89,73|89,2,12|41|56|71|89,5,4,1,2,42,True,6,Quiniela Loteka,2,1,nr-historical-relations-j1.0.0
2025-01-21|48|73|87,2025-01-21,2025,48,Quiniela Loteka,1,184493,73,87,New York 2:30,1,184486,73|89,73|89,1,23|28|73|77|87,3,5,1,1,,False,,,,0,nr-historical-relations-j1.0.0
2025-01-22|39|14|54,2025-01-22,2025,39,Gana Mas,1,184511,14,54,Quiniela Real,1,184509,9|14|30|41|46|62|78|94,9|14|30|41|46|62|78|94,2,14|54,1,2,1,2,41,True,1,Quiniela Real,3,2,nr-historical-relations-j1.0.0
2025-01-22|39|41|12,2025-01-22,2025,39,Gana Mas,1,184511,41,12,New York 2:30,1,184512,9|14|30|41|46|62|78|94,9|14|30|41|46|62|78|94,4,12|41|56|71|89,2,1,2,2,14,True,3,Quiniela Real,3,1,nr-historical-relations-j1.0.0
2025-01-22|39|41|71,2025-01-22,2025,39,Gana Mas,1,184511,41,71,Loteria Nacional,1,184527,9|14|30|41|46|62|78|94,9|14|30|41|46|62|78|94,4,12|41|56|71|89,2,4,2,2,14,True,3,Quiniela Real,3,1,nr-historical-relations-j1.0.0
2025-01-23|46|90|42,2025-01-23,2025,46,Loteria Nacional,1,184553,90,42,Quiniela Loteka,1,184547,37|58|74|90,37|58|74|90,4,7|9|22|29|35|42|44|53|63|70|90,11,6,1,1,,True,4,New York 2:30,1,2,nr-historical-relations-j1.0.0
2025-01-24|26|27|68,2025-01-24,2025,26,New York 10:30,1,184585,27,68,Quiniela Leidsa,1,184578,27|38,27|38,1,27|68|76|92,1,2,1,1,,True,1,Loteria Nacional,1,5,nr-historical-relations-j1.0.0
2025-01-25|32|77|28,2025-01-25,2025,32,Quiniela Loteka,1,184601,77,28,Gana Mas,1,184595,77,77,1,23|28|73|77|87,4,2,1,1,,True,1,New York 2:30,1,1,nr-historical-relations-j1.0.0
2025-01-28|43|44|9,2025-01-28,2025,43,Quiniela Real,1,184681,44,9,Quiniela Loteka,1,184691,12|28|44|60|81|92,12|28|44|60|81|92,3,7|9|22|29|35|42|44|53|63|70|90,7,2,1,2,53,True,2,Loteria Nacional,3,2,nr-historical-relations-j1.0.0
2025-01-28|28|53|9,2025-01-28,2025,28,Gana Mas,1,184684,53,9,Quiniela Loteka,1,184691,21|26|53,21|26|53,3,7|9|22|29|35|42|44|53|63|70|90,8,2,1,2,44,True,5,Quiniela Real,1,1,nr-historical-relations-j1.0.0
2025-01-29|31|3|83,2025-01-29,2025,31,New York 2:30,1,184710,3,83,Quiniela Real,1,184707,3|24|88|99,3|24|88|99,1,3|30|83,1,3,1,1,,True,2,New York 2:30,1,1,nr-historical-relations-j1.0.0
2025-01-30|40|19|86,2025-01-30,2025,40,New York 2:30,1,184739,19,86,Loteria Nacional,1,184752,8|19|51|56|67|72,8|19|51|56|67|72,2,19|46|86,1,3,1,1,,True,3,Loteria Nacional,3,2,nr-historical-relations-j1.0.0
2025-01-31|35|6|60,2025-01-31,2025,35,New York 10:30,1,184787,6,60,Quiniela Loteka,1,184776,6|11|43|54|86,6|11|43|54|86,1,6|60,1,2,1,2,48,False,,,,0,nr-historical-relations-j1.0.0
2025-01-31|36|48|93,2025-01-31,2025,36,Gana Mas,1,184770,48,93,Loteria Nacional,1,184779,32|48|64|85,32|48|64|85,2,48|93|97,1,2,1,2,6,True,1,Quiniela Real,2,1,nr-historical-relations-j1.0.0
2025-02-02|29|15|96,2025-02-02,2025,29,Loteria Nacional,1,184839,15,96,Gana Mas,1,184830,15,15,1,15|96,1,2,1,1,,True,1,New York 10:30,3,3,nr-historical-relations-j1.0.0
2025-02-03|35|11|57,2025-02-03,2025,35,New York 2:30,1,184857,11,57,New York 10:30,1,184874,6|11|43|54|86,6|11|43|54|86,2,11|57|69|91,1,2,1,1,,False,,,,0,nr-historical-relations-j1.0.0
2025-02-04|49|35|44,2025-02-04,2025,49,Loteria Nacional,1,184895,35,44,New York 10:30,1,184906,35|40|83,35|40|83,1,7|9|22|29|35|42|44|53|63|70|90,5,7,1,1,,True,2,Gana Mas,3,1,nr-historical-relations-j1.0.0
2025-02-05|38|63|7,2025-02-05,2025,38,Gana Mas,1,184915,63,7,Quiniela Leidsa,1,184925,20|31|47|52|63|100,20|31|47|52|63|100,5,7|9|22|29|35|42|44|53|63|70|90,9,1,1,1,,True,4,Loteria Nacional,2,3,nr-historical-relations-j1.0.0
2025-02-08|47|84|58,2025-02-08,2025,47,New York 2:30,1,185009,84,58,Loteria Nacional,1,185019,4|36|68|79|84,4|36|68|79|84,5,58|84|94,2,1,1,1,,True,3,Quiniela Leidsa,2,1,nr-historical-relations-j1.0.0
2025-02-10|36|32|45,2025-02-10,2025,36,New York 2:30,1,185062,32,45,Loteria Nacional,1,185076,32|48|64|85,32|48|64|85,1,32|45,1,2,1,1,,False,,,,0,nr-historical-relations-j1.0.0
2025-02-11|38|31|74,2025-02-11,2025,38,New York 2:30,1,185095,31,74,Gana Mas,1,185094,20|31|47|52|63|100,20|31|47|52|63|100,2,31|74,1,2,1,2,63,False,,,,0,nr-historical-relations-j1.0.0
2025-02-11|38|63|7,2025-02-11,2025,38,New York 2:30,1,185095,63,7,Quiniela Real,1,185091,20|31|47|52|63|100,20|31|47|52|63|100,5,7|9|22|29|35|42|44|53|63|70|90,9,1,1,2,31,True,3,Quiniela Real,3,2,nr-historical-relations-j1.0.0
2025-02-12|48|73|77,2025-02-12,2025,48,Gana Mas,1,185118,73,77,Loteria Nacional,1,185130,73|89,73|89,1,23|28|73|77|87,3,4,1,2,76,True,2,New York 10:30,2,3,nr-historical-relations-j1.0.0
2025-02-12|34|76|92,2025-02-12,2025,34,Quiniela Leidsa,1,185129,76,92,New York 2:30,1,185119,1|17|33|49|76,1|17|33|49|76,5,27|68|76|92,3,4,1,2,73,True,3,New York 10:30,2,1,nr-historical-relations-j1.0.0
2025-02-21|38|52|85,2025-02-21,2025,38,Gana Mas,1,185382,52,85,New York 10:30,1,185399,20|31|47|52|63|100,20|31|47|52|63|100,4,52|81|85,1,3,1,1,,False,,,,0,nr-historical-relations-j1.0.0
2025-02-23|44|22|29,2025-02-23,2025,44,Gana Mas,1,185441,22,29,Quiniela Loteka,1,185453,22|59|70|75|91,22|59|70|75|91,1,7|9|22|29|35|42|44|53|63|70|90,3,4,1,4,44|70|75,True,2,Loteria Nacional,1,2,nr-historical-relations-j1.0.0
2025-02-23|43|44|29,2025-02-23,2025,43,Quiniela Real,1,185439,44,29,Quiniela Loteka,1,185453,12|28|44|60|81|92,12|28|44|60|81|92,3,7|9|22|29|35|42|44|53|63|70|90,7,4,1,4,22|70|75,True,2,Quiniela Leidsa,2,2,nr-historical-relations-j1.0.0
2025-02-23|44|70|29,2025-02-23,2025,44,Gana Mas,1,185441,70,29,Quiniela Loteka,1,185453,22|59|70|75|91,22|59|70|75|91,3,7|9|22|29|35|42|44|53|63|70|90,10,4,1,4,22|44|75,False,,,,0,nr-historical-relations-j1.0.0
2025-02-23|44|75|62,2025-02-23,2025,44,Gana Mas,1,185441,75,62,New York 10:30,1,185461,22|59|70|75|91,22|59|70|75|91,4,62|75,2,1,1,4,22|44|70,False,,,,0,nr-historical-relations-j1.0.0
2025-02-28|39|41|89,2025-02-28,2025,39,New York 10:30,1,185619,41,89,Quiniela Leidsa,1,185608,9|14|30|41|46|62|78|94,9|14|30|41|46|62|78|94,4,12|41|56|71|89,2,5,1,2,56,False,,,,0,nr-historical-relations-j1.0.0
2025-02-28|40|56|89,2025-02-28,2025,40,New York 2:30,1,185596,56,89,Quiniela Leidsa,1,185608,8|19|51|56|67|72,8|19|51|56|67|72,4,12|41|56|71|89,3,5,1,2,41,True,6,Quiniela Loteka,1,1,nr-historical-relations-j1.0.0
2025-03-02|44|22|53,2025-03-02,2025,44,New York 2:30,1,185658,22,53,Quiniela Loteka,1,185667,22|59|70|75|91,22|59|70|75|91,1,7|9|22|29|35|42|44|53|63|70|90,3,8,1,3,53|70,False,,,,0,nr-historical-relations-j1.0.0
2025-03-02|28|53|22,2025-03-02,2025,28,New York 10:30,1,185674,53,22,Loteria Nacional,1,185665,21|26|53,21|26|53,3,7|9|22|29|35|42|44|53|63|70|90,8,3,2,3,22|70,True,7,Quiniela Loteka,1,1,nr-historical-relations-j1.0.0
2025-03-02|28|53|44,2025-03-02,2025,28,New York 10:30,1,185674,53,44,New York 2:30,1,185658,21|26|53,21|26|53,3,7|9|22|29|35|42|44|53|63|70|90,8,7,2,3,22|70,True,7,Quiniela Loteka,1,1,nr-historical-relations-j1.0.0
2025-03-02|44|70|22,2025-03-02,2025,44,New York 2:30,1,185658,70,22,Loteria Nacional,1,185665,22|59|70|75|91,22|59|70|75|91,3,7|9|22|29|35|42|44|53|63|70|90,10,3,2,3,22|53,True,2,Loteria Nacional,1,3,nr-historical-relations-j1.0.0
2025-03-02|44|70|53,2025-03-02,2025,44,New York 2:30,1,185658,70,53,Quiniela Loteka,1,185667,22|59|70|75|91,22|59|70|75|91,3,7|9|22|29|35|42|44|53|63|70|90,10,8,2,3,22|53,True,2,Loteria Nacional,1,3,nr-historical-relations-j1.0.0
2025-03-03|42|7|44,2025-03-03,2025,42,Loteria Nacional,1,185699,7,44,Quiniela Real,1,185683,7|18|23|50|55|66|71,7|18|23|50|55|66|71,1,7|9|22|29|35|42|44|53|63|70|90,1,7,1,3,22|70,False,,,,0,nr-historical-relations-j1.0.0
2025-03-03|44|22|42,2025-03-03,2025,44,Quiniela Real,1,185683,22,42,Loteria Nacional,1,185699,22|59|70|75|91,22|59|70|75|91,1,7|9|22|29|35|42|44|53|63|70|90,3,6,1,3,7|70,False,,,,0,nr-historical-relations-j1.0.0
2025-03-03|44|70|42,2025-03-03,2025,44,Quiniela Real,1,185683,70,42,Loteria Nacional,1,185699,22|59|70|75|91,22|59|70|75|91,3,7|9|22|29|35|42|44|53|63|70|90,10,6,1,3,7|22,True,1,Loteria Nacional,1,5,nr-historical-relations-j1.0.0
2025-03-07|43|12|71,2025-03-07,2025,43,Gana Mas,1,185798,12,71,Quiniela Leidsa,1,185807,12|28|44|60|81|92,12|28|44|60|81|92,1,12|41|56|71|89,1,4,1,4,28|56|92,True,6,Quiniela Loteka,2,1,nr-historical-relations-j1.0.0
2025-03-07|43|28|87,2025-03-07,2025,43,Gana Mas,1,185798,28,87,New York 2:30,1,185799,12|28|44|60|81|92,12|28|44|60|81|92,2,23|28|73|77|87,2,5,1,4,12|56|92,True,4,Quiniela Loteka,1,1,nr-historical-relations-j1.0.0
2025-03-07|40|56|71,2025-03-07,2025,40,Loteria Nacional,1,185808,56,71,Quiniela Leidsa,1,185807,8|19|51|56|67|72,8|19|51|56|67|72,4,12|41|56|71|89,3,4,1,4,12|28|92,True,2,Quiniela Leidsa,1,3,nr-historical-relations-j1.0.0
2025-03-07|43|92|27,2025-03-07,2025,43,Gana Mas,1,185798,92,27,New York 10:30,1,185815,12|28|44|60|81|92,12|28|44|60|81|92,6,27|68|76|92,4,1,2,4,12|28|56,True,6,Loteria Nacional,3,1,nr-historical-relations-j1.0.0
2025-03-07|43|92|76,2025-03-07,2025,43,Gana Mas,1,185798,92,76,Quiniela Loteka,1,185803,12|28|44|60|81|92,12|28|44|60|81|92,6,27|68|76|92,4,3,2,4,12|28|56,True,6,Loteria Nacional,3,1,nr-historical-relations-j1.0.0
2025-03-08|48|89|71,2025-03-08,2025,48,New York 10:30,1,185851,89,71,Loteria Nacional,1,185837,73|89,73|89,2,12|41|56|71|89,5,4,1,1,,False,,,,0,nr-historical-relations-j1.0.0
2025-03-09|44|22|53,2025-03-09,2025,44,Quiniela Real,1,185857,22,53,Quiniela Loteka,1,185870,22|59|70|75|91,22|59|70|75|91,1,7|9|22|29|35|42|44|53|63|70|90,3,8,1,3,42|70,False,,,,0,nr-historical-relations-j1.0.0
2025-03-09|37|42|44,2025-03-09,2025,37,Loteria Nacional,1,185868,42,44,Quiniela Real,1,185857,5|10|42,5|10|42,3,7|9|22|29|35|42|44|53|63|70|90,6,7,2,3,22|70,True,5,Quiniela Leidsa,2,1,nr-historical-relations-j1.0.0
2025-03-09|37|42|53,2025-03-09,2025,37,Loteria Nacional,1,185868,42,53,Quiniela Loteka,1,185870,5|10|42,5|10|42,3,7|9|22|29|35|42|44|53|63|70|90,6,8,2,3,22|70,True,5,Quiniela Leidsa,2,1,nr-historical-relations-j1.0.0
2025-03-09|44|70|53,2025-03-09,2025,44,Quiniela Real,1,185857,70,53,Quiniela Loteka,1,185870,22|59|70|75|91,22|59|70|75|91,3,7|9|22|29|35|42|44|53|63|70|90,10,8,1,3,22|42,True,1,Quiniela Loteka,2,3,nr-historical-relations-j1.0.0
2025-03-10|34|1|10,2025-03-10,2025,34,Quiniela Loteka,1,185892,1,10,Quiniela Leidsa,1,185896,1|17|33|49|76,1|17|33|49|76,1,1|10|100,1,2,1,1,,True,1,New York 10:30,3,3,nr-historical-relations-j1.0.0
2025-03-11|28|26|72,2025-03-11,2025,28,Quiniela Loteka,1,185922,26,72,New York 2:30,1,185915,21|26|53,21|26|53,2,26|34|59|72,1,4,1,3,53|73,True,3,Quiniela Real,3,1,nr-historical-relations-j1.0.0
2025-03-11|28|53|29,2025-03-11,2025,28,Quiniela Loteka,1,185922,53,29,Quiniela Leidsa,1,185927,21|26|53,21|26|53,3,7|9|22|29|35|42|44|53|63|70|90,8,4,1,3,26|73,False,,,,0,nr-historical-relations-j1.0.0
2025-03-11|48|73|28,2025-03-11,2025,48,Quiniela Real,1,185913,73,28,Quiniela Loteka,1,185922,73|89,73|89,1,23|28|73|77|87,3,2,1,3,26|53,True,4,Quiniela Loteka,1,1,nr-historical-relations-j1.0.0
2025-03-12|38|52|81,2025-03-12,2025,38,Quiniela Leidsa,1,185958,52,81,Quiniela Loteka,1,185951,20|31|47|52|63|100,20|31|47|52|63|100,4,52|81|85,1,2,1,2,63,True,6,New York 10:30,3,1,nr-historical-relations-j1.0.0
2025-03-12|38|63|35,2025-03-12,2025,38,Quiniela Leidsa,1,185958,63,35,Gana Mas,1,185947,20|31|47|52|63|100,20|31|47|52|63|100,5,7|9|22|29|35|42|44|53|63|70|90,9,5,1,2,52,True,2,New York 10:30,2,2,nr-historical-relations-j1.0.0
2025-03-15|41|93|97,2025-03-15,2025,41,Quiniela Real,1,186034,93,97,Gana Mas,1,186037,13|29|93,13|29|93,3,48|93|97,2,3,1,1,,True,1,Quiniela Real,3,3,nr-historical-relations-j1.0.0
2025-03-16|37|42|44,2025-03-16,2025,37,Loteria Nacional,1,186072,42,44,Quiniela Loteka,1,186074,5|10|42,5|10|42,3,7|9|22|29|35|42|44|53|63|70|90,6,7,1,1,,True,2,New York 2:30,2,4,nr-historical-relations-j1.0.0
2025-03-17|35|54|14,2025-03-17,2025,35,Gana Mas,1,186089,54,14,Quiniela Leidsa,1,186106,6|11|43|54|86,6|11|43|54|86,4,14|54,2,1,1,1,,True,6,New York 10:30,2,2,nr-historical-relations-j1.0.0
2025-03-19|31|3|30,2025-03-19,2025,31,Quiniela Loteka,1,186153,3,30,Quiniela Real,1,186145,3|24|88|99,3|24|88|99,1,3|30|83,1,2,1,1,,True,2,Loteria Nacional,2,1,nr-historical-relations-j1.0.0
2025-03-21|44|22|90,2025-03-21,2025,44,Quiniela Loteka,1,186208,22,90,New York 2:30,1,186203,22|59|70|75|91,22|59|70|75|91,1,7|9|22|29|35|42|44|53|63|70|90,3,11,1,2,70,True,2,New York 10:30,1,2,nr-historical-relations-j1.0.0
2025-03-21|44|70|90,2025-03-21,2025,44,Quiniela Loteka,1,186208,70,90,New York 2:30,1,186203,22|59|70|75|91,22|59|70|75|91,3,7|9|22|29|35|42|44|53|63|70|90,10,11,1,2,22,False,,,,0,nr-historical-relations-j1.0.0
2025-03-22|45|69|91,2025-03-22,2025,45,Quiniela Loteka,1,186237,69,91,Quiniela Leidsa,1,186241,69|80,69|80,1,11|57|69|91,3,4,1,2,73,True,5,Quiniela Real,2,2,nr-historical-relations-j1.0.0
2025-03-22|48|73|23,2025-03-22,2025,48,Quiniela Real,1,186228,73,23,New York 10:30,1,186249,73|89,73|89,1,23|28|73|77|87,3,1,1,2,69,True,3,Quiniela Loteka,2,2,nr-historical-relations-j1.0.0
2025-03-24|28|53|44,2025-03-24,2025,28,Quiniela Loteka,1,186292,53,44,Loteria Nacional,1,186297,21|26|53,21|26|53,3,7|9|22|29|35|42|44|53|63|70|90,8,7,1,3,73|91,True,4,New York 10:30,3,1,nr-historical-relations-j1.0.0
2025-03-24|48|73|28,2025-03-24,2025,48,New York 10:30,1,186304,73,28,Quiniela Loteka,1,186292,73|89,73|89,1,23|28|73|77|87,3,2,1,3,53|91,True,1,Quiniela Loteka,2,4,nr-historical-relations-j1.0.0
2025-03-24|44|91|11,2025-03-24,2025,44,Loteria Nacional,1,186297,91,11,Gana Mas,1,186288,22|59|70|75|91,22|59|70|75|91,5,11|57|69|91,4,1,1,3,53|73,True,1,Gana Mas,2,2,nr-historical-relations-j1.0.0
2025-03-29|47|79|88,2025-03-29,2025,47,Gana Mas,1,186437,79,88,New York 2:30,1,186436,4|36|68|79|84,4|36|68|79|84,4,67|79|88,2,3,1,2,83,False,,,,0,nr-historical-relations-j1.0.0
2025-03-29|49|83|3,2025-03-29,2025,49,Quiniela Real,1,186434,83,3,Loteria Nacional,1,186448,35|40|83,35|40|83,3,3|30|83,3,1,1,2,79,True,1,Loteria Nacional,3,3,nr-historical-relations-j1.0.0
2025-03-31|41|93|97,2025-03-31,2025,41,Quiniela Loteka,1,186497,93,97,Loteria Nacional,1,186499,13|29|93,13|29|93,3,48|93|97,2,3,1,1,,False,,,,0,nr-historical-relations-j1.0.0
2025-04-01|37|10|1,2025-04-01,2025,37,Quiniela Real,1,186514,10,1,Loteria Nacional,1,186531,5|10|42,5|10|42,2,1|10|100,2,1,1,3,42|53,True,2,Gana Mas,1,1,nr-historical-relations-j1.0.0
2025-04-01|37|42|44,2025-04-01,2025,37,Quiniela Real,1,186514,42,44,New York 10:30,1,186533,5|10|42,5|10|42,3,7|9|22|29|35|42|44|53|63|70|90,6,7,1,3,10|53,True,2,Loteria Nacional,1,3,nr-historical-relations-j1.0.0
2025-04-01|28|53|44,2025-04-01,2025,28,Gana Mas,1,186519,53,44,New York 10:30,1,186533,21|26|53,21|26|53,3,7|9|22|29|35|42|44|53|63|70|90,8,7,1,3,10|42,False,,,,0,nr-historical-relations-j1.0.0
2025-04-02|44|22|90,2025-04-02,2025,44,Gana Mas,1,186547,22,90,Quiniela Loteka,1,186551,22|59|70|75|91,22|59|70|75|91,1,7|9|22|29|35|42|44|53|63|70|90,3,11,1,2,70,False,,,,0,nr-historical-relations-j1.0.0
2025-04-02|44|70|90,2025-04-02,2025,44,Gana Mas,1,186547,70,90,Quiniela Loteka,1,186551,22|59|70|75|91,22|59|70|75|91,3,7|9|22|29|35|42|44|53|63|70|90,10,11,1,2,22,True,1,Quiniela Real,1,4,nr-historical-relations-j1.0.0
2025-04-03|42|7|44,2025-04-03,2025,42,Loteria Nacional,1,186585,7,44,New York 2:30,1,186573,7|18|23|50|55|66|71,7|18|23|50|55|66|71,1,7|9|22|29|35|42|44|53|63|70|90,1,7,2,4,22|70|71,True,5,Quiniela Leidsa,2,1,nr-historical-relations-j1.0.0
2025-04-03|42|7|70,2025-04-03,2025,42,Loteria Nacional,1,186585,7,70,Quiniela Real,1,186570,7|18|23|50|55|66|71,7|18|23|50|55|66|71,1,7|9|22|29|35|42|44|53|63|70|90,1,10,2,4,22|70|71,True,5,Quiniela Leidsa,2,1,nr-historical-relations-j1.0.0
2025-04-03|44|22|42,2025-04-03,2025,44,New York 2:30,1,186573,22,42,Loteria Nacional,1,186585,22|59|70|75|91,22|59|70|75|91,1,7|9|22|29|35|42|44|53|63|70|90,3,6,2,4,7|70|71,False,,,,0,nr-historical-relations-j1.0.0
2025-04-03|44|22|70,2025-04-03,2025,44,New York 2:30,1,186573,22,70,Quiniela Real,1,186570,22|59|70|75|91,22|59|70|75|91,1,7|9|22|29|35|42|44|53|63|70|90,3,10,2,4,7|70|71,False,,,,0,nr-historical-relations-j1.0.0
2025-04-03|44|70|42,2025-04-03,2025,44,New York 2:30,1,186573,70,42,Loteria Nacional,1,186585,22|59|70|75|91,22|59|70|75|91,3,7|9|22|29|35|42|44|53|63|70|90,10,6,1,4,7|22|71,True,2,Quiniela Loteka,3,4,nr-historical-relations-j1.0.0
2025-04-03|42|71|56,2025-04-03,2025,42,Loteria Nacional,1,186585,71,56,Quiniela Loteka,1,186578,7|18|23|50|55|66|71,7|18|23|50|55|66|71,7,12|41|56|71|89,4,3,1,4,7|22|70,True,5,New York 2:30,3,1,nr-historical-relations-j1.0.0
2025-04-08|33|87|28,2025-04-08,2025,33,New York 10:30,1,186733,87,28,Quiniela Leidsa,1,186725,2|39|82|87,2|39|82|87,4,23|28|73|77|87,5,2,1,1,,True,1,Gana Mas,2,1,nr-historical-relations-j1.0.0
2025-04-10|39|9|70,2025-04-10,2025,39,Gana Mas,1,186771,9,70,New York 10:30,1,186808,9|14|30|41|46|62|78|94,9|14|30|41|46|62|78|94,1,7|9|22|29|35|42|44|53|63|70|90,2,10,1,1,,True,7,Quiniela Loteka,1,1,nr-historical-relations-j1.0.0
2025-04-11|31|88|79,2025-04-11,2025,31,New York 2:30,1,186797,88,79,New York 10:30,1,186816,3|24|88|99,3|24|88|99,3,67|79|88,3,2,1,1,,True,4,Quiniela Leidsa,1,1,nr-historical-relations-j1.0.0
2025-04-13|41|29|70,2025-04-13,2025,41,Loteria Nacional,1,186866,29,70,New York 10:30,1,186874,13|29|93,13|29|93,2,7|9|22|29|35|42|44|53|63|70|90,4,10,1,2,90,False,,,,0,nr-historical-relations-j1.0.0
2025-04-13|46|90|70,2025-04-13,2025,46,Quiniela Leidsa,1,186860,90,70,New York 10:30,1,186874,37|58|74|90,37|58|74|90,4,7|9|22|29|35|42|44|53|63|70|90,11,10,1,2,29,True,6,New York 2:30,2,1,nr-historical-relations-j1.0.0
2025-04-14|39|41|12,2025-04-14,2025,39,New York 10:30,1,186906,41,12,Quiniela Real,1,186881,9|14|30|41|46|62|78|94,9|14|30|41|46|62|78|94,4,12|41|56|71|89,2,1,1,3,56|57,False,,,,0,nr-historical-relations-j1.0.0
2025-04-14|40|56|12,2025-04-14,2025,40,Quiniela Loteka,1,186892,56,12,Quiniela Real,1,186881,8|19|51|56|67|72,8|19|51|56|67|72,4,12|41|56|71|89,3,1,1,3,41|57,False,,,,0,nr-historical-relations-j1.0.0
2025-04-14|30|57|69,2025-04-14,2025,30,Quiniela Leidsa,1,186902,57,69,Gana Mas,1,186885,25|57,25|57,2,11|57|69|91,2,3,1,3,41|56,True,2,Quiniela Leidsa,2,1,nr-historical-relations-j1.0.0
2025-04-17|43|44|9,2025-04-17,2025,43,Quiniela Real,1,186975,44,9,Quiniela Loteka,1,186983,12|28|44|60|81|92,12|28|44|60|81|92,3,7|9|22|29|35|42|44|53|63|70|90,7,2,1,1,,True,7,Loteria Nacional,1,1,nr-historical-relations-j1.0.0
2025-04-19|37|42|63,2025-04-19,2025,37,Quiniela Leidsa,1,187013,42,63,Quiniela Real,1,187005,5|10|42,5|10|42,3,7|9|22|29|35|42|44|53|63|70|90,6,9,1,1,,True,4,New York 10:30,3,1,nr-historical-relations-j1.0.0
2025-04-20|28|26|59,2025-04-20,2025,28,Gana Mas,1,187038,26,59,Loteria Nacional,1,187047,21|26|53,21|26|53,2,26|34|59|72,1,3,1,2,53,True,5,Quiniela Real,2,1,nr-historical-relations-j1.0.0
2025-04-20|28|53|63,2025-04-20,2025,28,Gana Mas,1,187038,53,63,Quiniela Real,1,187035,21|26|53,21|26|53,3,7|9|22|29|35|42|44|53|63|70|90,8,9,2,2,26,True,2,Loteria Nacional,3,1,nr-historical-relations-j1.0.0
2025-04-20|28|53|70,2025-04-20,2025,28,Gana Mas,1,187038,53,70,New York 10:30,1,187056,21|26|53,21|26|53,3,7|9|22|29|35|42|44|53|63|70|90,8,10,2,2,26,True,2,Loteria Nacional,3,1,nr-historical-relations-j1.0.0
2025-04-21|48|73|28,2025-04-21,2025,48,Gana Mas,1,187068,73,28,Quiniela Real,1,187064,73|89,73|89,1,23|28|73|77|87,3,2,1,2,87,False,,,,0,nr-historical-relations-j1.0.0
2025-04-21|33|87|28,2025-04-21,2025,33,Quiniela Loteka,1,187072,87,28,Quiniela Real,1,187064,2|39|82|87,2|39|82|87,4,23|28|73|77|87,5,2,1,2,73,True,6,New York 2:30,2,2,nr-historical-relations-j1.0.0
2025-04-23|28|26|34,2025-04-23,2025,28,Gana Mas,1,187154,26,34,Quiniela Leidsa,1,187135,21|26|53,21|26|53,2,26|34|59|72,1,2,1,2,76,True,2,Quiniela Real,2,2,nr-historical-relations-j1.0.0
2025-04-23|34|76|68,2025-04-23,2025,34,Quiniela Leidsa,1,187135,76,68,New York 10:30,1,187143,1|17|33|49|76,1|17|33|49|76,5,27|68|76|92,3,2,1,2,26,False,,,,0,nr-historical-relations-j1.0.0
2025-04-24|49|35|44,2025-04-24,2025,49,Gana Mas,1,187157,35,44,Loteria Nacional,1,187166,35|40|83,35|40|83,1,7|9|22|29|35|42|44|53|63|70|90,5,7,1,3,69|91,True,5,Loteria Nacional,3,1,nr-historical-relations-j1.0.0
2025-04-24|45|69|57,2025-04-24,2025,45,New York 2:30,1,187156,69,57,Quiniela Real,1,187152,69|80,69|80,1,11|57|69|91,3,2,1,3,35|91,True,2,Quiniela Leidsa,2,1,nr-historical-relations-j1.0.0
2025-04-24|44|91|57,2025-04-24,2025,44,Loteria Nacional,1,187166,91,57,Quiniela Real,1,187152,22|59|70|75|91,22|59|70|75|91,5,11|57|69|91,4,2,1,3,35|69,True,2,New York 10:30,1,3,nr-historical-relations-j1.0.0
2025-04-25|33|82|65,2025-04-25,2025,33,Loteria Nacional,1,187195,82,65,Gana Mas,1,187182,2|39|82|87,2|39|82|87,3,37|65|82,3,2,1,1,,True,5,Quiniela Leidsa,1,2,nr-historical-relations-j1.0.0
2025-04-30|37|10|1,2025-04-30,2025,37,Quiniela Real,1,187331,10,1,New York 10:30,1,187350,5|10|42,5|10|42,2,1|10|100,2,1,1,2,42,True,6,New York 10:30,3,1,nr-historical-relations-j1.0.0
2025-04-30|37|42|90,2025-04-30,2025,37,Quiniela Real,1,187331,42,90,New York 2:30,1,187333,5|10|42,5|10|42,3,7|9|22|29|35|42|44|53|63|70|90,6,11,1,2,10,True,1,Quiniela Leidsa,2,6,nr-historical-relations-j1.0.0
2025-05-02|31|3|83,2025-05-02,2025,31,New York 10:30,1,187406,3,83,Loteria Nacional,1,187400,3|24|88|99,3|24|88|99,1,3|30|83,1,3,1,2,74,False,,,,0,nr-historical-relations-j1.0.0
2025-05-02|46|74|31,2025-05-02,2025,46,Quiniela Leidsa,1,187401,74,31,New York 10:30,1,187406,37|58|74|90,37|58|74|90,3,31|74,2,1,1,2,3,True,2,Gana Mas,2,2,nr-historical-relations-j1.0.0
2025-05-04|43|28|23,2025-05-04,2025,43,Gana Mas,1,187444,28,23,Quiniela Leidsa,1,187445,12|28|44|60|81|92,12|28|44|60|81|92,2,23|28|73|77|87,2,1,1,2,44,True,2,Loteria Nacional,1,4,nr-historical-relations-j1.0.0
2025-05-04|43|44|9,2025-05-04,2025,43,Gana Mas,1,187444,44,9,Loteria Nacional,1,187452,12|28|44|60|81|92,12|28|44|60|81|92,3,7|9|22|29|35|42|44|53|63|70|90,7,2,2,2,28,False,,,,0,nr-historical-relations-j1.0.0
2025-05-04|43|44|63,2025-05-04,2025,43,Gana Mas,1,187444,44,63,New York 2:30,1,187443,12|28|44|60|81|92,12|28|44|60|81|92,3,7|9|22|29|35|42|44|53|63|70|90,7,9,2,2,28,False,,,,0,nr-historical-relations-j1.0.0
2025-05-05|52|65|82,2025-05-05,2025,52,New York 10:30,1,187492,65,82,Quiniela Real,1,187467,65|97,65|97,1,37|65|82,2,3,1,1,,True,2,New York 10:30,3,2,nr-historical-relations-j1.0.0
2025-05-07|30|25|16,2025-05-07,2025,30,New York 2:30,1,187532,25,16,Loteria Nacional,1,187547,25|57,25|57,1,16|25,2,1,1,1,,True,2,New York 10:30,2,1,nr-historical-relations-j1.0.0
2025-05-09|31|88|79,2025-05-09,2025,31,Loteria Nacional,1,187598,88,79,New York 2:30,1,187587,3|24|88|99,3|24|88|99,3,67|79|88,3,2,1,1,,True,5,New York 2:30,2,1,nr-historical-relations-j1.0.0
2025-05-14|49|83|30,2025-05-14,2025,49,Quiniela Loteka,1,187746,83,30,Quiniela Leidsa,1,187750,35|40|83,35|40|83,3,3|30|83,3,2,1,1,,True,6,New York 2:30,2,1,nr-historical-relations-j1.0.0
2025-05-15|44|22|90,2025-05-15,2025,44,Quiniela Loteka,1,187776,22,90,Quiniela Real,1,187768,22|59|70|75|91,22|59|70|75|91,1,7|9|22|29|35|42|44|53|63|70|90,3,11,1,3,59|70,True,1,Gana Mas,1,5,nr-historical-relations-j1.0.0
2025-05-15|44|59|34,2025-05-15,2025,44,Quiniela Loteka,1,187776,59,34,Quiniela Leidsa,1,187779,22|59|70|75|91,22|59|70|75|91,2,26|34|59|72,3,2,1,3,22|70,False,,,,0,nr-historical-relations-j1.0.0
2025-05-15|44|70|90,2025-05-15,2025,44,Quiniela Loteka,1,187776,70,90,Quiniela Real,1,187768,22|59|70|75|91,22|59|70|75|91,3,7|9|22|29|35|42|44|53|63|70|90,10,11,1,3,22|59,True,1,Quiniela Leidsa,2,2,nr-historical-relations-j1.0.0
2025-05-17|42|7|22,2025-05-17,2025,42,New York 2:30,1,187829,7,22,Loteria Nacional,1,187839,7|18|23|50|55|66|71,7|18|23|50|55|66|71,1,7|9|22|29|35|42|44|53|63|70|90,1,3,1,2,63,True,3,Quiniela Loteka,3,2,nr-historical-relations-j1.0.0
2025-05-17|38|63|22,2025-05-17,2025,38,Quiniela Real,1,187827,63,22,Loteria Nacional,1,187839,20|31|47|52|63|100,20|31|47|52|63|100,5,7|9|22|29|35|42|44|53|63|70|90,9,3,2,2,7,True,2,Quiniela Leidsa,3,3,nr-historical-relations-j1.0.0
2025-05-17|38|63|42,2025-05-17,2025,38,Quiniela Real,1,187827,63,42,New York 2:30,1,187829,20|31|47|52|63|100,20|31|47|52|63|100,5,7|9|22|29|35|42|44|53|63|70|90,9,6,2,2,7,True,2,Quiniela Leidsa,3,3,nr-historical-relations-j1.0.0
2025-05-18|35|54|14,2025-05-18,2025,35,Quiniela Leidsa,1,187859,54,14,Quiniela Real,1,187854,6|11|43|54|86,6|11|43|54|86,4,14|54,2,1,1,4,63|65|97,True,3,New York 10:30,2,2,nr-historical-relations-j1.0.0
2025-05-18|38|63|35,2025-05-18,2025,38,Quiniela Loteka,1,187867,63,35,Quiniela Leidsa,1,187859,20|31|47|52|63|100,20|31|47|52|63|100,5,7|9|22|29|35|42|44|53|63|70|90,9,5,1,4,54|65|97,True,1,Quiniela Leidsa,3,3,nr-historical-relations-j1.0.0
2025-05-18|52|65|82,2025-05-18,2025,52,New York 2:30,1,187857,65,82,New York 10:30,1,187874,65|97,65|97,1,37|65|82,2,3,1,4,54|63|97,False,,,,0,nr-historical-relations-j1.0.0
2025-05-18|52|97|48,2025-05-18,2025,52,New York 2:30,1,187857,97,48,Loteria Nacional,1,187865,65|97,65|97,2,48|93|97,3,1,1,4,54|63|65,True,5,Loteria Nacional,3,2,nr-historical-relations-j1.0.0
2025-05-22|41|29|7,2025-05-22,2025,41,Loteria Nacional,1,187988,29,7,New York 10:30,1,187994,13|29|93,13|29|93,2,7|9|22|29|35|42|44|53|63|70|90,4,1,1,1,,False,,,,0,nr-historical-relations-j1.0.0
2025-05-23|39|9|70,2025-05-23,2025,39,Gana Mas,1,188005,9,70,New York 2:30,1,188004,9|14|30|41|46|62|78|94,9|14|30|41|46|62|78|94,1,7|9|22|29|35|42|44|53|63|70|90,2,10,1,2,94,True,1,Quiniela Loteka,3,2,nr-historical-relations-j1.0.0
2025-05-23|39|94|58,2025-05-23,2025,39,Gana Mas,1,188005,94,58,New York 10:30,1,188021,9|14|30|41|46|62|78|94,9|14|30|41|46|62|78|94,8,58|84|94,3,1,1,2,9,False,,,,0,nr-historical-relations-j1.0.0
2025-05-24|47|79|67,2025-05-24,2025,47,Quiniela Loteka,1,188038,79,67,Gana Mas,1,188058,4|36|68|79|84,4|36|68|79|84,4,67|79|88,2,1,1,1,,False,,,,0,nr-historical-relations-j1.0.0
2025-05-27|40|19|86,2025-05-27,2025,40,Quiniela Leidsa,1,188127,19,86,Loteria Nacional,1,188132,8|19|51|56|67|72,8|19|51|56|67|72,2,19|46|86,1,3,1,1,,True,5,Loteria Nacional,1,1,nr-historical-relations-j1.0.0
2025-05-28|32|77|23,2025-05-28,2025,32,Quiniela Real,1,188140,77,23,New York 2:30,1,188170,77,77,1,23|28|73|77|87,4,1,1,1,,True,6,New York 10:30,2,1,nr-historical-relations-j1.0.0
2025-05-29|43|12|56,2025-05-29,2025,43,New York 2:30,1,188180,12,56,Gana Mas,1,188181,12|28|44|60|81|92,12|28|44|60|81|92,1,12|41|56|71|89,1,3,1,4,28|65|81,True,4,New York 2:30,3,1,nr-historical-relations-j1.0.0
2025-05-29|43|28|23,2025-05-29,2025,43,New York 2:30,1,188180,28,23,Quiniela Real,1,188178,12|28|44|60|81|92,12|28|44|60|81|92,2,23|28|73|77|87,2,1,1,4,12|65|81,True,3,Gana Mas,3,1,nr-historical-relations-j1.0.0
2025-05-29|52|65|82,2025-05-29,2025,52,Loteria Nacional,1,188188,65,82,Quiniela Leidsa,1,188192,65|97,65|97,1,37|65|82,2,3,1,4,12|28|81,True,4,Quiniela Real,3,2,nr-historical-relations-j1.0.0
2025-05-29|43|81|52,2025-05-29,2025,43,New York 2:30,1,188180,81,52,Loteria Nacional,1,188188,12|28|44|60|81|92,12|28|44|60|81|92,5,52|81|85,2,1,1,4,12|28|65,True,6,Quiniela Loteka,1,1,nr-historical-relations-j1.0.0
2025-05-30|43|44|90,2025-05-30,2025,43,Gana Mas,1,188209,44,90,Quiniela Leidsa,1,188219,12|28|44|60|81|92,12|28|44|60|81|92,3,7|9|22|29|35|42|44|53|63|70|90,7,11,1,1,,True,1,Quiniela Loteka,3,3,nr-historical-relations-j1.0.0
2025-05-31|43|12|41,2025-05-31,2025,43,Quiniela Real,1,188234,12,41,Gana Mas,1,188237,12|28|44|60|81|92,12|28|44|60|81|92,1,12|41|56|71|89,1,2,1,6,29|44|56|71|81,True,2,New York 2:30,3,1,nr-historical-relations-j1.0.0
2025-05-31|41|29|42,2025-05-31,2025,41,Gana Mas,1,188237,29,42,New York 2:30,1,188236,13|29|93,13|29|93,2,7|9|22|29|35|42|44|53|63|70|90,4,6,1,6,12|44|56|71|81,True,1,New York 2:30,2,1,nr-historical-relations-j1.0.0
2025-05-31|43|44|42,2025-05-31,2025,43,Quiniela Real,1,188234,44,42,New York 2:30,1,188236,12|28|44|60|81|92,12|28|44|60|81|92,3,7|9|22|29|35|42|44|53|63|70|90,7,6,1,6,12|29|56|71|81,True,1,Quiniela Loteka,1,3,nr-historical-relations-j1.0.0
2025-05-31|40|56|41,2025-05-31,2025,40,Quiniela Loteka,1,188244,56,41,Gana Mas,1,188237,8|19|51|56|67|72,8|19|51|56|67|72,4,12|41|56|71|89,3,2,1,6,12|29|44|71|81,False,,,,0,nr-historical-relations-j1.0.0
2025-05-31|42|71|41,2025-05-31,2025,42,New York 2:30,1,188236,71,41,Gana Mas,1,188237,7|18|23|50|55|66|71,7|18|23|50|55|66|71,7,12|41|56|71|89,4,2,1,6,12|29|44|56|81,True,1,Quiniela Real,3,2,nr-historical-relations-j1.0.0
2025-05-31|43|81|85,2025-05-31,2025,43,Quiniela Real,1,188234,81,85,Loteria Nacional,1,188250,12|28|44|60|81|92,12|28|44|60|81|92,5,52|81|85,2,3,1,6,12|29|44|56|71,True,4,Quiniela Loteka,1,2,nr-historical-relations-j1.0.0
2025-06-01|44|22|70,2025-06-01,2025,44,Quiniela Loteka,1,188278,22,70,Gana Mas,1,188266,22|59|70|75|91,22|59|70|75|91,1,7|9|22|29|35|42|44|53|63|70|90,3,10,1,2,59,True,3,Loteria Nacional,2,2,nr-historical-relations-j1.0.0
2025-06-01|44|59|72,2025-06-01,2025,44,Quiniela Loteka,1,188278,59,72,New York 10:30,1,188329,22|59|70|75|91,22|59|70|75|91,2,26|34|59|72,3,4,1,2,22,True,3,New York 10:30,3,1,nr-historical-relations-j1.0.0
2025-06-02|43|28|87,2025-06-02,2025,43,Quiniela Loteka,1,188304,28,87,Gana Mas,1,188298,12|28|44|60|81|92,12|28|44|60|81|92,2,23|28|73|77|87,2,5,1,1,,True,4,Loteria Nacional,1,1,nr-historical-relations-j1.0.0
2025-06-03|45|69|11,2025-06-03,2025,45,Quiniela Leidsa,1,188338,69,11,Quiniela Real,1,188324,69|80,69|80,1,11|57|69|91,3,1,1,1,,False,,,,0,nr-historical-relations-j1.0.0
2025-06-04|40|56|71,2025-06-04,2025,40,Quiniela Leidsa,1,188362,56,71,New York 10:30,1,188393,8|19|51|56|67|72,8|19|51|56|67|72,4,12|41|56|71|89,3,4,1,1,,True,5,Quiniela Loteka,3,1,nr-historical-relations-j1.0.0
2025-06-05|37|42|7,2025-06-05,2025,37,Gana Mas,1,188381,42,7,Quiniela Leidsa,1,188397,5|10|42,5|10|42,3,7|9|22|29|35|42|44|53|63|70|90,6,1,3,1,,True,6,Gana Mas,3,1,nr-historical-relations-j1.0.0
2025-06-05|37|42|9,2025-06-05,2025,37,Gana Mas,1,188381,42,9,Loteria Nacional,1,188395,5|10|42,5|10|42,3,7|9|22|29|35|42|44|53|63|70|90,6,2,3,1,,True,6,Gana Mas,3,1,nr-historical-relations-j1.0.0
2025-06-05|37|42|35,2025-06-05,2025,37,Gana Mas,1,188381,42,35,New York 10:30,1,188407,5|10|42,5|10|42,3,7|9|22|29|35|42|44|53|63|70|90,6,5,3,1,,True,6,Gana Mas,3,1,nr-historical-relations-j1.0.0
2025-06-06|28|26|34,2025-06-06,2025,28,Loteria Nacional,1,188425,26,34,Gana Mas,1,188417,21|26|53,21|26|53,2,26|34|59|72,1,2,1,1,,False,,,,0,nr-historical-relations-j1.0.0
2025-06-08|46|90|7,2025-06-08,2025,46,New York 2:30,1,188475,90,7,Quiniela Loteka,1,188485,37|58|74|90,37|58|74|90,4,7|9|22|29|35|42|44|53|63|70|90,11,1,1,1,,True,5,New York 10:30,1,1,nr-historical-relations-j1.0.0
2025-06-12|48|73|23,2025-06-12,2025,48,Gana Mas,1,195563,73,23,New York 10:30,1,195579,73|89,73|89,1,23|28|73|77|87,3,1,1,2,89,False,,,,0,nr-historical-relations-j1.0.0
2025-06-12|48|89|12,2025-06-12,2025,48,Gana Mas,1,195563,89,12,Quiniela Loteka,1,195567,73|89,73|89,2,12|41|56|71|89,5,1,1,2,73,True,2,Quiniela Real,3,1,nr-historical-relations-j1.0.0
2025-06-13|44|22|90,2025-06-13,2025,44,Quiniela Real,1,195601,22,90,New York 10:30,1,195620,22|59|70|75|91,22|59|70|75|91,1,7|9|22|29|35|42|44|53|63|70|90,3,11,1,2,70,True,1,Gana Mas,3,2,nr-historical-relations-j1.0.0
2025-06-13|44|70|22,2025-06-13,2025,44,Quiniela Real,1,195601,70,22,Quiniela Leidsa,1,195612,22|59|70|75|91,22|59|70|75|91,3,7|9|22|29|35|42|44|53|63|70|90,10,3,2,2,22,True,3,Quiniela Loteka,3,2,nr-historical-relations-j1.0.0
2025-06-13|44|70|90,2025-06-13,2025,44,Quiniela Real,1,195601,70,90,New York 10:30,1,195620,22|59|70|75|91,22|59|70|75|91,3,7|9|22|29|35|42|44|53|63|70|90,10,11,2,2,22,True,3,Quiniela Loteka,3,2,nr-historical-relations-j1.0.0
2025-06-15|33|87|23,2025-06-15,2025,33,Quiniela Leidsa,1,195666,87,23,Quiniela Loteka,1,195675,2|39|82|87,2|39|82|87,4,23|28|73|77|87,5,1,1,1,,True,1,Quiniela Leidsa,3,2,nr-historical-relations-j1.0.0
2025-06-16|37|42|44,2025-06-16,2025,37,Quiniela Loteka,1,195698,42,44,Gana Mas,1,195693,5|10|42,5|10|42,3,7|9|22|29|35|42|44|53|63|70|90,6,7,1,2,59,True,5,Quiniela Real,1,1,nr-historical-relations-j1.0.0
2025-06-16|44|59|34,2025-06-16,2025,44,Gana Mas,1,195693,59,34,New York 10:30,1,195709,22|59|70|75|91,22|59|70|75|91,2,26|34|59|72,3,2,1,2,42,True,7,Quiniela Real,2,1,nr-historical-relations-j1.0.0
2025-06-18|40|19|86,2025-06-18,2025,40,Gana Mas,1,195753,19,86,Quiniela Real,1,195750,8|19|51|56|67|72,8|19|51|56|67|72,2,19|46|86,1,3,1,1,,False,,,,0,nr-historical-relations-j1.0.0
2025-06-20|41|29|90,2025-06-20,2025,41,Quiniela Loteka,1,195819,29,90,Loteria Nacional,1,195824,13|29|93,13|29|93,2,7|9|22|29|35|42|44|53|63|70|90,4,11,1,1,,True,3,Gana Mas,1,3,nr-historical-relations-j1.0.0
2025-06-23|38|20|2,2025-06-23,2025,38,New York 2:30,1,195906,20,2,Quiniela Loteka,1,195911,20|31|47|52|63|100,20|31|47|52|63|100,1,2|20,2,1,1,3,63|100,True,1,New York 10:30,2,3,nr-historical-relations-j1.0.0
2025-06-23|38|63|29,2025-06-23,2025,38,New York 2:30,1,195906,63,29,Gana Mas,1,195907,20|31|47|52|63|100,20|31|47|52|63|100,5,7|9|22|29|35|42|44|53|63|70|90,9,4,1,3,20|100,True,2,Quiniela Real,2,2,nr-historical-relations-j1.0.0
2025-06-23|38|100|10,2025-06-23,2025,38,New York 2:30,1,195906,100,10,Loteria Nacional,1,195917,20|31|47|52|63|100,20|31|47|52|63|100,6,1|10|100,3,2,1,3,20|63,False,,,,0,nr-historical-relations-j1.0.0
2025-06-25|49|35|42,2025-06-25,2025,49,New York 10:30,1,195992,35,42,New York 2:30,1,195974,35|40|83,35|40|83,1,7|9|22|29|35|42|44|53|63|70|90,5,6,1,2,83,True,2,Quiniela Real,1,1,nr-historical-relations-j1.0.0
2025-06-25|49|83|3,2025-06-25,2025,49,New York 10:30,1,195992,83,3,Quiniela Real,1,195971,35|40|83,35|40|83,3,3|30|83,3,1,1,2,35,True,7,New York 2:30,1,1,nr-historical-relations-j1.0.0
2025-06-27|44|22|35,2025-06-27,2025,44,New York 10:30,1,196053,22,35,Quiniela Real,1,196029,22|59|70|75|91,22|59|70|75|91,1,7|9|22|29|35|42|44|53|63|70|90,3,5,1,2,70,False,,,,0,nr-historical-relations-j1.0.0
2025-06-27|44|70|35,2025-06-27,2025,44,New York 10:30,1,196053,70,35,Quiniela Real,1,196029,22|59|70|75|91,22|59|70|75|91,3,7|9|22|29|35|42|44|53|63|70|90,10,5,1,2,22,True,1,New York 10:30,3,4,nr-historical-relations-j1.0.0
2025-06-29|34|76|92,2025-06-29,2025,34,New York 2:30,1,196116,76,92,Loteria Nacional,1,196105,1|17|33|49|76,1|17|33|49|76,5,27|68|76|92,3,4,1,1,,True,4,New York 2:30,1,2,nr-historical-relations-j1.0.0
2025-06-30|32|77|23,2025-06-30,2025,32,Gana Mas,1,196128,77,23,New York 2:30,1,196127,77,77,1,23|28|73|77|87,4,1,1,1,,True,1,Loteria Nacional,2,2,nr-historical-relations-j1.0.0
2025-07-01|46|90|7,2025-07-01,2025,46,New York 10:30,1,196170,90,7,Quiniela Loteka,1,196162,37|58|74|90,37|58|74|90,4,7|9|22|29|35|42|44|53|63|70|90,11,1,1,1,,True,3,Quiniela Loteka,2,1,nr-historical-relations-j1.0.0
2025-07-09|38|63|70,2025-07-09,2025,38,Quiniela Real,1,196405,63,70,New York 2:30,1,196408,20|31|47|52|63|100,20|31|47|52|63|100,5,7|9|22|29|35|42|44|53|63|70|90,9,10,1,1,,False,,,,0,nr-historical-relations-j1.0.0
2025-07-11|47|68|76,2025-07-11,2025,47,Quiniela Real,1,196472,68,76,Quiniela Loteka,2,196480,4|36|68|79|84,4|36|68|79|84,3,27|68|76|92,2,3,1,1,,False,,,,0,nr-historical-relations-j1.0.0
2025-07-12|42|71|89,2025-07-12,2025,42,Loteria Nacional,1,196522,71,89,Quiniela Loteka,1,196513,7|18|23|50|55|66|71,7|18|23|50|55|66|71,7,12|41|56|71|89,4,5,1,1,,True,5,Quiniela Real,2,1,nr-historical-relations-j1.0.0
2025-07-15|45|80|8,2025-07-15,2025,45,Quiniela Leidsa,1,196615,80,8,Quiniela Loteka,1,196611,69|80,69|80,2,8|80,2,1,1,1,,True,2,Gana Mas,1,1,nr-historical-relations-j1.0.0
2025-07-19|42|23|73,2025-07-19,2025,42,Gana Mas,1,196732,23,73,Quiniela Leidsa,1,196741,7|18|23|50|55|66|71,7|18|23|50|55|66|71,3,23|28|73|77|87,1,3,1,1,,True,1,Gana Mas,2,2,nr-historical-relations-j1.0.0
2025-07-20|39|30|83,2025-07-20,2025,39,Loteria Nacional,1,196772,30,83,New York 10:30,1,196804,9|14|30|41|46|62|78|94,9|14|30|41|46|62|78|94,3,3|30|83,2,3,1,1,,True,1,New York 10:30,2,1,nr-historical-relations-j1.0.0
2025-07-22|39|14|54,2025-07-22,2025,39,New York 2:30,1,196825,14,54,Gana Mas,1,196828,9|14|30|41|46|62|78|94,9|14|30|41|46|62|78|94,2,14|54,1,2,1,2,30,True,5,Quiniela Loteka,2,1,nr-historical-relations-j1.0.0
2025-07-22|39|30|3,2025-07-22,2025,39,New York 2:30,1,196825,30,3,Loteria Nacional,2,196839,9|14|30|41|46|62|78|94,9|14|30|41|46|62|78|94,3,3|30|83,2,1,1,2,14,False,,,,0,nr-historical-relations-j1.0.0
2025-07-23|48|89|12,2025-07-23,2025,48,Quiniela Real,1,196890,89,12,New York 10:30,1,196910,73|89,73|89,2,12|41|56|71|89,5,1,1,1,,True,1,Loteria Nacional,1,4,nr-historical-relations-j1.0.0
2025-07-24|43|12|89,2025-07-24,2025,43,New York 10:30,1,196944,12,89,Loteria Nacional,1,196936,12|28|44|60|81|92,12|28|44|60|81|92,1,12|41|56|71|89,1,5,1,2,44,True,6,Quiniela Loteka,1,1,nr-historical-relations-j1.0.0
2025-07-24|43|44|35,2025-07-24,2025,43,New York 10:30,1,196944,44,35,Quiniela Real,1,196920,12|28|44|60|81|92,12|28|44|60|81|92,3,7|9|22|29|35|42|44|53|63|70|90,7,5,1,2,12,True,3,Gana Mas,2,1,nr-historical-relations-j1.0.0
2025-07-25|40|19|86,2025-07-25,2025,40,Quiniela Real,1,196952,19,86,New York 2:30,1,196956,8|19|51|56|67|72,8|19|51|56|67|72,2,19|46|86,1,3,1,2,65,True,4,Quiniela Leidsa,1,3,nr-historical-relations-j1.0.0
2025-07-25|52|65|82,2025-07-25,2025,52,Gana Mas,1,196957,65,82,New York 10:30,1,196973,65|97,65|97,1,37|65|82,2,3,1,2,19,True,2,New York 10:30,3,6,nr-historical-relations-j1.0.0
2025-07-27|44|22|90,2025-07-27,2025,44,Gana Mas,2,197018,22,90,New York 10:30,1,197034,22|59|70|75|91,22|59|70|75|91,1,7|9|22|29|35|42|44|53|63|70|90,3,11,1,3,53|70,True,1,Quiniela Leidsa,1,2,nr-historical-relations-j1.0.0
2025-07-27|28|53|44,2025-07-27,2025,28,New York 2:30,1,197017,53,44,Gana Mas,2,197018,21|26|53,21|26|53,3,7|9|22|29|35|42|44|53|63|70|90,8,7,2,3,22|70,False,,,,0,nr-historical-relations-j1.0.0
2025-07-27|28|53|90,2025-07-27,2025,28,New York 2:30,1,197017,53,90,New York 10:30,1,197034,21|26|53,21|26|53,3,7|9|22|29|35|42|44|53|63|70|90,8,11,2,3,22|70,False,,,,0,nr-historical-relations-j1.0.0
2025-07-27|44|70|90,2025-07-27,2025,44,Gana Mas,2,197018,70,90,New York 10:30,1,197034,22|59|70|75|91,22|59|70|75|91,3,7|9|22|29|35|42|44|53|63|70|90,10,11,1,3,22|53,True,1,Quiniela Real,1,1,nr-historical-relations-j1.0.0
2025-07-28|38|63|22,2025-07-28,2025,38,New York 2:30,1,197047,63,22,Quiniela Leidsa,1,197057,20|31|47|52|63|100,20|31|47|52|63|100,5,7|9|22|29|35|42|44|53|63|70|90,9,3,2,1,,True,1,Gana Mas,1,4,nr-historical-relations-j1.0.0
2025-07-28|38|63|70,2025-07-28,2025,38,New York 2:30,1,197047,63,70,Quiniela Real,1,197044,20|31|47|52|63|100,20|31|47|52|63|100,5,7|9|22|29|35|42|44|53|63|70|90,9,10,2,1,,True,1,Gana Mas,1,4,nr-historical-relations-j1.0.0
2025-07-31|39|9|7,2025-07-31,2025,39,Loteria Nacional,1,197153,9,7,Quiniela Leidsa,1,197148,9|14|30|41|46|62|78|94,9|14|30|41|46|62|78|94,1,7|9|22|29|35|42|44|53|63|70|90,2,1,1,3,37|90,True,1,Loteria Nacional,1,4,nr-historical-relations-j1.0.0
2025-07-31|46|37|65,2025-07-31,2025,46,New York 10:30,1,197156,37,65,Gana Mas,1,197140,37|58|74|90,37|58|74|90,1,37|65|82,1,2,1,3,9|90,True,5,Quiniela Loteka,3,1,nr-historical-relations-j1.0.0
2025-07-31|46|90|7,2025-07-31,2025,46,New York 10:30,1,197156,90,7,Quiniela Leidsa,1,197148,37|58|74|90,37|58|74|90,4,7|9|22|29|35|42|44|53|63|70|90,11,1,1,3,9|37,True,1,Quiniela Real,1,1,nr-historical-relations-j1.0.0
2025-08-03|49|35|9,2025-08-03,2025,49,Quiniela Loteka,1,197234,35,9,New York 10:30,1,197241,35|40|83,35|40|83,1,7|9|22|29|35|42|44|53|63|70|90,5,2,2,1,,True,1,Gana Mas,2,4,nr-historical-relations-j1.0.0
2025-08-03|49|35|29,2025-08-03,2025,49,Quiniela Loteka,1,197234,35,29,Quiniela Leidsa,1,197226,35|40|83,35|40|83,1,7|9|22|29|35|42|44|53|63|70|90,5,4,2,1,,True,1,Gana Mas,2,4,nr-historical-relations-j1.0.0
2025-08-04|39|30|83,2025-08-04,2025,39,New York 2:30,1,197255,30,83,Quiniela Loteka,1,197262,9|14|30|41|46|62|78|94,9|14|30|41|46|62|78|94,3,3|30|83,2,3,1,2,46,True,5,Gana Mas,2,1,nr-historical-relations-j1.0.0
2025-08-04|39|46|86,2025-08-04,2025,39,New York 2:30,1,197255,46,86,New York 10:30,1,197274,9|14|30|41|46|62|78|94,9|14|30|41|46|62|78|94,5,19|46|86,2,3,1,2,30,True,2,Gana Mas,3,1,nr-historical-relations-j1.0.0
2025-08-05|38|52|81,2025-08-05,2025,38,Quiniela Leidsa,1,197297,52,81,Quiniela Real,1,197283,20|31|47|52|63|100,20|31|47|52|63|100,4,52|81|85,1,2,1,2,63,True,2,New York 2:30,2,1,nr-historical-relations-j1.0.0
2025-08-05|38|63|22,2025-08-05,2025,38,Quiniela Leidsa,1,197297,63,22,Gana Mas,1,197288,20|31|47|52|63|100,20|31|47|52|63|100,5,7|9|22|29|35|42|44|53|63|70|90,9,3,1,2,52,True,3,New York 2:30,1,2,nr-historical-relations-j1.0.0
2025-08-07|48|89|12,2025-08-07,2025,48,Loteria Nacional,1,197365,89,12,Quiniela Real,1,197348,73|89,73|89,2,12|41|56|71|89,5,1,1,1,,False,,,,0,nr-historical-relations-j1.0.0
2025-08-10|37|10|1,2025-08-10,2025,37,Quiniela Real,1,197438,10,1,Loteria Nacional,1,197450,5|10|42,5|10|42,2,1|10|100,2,1,1,1,,True,2,Loteria Nacional,2,1,nr-historical-relations-j1.0.0
2025-08-11|37|42|7,2025-08-11,2025,37,Quiniela Real,1,197469,42,7,Quiniela Leidsa,1,197482,5|10|42,5|10|42,3,7|9|22|29|35|42|44|53|63|70|90,6,1,1,2,44,True,1,New York 2:30,1,1,nr-historical-relations-j1.0.0
2025-08-11|43|44|7,2025-08-11,2025,43,New York 2:30,1,197473,44,7,Quiniela Leidsa,1,197482,12|28|44|60|81|92,12|28|44|60|81|92,3,7|9|22|29|35|42|44|53|63|70|90,7,1,1,2,42,False,,,,0,nr-historical-relations-j1.0.0
2025-08-12|36|85|81,2025-08-12,2025,36,New York 10:30,1,197520,85,81,Loteria Nacional,1,197513,32|48|64|85,32|48|64|85,4,52|81|85,3,2,1,1,,True,3,Quiniela Loteka,3,1,nr-historical-relations-j1.0.0
2025-08-13|40|19|86,2025-08-13,2025,40,Quiniela Leidsa,1,197542,19,86,Gana Mas,1,197534,8|19|51|56|67|72,8|19|51|56|67|72,2,19|46|86,1,3,1,4,51|56|57,True,1,New York 2:30,3,2,nr-historical-relations-j1.0.0
2025-08-13|40|51|21,2025-08-13,2025,40,Quiniela Leidsa,1,197542,51,21,Quiniela Real,1,197531,8|19|51|56|67|72,8|19|51|56|67|72,3,21|51,2,1,1,4,19|56|57,True,2,Quiniela Loteka,2,1,nr-historical-relations-j1.0.0
2025-08-13|40|56|71,2025-08-13,2025,40,Quiniela Leidsa,1,197542,56,71,New York 10:30,1,197551,8|19|51|56|67|72,8|19|51|56|67|72,4,12|41|56|71|89,3,4,1,4,19|51|57,True,4,Quiniela Real,2,1,nr-historical-relations-j1.0.0
2025-08-13|30|57|91,2025-08-13,2025,30,New York 2:30,1,197533,57,91,Quiniela Loteka,1,197538,25|57,25|57,2,11|57|69|91,2,4,1,4,19|51|56,True,5,New York 10:30,2,1,nr-historical-relations-j1.0.0
2025-08-17|31|88|67,2025-08-17,2025,31,Quiniela Loteka,1,197667,88,67,Loteria Nacional,1,197665,3|24|88|99,3|24|88|99,3,67|79|88,3,1,1,1,,False,,,,0,nr-historical-relations-j1.0.0
2025-08-18|34|76|92,2025-08-18,2025,34,Gana Mas,1,197685,76,92,Loteria Nacional,2,197697,1|17|33|49|76,1|17|33|49|76,5,27|68|76|92,3,4,1,1,,True,4,Quiniela Loteka,2,2,nr-historical-relations-j1.0.0
2025-08-19|34|76|68,2025-08-19,2025,34,Loteria Nacional,1,197731,76,68,Gana Mas,1,197725,1|17|33|49|76,1|17|33|49|76,5,27|68|76|92,3,2,1,1,,True,3,Quiniela Loteka,2,2,nr-historical-relations-j1.0.0
2025-08-20|31|3|30,2025-08-20,2025,31,Quiniela Real,1,197774,3,30,Gana Mas,1,197754,3|24|88|99,3|24|88|99,1,3|30|83,1,2,1,1,,False,,,,0,nr-historical-relations-j1.0.0
2025-08-21|36|32|45,2025-08-21,2025,36,Quiniela Loteka,1,197926,32,45,Quiniela Leidsa,1,197966,32|48|64|85,32|48|64|85,1,32|45,1,2,1,1,,False,,,,0,nr-historical-relations-j1.0.0
2025-08-22|35|54|14,2025-08-22,2025,35,Gana Mas,1,197988,54,14,Quiniela Real,1,197984,6|11|43|54|86,6|11|43|54|86,4,14|54,2,1,1,1,,False,,,,0,nr-historical-relations-j1.0.0
2025-08-25|43|44|70,2025-08-25,2025,43,New York 10:30,1,198096,44,70,Quiniela Leidsa,1,198090,12|28|44|60|81|92,12|28|44|60|81|92,3,7|9|22|29|35|42|44|53|63|70|90,7,10,1,1,,True,3,Quiniela Loteka,1,2,nr-historical-relations-j1.0.0
2025-08-26|33|87|73,2025-08-26,2025,33,New York 10:30,1,198127,87,73,Quiniela Real,1,198106,2|39|82|87,2|39|82|87,4,23|28|73|77|87,5,3,1,1,,True,1,New York 10:30,1,4,nr-historical-relations-j1.0.0
2025-08-27|41|13|17,2025-08-27,2025,41,Loteria Nacional,1,198153,13,17,New York 2:30,1,198138,13|29|93,13|29|93,1,13|17,1,2,1,1,,True,2,New York 10:30,2,4,nr-historical-relations-j1.0.0
2025-08-28|42|7|44,2025-08-28,2025,42,Quiniela Leidsa,1,198187,7,44,Quiniela Loteka,1,198181,7|18|23|50|55|66|71,7|18|23|50|55|66|71,1,7|9|22|29|35|42|44|53|63|70|90,1,7,1,3,22|70,True,1,Quiniela Leidsa,2,2,nr-historical-relations-j1.0.0
2025-08-28|44|22|42,2025-08-28,2025,44,Quiniela Loteka,1,198181,22,42,Quiniela Leidsa,1,198187,22|59|70|75|91,22|59|70|75|91,1,7|9|22|29|35|42|44|53|63|70|90,3,6,1,3,7|70,True,2,Gana Mas,2,4,nr-historical-relations-j1.0.0
2025-08-28|44|70|42,2025-08-28,2025,44,Quiniela Loteka,1,198181,70,42,Quiniela Leidsa,1,198187,22|59|70|75|91,22|59|70|75|91,3,7|9|22|29|35|42|44|53|63|70|90,10,6,1,3,7|22,False,,,,0,nr-historical-relations-j1.0.0
2025-08-29|52|65|37,2025-08-29,2025,52,Loteria Nacional,1,198348,65,37,Quiniela Leidsa,1,198341,65|97,65|97,1,37|65|82,2,1,1,1,,True,1,Quiniela Real,2,3,nr-historical-relations-j1.0.0
2025-08-30|39|9|63,2025-08-30,2025,39,Quiniela Leidsa,1,198438,9,63,New York 2:30,1,198426,9|14|30|41|46|62|78|94,9|14|30|41|46|62|78|94,1,7|9|22|29|35|42|44|53|63|70|90,2,9,1,4,30|42|62,False,,,,0,nr-historical-relations-j1.0.0
2025-08-30|39|30|3,2025-08-30,2025,39,Quiniela Leidsa,1,198438,30,3,Quiniela Real,1,198423,9|14|30|41|46|62|78|94,9|14|30|41|46|62|78|94,3,3|30|83,2,1,1,4,9|42|62,False,,,,0,nr-historical-relations-j1.0.0
2025-08-30|37|42|63,2025-08-30,2025,37,New York 10:30,1,198444,42,63,New York 2:30,1,198426,5|10|42,5|10|42,3,7|9|22|29|35|42|44|53|63|70|90,6,9,1,4,9|30|62,True,1,Gana Mas,1,4,nr-historical-relations-j1.0.0
2025-08-30|39|62|75,2025-08-30,2025,39,Quiniela Leidsa,1,198438,62,75,Gana Mas,1,198427,9|14|30|41|46|62|78|94,9|14|30|41|46|62|78|94,6,62|75,1,2,1,4,9|30|42,True,4,Quiniela Loteka,1,2,nr-historical-relations-j1.0.0
2025-08-31|49|35|42,2025-08-31,2025,49,Quiniela Loteka,1,198470,35,42,Gana Mas,1,198457,35|40|83,35|40|83,1,7|9|22|29|35|42|44|53|63|70|90,5,6,1,2,80,False,,,,0,nr-historical-relations-j1.0.0
2025-08-31|45|80|8,2025-08-31,2025,45,New York 2:30,1,198456,80,8,New York 10:30,1,198479,69|80,69|80,2,8|80,2,1,1,2,35,False,,,,0,nr-historical-relations-j1.0.0
2025-09-01|44|59|26,2025-09-01,2025,44,Quiniela Real,1,198572,59,26,New York 2:30,1,198575,22|59|70|75|91,22|59|70|75|91,2,26|34|59|72,3,1,1,2,91,True,3,New York 10:30,3,3,nr-historical-relations-j1.0.0
2025-09-01|44|91|11,2025-09-01,2025,44,Quiniela Real,1,198572,91,11,Quiniela Loteka,1,198656,22|59|70|75|91,22|59|70|75|91,5,11|57|69|91,4,1,1,2,59,True,6,New York 10:30,3,2,nr-historical-relations-j1.0.0
2025-09-02|45|80|8,2025-09-02,2025,45,Quiniela Leidsa,1,198777,80,8,Quiniela Loteka,1,198738,69|80,69|80,2,8|80,2,1,1,2,93,True,6,Gana Mas,1,1,nr-historical-relations-j1.0.0
2025-09-02|41|93|97,2025-09-02,2025,41,New York 10:30,1,198841,93,97,Loteria Nacional,1,198782,13|29|93,13|29|93,3,48|93|97,2,3,1,2,80,False,,,,0,nr-historical-relations-j1.0.0
2025-09-05|37|42|53,2025-09-05,2025,37,Quiniela Loteka,1,199734,42,53,Quiniela Real,1,199716,5|10|42,5|10|42,3,7|9|22|29|35|42|44|53|63|70|90,6,8,2,3,44|60,True,4,Gana Mas,2,2,nr-historical-relations-j1.0.0
2025-09-05|37|42|90,2025-09-05,2025,37,Quiniela Loteka,1,199734,42,90,Quiniela Leidsa,1,199740,5|10|42,5|10|42,3,7|9|22|29|35|42|44|53|63|70|90,6,11,2,3,44|60,True,4,Gana Mas,2,2,nr-historical-relations-j1.0.0
2025-09-05|43|44|53,2025-09-05,2025,43,Loteria Nacional,1,199742,44,53,Quiniela Real,1,199716,12|28|44|60|81|92,12|28|44|60|81|92,3,7|9|22|29|35|42|44|53|63|70|90,7,8,2,3,42|60,True,1,New York 2:30,1,1,nr-historical-relations-j1.0.0
2025-09-05|43|44|90,2025-09-05,2025,43,Loteria Nacional,1,199742,44,90,Quiniela Leidsa,1,199740,12|28|44|60|81|92,12|28|44|60|81|92,3,7|9|22|29|35|42|44|53|63|70|90,7,11,2,3,42|60,True,1,New York 2:30,1,1,nr-historical-relations-j1.0.0
2025-09-05|43|60|6,2025-09-05,2025,43,Loteria Nacional,1,199742,60,6,New York 2:30,1,199728,12|28|44|60|81|92,12|28|44|60|81|92,4,6|60,2,1,1,3,42|44,True,5,New York 10:30,2,2,nr-historical-relations-j1.0.0
2025-09-06|44|22|29,2025-09-06,2025,44,New York 2:30,1,199759,22,29,New York 10:30,1,199777,22|59|70|75|91,22|59|70|75|91,1,7|9|22|29|35|42|44|53|63|70|90,3,4,1,3,70|91,False,,,,0,nr-historical-relations-j1.0.0
2025-09-06|44|70|29,2025-09-06,2025,44,New York 2:30,1,199759,70,29,New York 10:30,1,199777,22|59|70|75|91,22|59|70|75|91,3,7|9|22|29|35|42|44|53|63|70|90,10,4,1,3,22|91,True,3,New York 10:30,3,4,nr-historical-relations-j1.0.0
2025-09-06|44|91|11,2025-09-06,2025,44,New York 2:30,1,199759,91,11,Gana Mas,1,199760,22|59|70|75|91,22|59|70|75|91,5,11|57|69|91,4,1,1,3,22|70,True,1,New York 10:30,3,2,nr-historical-relations-j1.0.0
2025-09-07|36|85|52,2025-09-07,2025,36,Gana Mas,1,199789,85,52,Quiniela Leidsa,1,199793,32|48|64|85,32|48|64|85,4,52|81|85,3,1,1,1,,True,5,Gana Mas,3,3,nr-historical-relations-j1.0.0
2025-09-09|49|35|7,2025-09-09,2025,49,Quiniela Leidsa,1,200383,35,7,Gana Mas,1,200278,35|40|83,35|40|83,1,7|9|22|29|35|42|44|53|63|70|90,5,1,1,1,,True,3,Quiniela Real,1,1,nr-historical-relations-j1.0.0
2025-09-10|39|46|19,2025-09-10,2025,39,New York 2:30,1,200499,46,19,Gana Mas,1,200500,9|14|30|41|46|62|78|94,9|14|30|41|46|62|78|94,5,19|46|86,2,1,1,2,60,False,,,,0,nr-historical-relations-j1.0.0
2025-09-10|43|60|6,2025-09-10,2025,43,Quiniela Real,1,200497,60,6,New York 10:30,1,204087,12|28|44|60|81|92,12|28|44|60|81|92,4,6|60,2,1,1,2,46,True,3,New York 2:30,2,2,nr-historical-relations-j1.0.0
2025-09-13|42|7|9,2025-09-13,2025,42,New York 2:30,1,201978,7,9,New York 10:30,1,202145,7|18|23|50|55|66|71,7|18|23|50|55|66|71,1,7|9|22|29|35|42|44|53|63|70|90,1,2,1,5,9|29|41|71,True,3,Quiniela Loteka,1,3,nr-historical-relations-j1.0.0
2025-09-13|39|9|42,2025-09-13,2025,39,Loteria Nacional,1,202143,9,42,New York 2:30,1,201978,9|14|30|41|46|62|78|94,9|14|30|41|46|62|78|94,1,7|9|22|29|35|42|44|53|63|70|90,2,6,1,5,7|29|41|71,True,2,Gana Mas,1,1,nr-historical-relations-j1.0.0
2025-09-13|41|29|9,2025-09-13,2025,41,Gana Mas,1,201979,29,9,New York 10:30,1,202145,13|29|93,13|29|93,2,7|9|22|29|35|42|44|53|63|70|90,4,2,2,5,7|9|41|71,True,2,Loteria Nacional,1,2,nr-historical-relations-j1.0.0
2025-09-13|41|29|42,2025-09-13,2025,41,Gana Mas,1,201979,29,42,New York 2:30,1,201978,13|29|93,13|29|93,2,7|9|22|29|35|42|44|53|63|70|90,4,6,2,5,7|9|41|71,True,2,Loteria Nacional,1,2,nr-historical-relations-j1.0.0
2025-09-13|39|41|12,2025-09-13,2025,39,Loteria Nacional,1,202143,41,12,Quiniela Real,1,201975,9|14|30|41|46|62|78|94,9|14|30|41|46|62|78|94,4,12|41|56|71|89,2,1,1,5,7|9|29|71,True,2,Quiniela Real,1,2,nr-historical-relations-j1.0.0
2025-09-13|42|71|12,2025-09-13,2025,42,New York 2:30,1,201978,71,12,Quiniela Real,1,201975,7|18|23|50|55|66|71,7|18|23|50|55|66|71,7,12|41|56|71|89,4,1,2,5,7|9|29|41,False,,,,0,nr-historical-relations-j1.0.0
2025-09-13|42|71|41,2025-09-13,2025,42,New York 2:30,1,201978,71,41,Gana Mas,1,201979,7|18|23|50|55|66|71,7|18|23|50|55|66|71,7,12|41|56|71|89,4,2,2,5,7|9|29|41,False,,,,0,nr-historical-relations-j1.0.0
2025-09-14|31|3|30,2025-09-14,2025,31,Quiniela Loteka,1,202309,3,30,New York 10:30,1,204095,3|24|88|99,3|24|88|99,1,3|30|83,1,2,1,2,57,True,4,New York 2:30,2,1,nr-historical-relations-j1.0.0
2025-09-14|30|57|69,2025-09-14,2025,30,New York 10:30,1,204095,57,69,New York 2:30,1,202157,25|57,25|57,2,11|57|69|91,2,3,1,2,3,True,2,Gana Mas,1,2,nr-historical-relations-j1.0.0
2025-09-15|41|29|9,2025-09-15,2025,41,Quiniela Real,1,202303,29,9,Gana Mas,1,202306,13|29|93,13|29|93,2,7|9|22|29|35|42|44|53|63|70|90,4,2,1,1,,True,1,Loteria Nacional,2,2,nr-historical-relations-j1.0.0
2025-09-16|51|34|26,2025-09-16,2025,51,New York 2:30,1,202379,34,26,New York 10:30,1,202396,34|98,34|98,1,26|34|59|72,2,1,1,1,,True,4,Quiniela Loteka,1,1,nr-historical-relations-j1.0.0
2025-09-17|45|69|11,2025-09-17,2025,45,Loteria Nacional,1,202553,69,11,New York 10:30,1,204100,69|80,69|80,1,11|57|69|91,3,1,1,1,,True,4,New York 10:30,3,1,nr-historical-relations-j1.0.0
2025-09-19|38|63|22,2025-09-19,2025,38,Quiniela Loteka,1,203146,63,22,Gana Mas,1,202933,20|31|47|52|63|100,20|31|47|52|63|100,5,7|9|22|29|35|42|44|53|63|70|90,9,3,1,2,100,False,,,,0,nr-historical-relations-j1.0.0
2025-09-19|38|100|1,2025-09-19,2025,38,Quiniela Loteka,1,203146,100,1,Quiniela Real,1,202903,20|31|47|52|63|100,20|31|47|52|63|100,6,1|10|100,3,1,1,2,63,False,,,,0,nr-historical-relations-j1.0.0
2025-09-20|44|59|34,2025-09-20,2025,44,New York 10:30,1,203186,59,34,Quiniela Loteka,1,203174,22|59|70|75|91,22|59|70|75|91,2,26|34|59|72,3,2,1,2,91,False,,,,0,nr-historical-relations-j1.0.0
2025-09-20|44|91|57,2025-09-20,2025,44,New York 10:30,1,203186,91,57,Gana Mas,1,203169,22|59|70|75|91,22|59|70|75|91,5,11|57|69|91,4,2,1,2,59,True,5,Quiniela Leidsa,2,2,nr-historical-relations-j1.0.0
2025-09-21|37|42|90,2025-09-21,2025,37,Quiniela Leidsa,1,203202,42,90,New York 2:30,1,204104,5|10|42,5|10|42,3,7|9|22|29|35|42|44|53|63|70|90,6,11,1,2,63,True,3,Quiniela Leidsa,3,1,nr-historical-relations-j1.0.0
2025-09-21|38|63|90,2025-09-21,2025,38,New York 10:30,1,203230,63,90,New York 2:30,1,204104,20|31|47|52|63|100,20|31|47|52|63|100,5,7|9|22|29|35|42|44|53|63|70|90,9,11,1,2,42,False,,,,0,nr-historical-relations-j1.0.0
2025-09-28|34|76|27,2025-09-28,2025,34,Gana Mas,1,203955,76,27,Quiniela Loteka,1,203965,1|17|33|49|76,1|17|33|49|76,5,27|68|76|92,3,1,1,1,,True,1,Quiniela Loteka,1,1,nr-historical-relations-j1.0.0
2025-09-30|37|10|1,2025-09-30,2025,37,New York 2:30,1,204024,10,1,New York 10:30,1,204124,5|10|42,5|10|42,2,1|10|100,2,1,1,4,29|42|82,True,4,Gana Mas,3,2,nr-historical-relations-j1.0.0
2025-09-30|41|29|90,2025-09-30,2025,41,Quiniela Loteka,1,204031,29,90,Loteria Nacional,1,204066,13|29|93,13|29|93,2,7|9|22|29|35|42|44|53|63|70|90,4,11,1,4,10|42|82,True,1,Loteria Nacional,2,2,nr-historical-relations-j1.0.0
2025-09-30|37|42|90,2025-09-30,2025,37,New York 2:30,1,204024,42,90,Loteria Nacional,1,204066,5|10|42,5|10|42,3,7|9|22|29|35|42|44|53|63|70|90,6,11,1,4,10|29|82,True,6,New York 2:30,3,1,nr-historical-relations-j1.0.0
2025-09-30|33|82|37,2025-09-30,2025,33,Gana Mas,1,204025,82,37,New York 2:30,1,204024,2|39|82|87,2|39|82|87,3,37|65|82,3,1,1,4,10|29|42,True,2,Quiniela Real,2,3,nr-historical-relations-j1.0.0
2025-10-01|33|87|77,2025-10-01,2025,33,Quiniela Real,1,204135,87,77,Loteria Nacional,1,204173,2|39|82|87,2|39|82|87,4,23|28|73|77|87,5,4,1,1,,True,7,Quiniela Real,2,1,nr-historical-relations-j1.0.0
2025-10-02|40|51|21,2025-10-02,2025,40,Gana Mas,1,204189,51,21,New York 2:30,1,204188,8|19|51|56|67|72,8|19|51|56|67|72,3,21|51,2,1,1,2,67,False,,,,0,nr-historical-relations-j1.0.0
2025-10-02|40|67|88,2025-10-02,2025,40,Gana Mas,1,204189,67,88,Quiniela Leidsa,1,204412,8|19|51|56|67|72,8|19|51|56|67|72,5,67|79|88,1,3,1,2,51,False,,,,0,nr-historical-relations-j1.0.0
2025-10-03|34|76|68,2025-10-03,2025,34,Gana Mas,2,204570,76,68,New York 2:30,1,204562,1|17|33|49|76,1|17|33|49|76,5,27|68|76|92,3,2,1,1,,True,3,New York 2:30,2,1,nr-historical-relations-j1.0.0
2025-10-07|38|63|7,2025-10-07,2025,38,Loteria Nacional,1,204898,63,7,Quiniela Leidsa,1,204896,20|31|47|52|63|100,20|31|47|52|63|100,5,7|9|22|29|35|42|44|53|63|70|90,9,1,2,1,,False,,,,0,nr-historical-relations-j1.0.0
2025-10-07|38|63|29,2025-10-07,2025,38,Loteria Nacional,1,204898,63,29,Quiniela Loteka,1,204891,20|31|47|52|63|100,20|31|47|52|63|100,5,7|9|22|29|35|42|44|53|63|70|90,9,4,2,1,,False,,,,0,nr-historical-relations-j1.0.0
2025-10-09|39|30|83,2025-10-09,2025,39,Loteria Nacional,1,205125,30,83,Quiniela Leidsa,1,205121,9|14|30|41|46|62|78|94,9|14|30|41|46|62|78|94,3,3|30|83,2,3,1,1,,True,3,Quiniela Real,2,1,nr-historical-relations-j1.0.0
2025-10-10|49|35|70,2025-10-10,2025,49,Quiniela Loteka,1,205301,35,70,Quiniela Leidsa,1,205307,35|40|83,35|40|83,1,7|9|22|29|35|42|44|53|63|70|90,5,10,1,3,53|63,True,2,Gana Mas,3,2,nr-historical-relations-j1.0.0
2025-10-10|28|53|35,2025-10-10,2025,28,Gana Mas,1,205260,53,35,New York 2:30,1,205259,21|26|53,21|26|53,3,7|9|22|29|35|42|44|53|63|70|90,8,5,2,3,35|63,True,1,Quiniela Loteka,3,1,nr-historical-relations-j1.0.0
2025-10-10|28|53|70,2025-10-10,2025,28,Gana Mas,1,205260,53,70,Quiniela Leidsa,1,205307,21|26|53,21|26|53,3,7|9|22|29|35|42|44|53|63|70|90,8,10,2,3,35|63,True,1,Quiniela Loteka,3,1,nr-historical-relations-j1.0.0
2025-10-10|38|63|35,2025-10-10,2025,38,New York 10:30,1,205312,63,35,New York 2:30,1,205259,20|31|47|52|63|100,20|31|47|52|63|100,5,7|9|22|29|35|42|44|53|63|70|90,9,5,2,3,35|53,False,,,,0,nr-historical-relations-j1.0.0
2025-10-10|38|63|70,2025-10-10,2025,38,New York 10:30,1,205312,63,70,Quiniela Leidsa,1,205307,20|31|47|52|63|100,20|31|47|52|63|100,5,7|9|22|29|35|42|44|53|63|70|90,9,10,2,3,35|53,False,,,,0,nr-historical-relations-j1.0.0
2025-10-11|40|19|46,2025-10-11,2025,40,Quiniela Loteka,1,205329,19,46,Loteria Nacional,1,205337,8|19|51|56|67|72,8|19|51|56|67|72,2,19|46|86,1,2,1,3,72|90,True,3,Quiniela Real,3,1,nr-historical-relations-j1.0.0
2025-10-11|40|72|26,2025-10-11,2025,40,Quiniela Loteka,1,205329,72,26,Quiniela Leidsa,1,205335,8|19|51|56|67|72,8|19|51|56|67|72,6,26|34|59|72,4,1,1,3,19|90,True,1,Gana Mas,2,3,nr-historical-relations-j1.0.0
2025-10-11|46|90|29,2025-10-11,2025,46,Loteria Nacional,1,205337,90,29,New York 2:30,1,205323,37|58|74|90,37|58|74|90,4,7|9|22|29|35|42|44|53|63|70|90,11,4,1,3,19|72,True,5,Gana Mas,3,2,nr-historical-relations-j1.0.0
2025-10-12|26|27|76,2025-10-12,2025,26,Quiniela Leidsa,1,205354,27,76,Quiniela Real,1,205349,27|38,27|38,1,27|68|76|92,1,3,1,1,,False,,,,0,nr-historical-relations-j1.0.0
2025-10-13|39|9|44,2025-10-13,2025,39,Loteria Nacional,1,205476,9,44,Gana Mas,1,205448,9|14|30|41|46|62|78|94,9|14|30|41|46|62|78|94,1,7|9|22|29|35|42|44|53|63|70|90,2,7,1,2,59,True,1,Gana Mas,1,4,nr-historical-relations-j1.0.0
2025-10-13|44|59|26,2025-10-13,2025,44,Gana Mas,1,205448,59,26,Quiniela Leidsa,1,205478,22|59|70|75|91,22|59|70|75|91,2,26|34|59|72,3,1,1,2,9,True,1,Loteria Nacional,1,6,nr-historical-relations-j1.0.0
2025-10-14|40|72|59,2025-10-14,2025,40,New York 2:30,1,205574,72,59,Loteria Nacional,1,205636,8|19|51|56|67|72,8|19|51|56|67|72,6,26|34|59|72,4,3,1,1,,True,3,Loteria Nacional,2,2,nr-historical-relations-j1.0.0
2025-10-15|28|26|59,2025-10-15,2025,28,Loteria Nacional,1,205748,26,59,New York 2:30,1,205713,21|26|53,21|26|53,2,26|34|59|72,1,3,1,2,53,False,,,,0,nr-historical-relations-j1.0.0
2025-10-15|28|53|29,2025-10-15,2025,28,Loteria Nacional,1,205748,53,29,Quiniela Loteka,1,205739,21|26|53,21|26|53,3,7|9|22|29|35|42|44|53|63|70|90,8,4,1,2,26,True,3,Quiniela Real,2,1,nr-historical-relations-j1.0.0
2025-10-16|39|9|22,2025-10-16,2025,39,Gana Mas,1,205764,9,22,Quiniela Loteka,1,205804,9|14|30|41|46|62|78|94,9|14|30|41|46|62|78|94,1,7|9|22|29|35|42|44|53|63|70|90,2,3,1,2,90,True,3,Quiniela Real,2,4,nr-historical-relations-j1.0.0
2025-10-16|46|90|22,2025-10-16,2025,46,New York 2:30,1,205763,90,22,Quiniela Loteka,1,205804,37|58|74|90,37|58|74|90,4,7|9|22|29|35|42|44|53|63|70|90,11,3,1,2,9,True,2,New York 10:30,3,1,nr-historical-relations-j1.0.0
2025-10-20|42|7|9,2025-10-20,2025,42,Quiniela Loteka,1,206169,7,9,Quiniela Real,1,206160,7|18|23|50|55|66|71,7|18|23|50|55|66|71,1,7|9|22|29|35|42|44|53|63|70|90,1,2,1,2,23,True,1,Quiniela Leidsa,1,1,nr-historical-relations-j1.0.0
2025-10-20|42|23|87,2025-10-20,2025,42,Quiniela Loteka,1,206169,23,87,New York 2:30,1,206162,7|18|23|50|55|66|71,7|18|23|50|55|66|71,3,23|28|73|77|87,1,5,1,2,7,True,4,New York 10:30,2,1,nr-historical-relations-j1.0.0
2025-10-21|43|44|7,2025-10-21,2025,43,Quiniela Loteka,1,206256,44,7,Quiniela Leidsa,1,206263,12|28|44|60|81|92,12|28|44|60|81|92,3,7|9|22|29|35|42|44|53|63|70|90,7,1,2,1,,False,,,,0,nr-historical-relations-j1.0.0
2025-10-21|43|44|22,2025-10-21,2025,43,Quiniela Loteka,1,206256,44,22,Quiniela Real,1,206188,12|28|44|60|81|92,12|28|44|60|81|92,3,7|9|22|29|35|42|44|53|63|70|90,7,3,2,1,,False,,,,0,nr-historical-relations-j1.0.0
2025-10-26|42|7|70,2025-10-26,2025,42,Quiniela Loteka,1,206596,7,70,Quiniela Real,1,206582,7|18|23|50|55|66|71,7|18|23|50|55|66|71,1,7|9|22|29|35|42|44|53|63|70|90,1,10,1,2,23,True,5,Loteria Nacional,1,3,nr-historical-relations-j1.0.0
2025-10-26|42|23|77,2025-10-26,2025,42,Quiniela Loteka,1,206596,23,77,New York 2:30,1,206585,7|18|23|50|55|66|71,7|18|23|50|55|66|71,3,23|28|73|77|87,1,4,1,2,7,True,4,Loteria Nacional,1,2,nr-historical-relations-j1.0.0
2025-10-27|35|54|14,2025-10-27,2025,35,Quiniela Leidsa,1,206726,54,14,Quiniela Real,1,206612,6|11|43|54|86,6|11|43|54|86,4,14|54,2,1,1,1,,True,2,New York 2:30,3,1,nr-historical-relations-j1.0.0
2025-10-28|52|65|37,2025-10-28,2025,52,New York 2:30,1,206806,65,37,Gana Mas,1,206813,65|97,65|97,1,37|65|82,2,1,1,1,,True,2,Quiniela Loteka,3,1,nr-historical-relations-j1.0.0
2025-10-30|38|100|10,2025-10-30,2025,38,New York 2:30,1,206986,100,10,Quiniela Real,1,206983,20|31|47|52|63|100,20|31|47|52|63|100,6,1|10|100,3,2,1,1,,False,,,,0,nr-historical-relations-j1.0.0
2025-10-31|39|9|7,2025-10-31,2025,39,Quiniela Leidsa,1,207223,9,7,Loteria Nacional,1,207225,9|14|30|41|46|62|78|94,9|14|30|41|46|62|78|94,1,7|9|22|29|35|42|44|53|63|70|90,2,1,2,1,,True,1,Loteria Nacional,2,2,nr-historical-relations-j1.0.0
2025-10-31|39|9|63,2025-10-31,2025,39,Quiniela Leidsa,1,207223,9,63,Quiniela Loteka,1,207217,9|14|30|41|46|62|78|94,9|14|30|41|46|62|78|94,1,7|9|22|29|35|42|44|53|63|70|90,2,9,2,1,,True,1,Loteria Nacional,2,2,nr-historical-relations-j1.0.0
2025-11-01|46|90|7,2025-11-01,2025,46,Loteria Nacional,1,207364,90,7,Quiniela Real,1,207237,37|58|74|90,37|58|74|90,4,7|9|22|29|35|42|44|53|63|70|90,11,1,1,1,,False,,,,0,nr-historical-relations-j1.0.0
2025-11-04|44|59|72,2025-11-04,2025,44,Quiniela Real,1,207826,59,72,New York 10:30,1,208002,22|59|70|75|91,22|59|70|75|91,2,26|34|59|72,3,4,1,1,,True,3,Loteria Nacional,1,3,nr-historical-relations-j1.0.0
2025-11-05|44|22|70,2025-11-05,2025,44,New York 2:30,1,208029,22,70,Quiniela Real,1,208026,22|59|70|75|91,22|59|70|75|91,1,7|9|22|29|35|42|44|53|63|70|90,3,10,1,4,42|90|91,True,4,New York 2:30,3,1,nr-historical-relations-j1.0.0
2025-11-05|37|42|44,2025-11-05,2025,37,Gana Mas,1,208028,42,44,New York 2:30,1,208029,5|10|42,5|10|42,3,7|9|22|29|35|42|44|53|63|70|90,6,7,2,4,22|90|91,True,3,Loteria Nacional,1,7,nr-historical-relations-j1.0.0
2025-11-05|37|42|70,2025-11-05,2025,37,Gana Mas,1,208028,42,70,Quiniela Real,1,208026,5|10|42,5|10|42,3,7|9|22|29|35|42|44|53|63|70|90,6,10,2,4,22|90|91,True,3,Loteria Nacional,1,7,nr-historical-relations-j1.0.0
2025-11-05|46|90|44,2025-11-05,2025,46,New York 10:30,1,208048,90,44,New York 2:30,1,208029,37|58|74|90,37|58|74|90,4,7|9|22|29|35|42|44|53|63|70|90,11,7,2,4,22|42|91,True,4,Loteria Nacional,1,1,nr-historical-relations-j1.0.0
2025-11-05|46|90|70,2025-11-05,2025,46,New York 10:30,1,208048,90,70,Quiniela Real,1,208026,37|58|74|90,37|58|74|90,4,7|9|22|29|35|42|44|53|63|70|90,11,10,2,4,22|42|91,True,4,Loteria Nacional,1,1,nr-historical-relations-j1.0.0
2025-11-05|44|91|57,2025-11-05,2025,44,New York 2:30,1,208029,91,57,Quiniela Leidsa,1,208041,22|59|70|75|91,22|59|70|75|91,5,11|57|69|91,4,2,1,4,22|42|90,True,3,Gana Mas,1,1,nr-historical-relations-j1.0.0
2025-11-06|39|62|75,2025-11-06,2025,39,Gana Mas,1,208147,62,75,New York 2:30,1,208149,9|14|30|41|46|62|78|94,9|14|30|41|46|62|78|94,6,62|75,1,2,1,1,,True,2,Loteria Nacional,2,2,nr-historical-relations-j1.0.0
2025-11-08|42|7|53,2025-11-08,2025,42,Loteria Nacional,1,208289,7,53,New York 10:30,1,208291,7|18|23|50|55|66|71,7|18|23|50|55|66|71,1,7|9|22|29|35|42|44|53|63|70|90,1,8,1,3,23|48,False,,,,0,nr-historical-relations-j1.0.0
2025-11-08|42|23|73,2025-11-08,2025,42,Loteria Nacional,1,208289,23,73,Quiniela Leidsa,2,208286,7|18|23|50|55|66|71,7|18|23|50|55|66|71,3,23|28|73|77|87,1,3,1,3,7|48,True,2,New York 2:30,2,1,nr-historical-relations-j1.0.0
2025-11-08|36|48|93,2025-11-08,2025,36,New York 2:30,1,208268,48,93,Quiniela Loteka,1,208273,32|48|64|85,32|48|64|85,2,48|93|97,1,2,1,3,7|23,True,6,Quiniela Real,3,1,nr-historical-relations-j1.0.0
2025-11-09|41|29|90,2025-11-09,2025,41,Gana Mas,1,208307,29,90,Loteria Nacional,1,208314,13|29|93,13|29|93,2,7|9|22|29|35|42|44|53|63|70|90,4,11,1,1,,True,5,Quiniela Loteka,2,1,nr-historical-relations-j1.0.0
2025-11-10|40|72|59,2025-11-10,2025,40,Loteria Nacional,1,208346,72,59,Gana Mas,1,208333,8|19|51|56|67|72,8|19|51|56|67|72,6,26|34|59|72,4,3,1,1,,True,7,Gana Mas,2,1,nr-historical-relations-j1.0.0
2025-11-16|37|42|63,2025-11-16,2025,37,Gana Mas,1,208552,42,63,Quiniela Loteka,1,208562,5|10|42,5|10|42,3,7|9|22|29|35|42|44|53|63|70|90,6,9,1,2,82,True,2,Loteria Nacional,2,3,nr-historical-relations-j1.0.0
2025-11-16|33|82|37,2025-11-16,2025,33,New York 2:30,1,208553,82,37,Gana Mas,1,208552,2|39|82|87,2|39|82|87,3,37|65|82,3,1,1,2,42,True,2,Quiniela Leidsa,3,4,nr-historical-relations-j1.0.0
2025-11-18|28|26|72,2025-11-18,2025,28,Quiniela Leidsa,1,208624,26,72,Loteria Nacional,1,208627,21|26|53,21|26|53,2,26|34|59|72,1,4,1,1,,True,1,New York 10:30,2,2,nr-historical-relations-j1.0.0
2025-11-19|28|21|51,2025-11-19,2025,28,New York 10:30,1,208657,21,51,Gana Mas,1,208640,21|26|53,21|26|53,1,21|51,1,2,1,4,26|34|53,True,2,Quiniela Loteka,3,3,nr-historical-relations-j1.0.0
2025-11-19|28|26|59,2025-11-19,2025,28,New York 10:30,1,208657,26,59,New York 2:30,1,208641,21|26|53,21|26|53,2,26|34|59|72,1,3,1,4,21|34|53,True,5,Quiniela Leidsa,1,1,nr-historical-relations-j1.0.0
2025-11-19|51|34|59,2025-11-19,2025,51,Gana Mas,1,208640,34,59,New York 2:30,1,208641,34|98,34|98,1,26|34|59|72,2,3,1,4,21|26|53,False,,,,0,nr-historical-relations-j1.0.0
2025-11-19|28|53|70,2025-11-19,2025,28,New York 10:30,1,208657,53,70,Quiniela Real,1,208638,21|26|53,21|26|53,3,7|9|22|29|35|42|44|53|63|70|90,8,10,2,4,21|26|34,False,,,,0,nr-historical-relations-j1.0.0
2025-11-19|28|53|90,2025-11-19,2025,28,New York 10:30,1,208657,53,90,Loteria Nacional,1,208655,21|26|53,21|26|53,3,7|9|22|29|35|42|44|53|63|70|90,8,11,2,4,21|26|34,False,,,,0,nr-historical-relations-j1.0.0
2025-11-20|39|46|86,2025-11-20,2025,39,New York 10:30,1,208689,46,86,Gana Mas,1,208668,9|14|30|41|46|62|78|94,9|14|30|41|46|62|78|94,5,19|46|86,2,3,1,1,,False,,,,0,nr-historical-relations-j1.0.0
2025-11-22|49|35|9,2025-11-22,2025,49,Gana Mas,1,208732,35,9,Quiniela Loteka,1,208738,35|40|83,35|40|83,1,7|9|22|29|35|42|44|53|63|70|90,5,2,1,3,63|100,True,2,Gana Mas,3,3,nr-historical-relations-j1.0.0
2025-11-22|38|63|9,2025-11-22,2025,38,Quiniela Leidsa,1,208744,63,9,Quiniela Loteka,1,208738,20|31|47|52|63|100,20|31|47|52|63|100,5,7|9|22|29|35|42|44|53|63|70|90,9,2,1,3,35|100,True,3,New York 2:30,3,1,nr-historical-relations-j1.0.0
2025-11-22|38|100|10,2025-11-22,2025,38,Quiniela Leidsa,1,208744,100,10,Loteria Nacional,1,208747,20|31|47|52|63|100,20|31|47|52|63|100,6,1|10|100,3,2,1,3,35|63,False,,,,0,nr-historical-relations-j1.0.0
2025-11-23|42|7|90,2025-11-23,2025,42,Gana Mas,1,208762,7,90,Quiniela Leidsa,1,208767,7|18|23|50|55|66|71,7|18|23|50|55|66|71,1,7|9|22|29|35|42|44|53|63|70|90,1,11,1,2,71,True,3,New York 10:30,3,1,nr-historical-relations-j1.0.0
2025-11-23|42|71|56,2025-11-23,2025,42,Gana Mas,1,208762,71,56,Loteria Nacional,1,208770,7|18|23|50|55|66|71,7|18|23|50|55|66|71,7,12|41|56|71|89,4,3,1,2,7,True,1,Quiniela Real,3,3,nr-historical-relations-j1.0.0
2025-11-25|30|57|69,2025-11-25,2025,30,Quiniela Loteka,1,208831,57,69,Quiniela Leidsa,1,208826,25|57,25|57,2,11|57|69|91,2,3,1,1,,False,,,,0,nr-historical-relations-j1.0.0
2025-11-26|39|46|19,2025-11-26,2025,39,Quiniela Real,1,208849,46,19,Quiniela Leidsa,1,208865,9|14|30|41|46|62|78|94,9|14|30|41|46|62|78|94,5,19|46|86,2,1,1,2,94,False,,,,0,nr-historical-relations-j1.0.0
2025-11-26|39|94|58,2025-11-26,2025,39,Quiniela Real,1,208849,94,58,New York 10:30,1,208871,9|14|30|41|46|62|78|94,9|14|30|41|46|62|78|94,8,58|84|94,3,1,1,2,46,True,4,Loteria Nacional,1,2,nr-historical-relations-j1.0.0
2025-11-27|28|26|34,2025-11-27,2025,28,Quiniela Real,1,208880,26,34,New York 2:30,1,208890,21|26|53,21|26|53,2,26|34|59|72,1,2,1,4,53|68|76,True,3,Gana Mas,2,2,nr-historical-relations-j1.0.0
2025-11-27|28|53|29,2025-11-27,2025,28,Quiniela Real,1,208880,53,29,Loteria Nacional,1,208895,21|26|53,21|26|53,3,7|9|22|29|35|42|44|53|63|70|90,8,4,1,4,26|68|76,False,,,,0,nr-historical-relations-j1.0.0
2025-11-27|47|68|92,2025-11-27,2025,47,Quiniela Loteka,1,208887,68,92,New York 10:30,1,208898,4|36|68|79|84,4|36|68|79|84,3,27|68|76|92,2,4,1,4,26|53|76,True,5,New York 10:30,2,2,nr-historical-relations-j1.0.0
2025-11-27|34|76|92,2025-11-27,2025,34,New York 2:30,1,208890,76,92,New York 10:30,1,208898,1|17|33|49|76,1|17|33|49|76,5,27|68|76|92,3,4,1,4,26|53|68,True,1,Quiniela Real,3,1,nr-historical-relations-j1.0.0
2025-11-28|37|42|29,2025-11-28,2025,37,New York 2:30,2,208911,42,29,Quiniela Loteka,1,208918,5|10|42,5|10|42,3,7|9|22|29|35|42|44|53|63|70|90,6,4,1,1,,True,7,New York 2:30,1,1,nr-historical-relations-j1.0.0
2025-12-04|35|86|19,2025-12-04,2025,35,New York 10:30,1,209106,86,19,Quiniela Loteka,1,209098,6|11|43|54|86,6|11|43|54|86,5,19|46|86,3,1,1,1,,True,6,New York 2:30,1,2,nr-historical-relations-j1.0.0
2025-12-05|42|7|70,2025-12-05,2025,42,New York 2:30,1,209124,7,70,Loteria Nacional,1,209136,7|18|23|50|55|66|71,7|18|23|50|55|66|71,1,7|9|22|29|35|42|44|53|63|70|90,1,10,1,2,71,False,,,,0,nr-historical-relations-j1.0.0
2025-12-05|42|71|56,2025-12-05,2025,42,New York 2:30,1,209124,71,56,Quiniela Leidsa,1,209134,7|18|23|50|55|66|71,7|18|23|50|55|66|71,7,12|41|56|71|89,4,3,1,2,7,True,1,Gana Mas,1,1,nr-historical-relations-j1.0.0
2025-12-07|48|73|87,2025-12-07,2025,48,New York 2:30,1,209179,73,87,Quiniela Loteka,1,209194,73|89,73|89,1,23|28|73|77|87,3,5,1,1,,True,2,New York 2:30,1,2,nr-historical-relations-j1.0.0
2025-12-09|43|28|73,2025-12-09,2025,43,Loteria Nacional,1,209256,28,73,New York 2:30,1,209243,12|28|44|60|81|92,12|28|44|60|81|92,2,23|28|73|77|87,2,3,1,2,44,True,6,Gana Mas,3,2,nr-historical-relations-j1.0.0
2025-12-09|43|44|9,2025-12-09,2025,43,Loteria Nacional,1,209256,44,9,Quiniela Leidsa,1,209254,12|28|44|60|81|92,12|28|44|60|81|92,3,7|9|22|29|35|42|44|53|63|70|90,7,2,2,2,28,False,,,,0,nr-historical-relations-j1.0.0
2025-12-09|43|44|63,2025-12-09,2025,43,Loteria Nacional,1,209256,44,63,Gana Mas,1,209242,12|28|44|60|81|92,12|28|44|60|81|92,3,7|9|22|29|35|42|44|53|63|70|90,7,9,2,2,28,False,,,,0,nr-historical-relations-j1.0.0
2025-12-14|35|11|91,2025-12-14,2025,35,New York 2:30,1,209389,11,91,Gana Mas,1,209388,6|11|43|54|86,6|11|43|54|86,2,11|57|69|91,1,4,1,2,54,True,6,New York 2:30,2,1,nr-historical-relations-j1.0.0
2025-12-14|35|54|14,2025-12-14,2025,35,New York 2:30,1,209389,54,14,Quiniela Real,1,209386,6|11|43|54|86,6|11|43|54|86,4,14|54,2,1,1,2,11,True,5,Quiniela Loteka,2,1,nr-historical-relations-j1.0.0
2025-12-16|46|58|84,2025-12-16,2025,46,Loteria Nacional,1,209464,58,84,New York 2:30,1,209451,37|58|74|90,37|58|74|90,2,58|84|94,1,2,1,1,,True,1,New York 2:30,1,4,nr-historical-relations-j1.0.0
2025-12-20|41|29|7,2025-12-20,2025,41,Quiniela Loteka,1,209574,29,7,Gana Mas,1,209566,13|29|93,13|29|93,2,7|9|22|29|35|42|44|53|63|70|90,4,1,1,2,56,True,2,New York 10:30,2,2,nr-historical-relations-j1.0.0
2025-12-20|40|56|41,2025-12-20,2025,40,New York 10:30,1,209583,56,41,Quiniela Loteka,1,209574,8|19|51|56|67|72,8|19|51|56|67|72,4,12|41|56|71|89,3,2,1,2,29,True,7,Quiniela Leidsa,3,1,nr-historical-relations-j1.0.0
2025-12-27|41|29|44,2025-12-27,2025,41,Quiniela Real,1,209745,29,44,Gana Mas,1,209748,13|29|93,13|29|93,2,7|9|22|29|35|42|44|53|63|70|90,4,7,1,2,93,True,2,Quiniela Loteka,3,1,nr-historical-relations-j1.0.0
2025-12-27|41|93|97,2025-12-27,2025,41,Quiniela Real,1,209745,93,97,Quiniela Leidsa,1,209758,13|29|93,13|29|93,3,48|93|97,2,3,1,2,29,True,6,Quiniela Real,1,1,nr-historical-relations-j1.0.0
2025-12-29|27|16|25,2025-12-29,2025,27,Quiniela Leidsa,1,209821,16,25,Loteria Nacional,1,209822,16,16,1,16|25,1,2,1,1,,True,2,New York 10:30,1,1,nr-historical-relations-j1.0.0
2025-12-30|43|28|23,2025-12-30,2025,43,Gana Mas,1,209840,28,23,Quiniela Leidsa,1,209853,12|28|44|60|81|92,12|28|44|60|81|92,2,23|28|73|77|87,2,1,1,3,44|77,True,1,New York 2:30,3,2,nr-historical-relations-j1.0.0
2025-12-30|43|44|35,2025-12-30,2025,43,Gana Mas,1,209840,44,35,Quiniela Loteka,1,209848,12|28|44|60|81|92,12|28|44|60|81|92,3,7|9|22|29|35|42|44|53|63|70|90,7,5,1,3,28|77,True,7,New York 10:30,2,1,nr-historical-relations-j1.0.0
2025-12-30|32|77|23,2025-12-30,2025,32,New York 10:30,1,209856,77,23,Quiniela Leidsa,1,209853,77,77,1,23|28|73|77|87,4,1,1,3,28|44,True,4,Gana Mas,2,1,nr-historical-relations-j1.0.0
2025-12-31|47|84|58,2025-12-31,2025,47,Quiniela Loteka,1,209873,84,58,Quiniela Real,1,209864,4|36|68|79|84,4|36|68|79|84,5,58|84|94,2,1,1,1,,True,4,New York 2:30,2,1,nr-historical-relations-j1.0.0
2026-01-02|41|29|70,2026-01-02,2026,41,Loteria Nacional,1,209915,29,70,Quiniela Leidsa,1,209917,13|29|93,13|29|93,2,7|9|22|29|35|42|44|53|63|70|90,4,10,1,1,,True,6,New York 2:30,3,1,nr-historical-relations-j1.0.0
2026-01-03|43|44|42,2026-01-03,2026,43,New York 2:30,1,209936,44,42,Quiniela Real,1,209933,12|28|44|60|81|92,12|28|44|60|81|92,3,7|9|22|29|35|42|44|53|63|70|90,7,6,1,2,92,True,3,New York 10:30,2,1,nr-historical-relations-j1.0.0
2026-01-03|43|92|76,2026-01-03,2026,43,New York 2:30,1,209936,92,76,Quiniela Loteka,1,209943,12|28|44|60|81|92,12|28|44|60|81|92,6,27|68|76|92,4,3,1,2,44,True,2,Gana Mas,2,2,nr-historical-relations-j1.0.0
2026-01-06|40|56|71,2026-01-06,2026,40,Gana Mas,1,210020,56,71,Loteria Nacional,1,210033,8|19|51|56|67|72,8|19|51|56|67|72,4,12|41|56|71|89,3,4,1,1,,True,4,New York 10:30,1,1,nr-historical-relations-j1.0.0
2026-01-07|42|23|77,2026-01-07,2026,42,Quiniela Loteka,1,210056,23,77,Loteria Nacional,1,210063,7|18|23|50|55|66|71,7|18|23|50|55|66|71,3,23|28|73|77|87,1,4,1,2,90,False,,,,0,nr-historical-relations-j1.0.0
2026-01-07|46|90|42,2026-01-07,2026,46,Quiniela Real,1,210046,90,42,Quiniela Loteka,1,210056,37|58|74|90,37|58|74|90,4,7|9|22|29|35|42|44|53|63|70|90,11,6,1,2,23,True,2,New York 10:30,3,2,nr-historical-relations-j1.0.0
2026-01-08|39|30|83,2026-01-08,2026,39,Quiniela Real,1,210074,30,83,Gana Mas,1,210076,9|14|30|41|46|62|78|94,9|14|30|41|46|62|78|94,3,3|30|83,2,3,1,2,94,True,1,Quiniela Leidsa,2,1,nr-historical-relations-j1.0.0
2026-01-08|39|94|84,2026-01-08,2026,39,Quiniela Real,1,210074,94,84,Quiniela Loteka,1,210084,9|14|30|41|46|62|78|94,9|14|30|41|46|62|78|94,8,58|84|94,3,2,1,2,30,True,1,Quiniela Leidsa,1,2,nr-historical-relations-j1.0.0
2026-01-11|38|20|2,2026-01-11,2026,38,Loteria Nacional,1,210180,20,2,Gana Mas,1,210171,20|31|47|52|63|100,20|31|47|52|63|100,1,2|20,2,1,1,1,,True,2,Quiniela Leidsa,2,2,nr-historical-relations-j1.0.0
2026-01-12|28|53|44,2026-01-12,2026,28,Loteria Nacional,1,210206,53,44,Gana Mas,1,210198,21|26|53,21|26|53,3,7|9|22|29|35|42|44|53|63|70|90,8,7,1,1,,True,2,Loteria Nacional,2,2,nr-historical-relations-j1.0.0
2026-01-13|36|85|52,2026-01-13,2026,36,Quiniela Loteka,1,210235,85,52,Loteria Nacional,1,210237,32|48|64|85,32|48|64|85,4,52|81|85,3,1,1,1,,True,4,New York 10:30,1,2,nr-historical-relations-j1.0.0
2026-01-16|39|46|19,2026-01-16,2026,39,New York 2:30,1,210326,46,19,Loteria Nacional,1,210336,9|14|30|41|46|62|78|94,9|14|30|41|46|62|78|94,5,19|46|86,2,1,1,2,57,True,1,Gana Mas,2,1,nr-historical-relations-j1.0.0
2026-01-16|30|57|91,2026-01-16,2026,30,Gana Mas,1,210325,57,91,Quiniela Leidsa,1,210337,25|57,25|57,2,11|57|69|91,2,4,1,2,46,True,2,Quiniela Loteka,2,1,nr-historical-relations-j1.0.0
2026-01-17|39|9|90,2026-01-17,2026,39,Loteria Nacional,1,210363,9,90,Quiniela Real,1,210351,9|14|30|41|46|62|78|94,9|14|30|41|46|62|78|94,1,7|9|22|29|35|42|44|53|63|70|90,2,11,1,2,94,True,3,New York 2:30,2,1,nr-historical-relations-j1.0.0
2026-01-17|39|94|58,2026-01-17,2026,39,Loteria Nacional,1,210363,94,58,Quiniela Leidsa,1,210696,9|14|30|41|46|62|78|94,9|14|30|41|46|62|78|94,8,58|84|94,3,1,1,2,9,True,1,New York 10:30,1,1,nr-historical-relations-j1.0.0
2026-01-19|37|42|7,2026-01-19,2026,37,Loteria Nacional,1,210459,42,7,Quiniela Real,1,210412,5|10|42,5|10|42,3,7|9|22|29|35|42|44|53|63|70|90,6,1,2,1,,False,,,,0,nr-historical-relations-j1.0.0
2026-01-19|37|42|22,2026-01-19,2026,37,Loteria Nacional,1,210459,42,22,Quiniela Leidsa,1,210460,5|10|42,5|10|42,3,7|9|22|29|35|42|44|53|63|70|90,6,3,2,1,,False,,,,0,nr-historical-relations-j1.0.0
2026-01-21|33|87|28,2026-01-21,2026,33,New York 10:30,1,210506,87,28,Quiniela Loteka,1,210496,2|39|82|87,2|39|82|87,4,23|28|73|77|87,5,2,1,1,,True,1,New York 10:30,1,3,nr-historical-relations-j1.0.0
2026-01-23|41|29|90,2026-01-23,2026,41,Quiniela Leidsa,1,210565,29,90,Quiniela Loteka,1,210561,13|29|93,13|29|93,2,7|9|22|29|35|42|44|53|63|70|90,4,11,1,3,89|93,True,7,New York 10:30,2,1,nr-historical-relations-j1.0.0
2026-01-23|48|89|41,2026-01-23,2026,48,Loteria Nacional,1,210563,89,41,Quiniela Leidsa,1,210565,73|89,73|89,2,12|41|56|71|89,5,2,2,3,29|93,False,,,,0,nr-historical-relations-j1.0.0
2026-01-23|48|89|71,2026-01-23,2026,48,Loteria Nacional,1,210563,89,71,New York 10:30,1,210600,73|89,73|89,2,12|41|56|71|89,5,4,2,3,29|93,False,,,,0,nr-historical-relations-j1.0.0
2026-01-23|41|93|48,2026-01-23,2026,41,Quiniela Leidsa,1,210565,93,48,Loteria Nacional,1,210563,13|29|93,13|29|93,3,48|93|97,2,1,1,3,29|89,True,4,Quiniela Real,3,1,nr-historical-relations-j1.0.0
2026-01-25|43|28|23,2026-01-25,2026,43,Loteria Nacional,1,210626,28,23,Gana Mas,1,210618,12|28|44|60|81|92,12|28|44|60|81|92,2,23|28|73|77|87,2,1,2,1,,False,,,,0,nr-historical-relations-j1.0.0
2026-01-25|43|28|77,2026-01-25,2026,43,Loteria Nacional,1,210626,28,77,New York 2:30,1,210619,12|28|44|60|81|92,12|28|44|60|81|92,2,23|28|73|77|87,2,4,2,1,,False,,,,0,nr-historical-relations-j1.0.0
2026-02-04|47|68|27,2026-02-04,2026,47,New York 10:30,1,210950,68,27,Gana Mas,1,210932,4|36|68|79|84,4|36|68|79|84,3,27|68|76|92,2,1,1,1,,True,1,Quiniela Leidsa,1,3,nr-historical-relations-j1.0.0
2026-02-08|38|31|74,2026-02-08,2026,38,Quiniela Leidsa,1,218850,31,74,Gana Mas,1,218844,20|31|47|52|63|100,20|31|47|52|63|100,2,31|74,1,2,1,2,52,False,,,,0,nr-historical-relations-j1.0.0
2026-02-08|38|52|85,2026-02-08,2026,38,Quiniela Leidsa,1,218850,52,85,New York 2:30,1,218846,20|31|47|52|63|100,20|31|47|52|63|100,4,52|81|85,1,3,1,2,31,False,,,,0,nr-historical-relations-j1.0.0
2026-02-09|40|19|46,2026-02-09,2026,40,Quiniela Loteka,1,218903,19,46,New York 2:30,1,218890,8|19|51|56|67|72,8|19|51|56|67|72,2,19|46|86,1,2,1,3,58|72,True,2,New York 2:30,1,4,nr-historical-relations-j1.0.0
2026-02-09|46|58|94,2026-02-09,2026,46,New York 2:30,1,218890,58,94,New York 10:30,1,218912,37|58|74|90,37|58|74|90,2,58|84|94,1,3,1,3,19|72,True,6,New York 2:30,3,1,nr-historical-relations-j1.0.0
2026-02-09|40|72|34,2026-02-09,2026,40,Quiniela Loteka,1,218903,72,34,Loteria Nacional,1,218910,8|19|51|56|67|72,8|19|51|56|67|72,6,26|34|59|72,4,2,1,3,19|58,True,1,Quiniela Loteka,3,2,nr-historical-relations-j1.0.0
2026-02-11|42|7|9,2026-02-11,2026,42,Loteria Nacional,1,219000,7,9,New York 10:30,1,219002,7|18|23|50|55|66|71,7|18|23|50|55|66|71,1,7|9|22|29|35|42|44|53|63|70|90,1,2,1,2,71,True,7,Gana Mas,2,1,nr-historical-relations-j1.0.0
2026-02-11|42|71|12,2026-02-11,2026,42,Loteria Nacional,1,219000,71,12,Quiniela Loteka,1,218993,7|18|23|50|55|66|71,7|18|23|50|55|66|71,7,12|41|56|71|89,4,1,1,2,7,True,3,Quiniela Real,3,2,nr-historical-relations-j1.0.0
2026-02-14|38|63|42,2026-02-14,2026,38,Quiniela Leidsa,1,219138,63,42,New York 2:30,1,219120,20|31|47|52|63|100,20|31|47|52|63|100,5,7|9|22|29|35|42|44|53|63|70|90,9,6,1,2,73,True,6,Gana Mas,3,1,nr-historical-relations-j1.0.0
2026-02-14|48|73|23,2026-02-14,2026,48,New York 10:30,1,219143,73,23,Gana Mas,1,219118,73|89,73|89,1,23|28|73|77|87,3,1,1,2,63,True,1,Quiniela Loteka,3,2,nr-historical-relations-j1.0.0
2026-02-15|39|46|86,2026-02-15,2026,39,Gana Mas,1,219163,46,86,Quiniela Real,1,219160,9|14|30|41|46|62|78|94,9|14|30|41|46|62|78|94,5,19|46|86,2,3,1,2,94,False,,,,0,nr-historical-relations-j1.0.0
2026-02-15|39|94|84,2026-02-15,2026,39,Gana Mas,1,219163,94,84,Quiniela Leidsa,1,219168,9|14|30|41|46|62|78|94,9|14|30|41|46|62|78|94,8,58|84|94,3,2,1,2,46,True,3,Quiniela Loteka,3,2,nr-historical-relations-j1.0.0
2026-02-16|33|87|23,2026-02-16,2026,33,New York 10:30,1,219232,87,23,New York 2:30,1,219209,2|39|82|87,2|39|82|87,4,23|28|73|77|87,5,1,1,1,,True,4,Gana Mas,1,1,nr-historical-relations-j1.0.0
2026-02-17|31|88|67,2026-02-17,2026,31,New York 10:30,1,219278,88,67,Quiniela Real,1,219251,3|24|88|99,3|24|88|99,3,67|79|88,3,1,1,1,,False,,,,0,nr-historical-relations-j1.0.0
2026-02-18|28|53|29,2026-02-18,2026,28,New York 10:30,1,219324,53,29,Gana Mas,1,219299,21|26|53,21|26|53,3,7|9|22|29|35|42|44|53|63|70|90,8,4,1,1,,True,4,New York 10:30,1,4,nr-historical-relations-j1.0.0
2026-02-19|31|88|79,2026-02-19,2026,31,Gana Mas,1,219343,88,79,Loteria Nacional,1,219366,3|24|88|99,3|24|88|99,3,67|79|88,3,2,1,1,,False,,,,0,nr-historical-relations-j1.0.0
2026-02-23|40|72|26,2026-02-23,2026,40,New York 10:30,1,219545,72,26,New York 2:30,1,219524,8|19|51|56|67|72,8|19|51|56|67|72,6,26|34|59|72,4,1,1,1,,True,2,Quiniela Real,3,2,nr-historical-relations-j1.0.0
2026-02-24|39|41|89,2026-02-24,2026,39,Loteria Nacional,1,219584,41,89,Quiniela Real,1,219564,9|14|30|41|46|62|78|94,9|14|30|41|46|62|78|94,4,12|41|56|71|89,2,5,1,1,,True,3,Quiniela Leidsa,2,1,nr-historical-relations-j1.0.0
2026-02-26|27|16|25,2026-02-26,2026,27,New York 10:30,1,219678,16,25,New York 2:30,1,219656,16,16,1,16|25,1,2,1,1,,False,,,,0,nr-historical-relations-j1.0.0
2026-02-28|44|59|26,2026-02-28,2026,44,Quiniela Leidsa,1,219760,59,26,Quiniela Real,1,219736,22|59|70|75|91,22|59|70|75|91,2,26|34|59|72,3,1,1,2,70,True,6,New York 2:30,3,1,nr-historical-relations-j1.0.0
2026-02-28|44|70|22,2026-02-28,2026,44,Quiniela Leidsa,1,219760,70,22,New York 10:30,1,219765,22|59|70|75|91,22|59|70|75|91,3,7|9|22|29|35|42|44|53|63|70|90,10,3,1,2,59,True,4,New York 10:30,1,2,nr-historical-relations-j1.0.0
2026-03-02|30|57|11,2026-03-02,2026,30,Loteria Nacional,1,219854,57,11,Quiniela Leidsa,1,219851,25|57,25|57,2,11|57|69|91,2,1,1,1,,True,1,New York 2:30,2,2,nr-historical-relations-j1.0.0
2026-03-03|43|44|42,2026-03-03,2026,43,Loteria Nacional,1,219898,44,42,Quiniela Loteka,1,219891,12|28|44|60|81|92,12|28|44|60|81|92,3,7|9|22|29|35|42|44|53|63|70|90,7,6,1,1,,True,2,Gana Mas,1,2,nr-historical-relations-j1.0.0
2026-03-04|37|42|22,2026-03-04,2026,37,Gana Mas,1,219920,42,22,Quiniela Leidsa,1,219939,5|10|42,5|10|42,3,7|9|22|29|35|42|44|53|63|70|90,6,3,2,1,,True,3,Quiniela Real,1,1,nr-historical-relations-j1.0.0
2026-03-04|37|42|70,2026-03-04,2026,37,Gana Mas,1,219920,42,70,New York 10:30,1,219945,5|10|42,5|10|42,3,7|9|22|29|35|42|44|53|63|70|90,6,10,2,1,,True,3,Quiniela Real,1,1,nr-historical-relations-j1.0.0
2026-03-05|44|22|29,2026-03-05,2026,44,Gana Mas,1,219964,22,29,New York 2:30,1,219966,22|59|70|75|91,22|59|70|75|91,1,7|9|22|29|35|42|44|53|63|70|90,3,4,1,3,68|70,False,,,,0,nr-historical-relations-j1.0.0
2026-03-05|47|68|92,2026-03-05,2026,47,New York 10:30,1,219991,68,92,Quiniela Loteka,1,219982,4|36|68|79|84,4|36|68|79|84,3,27|68|76|92,2,4,1,3,22|70,False,,,,0,nr-historical-relations-j1.0.0
2026-03-05|44|70|29,2026-03-05,2026,44,Gana Mas,1,219964,70,29,New York 2:30,1,219966,22|59|70|75|91,22|59|70|75|91,3,7|9|22|29|35|42|44|53|63|70|90,10,4,1,3,22|68,True,1,Quiniela Real,2,2,nr-historical-relations-j1.0.0
2026-03-06|41|29|53,2026-03-06,2026,41,Loteria Nacional,1,220033,29,53,New York 10:30,1,220035,13|29|93,13|29|93,2,7|9|22|29|35|42|44|53|63|70|90,4,8,1,1,,False,,,,0,nr-historical-relations-j1.0.0
2026-03-07|42|23|87,2026-03-07,2026,42,Quiniela Real,1,220051,23,87,New York 2:30,1,220056,7|18|23|50|55|66|71,7|18|23|50|55|66|71,3,23|28|73|77|87,1,5,1,3,29|71,True,7,New York 10:30,1,1,nr-historical-relations-j1.0.0
2026-03-07|41|29|42,2026-03-07,2026,41,Gana Mas,1,220054,29,42,Quiniela Real,1,220051,13|29|93,13|29|93,2,7|9|22|29|35|42|44|53|63|70|90,4,6,1,3,23|71,False,,,,0,nr-historical-relations-j1.0.0
2026-03-07|42|71|41,2026-03-07,2026,42,Quiniela Real,1,220051,71,41,Gana Mas,1,220054,7|18|23|50|55|66|71,7|18|23|50|55|66|71,7,12|41|56|71|89,4,2,1,3,23|29,True,3,Quiniela Loteka,1,2,nr-historical-relations-j1.0.0
2026-03-12|40|19|86,2026-03-12,2026,40,Quiniela Leidsa,1,220298,19,86,Gana Mas,1,220278,8|19|51|56|67|72,8|19|51|56|67|72,2,19|46|86,1,3,1,2,56,True,2,Quiniela Leidsa,3,3,nr-historical-relations-j1.0.0
2026-03-12|40|56|12,2026-03-12,2026,40,Quiniela Leidsa,1,220298,56,12,Quiniela Loteka,1,220292,8|19|51|56|67|72,8|19|51|56|67|72,4,12|41|56|71|89,3,1,1,2,19,True,2,New York 2:30,2,3,nr-historical-relations-j1.0.0
2026-03-13|40|19|86,2026-03-13,2026,40,New York 2:30,1,220321,19,86,New York 10:30,1,220345,8|19|51|56|67|72,8|19|51|56|67|72,2,19|46|86,1,3,1,1,,True,1,Quiniela Leidsa,3,4,nr-historical-relations-j1.0.0
2026-03-16|43|44|29,2026-03-16,2026,43,Loteria Nacional,1,220478,44,29,Gana Mas,1,220457,12|28|44|60|81|92,12|28|44|60|81|92,3,7|9|22|29|35|42|44|53|63|70|90,7,4,1,1,,True,1,New York 10:30,1,3,nr-historical-relations-j1.0.0
2026-03-17|44|22|29,2026-03-17,2026,44,New York 10:30,1,220524,22,29,New York 2:30,1,220500,22|59|70|75|91,22|59|70|75|91,1,7|9|22|29|35|42|44|53|63|70|90,3,4,1,2,70,False,,,,0,nr-historical-relations-j1.0.0
2026-03-17|44|70|29,2026-03-17,2026,44,New York 10:30,1,220524,70,29,New York 2:30,1,220500,22|59|70|75|91,22|59|70|75|91,3,7|9|22|29|35|42|44|53|63|70|90,10,4,1,2,22,True,3,New York 2:30,3,1,nr-historical-relations-j1.0.0
2026-03-18|39|46|86,2026-03-18,2026,39,Quiniela Leidsa,1,220564,46,86,Loteria Nacional,1,220567,9|14|30|41|46|62|78|94,9|14|30|41|46|62|78|94,5,19|46|86,2,3,1,1,,True,2,Quiniela Real,2,3,nr-historical-relations-j1.0.0
2026-03-19|47|68|27,2026-03-19,2026,47,New York 10:30,1,220615,68,27,Quiniela Loteka,1,220605,4|36|68|79|84,4|36|68|79|84,3,27|68|76|92,2,1,1,1,,True,2,Gana Mas,1,2,nr-historical-relations-j1.0.0
2026-03-23|39|9|44,2026-03-23,2026,39,New York 2:30,1,220768,9,44,Quiniela Leidsa,1,220789,9|14|30|41|46|62|78|94,9|14|30|41|46|62|78|94,1,7|9|22|29|35|42|44|53|63|70|90,2,7,1,4,22|70|94,True,1,New York 2:30,3,2,nr-historical-relations-j1.0.0
2026-03-23|44|22|9,2026-03-23,2026,44,Quiniela Leidsa,1,220789,22,9,New York 10:30,1,220793,22|59|70|75|91,22|59|70|75|91,1,7|9|22|29|35|42|44|53|63|70|90,3,2,1,4,9|70|94,False,,,,0,nr-historical-relations-j1.0.0
2026-03-23|44|70|9,2026-03-23,2026,44,Quiniela Leidsa,1,220789,70,9,New York 10:30,1,220793,22|59|70|75|91,22|59|70|75|91,3,7|9|22|29|35|42|44|53|63|70|90,10,2,1,4,9|22|94,True,5,Quiniela Loteka,3,1,nr-historical-relations-j1.0.0
2026-03-23|39|94|84,2026-03-23,2026,39,New York 2:30,1,220768,94,84,Gana Mas,1,220769,9|14|30|41|46|62|78|94,9|14|30|41|46|62|78|94,8,58|84|94,3,2,1,4,9|22|70,True,1,Quiniela Real,1,4,nr-historical-relations-j1.0.0
2026-03-24|39|9|53,2026-03-24,2026,39,New York 2:30,1,220812,9,53,New York 10:30,1,220837,9|14|30|41|46|62|78|94,9|14|30|41|46|62|78|94,1,7|9|22|29|35|42|44|53|63|70|90,2,8,1,1,,True,2,Loteria Nacional,2,1,nr-historical-relations-j1.0.0
2026-03-25|49|35|63,2026-03-25,2026,49,Quiniela Real,1,220853,35,63,Quiniela Leidsa,1,220877,35|40|83,35|40|83,1,7|9|22|29|35|42|44|53|63|70|90,5,9,1,1,,True,2,Gana Mas,1,1,nr-historical-relations-j1.0.0
2026-03-26|43|44|42,2026-03-26,2026,43,Quiniela Real,1,220898,44,42,Quiniela Leidsa,1,220922,12|28|44|60|81|92,12|28|44|60|81|92,3,7|9|22|29|35|42|44|53|63|70|90,7,6,1,2,92,False,,,,0,nr-historical-relations-j1.0.0
2026-03-26|43|92|68,2026-03-26,2026,43,Quiniela Real,1,220898,92,68,Loteria Nacional,1,220924,12|28|44|60|81|92,12|28|44|60|81|92,6,27|68|76|92,4,2,1,2,44,True,1,Quiniela Real,1,3,nr-historical-relations-j1.0.0
2026-03-27|35|11|57,2026-03-27,2026,35,Gana Mas,1,220947,11,57,Loteria Nacional,1,220965,6|11|43|54|86,6|11|43|54|86,2,11|57|69|91,1,2,1,1,,True,1,Gana Mas,3,2,nr-historical-relations-j1.0.0
2026-03-28|42|7|63,2026-03-28,2026,42,Quiniela Real,1,220987,7,63,Loteria Nacional,1,221012,7|18|23|50|55|66|71,7|18|23|50|55|66|71,1,7|9|22|29|35|42|44|53|63|70|90,1,9,1,2,23,False,,,,0,nr-historical-relations-j1.0.0
2026-03-28|42|23|73,2026-03-28,2026,42,Quiniela Real,1,220987,23,73,Quiniela Leidsa,1,221010,7|18|23|50|55|66|71,7|18|23|50|55|66|71,3,23|28|73|77|87,1,3,1,2,7,True,2,New York 2:30,2,1,nr-historical-relations-j1.0.0
2026-04-04|47|68|92,2026-04-04,2026,47,Quiniela Loteka,1,221232,68,92,New York 10:30,1,221241,4|36|68|79|84,4|36|68|79|84,3,27|68|76|92,2,4,1,1,,True,1,Quiniela Real,3,1,nr-historical-relations-j1.0.0
2026-04-05|38|63|90,2026-04-05,2026,38,New York 10:30,1,221283,63,90,New York 2:30,1,221259,20|31|47|52|63|100,20|31|47|52|63|100,5,7|9|22|29|35|42|44|53|63|70|90,9,11,1,1,,True,1,Quiniela Real,1,3,nr-historical-relations-j1.0.0
2026-04-06|38|63|22,2026-04-06,2026,38,New York 2:30,1,221302,63,22,Quiniela Leidsa,1,221322,20|31|47|52|63|100,20|31|47|52|63|100,5,7|9|22|29|35|42|44|53|63|70|90,9,3,1,1,,True,6,Quiniela Leidsa,1,2,nr-historical-relations-j1.0.0
2026-04-09|43|28|23,2026-04-09,2026,43,Quiniela Leidsa,1,221452,28,23,Loteria Nacional,1,221453,12|28|44|60|81|92,12|28|44|60|81|92,2,23|28|73|77|87,2,1,1,4,77|82|87,True,4,Quiniela Real,1,2,nr-historical-relations-j1.0.0
2026-04-09|32|77|23,2026-04-09,2026,32,New York 10:30,1,221456,77,23,Loteria Nacional,1,221453,77,77,1,23|28|73|77|87,4,1,1,4,28|82|87,False,,,,0,nr-historical-relations-j1.0.0
2026-04-09|33|82|65,2026-04-09,2026,33,Quiniela Loteka,1,221448,82,65,New York 2:30,1,221432,2|39|82|87,2|39|82|87,3,37|65|82,3,2,1,4,28|77|87,True,1,Loteria Nacional,1,2,nr-historical-relations-j1.0.0
2026-04-09|33|87|23,2026-04-09,2026,33,Quiniela Loteka,1,221448,87,23,Loteria Nacional,1,221453,2|39|82|87,2|39|82|87,4,23|28|73|77|87,5,1,1,4,28|77|82,False,,,,0,nr-historical-relations-j1.0.0
2026-04-10|33|87|23,2026-04-10,2026,33,New York 2:30,1,221475,87,23,Quiniela Real,1,221471,2|39|82|87,2|39|82|87,4,23|28|73|77|87,5,1,1,1,,True,7,Loteria Nacional,1,1,nr-historical-relations-j1.0.0
2026-04-13|32|77|28,2026-04-13,2026,32,Quiniela Loteka,1,221632,77,28,Quiniela Real,1,221614,77,77,1,23|28|73|77|87,4,2,1,1,,False,,,,0,nr-historical-relations-j1.0.0
2026-04-14|37|42|9,2026-04-14,2026,37,Loteria Nacional,1,221683,42,9,Quiniela Loteka,1,221676,5|10|42,5|10|42,3,7|9|22|29|35|42|44|53|63|70|90,6,2,1,1,,True,1,New York 2:30,3,2,nr-historical-relations-j1.0.0
2026-04-15|33|87|23,2026-04-15,2026,33,New York 10:30,1,221729,87,23,New York 2:30,1,221704,2|39|82|87,2|39|82|87,4,23|28|73|77|87,5,1,1,1,,True,2,Loteria Nacional,1,2,nr-historical-relations-j1.0.0
2026-04-16|27|16|25,2026-04-16,2026,27,Gana Mas,1,221749,16,25,New York 2:30,1,221748,16,16,1,16|25,1,2,1,2,83,False,,,,0,nr-historical-relations-j1.0.0
2026-04-16|49|83|3,2026-04-16,2026,49,Quiniela Leidsa,1,221768,83,3,Loteria Nacional,1,221770,35|40|83,35|40|83,3,3|30|83,3,1,1,2,16,True,4,Quiniela Real,2,1,nr-historical-relations-j1.0.0
2026-04-22|46|58|94,2026-04-22,2026,46,Loteria Nacional,1,222030,58,94,Quiniela Real,1,222004,37|58|74|90,37|58|74|90,2,58|84|94,1,3,1,2,74,True,4,Gana Mas,1,3,nr-historical-relations-j1.0.0
2026-04-22|46|74|31,2026-04-22,2026,46,Loteria Nacional,1,222030,74,31,Quiniela Loteka,1,222023,37|58|74|90,37|58|74|90,3,31|74,2,1,1,2,58,True,2,Quiniela Leidsa,3,2,nr-historical-relations-j1.0.0
2026-04-23|43|44|70,2026-04-23,2026,43,Quiniela Real,1,222048,44,70,New York 10:30,1,222075,12|28|44|60|81|92,12|28|44|60|81|92,3,7|9|22|29|35|42|44|53|63|70|90,7,10,1,2,81,True,3,New York 10:30,3,1,nr-historical-relations-j1.0.0
2026-04-23|43|81|85,2026-04-23,2026,43,Quiniela Real,1,222048,81,85,New York 2:30,1,222051,12|28|44|60|81|92,12|28|44|60|81|92,5,52|81|85,2,3,1,2,44,True,6,Quiniela Loteka,1,1,nr-historical-relations-j1.0.0
2026-04-25|43|28|23,2026-04-25,2026,43,Loteria Nacional,1,222169,28,23,Gana Mas,1,222149,12|28|44|60|81|92,12|28|44|60|81|92,2,23|28|73|77|87,2,1,1,2,44,False,,,,0,nr-historical-relations-j1.0.0
2026-04-25|43|44|35,2026-04-25,2026,43,Loteria Nacional,1,222169,44,35,Quiniela Leidsa,1,222168,12|28|44|60|81|92,12|28|44|60|81|92,3,7|9|22|29|35|42|44|53|63|70|90,7,5,1,2,28,True,1,New York 10:30,3,1,nr-historical-relations-j1.0.0
2026-04-28|46|58|94,2026-04-28,2026,46,Gana Mas,1,222281,58,94,Quiniela Leidsa,1,222300,37|58|74|90,37|58|74|90,2,58|84|94,1,3,1,1,,True,2,Quiniela Real,1,2,nr-historical-relations-j1.0.0
2026-04-29|52|97|48,2026-04-29,2026,52,New York 2:30,1,222325,97,48,Gana Mas,1,222326,65|97,65|97,2,48|93|97,3,1,1,1,,True,3,Gana Mas,2,2,nr-historical-relations-j1.0.0
2026-04-30|30|57|91,2026-04-30,2026,30,Loteria Nacional,1,222392,57,91,New York 2:30,1,222370,25|57,25|57,2,11|57|69|91,2,4,1,2,94,True,3,New York 2:30,2,1,nr-historical-relations-j1.0.0
2026-04-30|39|94|58,2026-04-30,2026,39,Quiniela Leidsa,1,222390,94,58,Quiniela Real,1,222366,9|14|30|41|46|62|78|94,9|14|30|41|46|62|78|94,8,58|84|94,3,1,1,2,57,True,1,Loteria Nacional,1,2,nr-historical-relations-j1.0.0
2026-05-06|51|34|59,2026-05-06,2026,51,Loteria Nacional,1,222649,34,59,Quiniela Real,1,222623,34|98,34|98,1,26|34|59|72,2,3,1,2,86,True,5,Loteria Nacional,2,1,nr-historical-relations-j1.0.0
2026-05-06|35|86|19,2026-05-06,2026,35,Quiniela Leidsa,1,222646,86,19,New York 2:30,1,222626,6|11|43|54|86,6|11|43|54|86,5,19|46|86,3,1,1,2,34,True,3,Gana Mas,3,1,nr-historical-relations-j1.0.0
2026-05-08|51|34|72,2026-05-08,2026,51,Loteria Nacional,1,222738,34,72,Quiniela Leidsa,1,222741,34|98,34|98,1,26|34|59|72,2,4,1,1,,True,3,Loteria Nacional,2,1,nr-historical-relations-j1.0.0
2026-05-09|32|77|73,2026-05-09,2026,32,New York 2:30,1,222764,77,73,Gana Mas,1,222765,77,77,1,23|28|73|77|87,4,3,1,1,,True,4,Quiniela Real,3,1,nr-historical-relations-j1.0.0
2026-05-10|41|29|70,2026-05-10,2026,41,Quiniela Leidsa,1,222810,29,70,Gana Mas,1,222808,13|29|93,13|29|93,2,7|9|22|29|35|42|44|53|63|70|90,4,10,1,2,63,True,6,New York 10:30,2,1,nr-historical-relations-j1.0.0
2026-05-10|38|63|70,2026-05-10,2026,38,Loteria Nacional,1,222819,63,70,Gana Mas,1,222808,20|31|47|52|63|100,20|31|47|52|63|100,5,7|9|22|29|35|42|44|53|63|70|90,9,10,1,2,29,True,2,Loteria Nacional,3,1,nr-historical-relations-j1.0.0
2026-05-11|33|82|65,2026-05-11,2026,33,New York 2:30,1,222850,82,65,Quiniela Leidsa,1,222869,2|39|82|87,2|39|82|87,3,37|65|82,3,2,1,1,,True,3,Loteria Nacional,2,2,nr-historical-relations-j1.0.0
2026-05-12|48|89|71,2026-05-12,2026,48,Gana Mas,1,222895,89,71,Quiniela Real,1,222890,73|89,73|89,2,12|41|56|71|89,5,4,1,1,,True,1,Loteria Nacional,3,3,nr-historical-relations-j1.0.0
2026-05-14|33|87|28,2026-05-14,2026,33,Loteria Nacional,1,223001,87,28,New York 10:30,1,223008,2|39|82|87,2|39|82|87,4,23|28|73|77|87,5,2,1,1,,True,5,New York 10:30,1,1,nr-historical-relations-j1.0.0
2026-05-15|30|57|11,2026-05-15,2026,30,Loteria Nacional,1,223048,57,11,Quiniela Real,1,223024,25|57,25|57,2,11|57|69|91,2,1,2,1,,True,1,Quiniela Leidsa,2,1,nr-historical-relations-j1.0.0
2026-05-15|30|57|69,2026-05-15,2026,30,Loteria Nacional,1,223048,57,69,New York 10:30,1,223051,25|57,25|57,2,11|57|69|91,2,3,2,1,,True,1,Quiniela Leidsa,2,1,nr-historical-relations-j1.0.0
2026-05-17|42|23|77,2026-05-17,2026,42,Quiniela Real,1,223111,23,77,Gana Mas,1,223115,7|18|23|50|55|66|71,7|18|23|50|55|66|71,3,23|28|73|77|87,1,4,1,1,,True,2,Quiniela Loteka,1,1,nr-historical-relations-j1.0.0
2026-05-19|36|48|93,2026-05-19,2026,36,Quiniela Leidsa,1,223216,48,93,New York 2:30,1,223193,32|48|64|85,32|48|64|85,2,48|93|97,1,2,1,3,85|97,True,6,Quiniela Loteka,3,1,nr-historical-relations-j1.0.0
2026-05-19|36|85|52,2026-05-19,2026,36,Quiniela Leidsa,1,223216,85,52,Quiniela Real,1,223190,32|48|64|85,32|48|64|85,4,52|81|85,3,1,1,3,48|97,True,4,Gana Mas,1,2,nr-historical-relations-j1.0.0
2026-05-19|52|97|93,2026-05-19,2026,52,Quiniela Real,1,223190,97,93,New York 2:30,1,223193,65|97,65|97,2,48|93|97,3,2,1,3,48|85,True,6,Gana Mas,1,1,nr-historical-relations-j1.0.0
2026-05-22|44|22|9,2026-05-22,2026,44,Quiniela Leidsa,1,223345,22,9,Loteria Nacional,1,223346,22|59|70|75|91,22|59|70|75|91,1,7|9|22|29|35|42|44|53|63|70|90,3,2,1,3,70|91,False,,,,0,nr-historical-relations-j1.0.0
2026-05-22|44|70|9,2026-05-22,2026,44,Quiniela Leidsa,1,223345,70,9,Loteria Nacional,1,223346,22|59|70|75|91,22|59|70|75|91,3,7|9|22|29|35|42|44|53|63|70|90,10,2,1,3,22|91,True,1,Loteria Nacional,1,3,nr-historical-relations-j1.0.0
2026-05-22|44|91|69,2026-05-22,2026,44,Quiniela Leidsa,1,223345,91,69,Gana Mas,1,223327,22|59|70|75|91,22|59|70|75|91,5,11|57|69|91,4,3,1,3,22|70,False,,,,0,nr-historical-relations-j1.0.0
2026-05-23|37|42|70,2026-05-23,2026,37,Quiniela Loteka,1,223384,42,70,Loteria Nacional,1,223389,5|10|42,5|10|42,3,7|9|22|29|35|42|44|53|63|70|90,6,10,2,1,,True,4,New York 2:30,3,3,nr-historical-relations-j1.0.0
2026-05-23|37|42|90,2026-05-23,2026,37,Quiniela Loteka,1,223384,42,90,Quiniela Leidsa,1,223388,5|10|42,5|10|42,3,7|9|22|29|35|42|44|53|63|70|90,6,11,2,1,,True,4,New York 2:30,3,3,nr-historical-relations-j1.0.0
2026-05-24|45|69|57,2026-05-24,2026,45,Gana Mas,1,223421,69,57,New York 2:30,1,223420,69|80,69|80,1,11|57|69|91,3,2,1,2,82,True,6,Gana Mas,1,2,nr-historical-relations-j1.0.0
2026-05-24|33|82|65,2026-05-24,2026,33,New York 10:30,1,223444,82,65,Quiniela Real,1,223417,2|39|82|87,2|39|82|87,3,37|65|82,3,2,1,2,69,False,,,,0,nr-historical-relations-j1.0.0
2026-05-27|38|63|53,2026-05-27,2026,38,Gana Mas,1,223550,63,53,Quiniela Leidsa,1,223569,20|31|47|52|63|100,20|31|47|52|63|100,5,7|9|22|29|35|42|44|53|63|70|90,9,8,2,1,,True,4,New York 2:30,3,1,nr-historical-relations-j1.0.0
2026-05-27|38|63|70,2026-05-27,2026,38,Gana Mas,1,223550,63,70,Loteria Nacional,1,223571,20|31|47|52|63|100,20|31|47|52|63|100,5,7|9|22|29|35|42|44|53|63|70|90,9,10,2,1,,True,4,New York 2:30,3,1,nr-historical-relations-j1.0.0
2026-05-28|49|35|44,2026-05-28,2026,49,Loteria Nacional,1,223615,35,44,Quiniela Leidsa,1,223614,35|40|83,35|40|83,1,7|9|22|29|35|42|44|53|63|70|90,5,7,1,2,59,True,1,Quiniela Loteka,3,1,nr-historical-relations-j1.0.0
2026-05-28|44|59|26,2026-05-28,2026,44,Quiniela Leidsa,1,223614,59,26,Gana Mas,1,223594,22|59|70|75|91,22|59|70|75|91,2,26|34|59|72,3,1,1,2,35,True,7,Quiniela Loteka,3,1,nr-historical-relations-j1.0.0
2026-05-29|39|94|84,2026-05-29,2026,39,Quiniela Leidsa,1,223655,94,84,Loteria Nacional,1,223658,9|14|30|41|46|62|78|94,9|14|30|41|46|62|78|94,8,58|84|94,3,2,1,1,,True,1,New York 10:30,1,1,nr-historical-relations-j1.0.0
2026-05-30|49|35|29,2026-05-30,2026,49,Loteria Nacional,1,223698,35,29,Quiniela Loteka,1,223693,35|40|83,35|40|83,1,7|9|22|29|35|42|44|53|63|70|90,5,4,1,1,,False,,,,0,nr-historical-relations-j1.0.0
2026-05-31|30|25|16,2026-05-31,2026,30,Quiniela Real,1,223719,25,16,New York 10:30,1,223746,25|57,25|57,1,16|25,2,1,1,2,57,True,4,New York 2:30,2,1,nr-historical-relations-j1.0.0
2026-05-31|30|57|69,2026-05-31,2026,30,Quiniela Real,1,223719,57,69,Loteria Nacional,1,223734,25|57,25|57,2,11|57|69|91,2,3,1,2,25,True,1,Quiniela Leidsa,1,5,nr-historical-relations-j1.0.0
2026-06-01|36|48|97,2026-06-01,2026,36,New York 2:30,1,223765,48,97,Quiniela Loteka,1,223797,32|48|64|85,32|48|64|85,2,48|93|97,1,3,1,1,,True,2,New York 10:30,1,2,nr-historical-relations-j1.0.0
2026-06-03|48|73|23,2026-06-03,2026,48,New York 10:30,1,223894,73,23,Quiniela Real,1,223864,73|89,73|89,1,23|28|73|77|87,3,1,2,1,,True,2,New York 10:30,3,2,nr-historical-relations-j1.0.0
2026-06-03|48|73|28,2026-06-03,2026,48,New York 10:30,1,223894,73,28,Loteria Nacional,1,223891,73|89,73|89,1,23|28|73|77|87,3,2,2,1,,True,2,New York 10:30,3,2,nr-historical-relations-j1.0.0
2026-06-06|46|90|7,2026-06-06,2026,46,Quiniela Leidsa,1,224030,90,7,Loteria Nacional,1,224031,37|58|74|90,37|58|74|90,4,7|9|22|29|35|42|44|53|63|70|90,11,1,1,1,,False,,,,0,nr-historical-relations-j1.0.0
2026-06-07|37|42|53,2026-06-07,2026,37,Quiniela Loteka,1,224076,42,53,Loteria Nacional,1,224068,5|10|42,5|10|42,3,7|9|22|29|35|42|44|53|63|70|90,6,8,1,2,65,True,3,Loteria Nacional,2,4,nr-historical-relations-j1.0.0
2026-06-07|52|65|37,2026-06-07,2026,52,Quiniela Leidsa,1,224062,65,37,Quiniela Loteka,1,224076,65|97,65|97,1,37|65|82,2,1,1,2,42,True,2,Quiniela Real,1,2,nr-historical-relations-j1.0.0
2026-06-08|33|82|37,2026-06-08,2026,33,Quiniela Leidsa,1,224119,82,37,Loteria Nacional,1,224120,2|39|82|87,2|39|82|87,3,37|65|82,3,1,1,1,,True,4,Quiniela Loteka,2,2,nr-historical-relations-j1.0.0
2026-06-09|41|13|17,2026-06-09,2026,41,Quiniela Loteka,1,224158,13,17,New York 2:30,1,224142,13|29|93,13|29|93,1,13|17,1,2,1,1,,False,,,,0,nr-historical-relations-j1.0.0
2026-06-10|38|20|2,2026-06-10,2026,38,Quiniela Leidsa,1,224205,20,2,Gana Mas,1,224186,20|31|47|52|63|100,20|31|47|52|63|100,1,2|20,2,1,1,2,63,True,1,Quiniela Leidsa,3,2,nr-historical-relations-j1.0.0
2026-06-10|38|63|7,2026-06-10,2026,38,Quiniela Leidsa,1,224205,63,7,Quiniela Loteka,1,224201,20|31|47|52|63|100,20|31|47|52|63|100,5,7|9|22|29|35|42|44|53|63|70|90,9,1,1,2,20,True,2,Quiniela Leidsa,3,2,nr-historical-relations-j1.0.0
2026-06-11|39|9|44,2026-06-11,2026,39,New York 10:30,1,224260,9,44,Quiniela Real,1,224225,9|14|30|41|46|62|78|94,9|14|30|41|46|62|78|94,1,7|9|22|29|35|42|44|53|63|70|90,2,7,1,5,41|57|91|94,False,,,,0,nr-historical-relations-j1.0.0
2026-06-11|39|41|71,2026-06-11,2026,39,New York 10:30,1,224260,41,71,Quiniela Leidsa,1,224256,9|14|30|41|46|62|78|94,9|14|30|41|46|62|78|94,4,12|41|56|71|89,2,4,1,5,9|57|91|94,False,,,,0,nr-historical-relations-j1.0.0
2026-06-11|30|57|69,2026-06-11,2026,30,New York 2:30,1,224229,57,69,Loteria Nacional,1,224258,25|57,25|57,2,11|57|69|91,2,3,1,5,9|41|91|94,True,3,New York 10:30,1,1,nr-historical-relations-j1.0.0
2026-06-11|44|91|69,2026-06-11,2026,44,Quiniela Real,1,224225,91,69,Loteria Nacional,1,224258,22|59|70|75|91,22|59|70|75|91,5,11|57|69|91,4,3,1,5,9|41|57|94,False,,,,0,nr-historical-relations-j1.0.0
2026-06-11|39|94|84,2026-06-11,2026,39,New York 10:30,1,224260,94,84,Quiniela Loteka,1,224245,9|14|30|41|46|62|78|94,9|14|30|41|46|62|78|94,8,58|84|94,3,2,1,5,9|41|57|91,True,1,Loteria Nacional,1,1,nr-historical-relations-j1.0.0
2026-06-12|37|42|53,2026-06-12,2026,37,Quiniela Loteka,1,224295,42,53,Quiniela Leidsa,1,224299,5|10|42,5|10|42,3,7|9|22|29|35|42|44|53|63|70|90,6,8,1,2,84,True,2,Gana Mas,2,2,nr-historical-relations-j1.0.0
2026-06-12|47|84|94,2026-06-12,2026,47,New York 10:30,1,224303,84,94,Loteria Nacional,1,224298,4|36|68|79|84,4|36|68|79|84,5,58|84|94,2,3,1,2,42,False,,,,0,nr-historical-relations-j1.0.0
2026-06-13|49|83|30,2026-06-13,2026,49,New York 2:30,1,224322,83,30,Loteria Nacional,1,224340,35|40|83,35|40|83,3,3|30|83,3,2,1,1,,True,1,Loteria Nacional,3,2,nr-historical-relations-j1.0.0
2026-06-14|49|83|30,2026-06-14,2026,49,Quiniela Real,1,224364,83,30,New York 2:30,1,224367,35|40|83,35|40|83,3,3|30|83,3,2,1,1,,True,3,Quiniela Real,2,1,nr-historical-relations-j1.0.0
2026-06-15|49|35|44,2026-06-15,2026,49,New York 2:30,1,224409,35,44,Gana Mas,1,224410,35|40|83,35|40|83,1,7|9|22|29|35|42|44|53|63|70|90,5,7,1,2,53,True,3,New York 10:30,1,1,nr-historical-relations-j1.0.0
2026-06-15|28|53|44,2026-06-15,2026,28,Loteria Nacional,1,224430,53,44,Gana Mas,1,224410,21|26|53,21|26|53,3,7|9|22|29|35|42|44|53|63|70|90,8,7,1,2,35,True,4,Quiniela Leidsa,3,2,nr-historical-relations-j1.0.0
2026-06-16|40|8|80,2026-06-16,2026,40,New York 10:30,1,224476,8,80,Quiniela Leidsa,1,224473,8|19|51|56|67|72,8|19|51|56|67|72,1,8|80,1,2,1,1,,False,,,,0,nr-historical-relations-j1.0.0
2026-06-17|44|22|63,2026-06-17,2026,44,Quiniela Leidsa,1,224515,22,63,Loteria Nacional,1,224516,22|59|70|75|91,22|59|70|75|91,1,7|9|22|29|35|42|44|53|63|70|90,3,9,1,2,70,False,,,,0,nr-historical-relations-j1.0.0
2026-06-17|44|70|63,2026-06-17,2026,44,Quiniela Leidsa,1,224515,70,63,Loteria Nacional,1,224516,22|59|70|75|91,22|59|70|75|91,3,7|9|22|29|35|42|44|53|63|70|90,10,9,1,2,22,True,2,Quiniela Loteka,3,6,nr-historical-relations-j1.0.0
2026-06-21|39|9|44,2026-06-21,2026,39,New York 2:30,1,224680,9,44,Loteria Nacional,1,224692,9|14|30|41|46|62|78|94,9|14|30|41|46|62|78|94,1,7|9|22|29|35|42|44|53|63|70|90,2,7,2,5,22|29|35|75,False,,,,0,nr-historical-relations-j1.0.0
2026-06-21|39|9|70,2026-06-21,2026,39,New York 2:30,1,224680,9,70,Quiniela Leidsa,1,224686,9|14|30|41|46|62|78|94,9|14|30|41|46|62|78|94,1,7|9|22|29|35|42|44|53|63|70|90,2,10,2,5,22|29|35|75,False,,,,0,nr-historical-relations-j1.0.0
2026-06-21|44|22|70,2026-06-21,2026,44,Loteria Nacional,1,224692,22,70,Quiniela Leidsa,1,224686,22|59|70|75|91,22|59|70|75|91,1,7|9|22|29|35|42|44|53|63|70|90,3,10,1,5,9|29|35|75,False,,,,0,nr-historical-relations-j1.0.0
2026-06-21|41|29|44,2026-06-21,2026,41,Gana Mas,1,224681,29,44,Loteria Nacional,1,224692,13|29|93,13|29|93,2,7|9|22|29|35|42|44|53|63|70|90,4,7,2,5,9|22|35|75,True,2,Quiniela Leidsa,1,1,nr-historical-relations-j1.0.0
2026-06-21|41|29|70,2026-06-21,2026,41,Gana Mas,1,224681,29,70,Quiniela Leidsa,1,224686,13|29|93,13|29|93,2,7|9|22|29|35|42|44|53|63|70|90,4,10,2,5,9|22|35|75,True,2,Quiniela Leidsa,1,1,nr-historical-relations-j1.0.0
2026-06-21|49|35|44,2026-06-21,2026,49,Quiniela Real,1,224676,35,44,Loteria Nacional,1,224692,35|40|83,35|40|83,1,7|9|22|29|35|42|44|53|63|70|90,5,7,2,5,9|22|29|75,True,2,Loteria Nacional,1,1,nr-historical-relations-j1.0.0
2026-06-21|49|35|70,2026-06-21,2026,49,Quiniela Real,1,224676,35,70,Quiniela Leidsa,1,224686,35|40|83,35|40|83,1,7|9|22|29|35|42|44|53|63|70|90,5,10,2,5,9|22|29|75,True,2,Loteria Nacional,1,1,nr-historical-relations-j1.0.0
2026-06-21|44|75|62,2026-06-21,2026,44,Loteria Nacional,1,224692,75,62,Quiniela Loteka,1,224700,22|59|70|75|91,22|59|70|75|91,4,62|75,2,1,1,5,9|22|29|35,True,4,Quiniela Leidsa,2,4,nr-historical-relations-j1.0.0
2026-06-23|35|54|14,2026-06-23,2026,35,Loteria Nacional,1,224790,54,14,Quiniela Loteka,1,224784,6|11|43|54|86,6|11|43|54|86,4,14|54,2,1,1,1,,True,1,Quiniela Loteka,1,2,nr-historical-relations-j1.0.0
2026-06-24|47|79|88,2026-06-24,2026,47,Loteria Nacional,1,224833,79,88,Quiniela Leidsa,1,224831,4|36|68|79|84,4|36|68|79|84,4,67|79|88,2,3,1,1,,False,,,,0,nr-historical-relations-j1.0.0
2026-06-25|39|9|90,2026-06-25,2026,39,Quiniela Leidsa,1,224874,9,90,Quiniela Real,1,224851,9|14|30|41|46|62|78|94,9|14|30|41|46|62|78|94,1,7|9|22|29|35|42|44|53|63|70|90,2,11,1,2,94,True,7,Loteria Nacional,1,1,nr-historical-relations-j1.0.0
2026-06-25|39|94|58,2026-06-25,2026,39,Quiniela Leidsa,1,224874,94,58,New York 2:30,1,224855,9|14|30|41|46|62|78|94,9|14|30|41|46|62|78|94,8,58|84|94,3,1,1,2,9,True,3,Quiniela Leidsa,2,3,nr-historical-relations-j1.0.0
2026-06-29|42|23|73,2026-06-29,2026,42,New York 10:30,1,225051,23,73,Quiniela Real,1,225023,7|18|23|50|55|66|71,7|18|23|50|55|66|71,3,23|28|73|77|87,1,3,1,2,48,True,2,Loteria Nacional,1,4,nr-historical-relations-j1.0.0
2026-06-29|36|48|97,2026-06-29,2026,36,New York 2:30,1,225027,48,97,Loteria Nacional,2,225049,32|48|64|85,32|48|64|85,2,48|93|97,1,3,1,2,23,True,6,New York 10:30,2,1,nr-historical-relations-j1.0.0
2026-07-01|43|28|23,2026-07-01,2026,43,Quiniela Leidsa,1,225141,28,23,Loteria Nacional,1,225145,12|28|44|60|81|92,12|28|44|60|81|92,2,23|28|73|77|87,2,1,1,1,,True,2,Quiniela Loteka,1,2,nr-historical-relations-j1.0.0
2026-07-06|39|9|53,2026-07-06,2026,39,Quiniela Loteka,1,225354,9,53,Quiniela Leidsa,1,225358,9|14|30|41|46|62|78|94,9|14|30|41|46|62|78|94,1,7|9|22|29|35|42|44|53|63|70|90,2,8,1,4,63|74|90,True,3,Quiniela Real,1,2,nr-historical-relations-j1.0.0
2026-07-06|38|63|9,2026-07-06,2026,38,New York 2:30,1,225338,63,9,Gana Mas,2,225339,20|31|47|52|63|100,20|31|47|52|63|100,5,7|9|22|29|35|42|44|53|63|70|90,9,2,2,4,9|74|90,False,,,,0,nr-historical-relations-j1.0.0
2026-07-06|38|63|53,2026-07-06,2026,38,New York 2:30,1,225338,63,53,Quiniela Leidsa,1,225358,20|31|47|52|63|100,20|31|47|52|63|100,5,7|9|22|29|35|42|44|53|63|70|90,9,8,2,4,9|74|90,False,,,,0,nr-historical-relations-j1.0.0
2026-07-06|46|74|31,2026-07-06,2026,46,New York 10:30,1,225362,74,31,Quiniela Real,1,225334,37|58|74|90,37|58|74|90,3,31|74,2,1,1,4,9|63|90,True,1,Quiniela Real,2,1,nr-historical-relations-j1.0.0
2026-07-06|46|90|9,2026-07-06,2026,46,New York 10:30,1,225362,90,9,Gana Mas,2,225339,37|58|74|90,37|58|74|90,4,7|9|22|29|35|42|44|53|63|70|90,11,2,2,4,9|63|74,False,,,,0,nr-historical-relations-j1.0.0
2026-07-06|46|90|53,2026-07-06,2026,46,New York 10:30,1,225362,90,53,Quiniela Leidsa,1,225358,37|58|74|90,37|58|74|90,4,7|9|22|29|35|42|44|53|63|70|90,11,8,2,4,9|63|74,False,,,,0,nr-historical-relations-j1.0.0
2026-07-09|42|7|9,2026-07-09,2026,42,Loteria Nacional,1,225501,7,9,Quiniela Real,1,225475,7|18|23|50|55|66|71,7|18|23|50|55|66|71,1,7|9|22|29|35|42|44|53|63|70|90,1,2,3,2,23,True,1,Quiniela Leidsa,2,1,nr-historical-relations-j1.0.0
2026-07-09|42|7|22,2026-07-09,2026,42,Loteria Nacional,1,225501,7,22,New York 2:30,1,225479,7|18|23|50|55|66|71,7|18|23|50|55|66|71,1,7|9|22|29|35|42|44|53|63|70|90,1,3,3,2,23,True,1,Quiniela Leidsa,2,1,nr-historical-relations-j1.0.0
2026-07-09|42|7|53,2026-07-09,2026,42,Loteria Nacional,1,225501,7,53,Quiniela Loteka,1,225495,7|18|23|50|55|66|71,7|18|23|50|55|66|71,1,7|9|22|29|35|42|44|53|63|70|90,1,8,3,2,23,True,1,Quiniela Leidsa,2,1,nr-historical-relations-j1.0.0
2026-07-09|42|23|77,2026-07-09,2026,42,Loteria Nacional,1,225501,23,77,Quiniela Leidsa,1,225500,7|18|23|50|55|66|71,7|18|23|50|55|66|71,3,23|28|73|77|87,1,4,1,2,7,True,4,Quiniela Loteka,2,1,nr-historical-relations-j1.0.0
2026-07-10|39|41|89,2026-07-10,2026,39,New York 10:30,1,225546,41,89,Loteria Nacional,1,225540,9|14|30|41|46|62|78|94,9|14|30|41|46|62|78|94,4,12|41|56|71|89,2,5,1,3,56|67,True,1,New York 10:30,2,2,nr-historical-relations-j1.0.0
2026-07-10|40|56|89,2026-07-10,2026,40,Gana Mas,1,225523,56,89,Loteria Nacional,1,225540,8|19|51|56|67|72,8|19|51|56|67|72,4,12|41|56|71|89,3,5,1,3,41|67,True,2,New York 2:30,1,3,nr-historical-relations-j1.0.0
2026-07-10|40|67|88,2026-07-10,2026,40,Gana Mas,1,225523,67,88,Quiniela Loteka,1,225538,8|19|51|56|67|72,8|19|51|56|67|72,5,67|79|88,1,3,1,3,41|56,True,3,Gana Mas,2,1,nr-historical-relations-j1.0.0
2026-07-11|49|40|4,2026-07-11,2026,49,Quiniela Loteka,1,225588,40,4,New York 2:30,1,225565,35|40|83,35|40|83,2,4|40,2,1,1,2,83,True,3,New York 2:30,1,1,nr-historical-relations-j1.0.0
2026-07-11|49|83|3,2026-07-11,2026,49,Quiniela Loteka,1,225588,83,3,Quiniela Leidsa,1,225584,35|40|83,35|40|83,3,3|30|83,3,1,1,2,40,True,1,New York 10:30,1,1,nr-historical-relations-j1.0.0
2026-07-14|39|46|19,2026-07-14,2026,39,Quiniela Real,1,225691,46,19,Loteria Nacional,1,225715,9|14|30|41|46|62|78|94,9|14|30|41|46|62|78|94,5,19|46|86,2,1,1,3,62|94,True,2,Quiniela Loteka,3,1,nr-historical-relations-j1.0.0
2026-07-14|39|62|75,2026-07-14,2026,39,Quiniela Real,1,225691,62,75,Gana Mas,1,225696,9|14|30|41|46|62|78|94,9|14|30|41|46|62|78|94,6,62|75,1,2,1,3,46|94,True,3,New York 10:30,2,3,nr-historical-relations-j1.0.0
2026-07-14|39|94|58,2026-07-14,2026,39,Quiniela Real,1,225691,94,58,Quiniela Loteka,1,225711,9|14|30|41|46|62|78|94,9|14|30|41|46|62|78|94,8,58|84|94,3,1,1,3,46|62,True,1,Gana Mas,3,1,nr-historical-relations-j1.0.0
