case_date,fuerte,origin,confirmer,first_day_offset,first_date,first_lottery,first_draw_position,first_position_label,total_appearances,distinct_days,distinct_lotteries,source_reference
2019-07-24,7,42,9,2,2019-07-26,Quiniela Leidsa,1,1ro,2,2,2,116735
2019-07-24,7,42,70,2,2019-07-26,Quiniela Leidsa,1,1ro,2,2,2,116735
2019-07-24,50,42,5,5,2019-07-29,New York 2:30,1,1ro,1,1,1,47625
2019-07-27,11,35,91,1,2019-07-28,New York 2:30,1,1ro,4,4,3,47626
2019-07-27,90,46,35,5,2019-08-01,Quiniela Leidsa,2,2do,2,2,2,116729
2019-07-29,10,37,1,2,2019-07-31,New York 10:30,1,1ro,2,2,2,50086
2019-07-30,93,41,97,6,2019-08-05,Quiniela Real,1,1ro,1,1,1,36035
2019-08-01,23,42,73,2,2019-08-03,Quiniela Leidsa,3,3ro,1,1,1,116727
2019-08-01,71,42,89,1,2019-08-02,Gana Mas,2,2do,3,3,3,163137
2019-08-04,12,43,71,1,2019-08-05,Quiniela Real,3,3ro,1,1,1,36035
2019-08-04,60,43,6,1,2019-08-05,Gana Mas,3,3ro,2,2,2,163134
2019-08-06,72,40,34,1,2019-08-07,Gana Mas,3,3ro,2,2,2,163132
2019-08-06,72,40,59,1,2019-08-07,Gana Mas,3,3ro,2,2,2,163132
2019-08-07,53,28,29,4,2019-08-11,Quiniela Loteka,2,2do,1,1,1,1278
2019-08-09,96,54,15,1,2019-08-10,Quiniela Real,1,1ro,1,1,1,36030
2019-08-10,77,32,73,5,2019-08-15,Quiniela Loteka,1,1ro,1,1,1,1274
2019-08-11,29,41,9,1,2019-08-12,Gana Mas,2,2do,2,2,2,163127
2019-08-11,42,37,9,2,2019-08-13,Quiniela Leidsa,2,2do,2,2,2,116717
2019-08-11,89,48,41,1,2019-08-12,Quiniela Loteka,3,3ro,3,2,3,1277
2019-08-11,93,41,48,1,2019-08-12,New York 10:30,2,2do,1,1,1,50074
2019-08-12,85,36,52,2,2019-08-14,Quiniela Real,1,1ro,1,1,1,36026
2019-08-13,84,47,94,1,2019-08-14,New York 2:30,3,3ro,3,2,3,47609
2019-08-14,52,38,85,3,2019-08-17,Loteria Nacional,2,2do,1,1,1,109192
2019-08-15,87,33,77,6,2019-08-21,New York 10:30,3,3ro,2,2,2,50065
2019-08-17,71,42,12,1,2019-08-18,Quiniela Loteka,3,3ro,1,1,1,1271
2019-08-18,22,44,7,2,2019-08-20,New York 2:30,1,1ro,2,2,1,47603
2019-08-21,80,45,8,4,2019-08-25,New York 2:30,3,3ro,2,1,2,47598
2019-08-26,50,42,5,3,2019-08-29,Quiniela Leidsa,2,2do,5,2,4,116701
2019-08-27,28,43,77,5,2019-09-01,Quiniela Leidsa,1,1ro,1,1,1,116698
2019-08-27,44,43,53,4,2019-08-31,Gana Mas,2,2do,1,1,1,163109
2019-08-27,44,43,63,4,2019-08-31,Gana Mas,2,2do,1,1,1,163109
2019-08-28,10,37,1,1,2019-08-29,Gana Mas,2,2do,5,4,3,163111
2019-08-28,42,37,29,4,2019-09-01,Quiniela Real,2,2do,1,1,1,36008
2019-09-03,40,49,4,5,2019-09-08,Quiniela Loteka,3,3ro,1,1,1,1250
2019-09-07,34,51,59,3,2019-09-10,Loteria Nacional,3,3ro,3,3,3,109168
2019-09-07,91,44,57,1,2019-09-08,Quiniela Real,1,1ro,3,3,3,36001
2019-09-08,11,35,91,2,2019-09-10,Quiniela Real,2,2do,2,2,2,35999
2019-09-08,53,28,35,2,2019-09-10,New York 10:30,2,2do,2,2,2,50045
2019-09-11,42,37,22,1,2019-09-12,New York 2:30,2,2do,2,2,2,47580
2019-09-11,65,52,37,7,2019-09-18,Quiniela Leidsa,2,2do,1,1,1,116681
2019-09-11,76,34,27,3,2019-09-14,Loteria Nacional,1,1ro,2,2,1,109164
2019-09-12,76,34,68,2,2019-09-14,Loteria Nacional,1,1ro,2,2,1,109164
2019-09-14,16,27,25,5,2019-09-19,Quiniela Loteka,1,1ro,1,1,1,1239
2019-09-15,56,40,89,3,2019-09-18,Quiniela Real,3,3ro,2,2,2,35991
2019-09-16,60,43,6,4,2019-09-20,Quiniela Leidsa,2,2do,2,2,2,116679
2019-09-19,9,39,70,3,2019-09-22,Quiniela Leidsa,3,3ro,3,3,2,116677
2019-09-19,25,30,16,3,2019-09-22,Quiniela Real,1,1ro,1,1,1,35987
2019-09-20,7,42,35,6,2019-09-26,Quiniela Real,2,2do,1,1,1,35983
2019-09-20,11,35,57,5,2019-09-25,New York 2:30,1,1ro,1,1,1,47567
2019-09-20,86,35,19,1,2019-09-21,New York 2:30,3,3ro,3,3,2,47571
2019-09-21,87,33,28,4,2019-09-25,Loteria Nacional,2,2do,1,1,1,109154
2019-09-21,87,33,77,4,2019-09-25,Loteria Nacional,2,2do,1,1,1,109154
2019-09-22,57,30,91,5,2019-09-27,Gana Mas,2,2do,3,2,3,163085
2019-09-23,76,34,27,2,2019-09-25,Loteria Nacional,3,3ro,2,2,2,109154
2019-09-23,87,33,23,2,2019-09-25,Loteria Nacional,2,2do,1,1,1,109154
2019-09-25,69,45,11,2,2019-09-27,New York 2:30,1,1ro,3,2,2,47565
2019-09-25,80,45,8,2,2019-09-27,New York 10:30,1,1ro,2,2,2,50028
2019-09-26,26,28,59,3,2019-09-29,New York 2:30,1,1ro,2,2,2,47563
2019-09-28,69,45,57,4,2019-10-02,Loteria Nacional,2,2do,2,1,1,109147
2019-09-28,69,45,91,4,2019-10-02,Loteria Nacional,2,2do,2,1,1,109147
2019-09-29,27,26,92,3,2019-10-02,Quiniela Real,3,3ro,1,1,1,35977
2019-09-30,56,40,71,2,2019-10-02,Quiniela Loteka,3,3ro,2,2,1,1226
2019-10-02,87,33,77,1,2019-10-03,Quiniela Leidsa,3,3ro,3,3,2,116666
2019-10-03,56,40,89,4,2019-10-07,Quiniela Loteka,3,3ro,4,3,2,1221
2019-10-06,35,49,70,5,2019-10-11,Loteria Nacional,2,2do,1,1,1,109138
2019-10-08,12,43,56,4,2019-10-12,Gana Mas,1,1ro,2,1,2,163070
2019-10-08,17,34,13,2,2019-10-10,Loteria Nacional,2,2do,2,2,1,109139
2019-10-09,57,30,91,7,2019-10-16,Loteria Nacional,2,2do,1,1,1,109133
2019-10-14,3,31,30,7,2019-10-21,New York 10:30,3,3ro,1,1,1,50004
2019-10-15,7,42,22,4,2019-10-19,Quiniela Loteka,2,2do,2,2,2,1209
2019-10-19,91,44,69,2,2019-10-21,New York 10:30,2,2do,1,1,1,50004
2019-10-22,89,48,71,1,2019-10-23,Quiniela Loteka,1,1ro,4,3,3,1205
2019-10-23,3,31,30,3,2019-10-26,Loteria Nacional,2,2do,3,3,3,109123
2019-10-24,3,31,30,2,2019-10-26,Loteria Nacional,2,2do,3,3,3,109123
2019-10-25,27,26,76,1,2019-10-26,New York 10:30,3,3ro,1,1,1,49999
2019-10-25,29,41,53,4,2019-10-29,Gana Mas,3,3ro,4,3,2,163053
2019-10-26,63,38,53,6,2019-11-01,Quiniela Leidsa,1,1ro,1,1,1,116637
2019-10-26,63,38,90,6,2019-11-01,Quiniela Leidsa,1,1ro,1,1,1,116637
2019-10-29,34,51,59,7,2019-11-05,New York 10:30,1,1ro,1,1,1,49989
2019-10-31,44,43,29,2,2019-11-02,Quiniela Leidsa,2,2do,1,1,1,116636
2019-11-03,29,41,63,3,2019-11-06,Loteria Nacional,3,3ro,1,1,1,109112
2019-11-03,88,31,79,6,2019-11-09,Loteria Nacional,1,1ro,1,1,1,109109
2019-11-09,29,41,63,2,2019-11-11,Quiniela Loteka,3,3ro,1,1,1,1186
2019-11-09,67,40,88,1,2019-11-10,Quiniela Real,3,3ro,4,3,3,35938
2019-11-12,23,42,77,3,2019-11-15,Quiniela Real,3,3ro,2,2,2,35933
2019-11-13,20,38,2,6,2019-11-19,Loteria Nacional,2,2do,1,1,1,109099
2019-11-14,53,28,22,1,2019-11-15,Quiniela Loteka,3,3ro,1,1,1,1182
2019-11-14,90,46,22,1,2019-11-15,Loteria Nacional,3,3ro,2,2,1,109103
2019-11-16,96,54,15,1,2019-11-17,Loteria Nacional,3,3ro,3,3,2,109101
2019-11-17,29,41,22,1,2019-11-18,Loteria Nacional,3,3ro,1,1,1,109100
2019-11-19,72,40,26,3,2019-11-22,Quiniela Loteka,3,3ro,1,1,1,1175
2019-11-21,71,42,89,5,2019-11-26,Gana Mas,3,3ro,1,1,1,163027
2019-11-22,29,41,9,3,2019-11-25,Loteria Nacional,2,2do,1,1,1,109093
2019-11-22,29,41,63,3,2019-11-25,Loteria Nacional,2,2do,1,1,1,109093
2019-11-23,35,49,53,3,2019-11-26,Quiniela Real,1,1ro,1,1,1,35922
2019-11-25,79,47,67,1,2019-11-26,Loteria Nacional,3,3ro,2,2,2,109092
2019-11-26,94,39,84,5,2019-12-01,Gana Mas,1,1ro,3,2,3,163022
2019-11-27,93,41,48,5,2019-12-02,Quiniela Leidsa,3,3ro,4,3,4,116606
2019-12-04,53,28,70,1,2019-12-05,Loteria Nacional,1,1ro,1,1,1,109083
2019-12-05,7,42,29,2,2019-12-07,Quiniela Real,2,2do,5,3,4,35911
2019-12-05,7,42,53,2,2019-12-07,Quiniela Real,2,2do,5,3,4,35911
2019-12-07,27,26,68,4,2019-12-11,Loteria Nacional,2,2do,4,2,3,109077
2019-12-07,27,26,92,4,2019-12-11,Loteria Nacional,2,2do,4,2,3,109077
2019-12-08,76,34,68,5,2019-12-13,Gana Mas,1,1ro,1,1,1,163011
2019-12-10,12,43,56,2,2019-12-12,Loteria Nacional,1,1ro,1,1,1,109076
2019-12-10,28,43,73,7,2019-12-17,New York 2:30,3,3ro,1,1,1,47484
2019-12-10,41,39,56,1,2019-12-11,Quiniela Real,2,2do,1,1,1,35907
2019-12-13,44,43,35,6,2019-12-19,Quiniela Real,2,2do,1,1,1,35899
2019-12-13,92,43,27,6,2019-12-19,Quiniela Loteka,2,2do,2,2,2,1148
2019-12-13,92,43,76,6,2019-12-19,Quiniela Loteka,2,2do,2,2,2,1148
2019-12-14,85,36,52,6,2019-12-20,Gana Mas,3,3ro,2,1,2,163004
2019-12-16,34,51,72,2,2019-12-18,Quiniela Loteka,1,1ro,1,1,1,1149
2019-12-19,48,36,93,1,2019-12-20,New York 2:30,1,1ro,2,2,1,47481
2019-12-20,77,32,73,2,2019-12-22,Quiniela Real,1,1ro,1,1,1,35896
2019-12-20,89,48,12,3,2019-12-23,Loteria Nacional,2,2do,1,1,1,109065
2019-12-24,79,47,88,1,2019-12-25,New York 10:30,3,3ro,4,4,4,49939
2019-12-27,1,34,10,7,2020-01-03,Quiniela Real,2,2do,1,1,1,35884
2019-12-27,42,37,35,1,2019-12-28,Quiniela Real,2,2do,1,1,1,35890
2019-12-28,54,35,14,3,2019-12-31,Quiniela Real,2,2do,2,2,2,35887
2020-01-06,26,28,72,1,2020-01-07,Gana Mas,3,3ro,3,3,2,162990
2020-01-07,9,39,44,4,2020-01-11,Quiniela Loteka,2,2do,1,1,1,1130
2020-01-07,90,46,44,2,2020-01-09,Gana Mas,1,1ro,1,1,1,162988
2020-01-07,91,44,69,3,2020-01-10,Gana Mas,2,2do,4,3,3,162987
2020-01-07,94,39,58,1,2020-01-08,Quiniela Real,1,1ro,2,2,2,35879
2020-01-08,73,48,23,6,2020-01-14,New York 10:30,3,3ro,1,1,1,49919
2020-01-10,8,40,80,2,2020-01-12,Loteria Nacional,3,3ro,3,3,2,109049
2020-01-10,77,32,23,6,2020-01-16,New York 10:30,3,3ro,1,1,1,49917
2020-01-20,31,38,74,1,2020-01-21,New York 2:30,2,2do,2,2,1,47449
2020-01-20,52,38,85,4,2020-01-24,New York 10:30,2,2do,1,1,1,49909
2020-01-20,63,38,44,6,2020-01-26,New York 2:30,2,2do,2,2,2,47444
2020-01-22,31,38,74,3,2020-01-25,New York 2:30,1,1ro,3,3,3,47445
2020-01-22,52,38,85,2,2020-01-24,New York 10:30,2,2do,1,1,1,49909
2020-01-22,63,38,70,4,2020-01-26,New York 2:30,2,2do,2,2,2,47444
2020-01-26,70,44,7,7,2020-02-02,New York 2:30,3,3ro,1,1,1,47437
2020-01-29,75,44,62,3,2020-02-01,Loteria Nacional,2,2do,2,2,2,109030
2020-01-30,71,42,89,3,2020-02-02,Quiniela Leidsa,3,3ro,2,2,2,116551
2020-01-31,2,33,20,6,2020-02-06,New York 2:30,2,2do,1,1,1,47433
2020-02-02,73,48,23,3,2020-02-05,New York 10:30,2,2do,1,1,1,49897
2020-02-08,54,35,14,3,2020-02-11,Quiniela Leidsa,2,2do,1,1,1,116545
2020-02-08,80,45,8,4,2020-02-12,Quiniela Real,1,1ro,1,1,1,35844
2020-02-09,40,49,4,2,2020-02-11,New York 10:30,2,2do,1,1,1,49891
2020-02-11,35,49,63,2,2020-02-13,Quiniela Leidsa,1,1ro,4,3,4,116543
2020-02-13,11,35,57,4,2020-02-17,Quiniela Real,3,3ro,2,2,2,35840
2020-02-17,11,35,69,2,2020-02-19,Quiniela Leidsa,3,3ro,1,1,1,116538
2020-02-17,77,32,23,4,2020-02-21,Gana Mas,1,1ro,1,1,1,162949
2020-02-21,11,35,91,4,2020-02-25,Quiniela Leidsa,1,1ro,1,1,1,116532
2020-02-21,28,43,77,1,2020-02-22,Loteria Nacional,3,3ro,2,1,2,109010
2020-02-21,92,43,27,1,2020-02-22,Loteria Nacional,1,1ro,3,2,3,109010
2020-02-23,44,43,63,7,2020-03-01,Gana Mas,3,3ro,1,1,1,162941
2020-02-24,58,46,84,6,2020-03-01,New York 10:30,1,1ro,1,1,1,49872
2020-02-24,90,46,63,1,2020-02-25,Quiniela Loteka,1,1ro,3,3,2,1090
2020-02-25,35,49,90,4,2020-02-29,Quiniela Loteka,3,3ro,1,1,1,1086
2020-02-27,48,36,97,2,2020-02-29,New York 10:30,3,3ro,3,2,3,49873
2020-02-28,2,33,20,2,2020-03-01,New York 2:30,2,2do,3,2,3,47409
2020-02-28,87,33,23,1,2020-02-29,Loteria Nacional,2,2do,3,2,3,109004
2020-03-01,56,40,71,7,2020-03-08,Gana Mas,1,1ro,1,1,1,162935
2020-03-02,22,44,90,4,2020-03-06,New York 10:30,1,1ro,1,1,1,49867
2020-03-02,70,44,90,4,2020-03-06,Quiniela Real,3,3ro,2,2,2,35822
2020-03-03,4,47,40,5,2020-03-08,New York 10:30,1,1ro,2,2,2,49865
2020-03-08,29,41,70,4,2020-03-12,New York 2:30,1,1ro,1,1,1,47398
2020-03-10,53,28,70,2,2020-03-12,New York 2:30,2,2do,4,4,3,47398
2020-03-11,8,40,80,6,2020-03-17,New York 2:30,3,3ro,2,2,2,47393
2020-03-11,85,36,81,4,2020-03-15,New York 10:30,1,1ro,2,2,2,49858
2020-03-14,9,39,53,6,2020-03-20,New York 2:30,1,1ro,1,1,1,47390
2020-03-14,44,43,53,2,2020-03-16,Gana Mas,1,1ro,1,1,1,162928
2020-03-16,42,37,44,1,2020-03-17,Quiniela Loteka,3,3ro,3,2,3,1072
2020-03-16,73,48,77,2,2020-03-18,Quiniela Leidsa,1,1ro,2,2,2,116513
2020-04-03,35,49,90,7,2020-04-10,New York 10:30,1,1ro,1,1,1,49832
2020-04-25,69,45,57,6,2020-05-01,Quiniela Loteka,2,2do,2,2,2,1060
2020-05-03,29,41,7,3,2020-05-06,Quiniela Loteka,1,1ro,2,2,2,1057
2020-05-03,42,37,7,3,2020-05-06,New York 2:30,2,2do,2,2,1,47343
2020-05-28,76,34,68,7,2020-06-04,Loteria Nacional,2,2do,1,1,1,108985
2020-06-03,22,44,63,6,2020-06-09,Quiniela Loteka,3,3ro,1,1,1,1045
2020-06-03,70,44,63,3,2020-06-06,Quiniela Leidsa,3,3ro,2,2,2,116490
2020-06-07,58,46,94,3,2020-06-10,New York 10:30,2,2do,2,2,2,49771
2020-06-08,85,36,52,2,2020-06-10,Quiniela Leidsa,1,1ro,1,1,1,116486
2020-06-09,28,43,87,4,2020-06-13,Gana Mas,2,2do,3,3,2,162916
2020-06-09,94,39,84,4,2020-06-13,Loteria Nacional,1,1ro,1,1,1,108976
2020-06-10,7,42,29,7,2020-06-17,Gana Mas,1,1ro,1,1,1,162912
2020-06-10,15,29,96,3,2020-06-13,Quiniela Real,2,2do,2,2,1,35800
2020-06-10,52,38,85,1,2020-06-11,Quiniela Real,3,3ro,4,3,4,35802
2020-06-11,44,43,70,3,2020-06-14,New York 10:30,3,3ro,2,1,2,49767
2020-06-14,70,44,35,1,2020-06-15,Loteria Nacional,1,1ro,2,2,2,108974
2020-06-16,42,37,29,6,2020-06-22,Loteria Nacional,2,2do,1,1,1,108967
2020-06-18,76,34,27,1,2020-06-19,Quiniela Leidsa,1,1ro,1,1,1,116477
2020-06-20,65,52,37,1,2020-06-21,Gana Mas,1,1ro,3,2,2,162909
2020-06-21,92,43,68,5,2020-06-26,New York 2:30,1,1ro,1,1,1,47292
2020-06-22,44,43,9,1,2020-06-23,Quiniela Leidsa,1,1ro,4,3,3,116473
2020-06-22,60,43,6,4,2020-06-26,Quiniela Leidsa,3,3ro,2,2,2,116470
2020-06-23,22,44,7,1,2020-06-24,Quiniela Leidsa,2,2do,2,2,1,116472
2020-06-23,22,44,9,1,2020-06-24,Quiniela Leidsa,2,2do,2,2,1,116472
2020-06-23,70,44,7,2,2020-06-25,New York 2:30,3,3ro,2,2,1,47293
2020-06-23,70,44,9,2,2020-06-25,New York 2:30,3,3ro,2,2,1,47293
2020-06-24,94,39,58,2,2020-06-26,Loteria Nacional,1,1ro,2,2,2,108963
2020-06-27,27,26,68,3,2020-06-30,Loteria Nacional,3,3ro,3,1,3,108959
2020-06-27,41,39,71,5,2020-07-02,Loteria Nacional,2,2do,4,2,3,108957
2020-06-28,82,33,65,7,2020-07-05,New York 10:30,1,1ro,1,1,1,49746
2020-06-29,19,40,86,7,2020-07-06,Quiniela Leidsa,1,1ro,1,1,1,116462
2020-07-01,76,34,68,1,2020-07-02,New York 2:30,1,1ro,2,2,2,47286
2020-07-02,29,41,7,1,2020-07-03,Quiniela Real,3,3ro,2,2,2,35780
2020-07-03,29,41,9,1,2020-07-04,New York 2:30,2,2do,1,1,1,47284
2020-07-06,12,43,89,1,2020-07-07,Quiniela Leidsa,2,2do,2,2,2,116461
2020-07-07,94,39,84,2,2020-07-09,Loteria Nacional,2,2do,1,1,1,108951
2020-07-08,87,33,77,3,2020-07-11,New York 2:30,3,3ro,4,3,2,47277
2020-07-10,59,44,26,3,2020-07-13,Quiniela Loteka,1,1ro,2,2,2,1014
2020-07-11,4,47,40,3,2020-07-14,Gana Mas,1,1ro,3,2,3,162887
2020-07-12,28,43,73,2,2020-07-14,Quiniela Real,3,3ro,2,2,2,35770
2020-07-15,12,43,89,6,2020-07-21,Loteria Nacional,3,3ro,1,1,1,108939
2020-07-15,44,43,42,2,2020-07-17,Quiniela Leidsa,1,1ro,1,1,1,116451
2020-07-15,68,47,92,5,2020-07-20,Quiniela Loteka,1,1ro,1,1,1,1007
2020-07-15,71,42,89,1,2020-07-16,New York 10:30,2,2do,3,3,3,49735
2020-07-19,84,47,94,5,2020-07-24,Quiniela Real,3,3ro,2,2,2,35760
2020-07-20,76,34,68,3,2020-07-23,New York 2:30,2,2do,1,1,1,47265
2020-07-26,8,40,80,2,2020-07-28,Gana Mas,2,2do,2,1,2,162873
2020-07-27,12,43,89,3,2020-07-30,Quiniela Real,1,1ro,1,1,1,35754
2020-07-27,28,43,23,4,2020-07-31,Quiniela Loteka,3,3ro,1,1,1,996
2020-07-29,35,49,44,5,2020-08-03,New York 2:30,3,3ro,1,1,1,47254
2020-08-01,29,41,9,2,2020-08-03,Gana Mas,3,3ro,3,2,3,162868
2020-08-06,28,43,87,7,2020-08-13,Loteria Nacional,3,3ro,2,1,2,108916
2020-08-06,44,43,29,1,2020-08-07,Loteria Nacional,1,1ro,2,2,2,108922
2020-08-06,44,43,63,1,2020-08-07,Loteria Nacional,1,1ro,2,2,2,108922
2020-08-10,7,42,29,1,2020-08-11,Quiniela Loteka,2,2do,2,2,2,987
2020-08-10,34,51,59,6,2020-08-16,Quiniela Real,2,2do,1,1,1,35737
2020-08-14,74,46,31,6,2020-08-20,Quiniela Loteka,2,2do,1,1,1,978
2020-08-16,27,26,92,7,2020-08-23,Quiniela Leidsa,3,3ro,1,1,1,116416
2020-08-21,1,34,10,3,2020-08-24,Quiniela Loteka,3,3ro,3,3,3,974
2020-08-21,17,34,13,2,2020-08-23,Quiniela Real,3,3ro,2,2,2,35730
2020-08-22,77,32,73,4,2020-08-26,Loteria Nacional,3,3ro,1,1,1,108904
2020-08-22,77,32,87,4,2020-08-26,Loteria Nacional,3,3ro,1,1,1,108904
2020-08-23,69,45,91,1,2020-08-24,Gana Mas,3,3ro,3,3,3,162849
2020-08-25,63,38,7,4,2020-08-29,New York 2:30,3,3ro,1,1,1,47228
2020-08-31,28,43,77,3,2020-09-03,New York 10:30,1,1ro,2,2,2,49686
2020-08-31,68,47,27,2,2020-09-02,Quiniela Real,2,2do,2,1,1,35720
2020-08-31,92,43,27,1,2020-09-01,Quiniela Leidsa,1,1ro,4,3,3,116407
2020-09-03,53,28,63,1,2020-09-04,Quiniela Real,3,3ro,4,4,3,35718
2020-09-05,27,26,76,2,2020-09-07,Gana Mas,2,2do,1,1,1,162836
2020-09-07,9,39,29,1,2020-09-08,New York 2:30,3,3ro,2,2,1,47218
2020-09-08,29,41,70,3,2020-09-11,Loteria Nacional,1,1ro,2,2,2,108888
2020-09-09,7,42,53,1,2020-09-10,Quiniela Real,1,1ro,2,2,1,35712
2020-09-09,7,42,63,1,2020-09-10,Quiniela Real,1,1ro,2,2,1,35712
2020-09-11,9,39,29,2,2020-09-13,New York 2:30,2,2do,3,2,2,47213
2020-09-11,9,39,90,2,2020-09-13,New York 2:30,2,2do,3,2,2,47213
2020-09-11,14,39,54,4,2020-09-15,Gana Mas,3,3ro,1,1,1,162829
2020-09-15,59,44,34,2,2020-09-17,Quiniela Leidsa,2,2do,2,2,2,116393
2020-09-18,42,37,9,3,2020-09-21,Gana Mas,2,2do,1,1,1,162823
2020-09-19,90,46,53,3,2020-09-22,Loteria Nacional,2,2do,1,1,1,108877
2020-09-20,82,33,65,3,2020-09-23,Loteria Nacional,3,3ro,1,1,1,108876
2020-09-21,44,43,70,4,2020-09-25,Loteria Nacional,1,1ro,1,1,1,108875
2020-09-21,92,43,76,6,2020-09-27,Quiniela Leidsa,2,2do,1,1,1,116383
2020-09-26,86,35,19,4,2020-09-30,New York 2:30,1,1ro,3,3,2,47196
2020-09-27,76,34,68,3,2020-09-30,Quiniela Loteka,3,3ro,3,3,2,939
2020-09-29,42,37,35,4,2020-10-03,Quiniela Loteka,3,3ro,1,1,1,936
2020-10-01,19,40,86,5,2020-10-06,Quiniela Real,1,1ro,1,1,1,35686
2020-10-01,46,39,86,6,2020-10-07,New York 10:30,3,3ro,1,1,1,49652
2020-10-02,69,45,57,7,2020-10-09,Quiniela Loteka,2,2do,1,1,1,932
2020-10-03,29,41,63,6,2020-10-09,Quiniela Loteka,3,3ro,1,1,1,932
2020-10-07,22,44,42,5,2020-10-12,Quiniela Real,1,1ro,1,1,1,35680
2020-10-07,22,44,90,5,2020-10-12,Quiniela Real,1,1ro,1,1,1,35680
2020-10-07,70,44,42,3,2020-10-10,New York 10:30,2,2do,3,2,3,49649
2020-10-07,70,44,90,3,2020-10-10,New York 10:30,2,2do,3,2,3,49649
2020-10-08,57,30,91,2,2020-10-10,Loteria Nacional,3,3ro,3,3,3,108860
2020-10-11,90,46,42,3,2020-10-14,New York 2:30,1,1ro,4,3,3,47182
2020-10-11,90,46,70,3,2020-10-14,New York 2:30,1,1ro,4,3,3,47182
2020-10-12,57,30,91,2,2020-10-14,Quiniela Loteka,3,3ro,1,1,1,927
2020-10-12,69,45,91,1,2020-10-13,Quiniela Leidsa,2,2do,3,2,3,116369
2020-10-13,41,39,89,3,2020-10-16,New York 2:30,3,3ro,1,1,1,47180
2020-10-17,3,31,30,4,2020-10-21,Quiniela Loteka,3,3ro,1,1,1,920
2020-10-17,28,43,73,6,2020-10-23,Quiniela Real,3,3ro,1,1,1,35669
2020-10-17,81,43,52,1,2020-10-18,Quiniela Loteka,1,1ro,2,2,2,923
2020-10-18,52,38,81,1,2020-10-19,Quiniela Leidsa,3,3ro,5,4,3,116363
2020-10-20,44,43,35,7,2020-10-27,Quiniela Real,3,3ro,1,1,1,35665
2020-10-20,79,47,88,3,2020-10-23,Quiniela Loteka,2,2do,2,2,1,918
2020-10-24,20,38,2,5,2020-10-29,Loteria Nacional,1,1ro,1,1,1,108841
2020-10-24,23,42,87,3,2020-10-27,Loteria Nacional,3,3ro,1,1,1,108843
2020-10-24,63,38,42,6,2020-10-30,Quiniela Real,1,1ro,2,2,1,35662
2020-10-29,58,46,94,5,2020-11-03,New York 2:30,3,3ro,1,1,1,47162
2020-10-31,91,44,69,1,2020-11-01,Quiniela Loteka,1,1ro,5,4,3,909
2020-11-02,19,40,86,1,2020-11-03,Quiniela Real,3,3ro,4,3,3,35658
2020-11-03,56,40,41,4,2020-11-07,New York 10:30,1,1ro,2,1,2,49621
2020-11-10,65,52,37,2,2020-11-12,Gana Mas,1,1ro,1,1,1,162776
2020-11-12,42,37,90,6,2020-11-18,Quiniela Real,2,2do,1,1,1,35643
2020-11-13,9,39,29,5,2020-11-18,New York 10:30,1,1ro,1,1,1,49610
2020-11-13,46,39,19,7,2020-11-20,Quiniela Loteka,1,1ro,1,1,1,892
2020-11-17,65,52,82,7,2020-11-24,Quiniela Leidsa,3,3ro,1,1,1,116329
2020-11-17,85,36,52,2,2020-11-19,Loteria Nacional,1,1ro,1,1,1,108820
2020-11-18,63,38,9,2,2020-11-20,Gana Mas,2,2do,5,4,2,162768
2020-11-19,48,36,97,3,2020-11-22,New York 10:30,3,3ro,3,2,3,49606
2020-11-20,86,35,46,2,2020-11-22,Quiniela Leidsa,3,3ro,3,3,3,116331
2020-11-20,90,46,35,3,2020-11-23,Loteria Nacional,2,2do,1,1,1,108816
2020-11-20,90,46,63,3,2020-11-23,Loteria Nacional,2,2do,1,1,1,108816
2020-11-23,92,43,76,1,2020-11-24,Loteria Nacional,3,3ro,2,1,2,108815
2020-11-25,41,39,12,2,2020-11-27,Quiniela Real,2,2do,1,1,1,35634
2020-11-28,72,40,26,3,2020-12-01,Quiniela Loteka,1,1ro,1,1,1,881
2020-11-30,5,37,50,3,2020-12-03,New York 2:30,3,3ro,2,2,1,47132
2020-12-07,28,43,77,1,2020-12-08,Gana Mas,1,1ro,1,1,1,162750
2020-12-07,81,43,85,1,2020-12-08,New York 2:30,1,1ro,2,2,2,47127
2020-12-11,82,33,37,1,2020-12-12,Gana Mas,2,2do,1,1,1,162746
2020-12-13,28,43,87,3,2020-12-16,Quiniela Real,2,2do,1,1,1,35615
2020-12-14,8,40,80,5,2020-12-19,Quiniela Real,1,1ro,2,2,2,35612
2020-12-15,27,26,92,5,2020-12-20,Gana Mas,2,2do,1,1,1,162738
2020-12-15,76,34,92,6,2020-12-21,Quiniela Leidsa,1,1ro,2,2,2,116304
2020-12-18,35,49,7,6,2020-12-24,Quiniela Real,2,2do,1,1,1,35607
2020-12-18,35,49,42,6,2020-12-24,Quiniela Real,2,2do,1,1,1,35607
2020-12-18,73,48,23,4,2020-12-22,Loteria Nacional,1,1ro,2,2,2,108787
2020-12-19,35,49,7,5,2020-12-24,Quiniela Real,2,2do,1,1,1,35607
2020-12-19,35,49,53,5,2020-12-24,Quiniela Real,2,2do,1,1,1,35607
2020-12-20,79,47,88,4,2020-12-24,Quiniela Real,3,3ro,3,2,3,35607
2020-12-23,23,42,73,4,2020-12-27,Gana Mas,1,1ro,1,1,1,162733
2020-12-23,71,42,12,3,2020-12-26,Gana Mas,3,3ro,2,2,2,162734
2021-01-03,57,30,91,4,2021-01-07,Quiniela Leidsa,2,2do,3,3,3,116292
2021-01-06,70,44,90,1,2021-01-07,Quiniela Loteka,2,2do,3,3,3,848
2021-01-07,5,37,50,1,2021-01-08,Quiniela Real,1,1ro,3,3,3,35592
2021-01-09,35,49,90,5,2021-01-14,Quiniela Leidsa,3,3ro,3,2,3,116285
2021-01-11,73,48,23,2,2021-01-13,Quiniela Leidsa,3,3ro,1,1,1,116286
2021-01-11,73,48,28,2,2021-01-13,Quiniela Leidsa,3,3ro,1,1,1,116286
2021-01-13,79,47,67,1,2021-01-14,Quiniela Leidsa,1,1ro,2,2,2,116285
2021-01-16,63,38,35,3,2021-01-19,Gana Mas,2,2do,1,1,1,162712
2021-01-16,90,46,35,1,2021-01-17,Quiniela Leidsa,3,3ro,1,1,1,116282
2021-01-17,60,43,6,6,2021-01-23,New York 2:30,3,3ro,1,1,1,47081
2021-01-18,75,44,62,1,2021-01-19,Loteria Nacional,1,1ro,2,2,2,108769
2021-01-20,73,48,87,5,2021-01-25,New York 10:30,1,1ro,1,1,1,49542
2021-01-22,58,46,84,1,2021-01-23,New York 10:30,3,3ro,3,2,2,49544
2021-01-22,74,46,31,1,2021-01-23,New York 2:30,1,1ro,3,3,3,47081
2021-01-24,27,26,76,3,2021-01-27,New York 2:30,2,2do,1,1,1,47077
2021-01-25,59,44,34,4,2021-01-29,New York 2:30,3,3ro,2,2,2,47075
2021-01-26,41,39,89,3,2021-01-29,Quiniela Real,3,3ro,2,2,2,35571
2021-01-31,42,37,44,1,2021-02-01,Quiniela Loteka,2,2do,2,2,2,823
2021-02-08,11,35,91,2,2021-02-10,Quiniela Loteka,3,3ro,2,1,2,815
2021-02-08,29,41,35,1,2021-02-09,Gana Mas,3,3ro,5,5,3,162692
2021-02-08,57,30,91,3,2021-02-11,Gana Mas,1,1ro,3,3,3,162690
2021-02-08,93,41,97,3,2021-02-11,Loteria Nacional,1,1ro,2,2,2,108752
2021-02-09,41,39,12,2,2021-02-11,Quiniela Leidsa,3,3ro,1,1,1,116258
2021-02-09,50,42,5,6,2021-02-15,New York 10:30,3,3ro,1,1,1,49521
2021-02-09,62,39,75,3,2021-02-12,Gana Mas,1,1ro,1,1,1,162689
2021-02-09,71,42,12,2,2021-02-11,Loteria Nacional,3,3ro,2,2,2,108752
2021-02-10,41,39,12,1,2021-02-11,Quiniela Leidsa,3,3ro,1,1,1,116258
2021-02-12,9,39,29,6,2021-02-18,Quiniela Leidsa,1,1ro,1,1,1,116251
2021-02-13,27,26,68,5,2021-02-18,Quiniela Loteka,3,3ro,2,2,2,807
2021-02-15,81,43,52,1,2021-02-16,Loteria Nacional,2,2do,3,3,3,108748
2021-02-15,90,46,29,6,2021-02-21,New York 10:30,1,1ro,1,1,1,49515
2021-02-17,88,31,79,5,2021-02-22,New York 10:30,2,2do,1,1,1,49514
2021-02-18,7,42,9,3,2021-02-21,Gana Mas,1,1ro,4,3,4,162681
2021-02-18,48,36,93,2,2021-02-20,New York 2:30,2,2do,2,2,1,47053
2021-02-19,20,38,2,4,2021-02-23,Quiniela Real,1,1ro,2,2,2,35546
2021-02-20,53,28,29,4,2021-02-24,Quiniela Loteka,2,2do,1,1,1,801
2021-02-20,63,38,29,3,2021-02-23,Loteria Nacional,1,1ro,2,2,2,108742
2021-02-22,34,51,26,2,2021-02-24,Quiniela Leidsa,2,2do,2,2,2,116245
2021-02-22,51,40,21,3,2021-02-25,Quiniela Leidsa,2,2do,3,3,3,116244
2021-02-22,72,40,26,3,2021-02-25,Quiniela Loteka,2,2do,1,1,1,800
2021-02-27,65,52,37,4,2021-03-03,Gana Mas,1,1ro,2,1,2,162672
2021-03-04,22,44,70,4,2021-03-08,Gana Mas,1,1ro,1,1,1,162667
2021-03-07,67,40,79,1,2021-03-08,Quiniela Leidsa,2,2do,1,1,1,116233
2021-03-09,72,40,34,5,2021-03-14,New York 2:30,2,2do,2,2,1,47031
2021-03-12,37,46,82,3,2021-03-15,Gana Mas,2,2do,2,2,2,162660
2021-03-12,71,42,89,1,2021-03-13,Gana Mas,3,3ro,4,3,3,162662
2021-03-13,48,36,97,1,2021-03-14,Quiniela Real,3,3ro,2,2,1,35527
2021-03-14,22,44,7,1,2021-03-15,Loteria Nacional,1,1ro,4,4,3,108725
2021-03-14,90,46,7,7,2021-03-21,Gana Mas,3,3ro,1,1,1,162655
2021-03-14,90,46,22,7,2021-03-21,Gana Mas,3,3ro,1,1,1,162655
2021-03-14,90,46,44,7,2021-03-21,Gana Mas,3,3ro,1,1,1,162655
2021-03-14,91,44,69,1,2021-03-15,Quiniela Leidsa,3,3ro,1,1,1,116226
2021-03-15,9,39,22,5,2021-03-20,Quiniela Leidsa,2,2do,1,1,1,116221
2021-03-18,29,41,42,7,2021-03-25,New York 2:30,2,2do,1,1,1,47020
2021-03-18,29,41,63,7,2021-03-25,New York 2:30,2,2do,1,1,1,47020
2021-03-18,71,42,41,1,2021-03-19,Quiniela Leidsa,2,2do,1,1,1,116222
2021-03-20,13,41,17,3,2021-03-23,Quiniela Loteka,3,3ro,1,1,1,774
2021-03-21,44,43,22,1,2021-03-22,Gana Mas,2,2do,4,4,3,162654
2021-03-21,92,43,27,2,2021-03-23,Quiniela Real,2,2do,4,4,3,35518
2021-03-22,29,41,35,3,2021-03-25,New York 2:30,2,2do,1,1,1,47020
2021-03-22,53,28,35,2,2021-03-24,Quiniela Real,3,3ro,1,1,1,35517
2021-03-22,73,48,28,1,2021-03-23,New York 2:30,2,2do,3,3,3,47022
2021-03-22,89,48,41,6,2021-03-28,New York 2:30,2,2do,2,2,2,47017
2021-03-22,93,41,48,2,2021-03-24,New York 10:30,1,1ro,1,1,1,49484
2021-03-23,53,28,9,1,2021-03-24,Quiniela Real,3,3ro,1,1,1,35517
2021-03-23,73,48,28,3,2021-03-26,Quiniela Real,1,1ro,2,2,2,35515
2021-03-25,35,49,44,4,2021-03-29,Gana Mas,1,1ro,3,1,3,162647
2021-03-27,44,43,63,5,2021-04-01,New York 2:30,3,3ro,1,1,1,47013
2021-04-04,28,43,23,6,2021-04-10,Quiniela Leidsa,2,2do,1,1,1,116200
2021-04-05,9,39,7,6,2021-04-11,New York 10:30,1,1ro,2,2,2,49466
2021-04-05,9,39,63,6,2021-04-11,New York 10:30,1,1ro,2,2,2,49466
2021-04-05,9,39,70,6,2021-04-11,New York 10:30,1,1ro,2,2,2,49466
2021-04-12,70,44,22,7,2021-04-19,New York 10:30,3,3ro,1,1,1,49458
2021-04-13,3,31,83,6,2021-04-19,Quiniela Real,2,2do,1,1,1,35492
2021-04-13,56,40,71,4,2021-04-17,Quiniela Leidsa,3,3ro,2,2,2,116193
2021-04-17,7,42,22,5,2021-04-22,Gana Mas,1,1ro,1,1,1,162628
2021-04-17,23,42,28,3,2021-04-20,Gana Mas,3,3ro,3,1,3,162630
2021-04-17,26,28,59,4,2021-04-21,Quiniela Leidsa,3,3ro,1,1,1,116189
2021-04-17,53,28,22,6,2021-04-23,New York 2:30,1,1ro,1,1,1,46991
2021-04-17,53,28,42,6,2021-04-23,New York 2:30,1,1ro,1,1,1,46991
2021-04-17,90,46,22,1,2021-04-18,Quiniela Real,3,3ro,2,2,2,35493
2021-04-17,90,46,42,1,2021-04-18,Quiniela Real,3,3ro,2,2,2,35493
2021-04-20,6,35,60,7,2021-04-27,Quiniela Real,1,1ro,1,1,1,35484
2021-04-20,22,44,35,4,2021-04-24,New York 2:30,2,2do,3,2,3,46990
2021-04-20,29,41,35,2,2021-04-22,Gana Mas,3,3ro,4,4,3,162628
2021-04-20,29,41,44,2,2021-04-22,Gana Mas,3,3ro,4,4,3,162628
2021-04-20,70,44,35,5,2021-04-25,Gana Mas,1,1ro,2,2,2,162625
2021-04-20,89,48,41,4,2021-04-24,Quiniela Loteka,3,3ro,2,2,2,742
2021-04-20,93,41,48,2,2021-04-22,New York 2:30,3,3ro,1,1,1,46992
2021-04-23,63,38,53,6,2021-04-29,Quiniela Real,1,1ro,1,1,1,35482
2021-04-24,9,39,29,2,2021-04-26,Quiniela Loteka,3,3ro,1,1,1,740
2021-04-28,44,43,29,5,2021-05-03,Gana Mas,2,2do,1,1,1,162618
2021-04-29,9,39,53,4,2021-05-03,Gana Mas,3,3ro,2,2,1,162618
2021-04-29,9,39,63,4,2021-05-03,Gana Mas,3,3ro,2,2,1,162618
2021-04-29,20,38,2,1,2021-04-30,New York 10:30,2,2do,3,3,3,49447
2021-04-29,63,38,53,2,2021-05-01,New York 2:30,2,2do,3,3,2,46983
2021-04-30,9,39,70,3,2021-05-03,Gana Mas,3,3ro,2,2,1,162618
2021-04-30,42,37,70,6,2021-05-06,Quiniela Leidsa,2,2do,2,2,2,116174
2021-05-01,27,26,92,4,2021-05-05,New York 10:30,3,3ro,2,2,1,49442
2021-05-03,69,45,57,2,2021-05-05,New York 10:30,1,1ro,3,3,3,49442
2021-05-07,34,51,59,3,2021-05-10,Gana Mas,1,1ro,3,3,2,162611
2021-05-08,35,49,63,3,2021-05-11,Quiniela Loteka,2,2do,2,2,1,725
2021-05-10,31,38,74,4,2021-05-14,New York 10:30,1,1ro,1,1,1,49433
2021-05-11,12,43,41,5,2021-05-16,Gana Mas,3,3ro,1,1,1,162605
2021-05-11,29,41,70,6,2021-05-17,Quiniela Loteka,3,3ro,2,2,2,719
2021-05-11,44,43,70,4,2021-05-15,Quiniela Loteka,1,1ro,1,1,1,721
2021-05-11,81,43,52,1,2021-05-12,Quiniela Real,1,1ro,1,1,1,35469
2021-05-12,82,33,65,4,2021-05-16,Quiniela Real,2,2do,1,1,1,35465
2021-05-13,1,34,10,5,2021-05-18,New York 2:30,3,3ro,3,3,2,46966
2021-05-13,76,34,68,5,2021-05-18,Quiniela Real,3,3ro,1,1,1,35463
2021-05-14,7,42,63,2,2021-05-16,New York 10:30,3,3ro,3,2,3,49431
2021-05-15,35,49,44,1,2021-05-16,Gana Mas,1,1ro,1,1,1,162605
2021-05-21,25,30,16,1,2021-05-22,Loteria Nacional,2,2do,3,2,2,108660
2021-05-21,35,49,70,5,2021-05-26,Loteria Nacional,1,1ro,1,1,1,108656
2021-05-21,83,49,30,2,2021-05-23,Quiniela Leidsa,1,1ro,1,1,1,116157
2021-05-23,34,51,59,1,2021-05-24,Gana Mas,2,2do,3,2,3,162597
2021-05-25,17,34,13,4,2021-05-29,Quiniela Leidsa,1,1ro,1,1,1,116151
2021-05-25,26,28,34,7,2021-06-01,Gana Mas,2,2do,1,1,1,162589
2021-05-25,53,28,22,6,2021-05-31,Loteria Nacional,3,3ro,2,1,2,108651
2021-05-25,76,34,27,3,2021-05-28,Quiniela Loteka,1,1ro,1,1,1,708
2021-05-27,4,47,40,4,2021-05-31,New York 10:30,3,3ro,1,1,1,49416
2021-05-28,35,49,7,3,2021-05-31,Quiniela Loteka,1,1ro,1,1,1,705
2021-05-28,35,49,70,3,2021-05-31,Quiniela Loteka,1,1ro,1,1,1,705
2021-05-29,28,43,23,6,2021-06-04,Quiniela Loteka,2,2do,2,1,1,701
2021-06-02,9,39,63,5,2021-06-07,Gana Mas,1,1ro,1,1,1,162583
2021-06-03,88,31,79,4,2021-06-07,New York 10:30,1,1ro,2,1,2,49409
2021-06-07,42,37,9,3,2021-06-10,New York 2:30,2,2do,2,2,2,46943
2021-06-07,42,37,90,3,2021-06-10,New York 2:30,2,2do,2,2,2,46943
2021-06-07,65,52,37,1,2021-06-08,Gana Mas,2,2do,1,1,1,162582
2021-06-10,35,49,90,3,2021-06-13,New York 2:30,2,2do,2,2,2,46940
2021-06-10,89,48,12,5,2021-06-15,Loteria Nacional,3,3ro,2,2,2,108639
2021-06-13,35,49,42,1,2021-06-14,Loteria Nacional,2,2do,1,1,1,108640
2021-06-16,52,38,85,3,2021-06-19,Quiniela Leidsa,3,3ro,2,2,2,116130
2021-06-21,52,38,85,1,2021-06-22,Quiniela Real,2,2do,1,1,1,35428
2021-06-25,7,42,29,2,2021-06-27,Loteria Nacional,2,2do,3,3,2,108627
2021-06-25,44,43,29,2,2021-06-27,Gana Mas,1,1ro,4,3,4,162566
2021-06-25,44,43,42,2,2021-06-27,Gana Mas,1,1ro,4,3,4,162566
2021-06-27,91,44,69,1,2021-06-28,Gana Mas,2,2do,2,2,2,162565
2021-06-30,68,47,76,5,2021-07-05,Quiniela Loteka,1,1ro,2,2,2,670
2021-06-30,91,44,11,4,2021-07-04,Quiniela Leidsa,2,2do,1,1,1,116115
2021-07-03,9,39,22,3,2021-07-06,Gana Mas,1,1ro,1,1,1,162558
2021-07-03,42,37,22,4,2021-07-07,New York 10:30,1,1ro,2,2,1,49379
2021-07-03,46,39,19,2,2021-07-05,Loteria Nacional,2,2do,2,2,1,108619
2021-07-07,7,42,90,2,2021-07-09,Gana Mas,2,2do,3,3,3,162555
2021-07-07,29,41,42,5,2021-07-12,New York 10:30,1,1ro,1,1,1,49374
2021-07-07,29,41,90,5,2021-07-12,New York 10:30,1,1ro,1,1,1,49374
2021-07-07,71,42,41,2,2021-07-09,Quiniela Leidsa,2,2do,2,2,2,116110
2021-07-07,71,42,56,2,2021-07-09,Quiniela Leidsa,2,2do,2,2,2,116110
2021-07-12,90,46,29,6,2021-07-18,Quiniela Loteka,1,1ro,1,1,1,657
2021-07-12,90,46,53,6,2021-07-18,Quiniela Loteka,1,1ro,1,1,1,657
2021-07-13,7,42,53,5,2021-07-18,New York 2:30,2,2do,1,1,1,46905
2021-07-13,7,42,70,5,2021-07-18,New York 2:30,2,2do,1,1,1,46905
2021-07-14,29,41,70,3,2021-07-17,New York 2:30,1,1ro,1,1,1,46906
2021-07-17,7,42,29,1,2021-07-18,New York 2:30,2,2do,2,2,2,46905
2021-07-17,50,42,5,6,2021-07-23,Loteria Nacional,2,2do,1,1,1,108601
2021-07-18,69,45,11,2,2021-07-20,New York 2:30,2,2do,3,2,3,46903
2021-07-19,92,43,76,6,2021-07-25,Gana Mas,3,3ro,1,1,1,162539
2021-07-27,90,46,63,7,2021-08-03,New York 10:30,1,1ro,1,1,1,49352
2021-07-30,35,49,9,3,2021-08-02,Gana Mas,3,3ro,3,3,2,162531
2021-07-30,90,46,9,4,2021-08-03,New York 10:30,1,1ro,1,1,1,49352
2021-08-03,90,46,29,4,2021-08-07,Loteria Nacional,3,3ro,2,1,2,108586
2021-08-03,90,46,53,4,2021-08-07,Loteria Nacional,3,3ro,2,1,2,108586
2021-08-04,35,49,7,2,2021-08-06,Gana Mas,3,3ro,1,1,1,162527
2021-08-08,76,34,92,7,2021-08-15,Quiniela Real,3,3ro,1,1,1,35374
2021-08-10,7,42,70,1,2021-08-11,New York 10:30,1,1ro,1,1,1,49344
2021-08-10,23,42,28,6,2021-08-16,New York 10:30,2,2do,2,2,2,49339
2021-08-10,53,28,42,6,2021-08-16,Quiniela Leidsa,2,2do,1,1,1,116072
2021-08-10,53,28,70,6,2021-08-16,Quiniela Leidsa,2,2do,1,1,1,116072
2021-08-10,71,42,41,1,2021-08-11,New York 2:30,3,3ro,1,1,1,46881
2021-08-11,35,49,7,5,2021-08-16,New York 2:30,2,2do,2,2,2,46876
2021-08-13,32,36,45,1,2021-08-14,New York 10:30,1,1ro,2,2,2,49341
2021-08-16,76,34,92,4,2021-08-20,Quiniela Loteka,1,1ro,1,1,1,624
2021-08-17,9,39,42,4,2021-08-21,Gana Mas,3,3ro,2,2,2,162513
2021-08-22,29,41,53,4,2021-08-26,Gana Mas,3,3ro,2,2,1,162508
2021-08-23,89,48,41,1,2021-08-24,Quiniela Leidsa,2,2do,2,2,2,116064
2021-08-23,93,41,48,3,2021-08-26,Quiniela Real,3,3ro,1,1,1,35363
2021-08-26,8,40,80,2,2021-08-28,Quiniela Loteka,3,3ro,1,1,1,616
2021-08-26,72,40,59,1,2021-08-27,Quiniela Leidsa,3,3ro,4,4,4,116061
2021-08-27,89,48,71,1,2021-08-28,Quiniela Real,2,2do,2,2,1,35361
2021-08-28,26,28,72,5,2021-09-02,Quiniela Real,3,3ro,1,1,1,35356
2021-08-28,73,48,28,7,2021-09-04,Loteria Nacional,1,1ro,2,1,2,108559
2021-08-29,79,47,88,2,2021-08-31,Quiniela Loteka,3,3ro,2,2,1,613
2021-08-30,34,51,59,2,2021-09-01,Loteria Nacional,1,1ro,3,2,2,108562
2021-08-31,9,39,70,1,2021-09-01,New York 2:30,3,3ro,4,3,3,46860
2021-08-31,9,39,90,1,2021-09-01,New York 2:30,3,3ro,4,3,3,46860
2021-08-31,30,39,3,7,2021-09-07,Loteria Nacional,3,3ro,1,1,1,108556
2021-09-06,35,49,9,1,2021-09-07,Gana Mas,1,1ro,1,1,1,162496
2021-09-06,35,49,44,1,2021-09-07,Gana Mas,1,1ro,1,1,1,162496
2021-09-06,59,44,72,2,2021-09-08,Quiniela Leidsa,2,2do,2,2,2,116049
2021-09-06,70,44,9,1,2021-09-07,New York 2:30,3,3ro,3,2,3,46854
2021-09-12,7,42,53,6,2021-09-18,New York 2:30,2,2do,2,1,2,46843
2021-09-12,23,42,87,6,2021-09-18,Loteria Nacional,3,3ro,1,1,1,108545
2021-09-15,29,41,42,1,2021-09-16,Quiniela Loteka,1,1ro,1,1,1,597
2021-09-15,71,42,41,2,2021-09-17,New York 2:30,3,3ro,2,2,1,46844
2021-09-18,63,38,22,4,2021-09-22,Gana Mas,3,3ro,1,1,1,162482
2021-09-19,29,41,70,6,2021-09-25,New York 2:30,1,1ro,2,2,2,46836
2021-09-21,27,26,76,2,2021-09-23,Loteria Nacional,2,2do,3,3,3,108540
2021-09-23,53,28,9,5,2021-09-28,Gana Mas,2,2do,1,1,1,162477
2021-09-23,84,47,58,3,2021-09-26,New York 10:30,2,2do,1,1,1,49298
2021-09-28,8,40,80,1,2021-09-29,New York 10:30,1,1ro,1,1,1,49295
2021-09-28,67,40,79,1,2021-09-29,Loteria Nacional,2,2do,1,1,1,108535
2021-09-28,67,40,88,1,2021-09-29,Loteria Nacional,2,2do,1,1,1,108535
2021-09-30,56,40,12,1,2021-10-01,Quiniela Loteka,3,3ro,2,2,2,582
2021-10-01,28,43,23,3,2021-10-04,Quiniela Real,3,3ro,3,3,2,35324
2021-10-01,44,43,53,5,2021-10-06,Loteria Nacional,2,2do,1,1,1,108528
2021-10-02,29,41,22,5,2021-10-07,New York 2:30,1,1ro,1,1,1,46824
2021-10-02,35,49,22,2,2021-10-04,Quiniela Real,1,1ro,1,1,1,35324
2021-10-02,63,38,22,2,2021-10-04,Gana Mas,2,2do,4,3,2,162472
2021-10-03,97,52,93,3,2021-10-06,Quiniela Loteka,2,2do,1,1,1,577
2021-10-04,9,39,35,2,2021-10-06,New York 10:30,3,3ro,2,2,2,49288
2021-10-04,9,39,70,2,2021-10-06,New York 10:30,3,3ro,2,2,2,49288
2021-10-04,11,35,69,7,2021-10-11,Quiniela Loteka,3,3ro,1,1,1,572
2021-10-13,63,38,70,2,2021-10-15,Loteria Nacional,3,3ro,2,2,2,108519
2021-10-15,94,39,84,4,2021-10-19,Gana Mas,2,2do,1,1,1,162457
2021-10-16,26,28,34,1,2021-10-17,Quiniela Loteka,1,1ro,4,3,4,566
2021-10-16,53,28,29,6,2021-10-22,Quiniela Leidsa,1,1ro,1,1,1,116005
2021-10-16,69,45,91,4,2021-10-20,Quiniela Leidsa,2,2do,1,1,1,116007
2021-10-16,77,32,28,6,2021-10-22,Gana Mas,2,2do,1,1,1,162454
2021-10-17,21,28,51,2,2021-10-19,Quiniela Real,2,2do,2,2,2,35309
2021-10-17,34,51,26,5,2021-10-22,Gana Mas,3,3ro,1,1,1,162454
2021-10-18,12,43,56,3,2021-10-21,New York 2:30,3,3ro,2,2,2,46810
2021-10-18,41,39,56,3,2021-10-21,Quiniela Real,3,3ro,2,2,2,35307
2021-10-18,94,39,84,1,2021-10-19,Gana Mas,2,2do,2,2,2,162457
2021-10-20,67,40,88,5,2021-10-25,Loteria Nacional,2,2do,1,1,1,108509
2021-10-21,68,47,27,2,2021-10-23,Quiniela Loteka,2,2do,3,3,3,560
2021-10-21,68,47,92,2,2021-10-23,Quiniela Loteka,2,2do,3,3,3,560
2021-10-25,71,42,56,1,2021-10-26,New York 10:30,2,2do,4,3,3,49268
2021-10-28,51,40,21,5,2021-11-02,New York 2:30,3,3ro,3,2,2,46798
2021-10-28,87,33,23,2,2021-10-30,Quiniela Real,2,2do,2,2,2,35298
2021-10-28,87,33,73,2,2021-10-30,Quiniela Real,2,2do,2,2,2,35298
2021-10-29,91,44,69,1,2021-10-30,Quiniela Leidsa,2,2do,3,3,3,115997
2021-10-31,44,43,29,1,2021-11-01,Gana Mas,3,3ro,1,1,1,162444
2021-10-31,44,43,90,1,2021-11-01,Gana Mas,3,3ro,1,1,1,162444
2021-11-01,14,39,54,3,2021-11-04,Gana Mas,2,2do,4,3,3,162442
2021-11-01,30,39,3,3,2021-11-04,Quiniela Real,1,1ro,1,1,1,35293
2021-11-01,41,39,56,4,2021-11-05,Quiniela Leidsa,2,2do,2,2,1,115991
2021-11-04,57,30,11,4,2021-11-08,Quiniela Loteka,1,1ro,1,1,1,544
2021-11-05,32,36,45,1,2021-11-06,Loteria Nacional,1,1ro,5,3,5,108497
2021-11-08,73,48,28,1,2021-11-09,New York 10:30,3,3ro,2,2,2,49254
2021-11-09,42,37,44,3,2021-11-12,New York 2:30,1,1ro,3,3,3,46788
2021-11-11,22,44,29,3,2021-11-14,Quiniela Real,2,2do,2,2,2,35283
2021-11-13,42,37,90,2,2021-11-15,Quiniela Leidsa,3,3ro,3,3,2,115982
2021-11-14,1,34,10,3,2021-11-17,Quiniela Real,1,1ro,3,3,3,35280
2021-11-21,54,35,14,1,2021-11-22,Quiniela Leidsa,3,3ro,3,2,3,115975
2021-11-25,29,41,9,6,2021-12-01,Quiniela Real,2,2do,1,1,1,35266
2021-11-25,29,41,90,6,2021-12-01,Quiniela Real,2,2do,1,1,1,35266
2021-11-26,81,43,85,3,2021-11-29,Gana Mas,1,1ro,1,1,1,162419
2021-11-27,42,37,22,2,2021-11-29,New York 2:30,2,2do,2,2,2,46771
2021-11-27,72,40,34,1,2021-11-28,New York 2:30,2,2do,3,3,3,46772
2021-12-01,41,39,56,2,2021-12-03,New York 2:30,2,2do,1,1,1,46767
2021-12-02,32,36,45,3,2021-12-05,Loteria Nacional,2,2do,3,3,3,108468
2021-12-04,30,39,83,6,2021-12-10,New York 10:30,1,1ro,1,1,1,49223
2021-12-06,9,39,7,1,2021-12-07,Quiniela Leidsa,2,2do,2,2,2,115960
2021-12-08,30,39,83,2,2021-12-10,New York 10:30,1,1ro,1,1,1,49223
2021-12-09,63,38,7,5,2021-12-14,Quiniela Real,3,3ro,1,1,1,35253
2021-12-13,72,40,26,7,2021-12-20,Loteria Nacional,2,2do,1,1,1,108453
2021-12-16,35,49,70,5,2021-12-21,New York 10:30,1,1ro,2,2,2,49212
2021-12-17,35,49,29,4,2021-12-21,New York 10:30,1,1ro,2,2,2,49212
2021-12-21,44,43,35,5,2021-12-26,Quiniela Real,3,3ro,1,1,1,35241
2021-12-21,44,43,42,5,2021-12-26,Quiniela Real,3,3ro,1,1,1,35241
2021-12-23,67,40,79,3,2021-12-26,Gana Mas,3,3ro,2,2,2,162396
2021-12-23,77,32,87,5,2021-12-28,New York 10:30,1,1ro,5,2,3,49205
2021-12-31,26,28,72,6,2022-01-06,Loteria Nacional,3,3ro,1,1,1,108440
2022-01-06,1,34,10,2,2022-01-08,Quiniela Loteka,1,1ro,1,1,1,485
2022-01-08,7,42,9,3,2022-01-11,New York 2:30,2,2do,1,1,1,46728
2022-01-08,23,42,77,3,2022-01-11,Quiniela Loteka,3,3ro,3,2,3,482
2022-01-08,71,42,56,3,2022-01-11,Quiniela Real,3,3ro,2,2,2,35225
2022-01-12,7,42,29,6,2022-01-18,New York 10:30,1,1ro,1,1,1,49184
2022-01-12,7,42,53,6,2022-01-18,New York 10:30,1,1ro,1,1,1,49184
2022-01-13,34,51,26,1,2022-01-14,Quiniela Real,3,3ro,2,2,1,35222
2022-01-20,35,49,9,1,2022-01-21,Quiniela Real,1,1ro,1,1,1,35215
2022-01-20,35,49,22,1,2022-01-21,Quiniela Real,1,1ro,1,1,1,35215
2022-01-21,42,37,35,1,2022-01-22,Quiniela Leidsa,1,1ro,2,2,2,115918
2022-01-21,44,43,35,1,2022-01-22,Gana Mas,2,2do,4,4,3,162373
2022-01-21,54,35,14,4,2022-01-25,Quiniela Loteka,1,1ro,1,1,1,468
2022-01-22,23,42,73,2,2022-01-24,Quiniela Real,1,1ro,3,3,3,35212
2022-01-22,23,42,87,2,2022-01-24,Quiniela Real,1,1ro,3,3,3,35212
2022-01-25,22,44,7,5,2022-01-30,Gana Mas,2,2do,1,1,1,162365
2022-01-25,70,44,7,4,2022-01-29,Quiniela Loteka,2,2do,2,1,2,464
2022-01-26,87,33,23,3,2022-01-29,Loteria Nacional,3,3ro,2,2,2,108418
2022-01-27,9,39,44,7,2022-02-03,New York 10:30,2,2do,1,1,1,49168
2022-01-27,68,47,76,5,2022-02-01,New York 10:30,2,2do,1,1,1,49170
2022-01-27,68,47,92,5,2022-02-01,New York 10:30,2,2do,1,1,1,49170
2022-01-29,73,48,23,1,2022-01-30,New York 2:30,2,2do,1,1,1,46709
2022-01-29,89,48,12,5,2022-02-03,New York 10:30,3,3ro,2,2,2,49168
2022-01-29,89,48,41,5,2022-02-03,New York 10:30,3,3ro,2,2,2,49168
2022-01-29,93,41,48,4,2022-02-02,Quiniela Leidsa,3,3ro,1,1,1,115907
2022-02-02,89,48,71,1,2022-02-03,New York 10:30,3,3ro,2,2,2,49168
2022-02-07,82,33,65,2,2022-02-09,New York 2:30,2,2do,2,2,2,46699
2022-02-08,27,26,92,3,2022-02-11,Loteria Nacional,3,3ro,2,2,2,108405
2022-02-08,44,43,22,5,2022-02-13,Quiniela Loteka,3,3ro,1,1,1,449
2022-02-08,44,43,53,5,2022-02-13,Quiniela Loteka,3,3ro,1,1,1,449
2022-02-15,92,43,27,1,2022-02-16,New York 2:30,2,2do,1,1,1,46692
2022-02-15,92,43,68,1,2022-02-16,New York 2:30,2,2do,1,1,1,46692
2022-02-16,9,39,22,3,2022-02-19,Quiniela Loteka,1,1ro,1,1,1,443
2022-02-16,46,39,86,7,2022-02-23,Quiniela Leidsa,2,2do,1,1,1,115886
2022-02-22,40,49,4,3,2022-02-25,Quiniela Real,1,1ro,1,1,1,35180
2022-02-22,48,36,93,3,2022-02-25,New York 10:30,1,1ro,4,3,3,49146
2022-02-24,44,43,7,3,2022-02-27,Quiniela Real,3,3ro,3,3,3,35178
2022-02-24,44,43,70,3,2022-02-27,Quiniela Real,3,3ro,3,3,3,35178
2022-02-25,13,41,17,4,2022-03-01,Loteria Nacional,2,2do,2,2,2,108388
2022-02-25,89,48,41,3,2022-02-28,Quiniela Loteka,3,3ro,1,1,1,434
2022-02-25,93,41,48,1,2022-02-26,Quiniela Leidsa,1,1ro,2,2,2,115883
2022-02-26,29,41,22,4,2022-03-02,Quiniela Loteka,3,3ro,4,4,3,432
2022-02-28,26,28,72,7,2022-03-07,Loteria Nacional,2,2do,1,1,1,108382
2022-02-28,53,28,22,1,2022-03-01,Gana Mas,2,2do,1,1,1,162336
2022-02-28,53,28,44,1,2022-03-01,Gana Mas,2,2do,1,1,1,162336
2022-02-28,63,38,22,5,2022-03-05,Quiniela Leidsa,2,2do,1,1,1,115876
2022-02-28,63,38,44,5,2022-03-05,Quiniela Leidsa,2,2do,1,1,1,115876
2022-02-28,70,44,22,1,2022-03-01,Quiniela Real,2,2do,3,3,3,35176
2022-03-01,70,44,22,2,2022-03-03,Quiniela Leidsa,2,2do,2,2,2,115878
2022-03-03,44,43,7,2,2022-03-05,Quiniela Real,1,1ro,1,1,1,35172
2022-03-03,81,43,52,2,2022-03-05,New York 2:30,1,1ro,3,2,3,46675
2022-03-05,22,44,7,4,2022-03-09,New York 2:30,2,2do,2,2,1,46671
2022-03-05,70,44,7,2,2022-03-07,Quiniela Loteka,3,3ro,2,2,1,427
2022-03-05,90,46,7,5,2022-03-10,Quiniela Loteka,1,1ro,1,1,1,424
2022-03-05,90,46,44,5,2022-03-10,Quiniela Loteka,1,1ro,1,1,1,424
2022-03-06,11,35,57,4,2022-03-10,Quiniela Loteka,2,2do,3,3,3,424
2022-03-07,3,31,83,1,2022-03-08,Quiniela Leidsa,1,1ro,2,2,2,115873
2022-03-11,22,44,7,3,2022-03-14,New York 10:30,3,3ro,5,4,3,49129
2022-03-11,70,44,7,1,2022-03-12,Quiniela Loteka,2,2do,1,1,1,422
2022-03-11,70,44,22,1,2022-03-12,Quiniela Loteka,2,2do,1,1,1,422
2022-03-12,69,45,91,6,2022-03-18,Loteria Nacional,1,1ro,1,1,1,108371
2022-03-14,41,39,71,3,2022-03-17,Quiniela Loteka,2,2do,2,2,2,417
2022-03-14,82,33,65,3,2022-03-17,Quiniela Leidsa,3,3ro,2,1,2,115864
2022-03-16,56,40,89,5,2022-03-21,New York 2:30,1,1ro,2,2,2,46659
2022-03-17,7,42,9,3,2022-03-20,New York 2:30,1,1ro,2,2,2,46660
2022-03-22,21,28,51,2,2022-03-24,Gana Mas,2,2do,3,2,2,162314
2022-03-23,50,42,5,6,2022-03-29,New York 2:30,1,1ro,1,1,1,46651
2022-03-25,68,47,76,3,2022-03-28,New York 10:30,2,2do,1,1,1,49115
2022-03-25,69,45,57,7,2022-04-01,Loteria Nacional,3,3ro,1,1,1,108357
2022-03-27,29,41,22,5,2022-04-01,Quiniela Real,2,2do,1,1,1,35145
2022-03-27,29,41,44,5,2022-04-01,Quiniela Real,2,2do,1,1,1,35145
2022-03-28,44,43,53,1,2022-03-29,Gana Mas,2,2do,2,2,1,162309
2022-03-28,90,46,53,1,2022-03-29,New York 10:30,3,3ro,3,3,3,49114
2022-03-29,80,45,8,1,2022-03-30,New York 10:30,1,1ro,3,3,3,49113
2022-03-31,22,44,90,5,2022-04-05,Quiniela Real,3,3ro,1,1,1,35141
2022-03-31,29,41,44,1,2022-04-01,Quiniela Real,2,2do,1,1,1,35145
2022-03-31,29,41,90,1,2022-04-01,Quiniela Real,2,2do,1,1,1,35145
2022-03-31,70,44,90,4,2022-04-04,Gana Mas,2,2do,1,1,1,162303
2022-03-31,93,41,48,3,2022-04-03,Gana Mas,2,2do,2,1,2,162304
2022-04-01,90,46,9,1,2022-04-02,Quiniela Leidsa,3,3ro,2,2,2,115848
2022-04-02,8,40,80,2,2022-04-04,Quiniela Loteka,1,1ro,2,2,2,399
2022-04-04,89,48,41,5,2022-04-09,New York 10:30,2,2do,1,1,1,49103
2022-04-04,93,41,48,7,2022-04-11,Gana Mas,2,2do,1,1,1,162296
2022-04-04,93,41,97,7,2022-04-11,Gana Mas,2,2do,1,1,1,162296
2022-04-06,29,41,7,2,2022-04-08,Quiniela Leidsa,1,1ro,3,3,2,115842
2022-04-06,89,48,41,3,2022-04-09,New York 10:30,2,2do,1,1,1,49103
2022-04-06,93,41,48,5,2022-04-11,Gana Mas,2,2do,1,1,1,162296
2022-04-11,88,31,79,7,2022-04-18,Loteria Nacional,3,3ro,1,1,1,108343
2022-04-17,70,44,53,4,2022-04-21,New York 10:30,2,2do,2,2,1,49091
2022-04-23,58,46,84,1,2022-04-24,New York 2:30,1,1ro,2,2,2,46625
2022-04-23,90,46,70,1,2022-04-24,Quiniela Leidsa,1,1ro,4,4,4,115828
2022-04-24,84,47,58,4,2022-04-28,Quiniela Real,1,1ro,2,2,2,35119
2022-04-27,21,28,51,5,2022-05-02,Quiniela Real,1,1ro,2,2,2,35115
2022-04-27,34,51,26,6,2022-05-03,New York 10:30,1,1ro,1,1,1,49079
2022-04-29,22,44,42,1,2022-04-30,Quiniela Leidsa,3,3ro,4,4,4,115822
2022-04-29,22,44,70,1,2022-04-30,Quiniela Leidsa,3,3ro,4,4,4,115822
2022-04-29,70,44,42,4,2022-05-03,New York 2:30,2,2do,2,2,2,46616
2022-04-30,52,38,81,3,2022-05-03,Quiniela Real,2,2do,1,1,1,35114
2022-04-30,63,38,29,2,2022-05-02,Gana Mas,3,3ro,1,1,1,162279
2022-04-30,85,36,81,2,2022-05-02,Quiniela Leidsa,2,2do,1,1,1,115820
2022-05-01,58,46,84,3,2022-05-04,New York 10:30,3,3ro,1,1,1,49078
2022-05-04,77,32,28,7,2022-05-11,New York 2:30,2,2do,1,1,1,46608
2022-05-04,83,49,3,2,2022-05-06,Quiniela Leidsa,3,3ro,2,2,2,115816
2022-05-06,44,43,22,3,2022-05-09,Quiniela Leidsa,3,3ro,3,2,3,115813
2022-05-06,44,43,29,3,2022-05-09,Quiniela Leidsa,3,3ro,3,2,3,115813
2022-05-13,63,38,44,6,2022-05-19,Quiniela Loteka,1,1ro,1,1,1,355
2022-05-13,91,44,69,1,2022-05-14,Quiniela Real,2,2do,2,2,2,35103
2022-05-16,60,43,6,1,2022-05-17,Gana Mas,2,2do,1,1,1,162265
2022-05-18,71,42,89,1,2022-05-19,New York 10:30,3,3ro,3,2,3,49063
2022-05-23,90,46,53,3,2022-05-26,Loteria Nacional,3,3ro,3,2,2,108305
2022-05-23,90,46,63,3,2022-05-26,Loteria Nacional,3,3ro,3,2,2,108305
2022-05-24,71,42,89,7,2022-05-31,Quiniela Leidsa,2,2do,1,1,1,115791
2022-05-26,1,34,10,5,2022-05-31,Quiniela Real,1,1ro,1,1,1,35086
2022-05-26,26,28,34,1,2022-05-27,New York 2:30,3,3ro,4,4,3,46592
2022-05-26,53,28,63,7,2022-06-02,Quiniela Leidsa,3,3ro,1,1,1,115789
2022-05-27,6,35,60,1,2022-05-28,Quiniela Loteka,1,1ro,1,1,1,346
2022-05-27,86,35,46,4,2022-05-31,Loteria Nacional,3,3ro,1,1,1,108300
2022-05-27,90,46,35,2,2022-05-29,Quiniela Real,2,2do,3,3,2,35088
2022-05-29,53,28,44,4,2022-06-02,Quiniela Leidsa,3,3ro,2,2,2,115789
2022-05-31,81,43,85,1,2022-06-01,Quiniela Real,3,3ro,2,2,2,35085
2022-06-01,28,43,87,1,2022-06-02,New York 2:30,1,1ro,2,2,2,46586
2022-06-01,72,40,34,1,2022-06-02,Quiniela Leidsa,1,1ro,2,2,2,115789
2022-06-01,73,48,87,5,2022-06-06,New York 2:30,1,1ro,2,1,2,46582
2022-06-02,53,28,90,3,2022-06-05,Gana Mas,3,3ro,4,4,3,162247
2022-06-04,42,37,63,2,2022-06-06,Gana Mas,3,3ro,4,3,4,162246
2022-06-05,28,43,87,1,2022-06-06,Gana Mas,1,1ro,3,2,2,162246
2022-06-06,53,28,35,1,2022-06-07,Gana Mas,1,1ro,3,3,3,162245
2022-06-07,42,37,53,1,2022-06-08,Loteria Nacional,2,2do,1,1,1,108292
2022-06-09,57,30,11,4,2022-06-13,Quiniela Leidsa,1,1ro,4,2,3,115778
2022-06-09,57,30,91,4,2022-06-13,Quiniela Leidsa,1,1ro,4,2,3,115778
2022-06-10,84,47,58,6,2022-06-16,New York 2:30,3,3ro,1,1,1,46572
2022-06-11,27,26,68,5,2022-06-16,Quiniela Loteka,2,2do,2,2,2,327
2022-06-16,35,49,22,1,2022-06-17,Gana Mas,2,2do,2,2,1,162235
2022-06-16,35,49,44,1,2022-06-17,Gana Mas,2,2do,2,2,1,162235
2022-06-16,70,44,22,1,2022-06-17,New York 10:30,1,1ro,3,3,3,49034
2022-06-16,91,44,57,1,2022-06-17,New York 10:30,2,2do,1,1,1,49034
2022-06-25,9,39,90,2,2022-06-27,Quiniela Real,2,2do,2,2,2,35059
2022-06-26,53,28,35,1,2022-06-27,Quiniela Loteka,3,3ro,3,3,2,316
2022-06-27,9,39,42,5,2022-07-02,Gana Mas,3,3ro,1,1,1,162220
2022-06-30,63,38,22,3,2022-07-03,Quiniela Leidsa,1,1ro,2,2,2,115758
2022-06-30,79,47,67,4,2022-07-04,Loteria Nacional,1,1ro,2,2,1,108266
2022-06-30,79,47,88,4,2022-07-04,Loteria Nacional,1,1ro,2,2,1,108266
2022-07-03,42,37,29,5,2022-07-08,Gana Mas,2,2do,1,1,1,162214
2022-07-03,42,37,63,5,2022-07-08,Gana Mas,2,2do,1,1,1,162214
2022-07-05,51,40,21,2,2022-07-07,Quiniela Real,2,2do,1,1,1,35049
2022-07-06,10,37,1,7,2022-07-13,Gana Mas,3,3ro,1,1,1,162209
2022-07-06,42,37,7,2,2022-07-08,Gana Mas,2,2do,3,3,3,162214
2022-07-06,42,37,9,2,2022-07-08,Gana Mas,2,2do,3,3,3,162214
2022-07-07,90,46,63,4,2022-07-11,Loteria Nacional,2,2do,3,3,3,108259
2022-07-13,42,37,63,5,2022-07-18,Quiniela Loteka,3,3ro,2,2,2,295
2022-07-15,22,44,7,5,2022-07-20,Quiniela Loteka,2,2do,1,1,1,293
2022-07-15,22,44,29,5,2022-07-20,Quiniela Loteka,2,2do,1,1,1,293
2022-07-15,70,44,7,5,2022-07-20,Quiniela Loteka,3,3ro,1,1,1,293
2022-07-15,70,44,29,5,2022-07-20,Quiniela Loteka,3,3ro,1,1,1,293
2022-07-23,41,39,56,1,2022-07-24,New York 10:30,1,1ro,4,3,2,48997
2022-07-23,62,39,75,7,2022-07-30,New York 10:30,1,1ro,1,1,1,48991
2022-07-24,29,41,9,3,2022-07-27,Quiniela Leidsa,2,2do,4,3,3,115734
2022-07-25,79,47,88,6,2022-07-31,Quiniela Real,1,1ro,1,1,1,35025
2022-07-28,7,42,29,3,2022-07-31,Quiniela Loteka,1,1ro,1,1,1,282
2022-07-28,9,39,29,2,2022-07-30,Quiniela Loteka,1,1ro,2,2,1,283
2022-07-28,9,39,42,2,2022-07-30,Quiniela Loteka,1,1ro,2,2,1,283
2022-07-28,23,42,28,1,2022-07-29,New York 2:30,3,3ro,2,2,1,46529
2022-07-28,50,42,5,5,2022-08-02,New York 2:30,3,3ro,1,1,1,46525
2022-07-28,53,28,29,2,2022-07-30,Loteria Nacional,1,1ro,1,1,1,108240
2022-07-28,53,28,42,2,2022-07-30,Loteria Nacional,1,1ro,1,1,1,108240
2022-07-31,29,41,7,5,2022-08-05,Quiniela Loteka,2,2do,2,2,2,277
2022-07-31,29,41,90,5,2022-08-05,Quiniela Loteka,2,2do,2,2,2,277
2022-08-03,42,37,35,1,2022-08-04,New York 2:30,3,3ro,5,5,4,46523
2022-08-03,65,52,37,1,2022-08-04,New York 2:30,2,2do,2,2,2,46523
2022-08-05,41,39,56,6,2022-08-11,New York 2:30,1,1ro,1,1,1,46516
2022-08-07,14,39,54,1,2022-08-08,Quiniela Leidsa,2,2do,2,1,2,115722
2022-08-08,85,36,81,4,2022-08-12,Quiniela Real,1,1ro,1,1,1,35013
2022-08-09,7,42,29,1,2022-08-10,New York 10:30,2,2do,1,1,1,48980
2022-08-10,56,40,12,1,2022-08-11,Loteria Nacional,1,1ro,1,1,1,108228
2022-08-13,48,36,97,5,2022-08-18,New York 2:30,3,3ro,2,2,2,46509
2022-08-15,57,30,91,6,2022-08-21,New York 10:30,3,3ro,1,1,1,48969
2022-08-17,7,42,63,2,2022-08-19,New York 10:30,3,3ro,3,3,2,48971
2022-08-17,79,47,88,6,2022-08-23,New York 2:30,3,3ro,2,2,2,46504
2022-08-19,29,41,44,2,2022-08-21,Gana Mas,1,1ro,1,1,1,162173
2022-08-23,42,37,22,5,2022-08-28,Quiniela Real,1,1ro,1,1,1,34997
2022-08-23,42,37,63,5,2022-08-28,Quiniela Real,1,1ro,1,1,1,34997
2022-08-25,22,44,90,3,2022-08-28,Quiniela Real,3,3ro,1,1,1,34997
2022-08-28,7,42,29,3,2022-08-31,Loteria Nacional,3,3ro,1,1,1,108209
2022-08-28,71,42,41,1,2022-08-29,Quiniela Real,3,3ro,2,2,2,34996
2022-08-28,89,48,41,7,2022-09-04,Gana Mas,1,1ro,3,1,3,162159
2022-08-28,93,41,48,5,2022-09-02,Quiniela Leidsa,1,1ro,3,2,3,115697
2022-08-30,9,39,44,7,2022-09-06,Quiniela Real,3,3ro,1,1,1,34988
2022-08-30,25,30,16,3,2022-09-02,Loteria Nacional,2,2do,2,2,2,108207
2022-08-30,42,37,44,1,2022-08-31,Quiniela Real,1,1ro,2,2,2,34994
2022-09-02,22,44,63,1,2022-09-03,Gana Mas,3,3ro,1,1,1,162160
2022-09-02,35,49,44,4,2022-09-06,Quiniela Loteka,3,3ro,1,1,1,245
2022-09-02,35,49,63,4,2022-09-06,Quiniela Loteka,3,3ro,1,1,1,245
2022-09-03,35,49,42,3,2022-09-06,Quiniela Loteka,3,3ro,1,1,1,245
2022-09-08,53,28,42,1,2022-09-09,Quiniela Leidsa,3,3ro,2,2,2,115690
2022-09-09,14,39,54,7,2022-09-16,Quiniela Leidsa,1,1ro,2,1,2,115683
2022-09-09,94,39,84,5,2022-09-14,Loteria Nacional,2,2do,1,1,1,108195
2022-09-10,89,48,41,6,2022-09-16,Quiniela Real,1,1ro,1,1,1,34978
2022-09-10,93,41,48,1,2022-09-11,New York 2:30,1,1ro,4,4,3,46485
2022-09-11,56,40,12,2,2022-09-13,Quiniela Leidsa,3,3ro,2,2,2,115686
2022-09-12,34,51,72,4,2022-09-16,Gana Mas,2,2do,2,2,2,162147
2022-09-15,7,42,29,2,2022-09-17,Quiniela Leidsa,1,1ro,2,2,2,115682
2022-09-15,23,42,28,2,2022-09-17,Quiniela Leidsa,2,2do,1,1,1,115682
2022-09-15,53,28,29,5,2022-09-20,Quiniela Leidsa,1,1ro,1,1,1,115680
2022-09-15,53,28,42,5,2022-09-20,Quiniela Leidsa,1,1ro,1,1,1,115680
2022-09-17,63,38,7,3,2022-09-20,Gana Mas,1,1ro,2,2,2,162144
2022-09-18,39,33,78,4,2022-09-22,Loteria Nacional,2,2do,2,2,2,108188
2022-09-22,67,40,88,5,2022-09-27,Quiniela Loteka,3,3ro,1,1,1,225
2022-09-22,89,48,56,6,2022-09-28,Quiniela Loteka,3,3ro,1,1,1,224
2022-09-27,12,43,71,1,2022-09-28,Loteria Nacional,3,3ro,1,1,1,108183
2022-09-27,28,43,73,1,2022-09-28,New York 10:30,2,2do,2,2,2,48931
2022-09-27,92,43,27,3,2022-09-30,New York 2:30,3,3ro,5,3,4,46466
2022-09-29,92,43,68,1,2022-09-30,New York 2:30,3,3ro,5,3,4,46466
2022-10-02,53,28,35,4,2022-10-06,Quiniela Leidsa,2,2do,2,2,1,115664
2022-10-02,53,28,63,4,2022-10-06,Quiniela Leidsa,2,2do,2,2,1,115664
2022-10-09,9,39,29,3,2022-10-12,Quiniela Loteka,1,1ro,1,1,1,210
2022-10-09,48,36,97,4,2022-10-13,Quiniela Loteka,1,1ro,1,1,1,209
2022-10-11,9,39,42,1,2022-10-12,Quiniela Loteka,1,1ro,1,1,1,210
2022-10-11,41,39,56,4,2022-10-15,Loteria Nacional,3,3ro,2,2,2,108166
2022-10-11,71,42,56,7,2022-10-18,New York 2:30,2,2do,1,1,1,46448
2022-10-12,63,38,9,4,2022-10-16,New York 10:30,1,1ro,1,1,1,48913
2022-10-12,63,38,70,4,2022-10-16,New York 10:30,1,1ro,1,1,1,48913
2022-10-14,65,52,37,5,2022-10-19,New York 10:30,2,2do,2,2,2,48910
2022-10-14,82,33,37,2,2022-10-16,Quiniela Leidsa,3,3ro,3,3,2,115654
2022-10-14,87,33,77,4,2022-10-18,Loteria Nacional,3,3ro,1,1,1,108163
2022-10-14,97,52,93,1,2022-10-15,Quiniela Leidsa,3,3ro,3,3,3,115655
2022-10-16,28,43,77,1,2022-10-17,New York 10:30,2,2do,1,1,1,48912
2022-10-17,5,37,50,4,2022-10-21,Quiniela Loteka,1,1ro,2,2,2,201
2022-10-18,56,40,12,7,2022-10-25,Gana Mas,3,3ro,1,1,1,162111
2022-10-22,63,38,9,6,2022-10-28,Loteria Nacional,2,2do,1,1,1,108153
2022-10-22,63,38,70,6,2022-10-28,Loteria Nacional,2,2do,1,1,1,108153
2022-10-23,42,37,9,3,2022-10-26,Quiniela Loteka,3,3ro,4,4,3,196
2022-10-26,44,43,29,3,2022-10-29,Loteria Nacional,1,1ro,1,1,1,108152
2022-10-26,69,45,11,1,2022-10-27,Quiniela Loteka,2,2do,1,1,1,195
2022-10-27,23,42,73,3,2022-10-30,Loteria Nacional,2,2do,1,1,1,108151
2022-10-27,89,48,56,2,2022-10-29,Loteria Nacional,3,3ro,3,2,2,108152
2022-10-27,89,48,71,2,2022-10-29,Loteria Nacional,3,3ro,3,2,2,108152
2022-10-27,90,46,42,3,2022-10-30,Quiniela Leidsa,2,2do,1,1,1,115640
2022-10-28,51,40,21,3,2022-10-31,Gana Mas,3,3ro,2,2,2,162106
2022-10-29,63,38,44,7,2022-11-05,Quiniela Leidsa,2,2do,1,1,1,115634
2022-10-29,75,44,62,3,2022-11-01,Quiniela Loteka,3,3ro,1,1,1,190
2022-10-30,80,45,8,7,2022-11-06,Gana Mas,2,2do,1,1,1,162100
2022-10-31,44,43,9,3,2022-11-03,New York 10:30,3,3ro,1,1,1,48895
2022-11-02,20,38,2,4,2022-11-06,New York 10:30,2,2do,1,1,1,48892
2022-11-02,63,38,22,3,2022-11-05,Quiniela Leidsa,2,2do,1,1,1,115634
2022-11-03,79,47,67,1,2022-11-04,Gana Mas,2,2do,3,3,2,162102
2022-11-16,45,50,32,1,2022-11-17,Quiniela Loteka,3,3ro,2,2,2,174
2022-11-17,92,43,68,3,2022-11-20,Quiniela Leidsa,1,1ro,1,1,1,115619
2022-11-19,73,48,77,7,2022-11-26,New York 2:30,1,1ro,2,1,1,46409
2022-11-19,73,48,87,7,2022-11-26,New York 2:30,1,1ro,2,1,1,46409
2022-11-21,87,33,77,1,2022-11-22,New York 2:30,3,3ro,4,3,3,46413
2022-11-25,53,28,7,2,2022-11-27,Gana Mas,3,3ro,3,2,2,162079
2022-11-28,9,39,70,2,2022-11-30,New York 2:30,1,1ro,2,2,2,46405
2022-11-28,41,39,56,7,2022-12-05,Quiniela Loteka,3,3ro,1,1,1,156
2022-11-30,70,44,9,6,2022-12-06,New York 2:30,2,2do,3,2,2,46399
2022-12-01,42,37,9,2,2022-12-03,New York 2:30,2,2do,3,3,3,46402
2022-12-03,3,31,30,2,2022-12-05,Loteria Nacional,1,1ro,1,1,1,108115
2022-12-03,83,49,30,2,2022-12-05,New York 2:30,2,2do,4,3,4,46400
2022-12-06,63,38,9,6,2022-12-12,Quiniela Leidsa,1,1ro,2,2,2,115597
2022-12-07,7,42,70,6,2022-12-13,Quiniela Real,2,2do,1,1,1,34891
2022-12-08,34,51,72,7,2022-12-15,Quiniela Loteka,2,2do,1,1,1,146
2022-12-11,9,39,44,2,2022-12-13,Loteria Nacional,2,2do,3,3,3,108107
2022-12-11,32,36,45,3,2022-12-14,Quiniela Real,2,2do,2,2,2,34890
2022-12-12,57,30,69,2,2022-12-14,Loteria Nacional,3,3ro,2,1,2,108106
2022-12-15,35,49,9,2,2022-12-17,Quiniela Loteka,1,1ro,1,1,1,144
2022-12-16,90,46,7,7,2022-12-23,Gana Mas,3,3ro,1,1,1,162054
2022-12-16,90,46,29,7,2022-12-23,Gana Mas,3,3ro,1,1,1,162054
2022-12-16,90,46,70,7,2022-12-23,Gana Mas,3,3ro,1,1,1,162054
2022-12-18,87,33,77,4,2022-12-22,Quiniela Loteka,3,3ro,1,1,1,139
2022-12-22,7,42,22,2,2022-12-24,Quiniela Real,1,1ro,4,4,4,34880
2022-12-22,7,42,44,2,2022-12-24,Quiniela Real,1,1ro,4,4,4,34880
2022-12-22,22,44,42,1,2022-12-23,Gana Mas,2,2do,4,3,3,162054
2022-12-22,70,44,22,1,2022-12-23,Quiniela Leidsa,2,2do,1,1,1,115586
2022-12-22,70,44,42,1,2022-12-23,Quiniela Leidsa,2,2do,1,1,1,115586
2022-12-28,7,42,53,1,2022-12-29,New York 10:30,3,3ro,3,3,3,48839
2022-12-30,80,45,8,4,2023-01-03,Gana Mas,2,2do,1,1,1,162048
2022-12-31,42,37,44,6,2023-01-06,Loteria Nacional,1,1ro,1,1,1,108088
2023-01-03,77,32,28,1,2023-01-04,Quiniela Loteka,2,2do,2,2,2,128
2023-01-05,10,37,1,4,2023-01-09,New York 2:30,2,2do,3,2,3,46365
2023-01-05,65,52,37,7,2023-01-12,New York 10:30,1,1ro,1,1,1,48825
2023-01-07,35,49,7,3,2023-01-10,New York 10:30,2,2do,3,3,2,48827
2023-01-07,42,37,7,1,2023-01-08,Quiniela Loteka,1,1ro,2,2,2,124
2023-01-07,63,38,7,3,2023-01-10,Loteria Nacional,3,3ro,1,1,1,108084
2023-01-08,7,42,53,2,2023-01-10,New York 2:30,2,2do,2,2,1,46364
2023-01-08,77,32,23,3,2023-01-11,Quiniela Leidsa,2,2do,2,2,1,115571
2023-01-09,42,37,22,3,2023-01-12,New York 2:30,1,1ro,1,1,1,46362
2023-01-09,42,37,70,3,2023-01-12,New York 2:30,1,1ro,1,1,1,46362
2023-01-10,15,29,96,1,2023-01-11,Gana Mas,3,3ro,3,3,3,162041
2023-01-10,44,43,29,1,2023-01-11,Loteria Nacional,1,1ro,1,1,1,108083
2023-01-11,42,37,44,1,2023-01-12,New York 2:30,1,1ro,1,1,1,46362
2023-01-11,59,44,34,3,2023-01-14,Quiniela Loteka,2,2do,1,1,1,118
2023-01-11,76,34,27,7,2023-01-18,Quiniela Loteka,2,2do,1,1,1,114
2023-01-12,7,42,90,5,2023-01-17,Quiniela Loteka,1,1ro,1,1,1,115
2023-01-12,84,47,94,1,2023-01-13,Loteria Nacional,3,3ro,3,2,3,108081
2023-01-13,6,35,60,2,2023-01-15,Loteria Nacional,2,2do,1,1,1,108079
2023-01-14,63,38,9,1,2023-01-15,New York 2:30,2,2do,3,3,2,46359
2023-01-17,42,37,7,5,2023-01-22,Quiniela Real,2,2do,1,1,1,34851
2023-01-17,42,37,9,5,2023-01-22,Quiniela Real,2,2do,1,1,1,34851
2023-01-20,15,29,96,2,2023-01-22,Quiniela Loteka,2,2do,3,3,2,110
2023-01-22,85,36,52,1,2023-01-23,Quiniela Real,2,2do,5,5,4,34850
2023-01-22,97,52,93,2,2023-01-24,Quiniela Leidsa,3,3ro,2,2,2,115558
2023-01-24,87,33,73,2,2023-01-26,Quiniela Real,1,1ro,1,1,1,34847
2023-01-25,81,43,85,1,2023-01-26,New York 10:30,2,2do,1,1,1,48811
2023-01-25,82,33,65,2,2023-01-27,New York 10:30,2,2do,2,2,2,48810
2023-01-26,23,42,87,6,2023-02-01,New York 2:30,3,3ro,2,1,2,46342
2023-01-29,97,52,93,7,2023-02-05,New York 2:30,2,2do,1,1,1,46338
2023-02-01,35,49,90,1,2023-02-02,New York 2:30,2,2do,1,1,1,46341
2023-02-02,58,46,84,2,2023-02-04,New York 2:30,3,3ro,2,2,2,46339
2023-02-02,94,39,84,2,2023-02-04,Quiniela Loteka,1,1ro,2,2,2,97
2023-02-08,9,39,70,1,2023-02-09,Quiniela Loteka,1,1ro,2,2,2,92
2023-02-08,27,26,68,6,2023-02-14,Quiniela Real,1,1ro,2,2,2,34828
2023-02-08,72,40,26,1,2023-02-09,New York 2:30,3,3ro,2,1,2,46334
2023-02-11,31,38,74,2,2023-02-13,New York 10:30,3,3ro,4,4,3,48793
2023-02-11,83,49,3,1,2023-02-12,New York 2:30,3,3ro,1,1,1,46331
2023-02-14,22,44,53,2,2023-02-16,Quiniela Real,2,2do,4,2,3,34826
2023-02-14,70,44,53,1,2023-02-15,Quiniela Real,2,2do,3,3,3,34827
2023-02-16,29,41,63,1,2023-02-17,Gana Mas,3,3ro,3,3,3,162006
2023-02-19,69,45,57,6,2023-02-25,Gana Mas,3,3ro,1,1,1,161998
2023-02-20,11,35,91,3,2023-02-23,Quiniela Real,3,3ro,3,2,3,34819
2023-02-21,25,30,16,3,2023-02-24,Loteria Nacional,2,2do,1,1,1,108040
2023-02-23,42,37,53,3,2023-02-26,Gana Mas,2,2do,3,1,3,161997
2023-02-24,22,44,90,4,2023-02-28,New York 2:30,2,2do,1,1,1,46315
2023-02-24,70,44,90,1,2023-02-25,Loteria Nacional,2,2do,2,2,2,108039
2023-02-26,92,43,68,7,2023-03-05,Loteria Nacional,2,2do,1,1,1,108032
2023-02-27,74,46,31,6,2023-03-05,Quiniela Leidsa,3,3ro,1,1,1,115518
2023-03-03,7,42,53,6,2023-03-09,New York 2:30,1,1ro,3,2,2,46306
2023-03-04,51,40,21,2,2023-03-06,Gana Mas,3,3ro,2,2,1,161990
2023-03-05,85,36,81,2,2023-03-07,New York 2:30,3,3ro,2,2,2,46308
2023-03-07,27,26,76,3,2023-03-10,New York 2:30,2,2do,2,2,2,46305
2023-03-07,92,43,76,7,2023-03-14,New York 10:30,2,2do,1,1,1,48764
2023-03-08,74,46,31,2,2023-03-10,New York 2:30,1,1ro,2,2,2,46305
2023-03-08,90,46,22,1,2023-03-09,Quiniela Real,3,3ro,2,2,2,34805
2023-03-08,90,46,29,1,2023-03-09,Quiniela Real,3,3ro,2,2,2,34805
2023-03-14,81,43,85,6,2023-03-20,Loteria Nacional,3,3ro,1,1,1,108017
2023-03-16,27,26,68,3,2023-03-19,New York 10:30,2,2do,1,1,1,48759
2023-03-16,68,47,27,7,2023-03-23,Quiniela Real,2,2do,1,1,1,34791
2023-03-16,79,47,67,2,2023-03-18,Loteria Nacional,3,3ro,2,1,2,108019
2023-03-17,23,42,77,3,2023-03-20,Loteria Nacional,2,2do,2,2,2,108017
2023-03-18,28,43,77,4,2023-03-22,Quiniela Leidsa,3,3ro,1,1,1,115501
2023-03-19,22,44,29,3,2023-03-22,Quiniela Real,1,1ro,1,1,1,34792
2023-03-19,70,44,29,6,2023-03-25,New York 10:30,3,3ro,1,1,1,48753
2023-03-21,3,31,30,3,2023-03-24,Quiniela Loteka,1,1ro,1,1,1,49
2023-03-22,12,43,41,4,2023-03-26,New York 2:30,1,1ro,2,2,2,46289
2023-03-22,44,43,22,5,2023-03-27,New York 2:30,2,2do,1,1,1,46288
2023-03-22,44,43,90,5,2023-03-27,New York 2:30,2,2do,1,1,1,46288
2023-03-29,20,38,2,1,2023-03-30,Gana Mas,1,1ro,2,1,2,161966
2023-04-01,9,39,35,7,2023-04-08,Quiniela Real,1,1ro,1,1,1,34776
2023-04-01,41,39,56,2,2023-04-03,Quiniela Real,1,1ro,2,2,2,34780
2023-04-01,86,35,19,4,2023-04-05,Quiniela Leidsa,3,3ro,3,2,3,115487
2023-04-03,29,41,35,4,2023-04-07,New York 2:30,1,1ro,2,2,2,46277
2023-04-05,28,43,23,3,2023-04-08,New York 10:30,3,3ro,2,2,2,48739
2023-04-09,27,26,68,2,2023-04-11,Quiniela Leidsa,1,1ro,2,2,2,115483
2023-04-09,92,43,68,7,2023-04-16,Quiniela Loteka,1,1ro,1,1,1,27
2023-04-12,29,41,22,4,2023-04-16,New York 10:30,2,2do,2,2,2,48731
2023-04-12,35,49,22,3,2023-04-15,Quiniela Leidsa,3,3ro,3,3,2,115479
2023-04-13,7,42,9,2,2023-04-15,New York 2:30,2,2do,2,2,2,46269
2023-04-13,7,42,53,2,2023-04-15,New York 2:30,2,2do,2,2,2,46269
2023-04-13,71,42,56,6,2023-04-19,New York 10:30,3,3ro,1,1,1,48728
2023-04-15,56,40,89,5,2023-04-20,Loteria Nacional,2,2do,1,1,1,107989
2023-04-17,21,28,51,2,2023-04-19,Loteria Nacional,1,1ro,1,1,1,107990
2023-04-18,29,41,7,5,2023-04-23,Quiniela Loteka,2,2do,1,1,1,20
2023-04-21,34,51,59,3,2023-04-24,Quiniela Leidsa,2,2do,2,2,2,115470
2023-04-22,34,51,72,2,2023-04-24,Quiniela Leidsa,2,2do,2,2,2,115470
2023-04-25,90,46,9,2,2023-04-27,Quiniela Loteka,2,2do,4,4,4,16
2023-04-25,90,46,53,2,2023-04-27,Quiniela Loteka,2,2do,4,4,4,16
2023-04-30,42,37,90,4,2023-05-04,Quiniela Loteka,2,2do,2,2,1,9
2023-05-03,9,39,53,3,2023-05-06,Quiniela Loteka,1,1ro,1,1,1,7
2023-05-04,28,43,73,6,2023-05-10,Quiniela Real,2,2do,3,2,2,34744
2023-05-04,92,43,68,1,2023-05-05,Quiniela Loteka,2,2do,2,2,2,8
2023-05-06,25,30,16,7,2023-05-13,Quiniela Loteka,3,3ro,1,1,1,34694
2023-05-06,44,43,9,1,2023-05-07,New York 10:30,2,2do,3,2,3,48710
2023-05-06,92,43,27,2,2023-05-08,Loteria Nacional,3,3ro,1,1,1,107971
2023-05-07,9,39,42,7,2023-05-14,Gana Mas,3,3ro,1,1,1,161925
2023-05-07,9,39,63,7,2023-05-14,Gana Mas,3,3ro,1,1,1,161925
2023-05-09,31,38,74,2,2023-05-11,New York 2:30,3,3ro,2,2,2,46243
2023-05-09,63,38,29,6,2023-05-15,Loteria Nacional,1,1ro,2,1,2,107964
2023-05-14,27,26,76,2,2023-05-16,Quiniela Loteka,3,3ro,3,3,3,34691
2023-05-15,9,39,63,4,2023-05-19,Quiniela Loteka,2,2do,1,1,1,34688
2023-05-15,41,39,89,4,2023-05-19,Loteria Nacional,1,1ro,2,1,2,107960
2023-05-15,46,39,86,1,2023-05-16,Gana Mas,1,1ro,1,1,1,161923
2023-05-16,58,46,94,1,2023-05-17,Quiniela Loteka,1,1ro,2,2,2,34690
2023-05-18,27,26,92,2,2023-05-20,New York 2:30,3,3ro,1,1,1,46234
2023-05-21,22,44,7,4,2023-05-25,Gana Mas,2,2do,2,2,2,161914
2023-05-21,22,44,29,4,2023-05-25,Gana Mas,2,2do,2,2,2,161914
2023-05-22,48,36,93,3,2023-05-25,New York 10:30,3,3ro,2,2,2,48692
2023-05-24,68,47,76,1,2023-05-25,Quiniela Leidsa,1,1ro,2,2,2,115439
2023-05-24,87,33,23,2,2023-05-26,Quiniela Loteka,1,1ro,2,2,2,34681
2023-05-29,7,42,90,5,2023-06-03,New York 2:30,1,1ro,1,1,1,46220
2023-05-29,29,41,42,5,2023-06-03,Quiniela Leidsa,2,2do,1,1,1,115430
2023-05-29,29,41,90,5,2023-06-03,Quiniela Leidsa,2,2do,1,1,1,115430
2023-05-29,71,42,41,3,2023-06-01,Quiniela Loteka,2,2do,1,1,1,34675
2023-05-30,57,30,11,5,2023-06-04,New York 10:30,1,1ro,1,1,1,48682
2023-05-31,87,33,23,4,2023-06-04,Gana Mas,3,3ro,1,1,1,161904
2023-06-03,9,39,7,1,2023-06-04,New York 10:30,2,2do,4,4,3,48682
2023-06-03,44,43,7,7,2023-06-10,Gana Mas,1,1ro,1,1,1,161899
2023-06-05,34,51,59,5,2023-06-10,New York 2:30,1,1ro,1,1,1,46213
2023-06-06,67,40,88,3,2023-06-09,New York 10:30,1,1ro,2,2,2,48677
2023-06-06,72,40,59,2,2023-06-08,Quiniela Real,3,3ro,3,3,3,34715
2023-06-06,89,48,12,5,2023-06-11,Quiniela Real,2,2do,1,1,1,34712
2023-06-07,9,39,53,2,2023-06-09,New York 2:30,3,3ro,2,2,2,46214
2023-06-10,22,44,9,3,2023-06-13,Gana Mas,3,3ro,4,3,4,161896
2023-06-10,59,44,34,3,2023-06-13,Loteria Nacional,1,1ro,1,1,1,107935
2023-06-10,70,44,9,1,2023-06-11,Gana Mas,1,1ro,2,1,2,161898
2023-06-12,84,47,94,1,2023-06-13,Quiniela Loteka,3,3ro,1,1,1,34663
2023-06-14,7,42,22,2,2023-06-16,Gana Mas,2,2do,3,2,3,161893
2023-06-14,7,42,90,2,2023-06-16,Gana Mas,2,2do,3,2,3,161893
2023-06-17,9,39,35,1,2023-06-18,New York 2:30,2,2do,3,3,3,46205
2023-06-17,14,39,54,2,2023-06-19,Quiniela Leidsa,2,2do,1,1,1,115414
2023-06-17,86,35,46,5,2023-06-22,New York 10:30,3,3ro,2,1,2,48663
2023-06-17,90,46,9,1,2023-06-18,Gana Mas,3,3ro,1,1,1,161891
2023-06-17,90,46,35,1,2023-06-18,Gana Mas,3,3ro,1,1,1,161891
2023-06-19,28,43,73,7,2023-06-26,Quiniela Leidsa,2,2do,1,1,1,115407
2023-06-19,44,43,70,7,2023-06-26,Gana Mas,3,3ro,1,1,1,161883
2023-06-23,28,43,87,3,2023-06-26,Quiniela Leidsa,2,2do,3,3,2,115407
2023-06-23,44,43,9,3,2023-06-26,Gana Mas,3,3ro,3,3,3,161883
2023-06-23,63,38,9,7,2023-06-30,Quiniela Leidsa,2,2do,1,1,1,115403
2023-06-24,90,46,70,2,2023-06-26,Quiniela Loteka,3,3ro,4,4,3,34650
2023-06-25,42,37,70,6,2023-07-01,Quiniela Leidsa,3,3ro,1,1,1,115402
2023-06-26,20,38,2,3,2023-06-29,New York 2:30,2,2do,2,2,2,46194
2023-06-26,68,47,76,2,2023-06-28,New York 2:30,1,1ro,2,2,1,46195
2023-06-26,79,47,67,3,2023-06-29,New York 2:30,3,3ro,1,1,1,46194
2023-06-28,22,44,70,4,2023-07-02,Quiniela Loteka,1,1ro,1,1,1,51144
2023-06-29,94,39,84,1,2023-06-30,Gana Mas,3,3ro,1,1,1,161879
2023-06-30,26,28,59,5,2023-07-05,Gana Mas,1,1ro,1,1,1,161874
2023-06-30,26,28,72,5,2023-07-05,Gana Mas,1,1ro,1,1,1,161874
2023-06-30,53,28,7,4,2023-07-04,Loteria Nacional,3,3ro,1,1,1,107914
2023-06-30,87,33,28,6,2023-07-06,Loteria Nacional,3,3ro,2,2,2,107912
2023-07-05,62,39,75,2,2023-07-07,New York 10:30,1,1ro,2,2,2,62755
2023-07-06,92,43,27,1,2023-07-07,Quiniela Loteka,1,1ro,4,3,3,62749
2023-07-07,9,39,63,3,2023-07-10,Quiniela Leidsa,1,1ro,1,1,1,115393
2023-07-07,30,39,3,5,2023-07-12,Quiniela Loteka,3,3ro,1,1,1,68134
2023-07-09,90,46,42,1,2023-07-10,New York 2:30,3,3ro,2,2,2,65977
2023-07-11,7,42,90,1,2023-07-12,Gana Mas,3,3ro,2,2,2,161867
2023-07-16,22,44,9,4,2023-07-20,Quiniela Loteka,3,3ro,1,1,1,72726
2023-07-16,70,44,9,2,2023-07-18,Gana Mas,2,2do,5,3,2,161861
2023-07-16,70,44,22,2,2023-07-18,Gana Mas,2,2do,5,3,2,161861
2023-07-17,32,36,45,2,2023-07-19,Loteria Nacional,2,2do,2,2,2,107899
2023-07-18,56,40,41,6,2023-07-24,Quiniela Real,1,1ro,1,1,1,72742
2023-07-22,12,43,41,1,2023-07-23,New York 10:30,2,2do,2,2,2,72765
2023-07-24,71,42,41,5,2023-07-29,New York 10:30,1,1ro,2,2,2,72867
2023-07-24,71,42,56,5,2023-07-29,New York 10:30,1,1ro,2,2,2,72867
2023-07-25,26,28,59,7,2023-08-01,Quiniela Leidsa,1,1ro,1,1,1,115371
2023-07-26,7,42,53,1,2023-07-27,Gana Mas,2,2do,3,3,2,161852
2023-07-30,42,37,22,3,2023-08-02,Quiniela Real,3,3ro,1,1,1,72884
2023-07-30,42,37,35,3,2023-08-02,Quiniela Real,3,3ro,1,1,1,72884
2023-07-30,63,38,22,6,2023-08-05,Loteria Nacional,2,2do,1,1,1,107882
2023-07-30,63,38,35,6,2023-08-05,Loteria Nacional,2,2do,1,1,1,107882
2023-08-01,27,26,68,2,2023-08-03,Quiniela Real,2,2do,2,2,2,72929
2023-08-03,37,46,65,4,2023-08-07,Quiniela Leidsa,2,2do,2,2,2,115365
2023-08-03,74,46,31,2,2023-08-05,Gana Mas,1,1ro,1,1,1,161843
2023-08-05,92,43,68,1,2023-08-06,New York 2:30,3,3ro,2,2,2,78476
2023-08-09,90,46,63,5,2023-08-14,Quiniela Real,3,3ro,2,2,2,78593
2023-08-14,82,33,37,1,2023-08-15,Gana Mas,3,3ro,5,3,3,161833
2023-08-14,87,33,73,3,2023-08-17,Quiniela Leidsa,1,1ro,4,2,3,115355
2023-08-15,82,33,37,1,2023-08-16,Gana Mas,3,3ro,3,2,2,161832
2023-08-16,96,54,15,3,2023-08-19,Quiniela Leidsa,1,1ro,3,2,3,115353
2023-08-18,22,44,9,3,2023-08-21,Quiniela Loteka,1,1ro,2,2,2,129973
2023-08-19,16,27,25,5,2023-08-24,New York 2:30,3,3ro,1,1,1,143783
2023-08-21,79,47,67,3,2023-08-24,Quiniela Loteka,3,3ro,2,2,2,143759
2023-08-25,63,38,42,4,2023-08-29,Quiniela Real,3,3ro,1,1,1,143849
2023-08-26,88,31,79,6,2023-09-01,Loteria Nacional,2,2do,1,1,1,143889
2023-08-27,79,47,67,2,2023-08-29,New York 10:30,3,3ro,3,2,2,143852
2023-08-27,84,47,58,4,2023-08-31,Loteria Nacional,1,1ro,1,1,1,143873
2023-08-29,26,28,59,6,2023-09-04,New York 10:30,3,3ro,2,2,2,150576
2023-08-29,53,28,7,2,2023-08-31,Loteria Nacional,2,2do,1,1,1,143873
2023-08-29,53,28,70,2,2023-08-31,Loteria Nacional,2,2do,1,1,1,143873
2023-08-31,92,43,27,6,2023-09-06,Quiniela Loteka,2,2do,2,2,2,150603
2023-09-02,1,34,10,6,2023-09-08,New York 2:30,3,3ro,2,2,2,150642
2023-09-03,11,35,57,7,2023-09-10,New York 10:30,2,2do,2,1,2,150682
2023-09-04,7,42,35,4,2023-09-08,Loteria Nacional,1,1ro,2,2,2,150633
2023-09-04,9,39,35,1,2023-09-05,Loteria Nacional,1,1ro,5,3,4,150579
2023-09-04,9,39,42,1,2023-09-05,Loteria Nacional,1,1ro,5,3,4,150579
2023-09-05,42,37,9,7,2023-09-12,New York 10:30,1,1ro,1,1,1,150715
2023-09-06,12,43,41,1,2023-09-07,Quiniela Leidsa,1,1ro,1,1,1,150620
2023-09-06,68,47,76,2,2023-09-08,Gana Mas,3,3ro,3,3,3,161811
2023-09-06,92,43,76,1,2023-09-07,Loteria Nacional,3,3ro,2,2,2,150615
2023-09-09,88,31,79,7,2023-09-16,Quiniela Loteka,2,2do,1,1,1,150780
2023-09-11,26,28,72,5,2023-09-16,Quiniela Leidsa,1,1ro,1,1,1,150775
2023-09-12,71,42,56,3,2023-09-15,Gana Mas,1,1ro,2,2,2,161804
2023-09-13,53,28,90,4,2023-09-17,Quiniela Real,3,3ro,2,2,1,150803
2023-09-13,87,33,28,3,2023-09-16,New York 2:30,1,1ro,2,1,1,150789
2023-09-14,76,34,68,4,2023-09-18,Gana Mas,3,3ro,2,2,1,161801
2023-09-14,76,34,92,4,2023-09-18,Gana Mas,3,3ro,2,2,1,161801
2023-09-16,27,26,92,7,2023-09-23,Quiniela Loteka,2,2do,1,1,1,150903
2023-09-22,4,47,40,3,2023-09-25,New York 10:30,1,1ro,1,1,1,150944
2023-09-23,65,52,82,3,2023-09-26,Gana Mas,3,3ro,2,2,2,161794
2023-09-25,10,37,1,1,2023-09-26,Quiniela Loteka,1,1ro,2,2,2,150954
2023-09-25,65,52,37,1,2023-09-26,Gana Mas,3,3ro,2,2,2,161794
2023-09-25,65,52,82,1,2023-09-26,Gana Mas,3,3ro,2,2,2,161794
2023-09-27,5,37,50,3,2023-09-30,Quiniela Loteka,3,3ro,2,2,2,151022
2023-09-27,42,37,53,3,2023-09-30,New York 2:30,3,3ro,2,2,2,151029
2023-09-27,85,36,81,1,2023-09-28,Gana Mas,2,2do,3,3,3,161792
2023-09-28,69,45,57,1,2023-09-29,Gana Mas,1,1ro,3,3,3,161791
2023-09-30,17,34,13,1,2023-10-01,Quiniela Real,2,2do,2,2,2,151058
2023-09-30,85,36,52,3,2023-10-03,New York 10:30,3,3ro,2,2,2,151106
2023-10-01,59,44,72,5,2023-10-06,Gana Mas,2,2do,2,1,2,161784
2023-10-01,63,38,44,5,2023-10-06,Loteria Nacional,1,1ro,5,3,3,161752
2023-10-02,83,49,3,2,2023-10-04,New York 2:30,1,1ro,1,1,1,161676
2023-10-07,7,42,63,3,2023-10-10,Quiniela Real,1,1ro,2,2,2,165799
2023-10-08,59,44,72,5,2023-10-13,Quiniela Real,1,1ro,2,2,2,165876
2023-10-10,59,44,26,3,2023-10-13,Quiniela Real,1,1ro,2,2,2,165876
2023-10-10,59,44,34,3,2023-10-13,Quiniela Real,1,1ro,2,2,2,165876
2023-10-13,11,35,57,2,2023-10-15,Quiniela Leidsa,3,3ro,3,3,2,167936
2023-10-13,80,45,8,3,2023-10-16,Quiniela Loteka,2,2do,2,2,2,167970
2023-10-14,35,49,29,3,2023-10-17,Quiniela Loteka,1,1ro,1,1,1,167997
2023-10-14,35,49,44,3,2023-10-17,Quiniela Loteka,1,1ro,1,1,1,167997
2023-10-16,12,43,89,4,2023-10-20,Gana Mas,1,1ro,3,3,3,168071
2023-10-16,25,30,16,2,2023-10-18,Quiniela Leidsa,3,3ro,3,2,2,168024
2023-10-16,44,43,9,7,2023-10-23,New York 2:30,3,3ro,1,1,1,168149
2023-10-16,92,43,27,2,2023-10-18,Quiniela Real,2,2do,1,1,1,168012
2023-10-18,9,39,53,5,2023-10-23,Gana Mas,1,1ro,2,1,2,168147
2023-10-18,90,46,53,1,2023-10-19,New York 2:30,1,1ro,3,3,3,168044
2023-10-21,15,29,96,6,2023-10-27,New York 10:30,3,3ro,1,1,1,168270
2023-10-21,79,47,67,1,2023-10-22,New York 2:30,3,3ro,2,2,2,168122
2023-10-22,28,43,73,2,2023-10-24,Quiniela Leidsa,3,3ro,2,2,2,168188
2023-10-22,44,43,90,1,2023-10-23,New York 2:30,3,3ro,2,2,1,168149
2023-10-22,92,43,68,2,2023-10-24,Quiniela Loteka,2,2do,1,1,1,168182
2023-10-24,42,37,44,6,2023-10-30,Quiniela Loteka,1,1ro,1,1,1,168339
2023-10-25,81,43,85,3,2023-10-28,Quiniela Leidsa,1,1ro,3,2,3,168292
2023-10-26,29,41,7,1,2023-10-27,Quiniela Loteka,3,3ro,3,3,1,168256
2023-10-26,29,41,63,1,2023-10-27,Quiniela Loteka,3,3ro,3,3,1,168256
2023-10-26,56,40,41,3,2023-10-29,Quiniela Real,1,1ro,1,1,1,168302
2023-10-26,56,40,71,3,2023-10-29,Quiniela Real,1,1ro,1,1,1,168302
2023-10-27,42,37,35,3,2023-10-30,Quiniela Loteka,1,1ro,4,3,3,168339
2023-10-27,42,37,90,3,2023-10-30,Quiniela Loteka,1,1ro,4,3,3,168339
2023-10-29,76,34,27,4,2023-11-02,New York 10:30,3,3ro,1,1,1,168426
2023-10-31,57,30,69,2,2023-11-02,Quiniela Loteka,1,1ro,4,4,3,168417
2023-11-01,7,42,63,2,2023-11-03,Gana Mas,1,1ro,4,3,3,168437
2023-11-01,71,42,12,1,2023-11-02,New York 10:30,2,2do,2,2,2,168426
2023-11-03,11,35,91,1,2023-11-04,Quiniela Real,3,3ro,2,2,2,168459
2023-11-06,13,41,17,1,2023-11-07,New York 10:30,2,2do,3,3,2,168554
2023-11-06,77,32,23,4,2023-11-10,Gana Mas,2,2do,1,1,1,168624
2023-11-10,22,44,63,2,2023-11-12,New York 2:30,3,3ro,2,2,2,168676
2023-11-10,70,44,63,5,2023-11-15,New York 10:30,2,2do,2,1,2,168768
2023-11-12,89,48,12,1,2023-11-13,New York 2:30,3,3ro,3,3,3,168701
2023-11-12,89,48,71,1,2023-11-13,New York 2:30,3,3ro,3,3,3,168701
2023-11-16,94,39,84,4,2023-11-20,Quiniela Loteka,1,1ro,3,2,3,168857
2023-11-17,30,39,3,3,2023-11-20,Quiniela Loteka,2,2do,3,3,2,168857
2023-11-17,41,39,89,4,2023-11-21,Gana Mas,2,2do,2,1,2,168879
2023-11-17,46,39,86,5,2023-11-22,Quiniela Leidsa,1,1ro,1,1,1,168918
2023-11-21,45,50,32,2,2023-11-23,Quiniela Loteka,2,2do,1,1,1,168937
2023-11-22,74,46,31,2,2023-11-24,Quiniela Real,2,2do,1,1,1,168955
2023-11-24,35,49,7,1,2023-11-25,Quiniela Real,2,2do,2,2,2,168979
2023-11-24,35,49,63,1,2023-11-25,Quiniela Real,2,2do,2,2,2,168979
2023-11-25,9,39,53,2,2023-11-27,Quiniela Real,3,3ro,6,5,3,169027
2023-11-27,44,43,7,5,2023-12-02,Quiniela Real,3,3ro,2,2,2,169156
2023-11-27,92,43,68,7,2023-12-04,New York 2:30,1,1ro,1,1,1,169212
2023-11-29,37,46,82,5,2023-12-04,Quiniela Real,1,1ro,1,1,1,169206
2023-11-29,58,46,84,3,2023-12-02,Gana Mas,2,2do,2,1,2,169155
2023-11-30,11,35,91,7,2023-12-07,Quiniela Real,1,1ro,1,1,1,169286
2023-12-03,59,44,72,5,2023-12-08,Quiniela Loteka,3,3ro,2,1,2,169322
2023-12-03,87,33,73,5,2023-12-08,New York 2:30,1,1ro,1,1,1,169317
2023-12-08,53,28,9,6,2023-12-14,Loteria Nacional,3,3ro,1,1,1,169487
2023-12-09,44,43,90,2,2023-12-11,Gana Mas,1,1ro,1,1,1,169394
2023-12-10,52,38,81,2,2023-12-12,Quiniela Loteka,2,2do,1,1,1,169426
2023-12-13,16,27,25,1,2023-12-14,Quiniela Leidsa,2,2do,3,2,3,169486
2023-12-13,29,41,70,2,2023-12-15,New York 2:30,1,1ro,3,2,3,169499
2023-12-13,34,51,26,4,2023-12-17,Loteria Nacional,3,3ro,1,1,1,169544
2023-12-15,35,49,29,1,2023-12-16,Loteria Nacional,2,2do,2,2,1,169539
2023-12-15,40,49,4,1,2023-12-16,Quiniela Loteka,2,2do,2,2,2,169531
2023-12-15,44,43,29,5,2023-12-20,Quiniela Leidsa,1,1ro,2,2,2,169636
2023-12-18,56,40,89,4,2023-12-22,Quiniela Leidsa,1,1ro,1,1,1,169687
2023-12-19,7,42,29,3,2023-12-22,Loteria Nacional,1,1ro,1,1,1,169688
2023-12-20,75,44,62,3,2023-12-23,Quiniela Loteka,1,1ro,4,3,3,169708
2023-12-20,91,44,69,2,2023-12-22,Quiniela Real,3,3ro,2,2,1,169672
2023-12-21,90,46,70,7,2023-12-28,Loteria Nacional,1,1ro,1,1,1,169826
2023-12-22,22,44,7,7,2023-12-29,Quiniela Leidsa,3,3ro,1,1,1,169849
2023-12-22,70,44,7,5,2023-12-27,New York 2:30,2,2do,3,3,1,169787
2023-12-22,75,44,62,1,2023-12-23,Quiniela Loteka,1,1ro,4,3,3,169708
2023-12-22,91,44,11,2,2023-12-24,Quiniela Real,3,3ro,1,1,1,169726
2023-12-27,9,39,44,1,2023-12-28,Gana Mas,2,2do,2,2,2,169813
2023-12-28,20,38,2,3,2023-12-31,New York 10:30,3,3ro,1,1,1,169898
2023-12-28,52,38,85,4,2024-01-01,Quiniela Real,1,1ro,1,1,1,169905
2023-12-30,44,43,7,3,2024-01-02,Quiniela Real,1,1ro,2,2,2,169919
2023-12-30,44,43,35,3,2024-01-02,Quiniela Real,1,1ro,2,2,2,169919
2024-01-02,42,37,44,4,2024-01-06,Gana Mas,1,1ro,1,1,1,172078
2024-01-02,77,32,87,6,2024-01-08,Quiniela Leidsa,3,3ro,1,1,1,172145
2024-01-04,42,37,53,2,2024-01-06,Gana Mas,1,1ro,1,1,1,172078
2024-01-05,53,28,22,2,2024-01-07,Quiniela Real,1,1ro,3,2,3,172099
2024-01-05,53,28,90,2,2024-01-07,Quiniela Real,1,1ro,3,2,3,172099
2024-01-05,82,33,65,1,2024-01-06,Quiniela Loteka,2,2do,4,3,4,172083
2024-01-05,87,33,28,2,2024-01-07,Gana Mas,3,3ro,3,2,3,172106
2024-01-06,29,41,42,1,2024-01-07,Gana Mas,2,2do,1,1,1,172106
2024-01-06,71,42,41,2,2024-01-08,New York 10:30,3,3ro,2,2,2,172150
2024-01-07,22,44,53,1,2024-01-08,Loteria Nacional,2,2do,3,3,2,172146
2024-01-07,70,44,22,4,2024-01-11,New York 10:30,2,2do,1,1,1,172231
2024-01-07,70,44,53,4,2024-01-11,New York 10:30,2,2do,1,1,1,172231
2024-01-08,37,46,82,2,2024-01-10,New York 2:30,3,3ro,1,1,1,172186
2024-01-08,77,32,73,7,2024-01-15,Gana Mas,2,2do,1,1,1,172322
2024-01-12,23,42,87,6,2024-01-18,New York 2:30,2,2do,1,1,1,173707
2024-01-12,71,42,89,1,2024-01-13,Quiniela Leidsa,2,2do,2,2,2,172281
2024-01-13,84,47,94,1,2024-01-14,Quiniela Real,3,3ro,4,4,3,172292
2024-01-14,22,44,29,2,2024-01-16,Gana Mas,3,3ro,1,1,1,172347
2024-01-14,70,44,29,4,2024-01-18,New York 2:30,1,1ro,2,2,2,173707
2024-01-14,91,44,69,1,2024-01-15,Quiniela Loteka,1,1ro,5,3,3,172327
2024-01-16,69,45,57,4,2024-01-20,New York 2:30,1,1ro,1,1,1,173763
2024-01-16,81,43,85,6,2024-01-22,Gana Mas,2,2do,2,1,2,173814
2024-01-17,28,43,73,7,2024-01-24,Loteria Nacional,2,2do,1,1,1,173886
2024-01-17,35,49,90,4,2024-01-21,Quiniela Loteka,1,1ro,2,2,1,173800
2024-01-17,53,28,90,5,2024-01-22,Gana Mas,1,1ro,3,2,2,173814
2024-01-19,37,46,82,3,2024-01-22,Quiniela Real,1,1ro,1,1,1,173812
2024-01-19,65,52,82,5,2024-01-24,Gana Mas,1,1ro,1,1,1,173871
2024-01-21,54,35,14,2,2024-01-23,Gana Mas,1,1ro,4,3,4,173842
2024-01-21,86,35,19,3,2024-01-24,Loteria Nacional,3,3ro,2,2,2,173886
2024-01-22,42,37,53,5,2024-01-27,New York 10:30,1,1ro,2,2,1,173973
2024-01-27,7,42,53,1,2024-01-28,Quiniela Leidsa,3,3ro,4,3,3,173989
2024-01-27,53,28,42,4,2024-01-31,Gana Mas,1,1ro,1,1,1,174070
2024-01-30,26,28,34,2,2024-02-01,Quiniela Real,1,1ro,3,3,3,174094
2024-01-31,9,39,53,1,2024-02-01,Quiniela Leidsa,1,1ro,2,2,2,174119
2024-01-31,9,39,70,1,2024-02-01,Quiniela Leidsa,1,1ro,2,2,2,174119
2024-01-31,29,41,53,1,2024-02-01,Gana Mas,2,2do,2,2,2,174098
2024-01-31,29,41,70,1,2024-02-01,Gana Mas,2,2do,2,2,2,174098
2024-02-01,90,46,7,1,2024-02-02,Loteria Nacional,2,2do,2,2,2,174144
2024-02-01,90,46,9,1,2024-02-02,Loteria Nacional,2,2do,2,2,2,174144
2024-02-03,22,44,29,5,2024-02-08,Gana Mas,3,3ro,4,2,4,174302
2024-02-03,22,44,70,5,2024-02-08,Gana Mas,3,3ro,4,2,4,174302
2024-02-03,42,37,22,6,2024-02-09,New York 2:30,2,2do,1,1,1,174334
2024-02-03,42,37,29,6,2024-02-09,New York 2:30,2,2do,1,1,1,174334
2024-02-03,42,37,44,6,2024-02-09,New York 2:30,2,2do,1,1,1,174334
2024-02-03,42,37,70,6,2024-02-09,New York 2:30,2,2do,1,1,1,174334
2024-02-03,70,44,22,1,2024-02-04,Quiniela Real,2,2do,3,2,2,174187
2024-02-03,70,44,29,1,2024-02-04,Quiniela Real,2,2do,3,2,2,174187
2024-02-06,42,37,70,3,2024-02-09,New York 2:30,2,2do,2,2,1,174334
2024-02-07,68,47,76,3,2024-02-10,Loteria Nacional,1,1ro,4,3,3,174368
2024-02-07,79,47,67,1,2024-02-08,New York 10:30,3,3ro,2,2,2,174321
2024-02-16,31,38,74,5,2024-02-21,Quiniela Leidsa,1,1ro,1,1,1,174660
2024-02-17,28,43,73,2,2024-02-19,Loteria Nacional,1,1ro,4,4,3,174608
2024-02-19,23,42,28,7,2024-02-26,Loteria Nacional,2,2do,1,1,1,174805
2024-02-19,87,33,28,3,2024-02-22,Quiniela Real,3,3ro,2,2,2,174673
2024-02-20,9,39,22,1,2024-02-21,Quiniela Real,2,2do,2,2,2,174645
2024-02-21,77,32,28,7,2024-02-28,New York 10:30,2,2do,1,1,1,174862
2024-02-22,7,42,22,1,2024-02-23,Quiniela Leidsa,2,2do,2,2,2,174722
2024-02-22,7,42,70,1,2024-02-23,Quiniela Leidsa,2,2do,2,2,2,174722
2024-02-24,13,41,17,4,2024-02-28,New York 2:30,2,2do,3,2,3,174845
2024-02-25,72,40,26,4,2024-02-29,Quiniela Leidsa,3,3ro,1,1,1,174887
2024-02-27,79,47,67,1,2024-02-28,Gana Mas,1,1ro,1,1,1,174843
2024-02-28,22,44,63,4,2024-03-03,Gana Mas,1,1ro,1,1,1,174957
2024-02-28,22,44,70,4,2024-03-03,Gana Mas,1,1ro,1,1,1,174957
2024-02-28,59,44,26,7,2024-03-06,Gana Mas,1,1ro,1,1,1,175038
2024-02-28,70,44,63,2,2024-03-01,New York 2:30,1,1ro,3,3,3,174904
2024-03-01,3,31,30,3,2024-03-04,New York 10:30,1,1ro,2,2,2,175001
2024-03-03,44,43,22,4,2024-03-07,New York 2:30,3,3ro,1,1,1,175068
2024-03-03,44,43,29,4,2024-03-07,New York 2:30,3,3ro,1,1,1,175068
2024-03-03,92,43,27,2,2024-03-05,Quiniela Loteka,2,2do,1,1,1,175017
2024-03-04,85,36,81,2,2024-03-06,New York 10:30,2,2do,3,3,2,175058
2024-03-05,10,37,1,1,2024-03-06,Quiniela Leidsa,1,1ro,4,3,3,175052
2024-03-07,81,43,52,2,2024-03-09,New York 10:30,1,1ro,3,3,3,175139
2024-03-12,21,28,51,7,2024-03-19,Quiniela Leidsa,1,1ro,1,1,1,175414
2024-03-12,26,28,59,2,2024-03-14,Quiniela Real,3,3ro,2,2,2,175257
2024-03-12,27,26,68,2,2024-03-14,Quiniela Loteka,1,1ro,3,2,3,175270
2024-03-12,34,51,26,3,2024-03-15,New York 2:30,2,2do,1,1,1,175290
2024-03-12,34,51,59,3,2024-03-15,New York 2:30,2,2do,1,1,1,175290
2024-03-15,77,32,87,2,2024-03-17,Quiniela Loteka,3,3ro,3,3,2,175358
2024-03-16,96,54,15,2,2024-03-18,Quiniela Leidsa,3,3ro,3,3,3,175387
2024-03-18,28,43,77,3,2024-03-21,New York 10:30,3,3ro,3,3,3,175472
2024-03-18,79,47,88,2,2024-03-20,Loteria Nacional,1,1ro,2,2,1,175442
2024-03-19,27,26,92,4,2024-03-23,Loteria Nacional,1,1ro,2,2,2,175517
2024-03-22,35,49,29,1,2024-03-23,New York 2:30,2,2do,1,1,1,175507
2024-03-22,42,37,29,1,2024-03-23,Quiniela Real,2,2do,3,3,3,175505
2024-03-26,9,39,44,1,2024-03-27,Quiniela Leidsa,2,2do,1,1,1,175630
2024-03-28,23,42,87,7,2024-04-04,New York 2:30,3,3ro,1,1,1,175803
2024-04-05,20,38,2,6,2024-04-11,Gana Mas,3,3ro,1,1,1,176031
2024-04-05,63,38,70,1,2024-04-06,Quiniela Loteka,1,1ro,2,2,2,175864
2024-04-05,90,46,70,4,2024-04-09,New York 10:30,2,2do,1,1,1,175957
2024-04-07,53,28,7,7,2024-04-14,Loteria Nacional,2,2do,1,1,1,176115
2024-04-07,53,28,29,7,2024-04-14,Loteria Nacional,2,2do,1,1,1,176115
2024-04-07,87,33,28,5,2024-04-12,Quiniela Real,3,3ro,2,2,1,176055
2024-04-11,68,47,27,5,2024-04-16,New York 10:30,1,1ro,1,1,1,176196
2024-04-12,34,51,72,1,2024-04-13,New York 10:30,2,2do,1,1,1,176100
2024-04-13,14,39,54,2,2024-04-15,Gana Mas,2,2do,4,3,3,176149
2024-04-16,2,33,20,2,2024-04-18,Gana Mas,3,3ro,2,2,2,176234
2024-04-18,71,42,89,5,2024-04-23,New York 2:30,3,3ro,1,1,1,176380
2024-04-20,7,42,70,1,2024-04-21,Loteria Nacional,3,3ro,3,3,3,176330
2024-04-21,14,39,54,1,2024-04-22,Quiniela Leidsa,1,1ro,1,1,1,176361
2024-04-23,63,38,53,5,2024-04-28,Quiniela Leidsa,1,1ro,2,2,2,176527
2024-04-24,97,52,48,3,2024-04-27,Gana Mas,1,1ro,2,2,1,176496
2024-04-27,74,46,31,6,2024-05-03,New York 10:30,3,3ro,1,1,1,176700
2024-04-27,90,46,9,5,2024-05-02,Loteria Nacional,1,1ro,1,1,1,176662
2024-04-28,80,45,8,1,2024-04-29,Quiniela Leidsa,1,1ro,1,1,1,176566
2024-04-28,87,33,73,6,2024-05-04,New York 2:30,1,1ro,1,1,1,176709
2024-04-29,57,30,91,6,2024-05-05,Quiniela Leidsa,1,1ro,1,1,1,176740
2024-04-29,83,49,30,4,2024-05-03,New York 2:30,1,1ro,2,2,2,176681
2024-05-01,63,38,7,5,2024-05-06,Quiniela Leidsa,1,1ro,1,1,1,176777
2024-05-02,72,40,59,7,2024-05-09,Quiniela Real,2,2do,1,1,1,176846
2024-05-03,35,49,42,2,2024-05-05,Quiniela Real,3,3ro,1,1,1,176735
2024-05-04,73,48,87,3,2024-05-07,New York 2:30,1,1ro,2,2,2,176794
2024-05-05,69,45,57,2,2024-05-07,New York 10:30,1,1ro,5,4,4,176812
2024-05-06,29,41,53,1,2024-05-07,Quiniela Leidsa,3,3ro,1,1,1,176805
2024-05-06,29,41,63,1,2024-05-07,Quiniela Leidsa,3,3ro,1,1,1,176805
2024-05-06,63,38,53,7,2024-05-13,New York 2:30,2,2do,1,1,1,176962
2024-05-10,41,39,89,3,2024-05-13,Loteria Nacional,2,2do,3,2,3,176972
2024-05-10,94,39,84,3,2024-05-13,Gana Mas,1,1ro,2,2,2,176963
2024-05-13,11,35,57,5,2024-05-18,Gana Mas,2,2do,1,1,1,177107
2024-05-13,27,26,76,2,2024-05-15,Gana Mas,2,2do,2,2,2,177023
2024-05-14,7,42,29,5,2024-05-19,New York 2:30,2,2do,2,2,1,177134
2024-05-14,7,42,35,5,2024-05-19,New York 2:30,2,2do,2,2,1,177134
2024-05-14,29,41,35,2,2024-05-16,Quiniela Loteka,2,2do,2,2,2,177057
2024-05-14,29,41,42,2,2024-05-16,Quiniela Loteka,2,2do,2,2,2,177057
2024-05-14,71,42,41,2,2024-05-16,Quiniela Leidsa,3,3ro,2,2,2,177063
2024-05-16,9,39,22,6,2024-05-22,Loteria Nacional,1,1ro,1,1,1,177225
2024-05-16,94,39,58,6,2024-05-22,Quiniela Loteka,3,3ro,2,2,1,177215
2024-05-17,30,39,3,1,2024-05-18,Loteria Nacional,2,2do,3,1,3,177114
2024-05-18,94,39,84,4,2024-05-22,Quiniela Loteka,3,3ro,2,2,1,177215
2024-05-22,44,43,9,1,2024-05-23,Quiniela Leidsa,3,3ro,2,2,2,177248
2024-05-22,70,44,9,5,2024-05-27,New York 10:30,2,2do,2,2,1,177373
2024-05-23,7,42,35,1,2024-05-24,Quiniela Loteka,1,1ro,1,1,1,177270
2024-05-26,7,42,44,5,2024-05-31,Quiniela Loteka,2,2do,1,1,1,177476
2024-05-26,22,44,42,6,2024-06-01,Loteria Nacional,1,1ro,1,1,1,177507
2024-05-26,70,44,42,1,2024-05-27,New York 10:30,2,2do,2,2,1,177373
2024-05-27,1,34,10,3,2024-05-30,Loteria Nacional,1,1ro,2,2,2,177450
2024-05-31,77,32,23,4,2024-06-04,Quiniela Loteka,2,2do,1,1,1,177588
2024-05-31,87,33,23,3,2024-06-03,Loteria Nacional,2,2do,4,3,4,177564
2024-06-01,77,32,73,3,2024-06-04,Quiniela Loteka,2,2do,3,2,3,177588
2024-06-06,80,45,8,1,2024-06-07,Loteria Nacional,3,3ro,1,1,1,177678
2024-06-07,77,32,87,1,2024-06-08,Gana Mas,1,1ro,2,1,2,177698
2024-06-08,73,48,77,7,2024-06-15,Quiniela Real,1,1ro,1,1,1,177896
2024-06-09,27,26,68,5,2024-06-14,New York 10:30,2,2do,1,1,1,177889
2024-06-12,7,42,53,7,2024-06-19,Loteria Nacional,3,3ro,1,1,1,178027
2024-06-14,73,48,28,1,2024-06-15,Quiniela Real,1,1ro,4,3,3,177896
2024-06-16,30,39,3,2,2024-06-18,Gana Mas,2,2do,1,1,1,177989
2024-06-16,41,39,56,3,2024-06-19,Quiniela Loteka,3,3ro,2,2,2,178022
2024-06-16,83,49,3,2,2024-06-18,New York 10:30,2,2do,2,2,2,178005
2024-06-17,22,44,53,2,2024-06-19,Gana Mas,2,2do,2,1,2,178015
2024-06-17,42,37,22,1,2024-06-18,Quiniela Loteka,3,3ro,1,1,1,177994
2024-06-17,42,37,44,1,2024-06-18,Quiniela Loteka,3,3ro,1,1,1,177994
2024-06-17,42,37,53,1,2024-06-18,Quiniela Loteka,3,3ro,1,1,1,177994
2024-06-21,19,40,46,3,2024-06-24,Quiniela Leidsa,2,2do,2,2,2,178169
2024-06-21,56,40,12,1,2024-06-22,New York 10:30,2,2do,2,2,2,178122
2024-06-25,96,54,15,2,2024-06-27,Loteria Nacional,3,3ro,2,2,2,178258
2024-06-29,63,38,90,4,2024-07-03,New York 10:30,1,1ro,2,2,2,178424
2024-07-02,23,42,77,4,2024-07-06,Gana Mas,3,3ro,1,1,1,178477
2024-07-02,71,42,56,1,2024-07-03,Quiniela Leidsa,3,3ro,1,1,1,178416
2024-07-04,72,40,34,7,2024-07-11,Loteria Nacional,1,1ro,2,1,2,178634
2024-07-07,48,36,93,2,2024-07-09,New York 2:30,1,1ro,2,1,2,178562
2024-07-07,48,36,97,2,2024-07-09,New York 2:30,1,1ro,2,1,2,178562
2024-07-08,45,50,32,2,2024-07-10,Gana Mas,3,3ro,3,2,3,178592
2024-07-09,89,48,41,7,2024-07-16,Gana Mas,2,2do,1,1,1,178768
2024-07-09,93,41,48,2,2024-07-11,New York 10:30,2,2do,3,2,2,178637
2024-07-11,7,42,63,6,2024-07-17,Quiniela Leidsa,2,2do,1,1,1,178806
2024-07-11,50,42,5,3,2024-07-14,Quiniela Real,2,2do,1,1,1,178707
2024-07-12,48,36,97,6,2024-07-18,New York 10:30,3,3ro,1,1,1,178840
2024-07-15,22,44,53,2,2024-07-17,New York 10:30,1,1ro,5,3,4,178814
2024-07-15,70,44,53,4,2024-07-19,Loteria Nacional,1,1ro,2,1,2,178862
2024-07-18,25,30,16,3,2024-07-21,Quiniela Leidsa,3,3ro,3,2,3,178912
2024-07-20,22,44,35,1,2024-07-21,Gana Mas,3,3ro,5,4,4,178911
2024-07-20,59,44,26,4,2024-07-24,New York 10:30,1,1ro,5,3,4,179016
2024-07-20,70,44,35,5,2024-07-25,Quiniela Loteka,2,2do,1,1,1,179032
2024-07-26,13,41,17,1,2024-07-27,Quiniela Real,2,2do,4,4,4,179080
2024-08-01,3,31,83,3,2024-08-04,Quiniela Leidsa,3,3ro,2,2,1,179329
2024-08-02,72,40,34,3,2024-08-05,Gana Mas,2,2do,1,1,1,179342
2024-08-02,87,33,73,6,2024-08-08,New York 10:30,1,1ro,1,1,1,179450
2024-08-04,77,32,23,2,2024-08-06,Quiniela Leidsa,2,2do,2,2,1,179386
2024-08-05,11,35,57,4,2024-08-09,New York 2:30,3,3ro,2,2,2,179460
2024-08-05,44,43,35,1,2024-08-06,New York 2:30,2,2do,3,2,3,179370
2024-08-05,70,44,35,2,2024-08-07,Quiniela Leidsa,3,3ro,1,1,1,179414
2024-08-05,91,44,57,7,2024-08-12,New York 2:30,3,3ro,1,1,1,179545
2024-08-07,70,44,7,7,2024-08-14,Gana Mas,3,3ro,1,1,1,179599
2024-08-09,7,42,29,1,2024-08-10,Quiniela Leidsa,1,1ro,3,3,2,179500
2024-08-11,35,49,7,7,2024-08-18,New York 2:30,3,3ro,1,1,1,179710
2024-08-11,35,49,29,7,2024-08-18,New York 2:30,3,3ro,1,1,1,179710
2024-08-14,57,30,69,5,2024-08-19,Gana Mas,2,2do,3,3,2,179737
2024-08-20,68,47,92,1,2024-08-21,Quiniela Loteka,2,2do,1,1,1,179797
2024-08-21,50,42,5,6,2024-08-27,Quiniela Leidsa,1,1ro,1,1,1,179964
2024-08-22,31,38,74,2,2024-08-24,New York 10:30,2,2do,3,3,2,179886
2024-08-28,29,41,90,7,2024-09-04,Loteria Nacional,1,1ro,1,1,1,180206
2024-08-29,10,37,1,3,2024-09-01,Quiniela Loteka,3,3ro,2,2,2,180122
2024-08-29,42,37,7,2,2024-08-31,Gana Mas,2,2do,3,3,3,180081
2024-08-30,48,36,97,4,2024-09-03,Gana Mas,3,3ro,1,1,1,180169
2024-08-31,32,36,45,4,2024-09-04,Quiniela Real,1,1ro,2,2,2,180194
2024-09-01,53,28,7,2,2024-09-03,Loteria Nacional,2,2do,1,1,1,180177
2024-09-01,53,28,22,2,2024-09-03,Loteria Nacional,2,2do,1,1,1,180177
2024-09-03,82,33,37,1,2024-09-04,New York 2:30,3,3ro,4,4,3,180196
2024-09-03,82,33,65,1,2024-09-04,New York 2:30,3,3ro,4,4,3,180196
2024-09-04,77,32,87,7,2024-09-11,New York 10:30,3,3ro,1,1,1,180415
2024-09-09,9,39,63,1,2024-09-10,New York 2:30,1,1ro,1,1,1,180369
2024-09-09,94,39,84,7,2024-09-16,Loteria Nacional,1,1ro,1,1,1,180555
2024-09-11,22,44,53,2,2024-09-13,Quiniela Loteka,2,2do,2,2,2,180466
2024-09-11,59,44,34,4,2024-09-15,Quiniela Loteka,3,3ro,2,2,2,180529
2024-09-11,63,38,44,5,2024-09-16,New York 2:30,1,1ro,2,1,1,180545
2024-09-11,63,38,53,5,2024-09-16,New York 2:30,1,1ro,2,1,1,180545
2024-09-12,53,28,35,5,2024-09-17,New York 10:30,2,2do,1,1,1,180586
2024-09-12,54,35,14,4,2024-09-16,New York 2:30,3,3ro,1,1,1,180545
2024-09-12,86,35,46,1,2024-09-13,Gana Mas,1,1ro,3,3,3,180460
2024-09-12,90,46,35,2,2024-09-14,New York 2:30,3,3ro,2,2,2,180488
2024-09-13,19,40,86,1,2024-09-14,New York 2:30,2,2do,6,5,4,180488
2024-09-13,29,41,35,5,2024-09-18,New York 10:30,2,2do,1,1,1,180616
2024-09-13,67,40,79,3,2024-09-16,Loteria Nacional,2,2do,1,1,1,180555
2024-09-15,93,41,97,3,2024-09-18,Quiniela Loteka,1,1ro,1,1,1,180604
2024-09-17,23,42,77,3,2024-09-20,Loteria Nacional,2,2do,3,2,3,180662
2024-09-17,65,52,82,6,2024-09-23,Quiniela Real,1,1ro,1,1,1,180726
2024-09-18,19,40,86,1,2024-09-19,Quiniela Real,3,3ro,3,3,3,180623
2024-09-19,51,40,21,1,2024-09-20,Quiniela Leidsa,2,2do,2,2,1,180663
2024-09-20,22,44,42,3,2024-09-23,Loteria Nacional,3,3ro,2,2,2,180740
2024-09-20,46,39,19,5,2024-09-25,Loteria Nacional,1,1ro,1,1,1,180795
2024-09-20,59,44,72,1,2024-09-21,Loteria Nacional,1,1ro,2,2,2,180688
2024-09-21,34,51,59,5,2024-09-26,Gana Mas,3,3ro,2,1,2,180814
2024-09-23,29,41,53,2,2024-09-25,Gana Mas,3,3ro,2,2,1,180785
2024-09-27,27,26,76,7,2024-10-04,Quiniela Loteka,3,3ro,1,1,1,181051
2024-09-29,86,35,19,1,2024-09-30,Quiniela Leidsa,2,2do,2,2,2,180939
2024-09-30,86,35,46,4,2024-10-04,Quiniela Loteka,2,2do,1,1,1,181051
2024-09-30,90,46,22,5,2024-10-05,Quiniela Real,1,1ro,1,1,1,181069
2024-09-30,90,46,35,5,2024-10-05,Quiniela Real,1,1ro,1,1,1,181069
2024-09-30,90,46,63,5,2024-10-05,Quiniela Real,1,1ro,1,1,1,181069
2024-10-01,72,40,26,2,2024-10-03,Quiniela Loteka,1,1ro,5,3,4,181020
2024-10-01,77,32,28,3,2024-10-04,Loteria Nacional,1,1ro,2,2,2,181054
2024-10-05,9,39,90,2,2024-10-07,Quiniela Loteka,2,2do,3,3,3,181132
2024-10-05,14,39,54,7,2024-10-12,New York 2:30,3,3ro,2,1,2,181270
2024-10-05,69,45,11,2,2024-10-07,Quiniela Leidsa,2,2do,1,1,1,181137
2024-10-08,7,42,90,2,2024-10-10,Quiniela Loteka,1,1ro,1,1,1,181218
2024-10-08,9,39,42,1,2024-10-09,Gana Mas,1,1ro,3,3,3,181184
2024-10-08,9,39,90,1,2024-10-09,Gana Mas,1,1ro,3,3,3,181184
2024-10-08,30,39,83,3,2024-10-11,Loteria Nacional,1,1ro,2,2,2,181253
2024-10-10,37,46,65,7,2024-10-17,Gana Mas,3,3ro,1,1,1,181412
2024-10-10,90,46,7,3,2024-10-13,Quiniela Real,1,1ro,1,1,1,181295
2024-10-10,90,46,9,3,2024-10-13,Quiniela Real,1,1ro,1,1,1,181295
2024-10-11,83,49,30,7,2024-10-18,Quiniela Loteka,2,2do,1,1,1,181446
2024-10-12,69,45,91,6,2024-10-18,Quiniela Real,2,2do,1,1,1,181435
2024-10-15,77,32,23,7,2024-10-22,Quiniela Real,2,2do,1,1,1,181550
2024-10-15,77,32,73,7,2024-10-22,Quiniela Real,2,2do,1,1,1,181550
2024-10-16,12,43,71,7,2024-10-23,New York 2:30,3,3ro,1,1,1,181583
2024-10-19,8,40,80,2,2024-10-21,New York 10:30,3,3ro,2,1,2,181543
2024-10-21,92,43,27,5,2024-10-26,Loteria Nacional,3,3ro,2,2,2,181686
2024-10-22,57,30,11,2,2024-10-24,New York 10:30,3,3ro,3,3,2,181633
2024-10-23,73,48,87,3,2024-10-26,Gana Mas,2,2do,1,1,1,181675
2024-10-24,20,38,2,1,2024-10-25,Quiniela Leidsa,1,1ro,3,2,3,181657
2024-10-28,11,35,69,4,2024-11-01,New York 10:30,1,1ro,1,1,1,181863
2024-10-28,11,35,91,4,2024-11-01,New York 10:30,1,1ro,1,1,1,181863
2024-10-29,63,38,53,1,2024-10-30,Loteria Nacional,1,1ro,5,3,4,181800
2024-10-30,70,44,63,4,2024-11-03,Gana Mas,3,3ro,2,1,2,181901
2024-11-03,73,48,87,1,2024-11-04,Quiniela Leidsa,1,1ro,3,3,3,181935
2024-11-03,90,46,70,1,2024-11-04,Gana Mas,1,1ro,3,2,3,181927
2024-11-05,73,48,87,1,2024-11-06,Gana Mas,3,3ro,2,2,2,181983
2024-11-06,21,28,51,4,2024-11-10,Loteria Nacional,2,2do,1,1,1,182119
2024-11-06,53,28,90,2,2024-11-08,Loteria Nacional,1,1ro,2,2,2,182063
2024-11-06,77,32,28,2,2024-11-08,Loteria Nacional,2,2do,1,1,1,182063
2024-11-16,67,40,79,2,2024-11-18,Loteria Nacional,2,2do,3,3,3,182341
2024-11-17,63,38,35,1,2024-11-18,New York 10:30,2,2do,3,3,2,182665
2024-11-17,63,38,70,1,2024-11-18,New York 10:30,2,2do,3,3,2,182665
2024-11-18,30,39,3,2,2024-11-20,Quiniela Leidsa,1,1ro,1,1,1,182400
2024-11-21,7,42,44,2,2024-11-23,New York 10:30,3,3ro,2,2,2,182495
2024-11-21,22,44,42,2,2024-11-23,Gana Mas,3,3ro,2,1,2,182475
2024-11-21,53,28,42,1,2024-11-22,Quiniela Loteka,3,3ro,1,1,1,182453
2024-11-21,53,28,44,1,2024-11-22,Quiniela Loteka,3,3ro,1,1,1,182453
2024-11-21,59,44,72,3,2024-11-24,New York 2:30,1,1ro,3,2,3,182504
2024-11-21,70,44,42,3,2024-11-24,Gana Mas,3,3ro,1,1,1,182503
2024-11-24,35,49,9,5,2024-11-29,New York 2:30,1,1ro,1,1,1,182647
2024-11-26,48,36,97,2,2024-11-28,Loteria Nacional,2,2do,2,2,2,182628
2024-11-26,67,40,79,1,2024-11-27,Loteria Nacional,1,1ro,4,2,3,182599
2024-11-29,72,40,34,1,2024-11-30,Loteria Nacional,3,3ro,2,2,2,182686
2024-11-29,76,34,92,6,2024-12-05,Quiniela Real,2,2do,2,1,1,182824
2024-12-03,79,47,67,1,2024-12-04,New York 10:30,2,2do,2,2,2,182815
2024-12-04,84,47,94,3,2024-12-07,Quiniela Loteka,2,2do,3,3,3,182892
2024-12-06,31,38,74,5,2024-12-11,Quiniela Real,3,3ro,2,2,2,182996
2024-12-09,6,35,60,1,2024-12-10,Gana Mas,1,1ro,3,3,3,182970
2024-12-10,69,45,91,3,2024-12-13,New York 10:30,2,2do,2,2,2,183074
2024-12-12,52,38,85,1,2024-12-13,Gana Mas,1,1ro,1,1,1,183056
2024-12-12,63,38,35,4,2024-12-16,New York 10:30,2,2do,1,1,1,183168
2024-12-13,35,49,22,5,2024-12-18,Loteria Nacional,3,3ro,1,1,1,183474
2024-12-13,97,52,48,2,2024-12-15,Quiniela Loteka,1,1ro,2,2,2,183130
2024-12-19,35,49,42,3,2024-12-22,Quiniela Real,2,2do,2,2,2,183663
2024-12-19,37,46,82,4,2024-12-23,New York 2:30,2,2do,1,1,1,183697
2024-12-19,90,46,42,2,2024-12-21,Gana Mas,2,2do,5,3,4,183636
2024-12-21,63,38,9,3,2024-12-24,New York 2:30,2,2do,1,1,1,183724
2024-12-21,63,38,90,3,2024-12-24,New York 2:30,2,2do,1,1,1,183724
2024-12-23,19,40,86,6,2024-12-29,Loteria Nacional,3,3ro,1,1,1,183849
2024-12-28,83,49,3,1,2024-12-29,Gana Mas,1,1ro,2,1,2,183840
2024-12-29,9,39,35,1,2024-12-30,Gana Mas,2,2do,3,3,3,183866
2024-12-29,53,28,35,4,2025-01-02,Quiniela Leidsa,3,3ro,3,3,3,183943
2024-12-30,53,28,22,3,2025-01-02,Quiniela Leidsa,3,3ro,4,4,4,183943
2024-12-30,68,47,92,7,2025-01-06,New York 2:30,3,3ro,1,1,1,184054
2025-01-04,22,44,53,1,2025-01-05,Loteria Nacional,3,3ro,1,1,1,184043
2025-01-04,91,44,57,1,2025-01-05,Quiniela Real,2,2do,1,1,1,184050
2025-01-08,57,30,11,2,2025-01-10,Quiniela Real,1,1ro,2,2,2,184166
2025-01-08,83,49,30,3,2025-01-11,New York 10:30,1,1ro,2,2,2,184217
2025-01-09,56,40,71,2,2025-01-11,Quiniela Real,3,3ro,3,3,2,184193
2025-01-10,56,40,41,1,2025-01-11,Quiniela Real,3,3ro,3,3,2,184193
2025-01-10,72,40,26,2,2025-01-12,Loteria Nacional,1,1ro,6,5,5,184238
2025-01-10,72,40,34,2,2025-01-12,Loteria Nacional,1,1ro,6,5,5,184238
2025-01-11,7,42,63,2,2025-01-13,New York 10:30,2,2do,3,3,3,184273
2025-01-12,26,28,72,2,2025-01-14,Gana Mas,1,1ro,3,1,2,184284
2025-01-12,53,28,22,3,2025-01-15,Quiniela Loteka,1,1ro,1,1,1,184318
2025-01-12,53,28,90,3,2025-01-15,Quiniela Loteka,1,1ro,1,1,1,184318
2025-01-15,89,48,71,6,2025-01-21,Quiniela Loteka,2,2do,1,1,1,184493
2025-01-22,14,39,54,1,2025-01-23,Quiniela Real,3,3ro,2,2,2,184537
2025-01-22,41,39,12,3,2025-01-25,Quiniela Real,3,3ro,1,1,1,184592
2025-01-22,41,39,71,3,2025-01-25,Quiniela Real,3,3ro,1,1,1,184592
2025-01-23,90,46,42,4,2025-01-27,New York 2:30,1,1ro,2,2,2,184654
2025-01-24,27,26,68,1,2025-01-25,Loteria Nacional,1,1ro,5,4,3,184607
2025-01-25,77,32,28,1,2025-01-26,New York 2:30,1,1ro,1,1,1,184626
2025-01-28,44,43,9,2,2025-01-30,Loteria Nacional,3,3ro,2,2,2,184752
2025-01-28,53,28,9,5,2025-02-02,Quiniela Real,1,1ro,1,1,1,184827
2025-01-29,3,31,83,2,2025-01-31,New York 2:30,1,1ro,1,1,1,184771
2025-01-30,19,40,86,3,2025-02-02,Loteria Nacional,3,3ro,2,1,2,184839
2025-01-31,48,36,93,1,2025-02-01,Quiniela Real,2,2do,1,1,1,184798
2025-02-02,15,29,96,1,2025-02-03,New York 10:30,3,3ro,3,3,3,184874
2025-02-04,35,49,44,2,2025-02-06,Gana Mas,3,3ro,1,1,1,184943
2025-02-05,63,38,7,4,2025-02-09,Loteria Nacional,2,2do,3,2,2,185043
2025-02-08,84,47,58,3,2025-02-11,Quiniela Leidsa,2,2do,1,1,1,185105
2025-02-11,63,38,7,3,2025-02-14,Quiniela Real,3,3ro,2,2,2,185183
2025-02-12,73,48,77,2,2025-02-14,New York 10:30,2,2do,3,3,2,185204
2025-02-12,76,34,92,3,2025-02-15,New York 10:30,2,2do,1,1,1,185251
2025-02-23,22,44,29,2,2025-02-25,Loteria Nacional,1,1ro,2,2,1,185519
2025-02-23,44,43,29,2,2025-02-25,Quiniela Leidsa,2,2do,2,2,2,185515
2025-02-28,56,40,89,6,2025-03-06,Quiniela Loteka,1,1ro,1,1,1,185801
2025-03-02,53,28,22,7,2025-03-09,Quiniela Loteka,1,1ro,1,1,1,185870
2025-03-02,53,28,44,7,2025-03-09,Quiniela Loteka,1,1ro,1,1,1,185870
2025-03-02,70,44,22,2,2025-03-04,Loteria Nacional,1,1ro,3,2,3,185725
2025-03-02,70,44,53,2,2025-03-04,Loteria Nacional,1,1ro,3,2,3,185725
2025-03-03,70,44,42,1,2025-03-04,Loteria Nacional,1,1ro,5,3,4,185725
2025-03-07,12,43,71,6,2025-03-13,Quiniela Loteka,2,2do,1,1,1,185986
2025-03-07,28,43,87,4,2025-03-11,Quiniela Loteka,1,1ro,1,1,1,185922
2025-03-07,56,40,71,2,2025-03-09,Quiniela Leidsa,1,1ro,3,3,3,185862
2025-03-07,92,43,27,6,2025-03-13,Loteria Nacional,3,3ro,1,1,1,185989
2025-03-07,92,43,76,6,2025-03-13,Loteria Nacional,3,3ro,1,1,1,185989
2025-03-09,42,37,44,5,2025-03-14,Quiniela Leidsa,2,2do,1,1,1,186019
2025-03-09,42,37,53,5,2025-03-14,Quiniela Leidsa,2,2do,1,1,1,186019
2025-03-09,70,44,53,1,2025-03-10,Quiniela Loteka,2,2do,3,2,3,185892
2025-03-10,1,34,10,1,2025-03-11,New York 10:30,3,3ro,3,3,3,185935
2025-03-11,26,28,72,3,2025-03-14,Quiniela Real,3,3ro,1,1,1,186005
2025-03-11,73,48,28,4,2025-03-15,Quiniela Loteka,1,1ro,1,1,1,186042
2025-03-12,52,38,81,6,2025-03-18,New York 10:30,3,3ro,1,1,1,186136
2025-03-12,63,38,35,2,2025-03-14,New York 10:30,2,2do,2,2,2,186025
2025-03-15,93,41,97,1,2025-03-16,Quiniela Real,3,3ro,3,3,3,186062
2025-03-16,42,37,44,2,2025-03-18,New York 2:30,2,2do,4,3,3,186119
2025-03-17,54,35,14,6,2025-03-23,New York 10:30,2,2do,2,2,2,186302
2025-03-19,3,31,30,2,2025-03-21,Loteria Nacional,2,2do,1,1,1,186212
2025-03-21,22,44,90,2,2025-03-23,New York 10:30,1,1ro,2,2,2,186302
2025-03-22,69,45,91,5,2025-03-27,Quiniela Real,2,2do,2,2,2,186376
2025-03-22,73,48,23,3,2025-03-25,Quiniela Loteka,2,2do,2,2,2,186321
2025-03-24,53,28,44,4,2025-03-28,New York 10:30,3,3ro,1,1,1,186422
2025-03-24,73,48,28,1,2025-03-25,Quiniela Loteka,2,2do,4,4,4,186321
2025-03-24,91,44,11,1,2025-03-25,Gana Mas,2,2do,2,2,1,186316
2025-03-29,83,49,3,1,2025-03-30,Loteria Nacional,3,3ro,3,3,3,186473
2025-04-01,10,37,1,2,2025-04-03,Gana Mas,1,1ro,1,1,1,186574
2025-04-01,42,37,44,2,2025-04-03,Loteria Nacional,1,1ro,3,2,3,186585
2025-04-02,70,44,90,1,2025-04-03,Quiniela Real,1,1ro,4,4,3,186570
2025-04-03,7,42,44,5,2025-04-08,Quiniela Leidsa,2,2do,1,1,1,186725
2025-04-03,7,42,70,5,2025-04-08,Quiniela Leidsa,2,2do,1,1,1,186725
2025-04-03,70,44,42,2,2025-04-05,Quiniela Loteka,3,3ro,4,4,2,186633
2025-04-03,71,42,56,5,2025-04-08,New York 2:30,3,3ro,1,1,1,186715
2025-04-08,87,33,28,1,2025-04-09,Gana Mas,2,2do,1,1,1,186743
2025-04-10,9,39,70,7,2025-04-17,Quiniela Loteka,1,1ro,1,1,1,186983
2025-04-11,88,31,79,4,2025-04-15,Quiniela Leidsa,1,1ro,1,1,1,186931
2025-04-13,90,46,70,6,2025-04-19,New York 2:30,2,2do,1,1,1,187007
2025-04-14,57,30,69,2,2025-04-16,Quiniela Leidsa,2,2do,1,1,1,186961
2025-04-17,44,43,9,7,2025-04-24,Loteria Nacional,1,1ro,1,1,1,187166
2025-04-19,42,37,63,4,2025-04-23,New York 10:30,3,3ro,1,1,1,187143
2025-04-20,26,28,59,5,2025-04-25,Quiniela Real,2,2do,1,1,1,187178
2025-04-20,53,28,63,2,2025-04-22,Loteria Nacional,3,3ro,1,1,1,187106
2025-04-20,53,28,70,2,2025-04-22,Loteria Nacional,3,3ro,1,1,1,187106
2025-04-21,87,33,28,6,2025-04-27,New York 2:30,2,2do,2,1,2,187242
2025-04-23,26,28,34,2,2025-04-25,Quiniela Real,2,2do,2,2,2,187178
2025-04-24,35,49,44,5,2025-04-29,Loteria Nacional,3,3ro,1,1,1,187314
2025-04-24,69,45,57,2,2025-04-26,Quiniela Leidsa,2,2do,1,1,1,187244
2025-04-24,91,44,57,2,2025-04-26,New York 10:30,1,1ro,3,1,2,187233
2025-04-25,82,33,65,5,2025-04-30,Quiniela Leidsa,1,1ro,2,1,1,187342
2025-04-30,10,37,1,6,2025-05-06,New York 10:30,3,3ro,1,1,1,187522
2025-04-30,42,37,90,1,2025-05-01,Quiniela Leidsa,2,2do,6,4,4,187369
2025-05-02,74,46,31,2,2025-05-04,Gana Mas,2,2do,2,2,1,187444
2025-05-04,28,43,23,2,2025-05-06,Loteria Nacional,1,1ro,4,2,3,187515
2025-05-05,65,52,82,2,2025-05-07,New York 10:30,3,3ro,2,2,2,187549
2025-05-07,25,30,16,2,2025-05-09,New York 10:30,2,2do,1,1,1,187603
2025-05-09,88,31,79,5,2025-05-14,New York 2:30,2,2do,1,1,1,187765
2025-05-14,83,49,30,6,2025-05-20,New York 2:30,2,2do,1,1,1,187911
2025-05-15,22,44,90,1,2025-05-16,Gana Mas,1,1ro,5,3,5,187800
2025-05-15,70,44,90,1,2025-05-16,Quiniela Leidsa,2,2do,2,2,2,187831
2025-05-17,7,42,22,3,2025-05-20,Quiniela Loteka,3,3ro,2,2,2,187916
2025-05-17,63,38,22,2,2025-05-19,Quiniela Leidsa,3,3ro,3,3,2,187921
2025-05-17,63,38,42,2,2025-05-19,Quiniela Leidsa,3,3ro,3,3,2,187921
2025-05-18,54,35,14,3,2025-05-21,New York 10:30,2,2do,2,1,2,187961
2025-05-18,63,38,35,1,2025-05-19,Quiniela Leidsa,3,3ro,3,3,2,187921
2025-05-18,97,52,48,5,2025-05-23,Loteria Nacional,3,3ro,2,1,2,188015
2025-05-23,9,39,70,1,2025-05-24,Quiniela Loteka,3,3ro,2,2,2,188038
2025-05-27,19,40,86,5,2025-06-01,Loteria Nacional,1,1ro,1,1,1,188276
2025-05-28,77,32,23,6,2025-06-03,New York 10:30,2,2do,1,1,1,188344
2025-05-29,12,43,56,4,2025-06-02,New York 2:30,3,3ro,1,1,1,188297
2025-05-29,28,43,23,3,2025-06-01,Gana Mas,3,3ro,1,1,1,188266
2025-05-29,65,52,82,4,2025-06-02,Quiniela Real,3,3ro,2,2,2,188295
2025-05-29,81,43,52,6,2025-06-04,Quiniela Loteka,1,1ro,1,1,1,188358
2025-05-30,44,43,90,1,2025-05-31,Quiniela Loteka,3,3ro,3,3,2,188244
2025-05-31,12,43,41,2,2025-06-02,New York 2:30,3,3ro,1,1,1,188297
2025-05-31,29,41,42,1,2025-06-01,New York 2:30,2,2do,1,1,1,188265
2025-05-31,44,43,42,1,2025-06-01,Quiniela Loteka,1,1ro,3,3,2,188278
2025-05-31,71,42,41,1,2025-06-01,Quiniela Real,3,3ro,2,2,2,188262
2025-05-31,81,43,85,4,2025-06-04,Quiniela Loteka,1,1ro,2,2,1,188358
2025-06-01,22,44,70,3,2025-06-04,Loteria Nacional,2,2do,2,2,2,188363
2025-06-01,59,44,72,3,2025-06-04,New York 10:30,3,3ro,1,1,1,188393
2025-06-02,28,43,87,4,2025-06-06,Loteria Nacional,1,1ro,1,1,1,188425
2025-06-04,56,40,71,5,2025-06-09,Quiniela Loteka,3,3ro,1,1,1,195499
2025-06-05,42,37,7,6,2025-06-11,Gana Mas,3,3ro,1,1,1,195529
2025-06-05,42,37,9,6,2025-06-11,Gana Mas,3,3ro,1,1,1,195529
2025-06-05,42,37,35,6,2025-06-11,Gana Mas,3,3ro,1,1,1,195529
2025-06-08,90,46,7,5,2025-06-13,New York 10:30,1,1ro,1,1,1,195620
2025-06-12,89,48,12,2,2025-06-14,Quiniela Real,3,3ro,1,1,1,195628
2025-06-13,22,44,90,1,2025-06-14,Gana Mas,3,3ro,2,2,2,195633
2025-06-13,70,44,22,3,2025-06-16,Quiniela Loteka,3,3ro,2,2,2,195698
2025-06-13,70,44,90,3,2025-06-16,Quiniela Loteka,3,3ro,2,2,2,195698
2025-06-15,87,33,23,1,2025-06-16,Quiniela Leidsa,3,3ro,2,1,2,195702
2025-06-16,42,37,44,5,2025-06-21,Quiniela Real,1,1ro,1,1,1,195863
2025-06-16,59,44,34,7,2025-06-23,Quiniela Real,2,2do,1,1,1,195902
2025-06-20,29,41,90,3,2025-06-23,Gana Mas,1,1ro,3,3,3,195907
2025-06-23,20,38,2,1,2025-06-24,New York 10:30,2,2do,3,2,3,195961
2025-06-23,63,38,29,2,2025-06-25,Quiniela Real,2,2do,2,2,2,195971
2025-06-25,35,49,42,2,2025-06-27,Quiniela Real,1,1ro,1,1,1,196029
2025-06-25,83,49,3,7,2025-07-02,New York 2:30,1,1ro,1,1,1,196186
2025-06-27,70,44,35,1,2025-06-28,New York 10:30,3,3ro,4,3,3,196082
2025-06-29,76,34,92,4,2025-07-03,New York 2:30,1,1ro,2,2,2,196221
2025-06-30,77,32,23,1,2025-07-01,Loteria Nacional,2,2do,2,2,2,196163
2025-07-01,90,46,7,3,2025-07-04,Quiniela Loteka,2,2do,1,1,1,196259
2025-07-12,71,42,89,5,2025-07-17,Quiniela Real,2,2do,1,1,1,196664
2025-07-15,80,45,8,2,2025-07-17,Gana Mas,1,1ro,1,1,1,196667
2025-07-19,23,42,73,1,2025-07-20,Gana Mas,2,2do,2,2,2,196763
2025-07-20,30,39,83,1,2025-07-21,New York 10:30,2,2do,1,1,1,196814
2025-07-22,14,39,54,5,2025-07-27,Quiniela Loteka,2,2do,1,1,1,197027
2025-07-23,89,48,12,1,2025-07-24,Loteria Nacional,1,1ro,4,3,4,196936
2025-07-24,12,43,89,6,2025-07-30,Quiniela Loteka,1,1ro,1,1,1,197113
2025-07-24,44,43,35,3,2025-07-27,Gana Mas,2,2do,1,1,1,197018
2025-07-25,19,40,86,4,2025-07-29,Quiniela Leidsa,1,1ro,3,2,3,197088
2025-07-25,65,52,82,2,2025-07-27,New York 10:30,3,3ro,6,5,3,197034
2025-07-27,22,44,90,1,2025-07-28,Quiniela Leidsa,1,1ro,2,2,2,197057
2025-07-27,70,44,90,1,2025-07-28,Quiniela Real,1,1ro,1,1,1,197044
2025-07-28,63,38,22,1,2025-07-29,Gana Mas,1,1ro,4,3,4,197079
2025-07-28,63,38,70,1,2025-07-29,Gana Mas,1,1ro,4,3,4,197079
2025-07-31,9,39,7,1,2025-08-01,Loteria Nacional,1,1ro,4,4,3,197175
2025-07-31,37,46,65,5,2025-08-05,Quiniela Loteka,3,3ro,1,1,1,197292
2025-07-31,90,46,7,1,2025-08-01,Quiniela Real,1,1ro,1,1,1,197164
2025-08-03,35,49,9,1,2025-08-04,Gana Mas,2,2do,4,4,4,197256
2025-08-03,35,49,29,1,2025-08-04,Gana Mas,2,2do,4,4,4,197256
2025-08-04,30,39,83,5,2025-08-09,Gana Mas,2,2do,1,1,1,197409
2025-08-04,46,39,86,2,2025-08-06,Gana Mas,3,3ro,1,1,1,197343
2025-08-05,52,38,81,2,2025-08-07,New York 2:30,2,2do,1,1,1,197351
2025-08-05,63,38,22,3,2025-08-08,New York 2:30,1,1ro,2,2,2,197378
2025-08-10,10,37,1,2,2025-08-12,Loteria Nacional,2,2do,1,1,1,197513
2025-08-11,42,37,7,1,2025-08-12,New York 2:30,1,1ro,1,1,1,197501
2025-08-12,85,36,81,3,2025-08-15,Quiniela Loteka,3,3ro,1,1,1,197602
2025-08-13,19,40,86,1,2025-08-14,New York 2:30,3,3ro,2,2,2,197561
2025-08-13,51,40,21,2,2025-08-15,Quiniela Loteka,2,2do,1,1,1,197602
2025-08-13,56,40,71,4,2025-08-17,Quiniela Real,2,2do,1,1,1,197655
2025-08-13,57,30,91,5,2025-08-18,New York 10:30,2,2do,1,1,1,197704
2025-08-18,76,34,92,4,2025-08-22,Quiniela Loteka,2,2do,2,2,2,197994
2025-08-19,76,34,68,3,2025-08-22,Quiniela Loteka,2,2do,2,2,2,197994
2025-08-25,44,43,70,3,2025-08-28,Quiniela Loteka,1,1ro,2,2,2,198181
2025-08-26,87,33,73,1,2025-08-27,New York 10:30,1,1ro,4,4,3,204049
2025-08-27,13,41,17,2,2025-08-29,New York 10:30,2,2do,4,3,4,198355
2025-08-28,7,42,44,1,2025-08-29,Quiniela Leidsa,2,2do,2,2,2,198341
2025-08-28,22,44,42,2,2025-08-30,Gana Mas,2,2do,4,4,3,198427
2025-08-29,65,52,37,1,2025-08-30,Quiniela Real,2,2do,3,3,3,198423
2025-08-30,42,37,63,1,2025-08-31,Gana Mas,1,1ro,4,3,3,198457
2025-08-30,62,39,75,4,2025-09-03,Quiniela Loteka,1,1ro,2,1,1,199163
2025-09-01,59,44,26,3,2025-09-04,New York 10:30,3,3ro,3,3,2,199674
2025-09-01,91,44,11,6,2025-09-07,New York 10:30,3,3ro,2,2,2,199809
2025-09-02,80,45,8,6,2025-09-08,Gana Mas,1,1ro,1,1,1,199842
2025-09-05,42,37,53,4,2025-09-09,Gana Mas,2,2do,2,2,2,200278
2025-09-05,42,37,90,4,2025-09-09,Gana Mas,2,2do,2,2,2,200278
2025-09-05,44,43,53,1,2025-09-06,New York 2:30,1,1ro,1,1,1,199759
2025-09-05,44,43,90,1,2025-09-06,New York 2:30,1,1ro,1,1,1,199759
2025-09-05,60,43,6,5,2025-09-10,New York 10:30,2,2do,2,1,1,204087
2025-09-06,70,44,29,3,2025-09-09,New York 10:30,3,3ro,4,3,3,200469
2025-09-06,91,44,11,1,2025-09-07,New York 10:30,3,3ro,2,2,2,199809
2025-09-07,85,36,52,5,2025-09-12,Gana Mas,3,3ro,3,1,3,201649
2025-09-09,35,49,7,3,2025-09-12,Quiniela Real,1,1ro,1,1,1,201621
2025-09-10,60,43,6,3,2025-09-13,New York 2:30,2,2do,2,2,2,201978
2025-09-13,7,42,9,3,2025-09-16,Quiniela Loteka,1,1ro,3,2,3,202385
2025-09-13,9,39,42,2,2025-09-15,Gana Mas,1,1ro,1,1,1,202306
2025-09-13,29,41,9,2,2025-09-15,Loteria Nacional,1,1ro,2,2,1,202321
2025-09-13,29,41,42,2,2025-09-15,Loteria Nacional,1,1ro,2,2,1,202321
2025-09-13,41,39,12,2,2025-09-15,Quiniela Real,1,1ro,2,2,2,202303
2025-09-14,3,31,30,4,2025-09-18,New York 2:30,2,2do,1,1,1,202651
2025-09-14,57,30,69,2,2025-09-16,Gana Mas,1,1ro,2,2,1,202380
2025-09-15,29,41,9,1,2025-09-16,Loteria Nacional,2,2do,2,2,2,202393
2025-09-16,34,51,26,4,2025-09-20,Quiniela Loteka,1,1ro,1,1,1,203174
2025-09-17,69,45,11,4,2025-09-21,New York 10:30,3,3ro,1,1,1,203230
2025-09-20,91,44,57,5,2025-09-25,Quiniela Leidsa,2,2do,2,2,2,203835
2025-09-21,42,37,90,3,2025-09-24,Quiniela Leidsa,3,3ro,1,1,1,203757
2025-09-28,76,34,27,1,2025-09-29,Quiniela Loteka,1,1ro,1,1,1,203994
2025-09-30,10,37,1,4,2025-10-04,Gana Mas,3,3ro,2,2,1,204651
2025-09-30,29,41,90,1,2025-10-01,Loteria Nacional,2,2do,2,2,2,204173
2025-09-30,42,37,90,6,2025-10-06,New York 2:30,3,3ro,1,1,1,204798
2025-09-30,82,33,37,2,2025-10-02,Quiniela Real,2,2do,3,3,2,204186
2025-10-01,87,33,77,7,2025-10-08,Quiniela Real,2,2do,1,1,1,204980
2025-10-03,76,34,68,3,2025-10-06,New York 2:30,2,2do,1,1,1,204798
2025-10-09,30,39,83,3,2025-10-12,Quiniela Real,2,2do,1,1,1,205349
2025-10-10,35,49,70,2,2025-10-12,Gana Mas,3,3ro,2,2,2,205352
2025-10-10,53,28,35,1,2025-10-11,Quiniela Loteka,3,3ro,1,1,1,205329
2025-10-10,53,28,70,1,2025-10-11,Quiniela Loteka,3,3ro,1,1,1,205329
2025-10-11,19,40,46,3,2025-10-14,Quiniela Real,3,3ro,1,1,1,205554
2025-10-11,72,40,26,1,2025-10-12,Gana Mas,2,2do,3,3,3,205352
2025-10-11,90,46,29,5,2025-10-16,Gana Mas,3,3ro,2,2,2,205764
2025-10-13,9,39,44,1,2025-10-14,Gana Mas,1,1ro,4,4,3,205575
2025-10-13,59,44,26,1,2025-10-14,Loteria Nacional,1,1ro,6,4,5,205636
2025-10-14,72,40,59,3,2025-10-17,Loteria Nacional,2,2do,2,2,2,205997
2025-10-15,53,28,29,3,2025-10-18,Quiniela Real,2,2do,1,1,1,206008
2025-10-16,9,39,22,3,2025-10-19,Quiniela Real,2,2do,4,4,2,206135
2025-10-16,90,46,22,2,2025-10-18,New York 10:30,3,3ro,1,1,1,206092
2025-10-20,7,42,9,1,2025-10-21,Quiniela Leidsa,1,1ro,1,1,1,206263
2025-10-20,23,42,87,4,2025-10-24,New York 10:30,2,2do,1,1,1,206559
2025-10-26,7,42,70,5,2025-10-31,Loteria Nacional,1,1ro,3,3,3,207225
2025-10-26,23,42,77,4,2025-10-30,Loteria Nacional,1,1ro,2,2,2,207000
2025-10-27,54,35,14,2,2025-10-29,New York 2:30,3,3ro,1,1,1,206923
2025-10-28,65,52,37,2,2025-10-30,Quiniela Loteka,3,3ro,1,1,1,206992
2025-10-31,9,39,7,1,2025-11-01,Loteria Nacional,2,2do,2,2,1,207364
2025-10-31,9,39,63,1,2025-11-01,Loteria Nacional,2,2do,2,2,1,207364
2025-11-04,59,44,72,3,2025-11-07,Loteria Nacional,1,1ro,3,3,3,208232
2025-11-05,22,44,70,4,2025-11-09,New York 2:30,3,3ro,1,1,1,208308
2025-11-05,42,37,44,3,2025-11-08,Loteria Nacional,1,1ro,7,3,4,208289
2025-11-05,42,37,70,3,2025-11-08,Loteria Nacional,1,1ro,7,3,4,208289
2025-11-05,90,46,44,4,2025-11-09,Loteria Nacional,1,1ro,1,1,1,208314
2025-11-05,90,46,70,4,2025-11-09,Loteria Nacional,1,1ro,1,1,1,208314
2025-11-05,91,44,57,3,2025-11-08,Gana Mas,1,1ro,1,1,1,208267
2025-11-06,62,39,75,2,2025-11-08,Loteria Nacional,2,2do,2,1,1,208289
2025-11-08,23,42,73,2,2025-11-10,New York 2:30,2,2do,1,1,1,208334
2025-11-08,48,36,93,6,2025-11-14,Quiniela Real,3,3ro,1,1,1,208492
2025-11-09,29,41,90,5,2025-11-14,Quiniela Loteka,2,2do,1,1,1,208501
2025-11-10,72,40,59,7,2025-11-17,Gana Mas,2,2do,1,1,1,208582
2025-11-16,42,37,63,2,2025-11-18,Loteria Nacional,2,2do,3,3,2,208627
2025-11-16,82,33,37,2,2025-11-18,Quiniela Leidsa,3,3ro,4,4,4,208624
2025-11-18,26,28,72,1,2025-11-19,New York 10:30,2,2do,2,2,2,208657
2025-11-19,21,28,51,2,2025-11-21,Quiniela Loteka,3,3ro,3,3,3,208709
2025-11-19,26,28,59,5,2025-11-24,Quiniela Leidsa,1,1ro,1,1,1,208802
2025-11-22,35,49,9,2,2025-11-24,Gana Mas,3,3ro,3,3,3,208810
2025-11-22,63,38,9,3,2025-11-25,New York 2:30,3,3ro,1,1,1,208828
2025-11-23,7,42,90,3,2025-11-26,New York 10:30,3,3ro,1,1,1,208871
2025-11-23,71,42,56,1,2025-11-24,Quiniela Real,3,3ro,3,3,2,208788
2025-11-26,94,39,58,4,2025-11-30,Loteria Nacional,1,1ro,2,2,2,208981
2025-11-27,26,28,34,3,2025-11-30,Gana Mas,2,2do,2,1,2,208973
2025-11-27,68,47,92,5,2025-12-02,New York 10:30,2,2do,2,2,2,209049
2025-11-27,76,34,92,1,2025-11-28,Quiniela Real,3,3ro,1,1,1,208907
2025-11-28,42,37,29,7,2025-12-05,New York 2:30,1,1ro,1,1,1,209124
2025-12-04,86,35,19,6,2025-12-10,New York 2:30,1,1ro,2,2,2,209268
2025-12-05,71,42,56,1,2025-12-06,Gana Mas,1,1ro,1,1,1,209150
2025-12-07,73,48,87,2,2025-12-09,New York 2:30,1,1ro,2,2,2,209243
2025-12-09,28,43,73,6,2025-12-15,Gana Mas,3,3ro,2,2,2,209418
2025-12-14,11,35,91,6,2025-12-20,New York 2:30,2,2do,1,1,1,209567
2025-12-14,54,35,14,5,2025-12-19,Quiniela Loteka,2,2do,1,1,1,209547
2025-12-16,58,46,84,1,2025-12-17,New York 2:30,1,1ro,4,3,2,209479
2025-12-20,29,41,7,2,2025-12-22,New York 10:30,2,2do,2,2,1,209642
2025-12-20,56,40,41,7,2025-12-27,Quiniela Leidsa,3,3ro,1,1,1,209758
2025-12-27,29,41,44,2,2025-12-29,Quiniela Loteka,3,3ro,1,1,1,209817
2025-12-27,93,41,97,6,2026-01-02,Quiniela Real,1,1ro,1,1,1,209900
2025-12-29,16,27,25,2,2025-12-31,New York 10:30,1,1ro,1,1,1,209878
2025-12-30,28,43,23,1,2025-12-31,New York 2:30,3,3ro,2,2,2,209867
2025-12-30,44,43,35,7,2026-01-06,New York 10:30,2,2do,1,1,1,210037
2025-12-30,77,32,23,4,2026-01-03,Gana Mas,2,2do,1,1,1,209935
2025-12-31,84,47,58,4,2026-01-04,New York 2:30,2,2do,1,1,1,209966
2026-01-02,29,41,70,6,2026-01-08,New York 2:30,3,3ro,1,1,1,210077
2026-01-03,44,43,42,3,2026-01-06,New York 10:30,2,2do,1,1,1,210037
2026-01-03,92,43,76,2,2026-01-05,Gana Mas,2,2do,2,2,2,209991
2026-01-06,56,40,71,4,2026-01-10,New York 10:30,1,1ro,1,1,1,210158
2026-01-07,90,46,42,2,2026-01-09,New York 10:30,3,3ro,2,2,2,210129
2026-01-08,30,39,83,1,2026-01-09,Quiniela Leidsa,2,2do,1,1,1,210124
2026-01-08,94,39,84,1,2026-01-09,Quiniela Leidsa,1,1ro,2,2,2,210124
2026-01-11,20,38,2,2,2026-01-13,Quiniela Leidsa,2,2do,2,2,2,210238
2026-01-12,53,28,44,2,2026-01-14,Loteria Nacional,2,2do,2,2,2,210271
2026-01-13,85,36,52,4,2026-01-17,New York 10:30,1,1ro,2,2,2,210372
2026-01-16,46,39,19,1,2026-01-17,Gana Mas,2,2do,1,1,1,210353
2026-01-16,57,30,91,2,2026-01-18,Quiniela Loteka,2,2do,1,1,1,210398
2026-01-17,9,39,90,3,2026-01-20,New York 2:30,2,2do,1,1,1,210455
2026-01-17,94,39,58,1,2026-01-18,New York 10:30,1,1ro,1,1,1,210403
2026-01-21,87,33,28,1,2026-01-22,New York 10:30,1,1ro,3,3,3,210543
2026-01-23,29,41,90,7,2026-01-30,New York 10:30,2,2do,1,1,1,210797
2026-01-23,93,41,48,4,2026-01-27,Quiniela Real,3,3ro,1,1,1,210686
2026-02-04,68,47,27,1,2026-02-05,Quiniela Leidsa,1,1ro,3,3,3,210977
2026-02-09,19,40,46,2,2026-02-11,New York 2:30,1,1ro,4,4,3,218979
2026-02-09,58,46,94,6,2026-02-15,New York 2:30,3,3ro,1,1,1,219165
2026-02-09,72,40,34,1,2026-02-10,Quiniela Loteka,3,3ro,2,2,2,218948
2026-02-11,7,42,9,7,2026-02-18,Gana Mas,2,2do,1,1,1,219299
2026-02-11,71,42,12,3,2026-02-14,Quiniela Real,3,3ro,2,2,2,219115
2026-02-14,63,38,42,6,2026-02-20,Gana Mas,3,3ro,1,1,1,219388
2026-02-14,73,48,23,1,2026-02-15,Quiniela Loteka,3,3ro,2,2,2,219183
2026-02-15,94,39,84,3,2026-02-18,Quiniela Loteka,3,3ro,2,2,2,219314
2026-02-16,87,33,23,4,2026-02-20,Gana Mas,1,1ro,1,1,1,219388
2026-02-18,53,28,29,4,2026-02-22,New York 10:30,1,1ro,4,3,3,219503
2026-02-23,72,40,26,2,2026-02-25,Quiniela Real,3,3ro,2,2,2,219607
2026-02-24,41,39,89,3,2026-02-27,Quiniela Leidsa,2,2do,1,1,1,219718
2026-02-28,59,44,26,6,2026-03-06,New York 2:30,3,3ro,1,1,1,220013
2026-02-28,70,44,22,4,2026-03-04,New York 10:30,1,1ro,2,2,2,219945
2026-03-02,57,30,11,1,2026-03-03,New York 2:30,2,2do,2,2,2,219878
2026-03-03,44,43,42,2,2026-03-05,Gana Mas,1,1ro,2,2,2,219964
2026-03-04,42,37,22,3,2026-03-07,Quiniela Real,1,1ro,1,1,1,220051
2026-03-04,42,37,70,3,2026-03-07,Quiniela Real,1,1ro,1,1,1,220051
2026-03-05,70,44,29,1,2026-03-06,Quiniela Real,2,2do,2,2,2,220008
2026-03-07,23,42,87,7,2026-03-14,New York 10:30,1,1ro,1,1,1,220394
2026-03-07,71,42,41,3,2026-03-10,Quiniela Loteka,1,1ro,2,1,2,220206
2026-03-12,19,40,86,2,2026-03-14,Quiniela Leidsa,3,3ro,3,3,2,220385
2026-03-12,56,40,12,2,2026-03-14,New York 2:30,2,2do,3,3,3,220364
2026-03-13,19,40,86,1,2026-03-14,Quiniela Leidsa,3,3ro,4,4,3,220385
2026-03-16,44,43,29,1,2026-03-17,New York 10:30,1,1ro,3,3,3,220524
2026-03-17,70,44,29,3,2026-03-20,New York 2:30,3,3ro,1,1,1,220635
2026-03-18,46,39,86,2,2026-03-20,Quiniela Real,2,2do,3,3,3,220632
2026-03-19,68,47,27,2,2026-03-21,Gana Mas,1,1ro,2,2,2,220680
2026-03-23,9,39,44,1,2026-03-24,New York 2:30,3,3ro,2,2,2,220812
2026-03-23,70,44,9,5,2026-03-28,Quiniela Loteka,3,3ro,1,1,1,221005
2026-03-23,94,39,84,1,2026-03-24,Quiniela Real,1,1ro,4,3,3,220809
2026-03-24,9,39,53,2,2026-03-26,Loteria Nacional,2,2do,1,1,1,220924
2026-03-25,35,49,63,2,2026-03-27,Gana Mas,1,1ro,1,1,1,220947
2026-03-26,92,43,68,1,2026-03-27,Quiniela Real,1,1ro,3,3,2,220943
2026-03-27,11,35,57,1,2026-03-28,Gana Mas,3,3ro,2,2,2,220991
2026-03-28,23,42,73,2,2026-03-30,New York 2:30,2,2do,1,1,1,221077
2026-04-04,68,47,92,1,2026-04-05,Quiniela Real,3,3ro,1,1,1,221256
2026-04-05,63,38,90,1,2026-04-06,Quiniela Real,1,1ro,3,2,2,221298
2026-04-06,63,38,22,6,2026-04-12,Quiniela Leidsa,1,1ro,2,1,2,221580
2026-04-09,28,43,23,4,2026-04-13,Quiniela Real,1,1ro,2,2,1,221614
2026-04-09,82,33,65,1,2026-04-10,Loteria Nacional,1,1ro,2,2,2,221497
2026-04-10,87,33,23,7,2026-04-17,Loteria Nacional,1,1ro,1,1,1,221813
2026-04-14,42,37,9,1,2026-04-15,New York 2:30,3,3ro,2,2,2,221704
2026-04-15,87,33,23,2,2026-04-17,Loteria Nacional,1,1ro,2,2,2,221813
2026-04-16,83,49,3,4,2026-04-20,Quiniela Real,2,2do,1,1,1,221917
2026-04-22,58,46,94,4,2026-04-26,Gana Mas,1,1ro,3,2,3,222193
2026-04-22,74,46,31,2,2026-04-24,Quiniela Leidsa,3,3ro,2,2,2,222115
2026-04-23,44,43,70,3,2026-04-26,New York 10:30,3,3ro,1,1,1,222216
2026-04-23,81,43,85,6,2026-04-29,Quiniela Loteka,1,1ro,1,1,1,222340
2026-04-25,44,43,35,1,2026-04-26,New York 10:30,3,3ro,1,1,1,222216
2026-04-28,58,46,94,2,2026-04-30,Quiniela Real,1,1ro,2,2,2,222366
2026-04-29,97,52,48,3,2026-05-02,Gana Mas,2,2do,2,1,2,222455
2026-04-30,57,30,91,3,2026-05-03,New York 2:30,2,2do,1,1,1,222498
2026-04-30,94,39,58,1,2026-05-01,Loteria Nacional,1,1ro,2,2,2,222433
2026-05-06,34,51,59,5,2026-05-11,Loteria Nacional,2,2do,1,1,1,222868
2026-05-06,86,35,19,3,2026-05-09,Gana Mas,3,3ro,1,1,1,222765
2026-05-08,34,51,72,3,2026-05-11,Loteria Nacional,2,2do,1,1,1,222868
2026-05-09,77,32,73,4,2026-05-13,Quiniela Real,3,3ro,1,1,1,222936
2026-05-10,29,41,70,6,2026-05-16,New York 10:30,2,2do,1,1,1,223095
2026-05-10,63,38,70,2,2026-05-12,Loteria Nacional,3,3ro,1,1,1,222914
2026-05-11,82,33,65,3,2026-05-14,Loteria Nacional,2,2do,2,1,1,223001
2026-05-12,89,48,71,1,2026-05-13,Loteria Nacional,3,3ro,3,2,2,222962
2026-05-14,87,33,28,5,2026-05-19,New York 10:30,1,1ro,1,1,1,223219
2026-05-15,57,30,11,1,2026-05-16,Quiniela Leidsa,2,2do,1,1,1,223089
2026-05-15,57,30,69,1,2026-05-16,Quiniela Leidsa,2,2do,1,1,1,223089
2026-05-17,23,42,77,2,2026-05-19,Quiniela Loteka,1,1ro,1,1,1,223211
2026-05-19,48,36,93,6,2026-05-25,Quiniela Loteka,3,3ro,1,1,1,223479
2026-05-19,85,36,52,4,2026-05-23,Gana Mas,1,1ro,2,2,2,223370
2026-05-19,97,52,93,6,2026-05-25,Gana Mas,1,1ro,1,1,1,223464
2026-05-22,70,44,9,1,2026-05-23,Loteria Nacional,1,1ro,3,2,2,223389
2026-05-23,42,37,70,4,2026-05-27,New York 2:30,3,3ro,3,3,3,223549
2026-05-23,42,37,90,4,2026-05-27,New York 2:30,3,3ro,3,3,3,223549
2026-05-24,69,45,57,6,2026-05-30,Gana Mas,1,1ro,2,2,2,223679
2026-05-27,63,38,53,4,2026-05-31,New York 2:30,3,3ro,1,1,1,223722
2026-05-27,63,38,70,4,2026-05-31,New York 2:30,3,3ro,1,1,1,223722
2026-05-28,35,49,44,1,2026-05-29,Quiniela Loteka,3,3ro,1,1,1,223652
2026-05-28,59,44,26,7,2026-06-04,Quiniela Loteka,3,3ro,1,1,1,223939
2026-05-29,94,39,84,1,2026-05-30,New York 10:30,1,1ro,1,1,1,223703
2026-05-31,25,30,16,4,2026-06-04,New York 2:30,2,2do,1,1,1,223912
2026-05-31,57,30,69,1,2026-06-01,Quiniela Leidsa,1,1ro,5,5,5,223802
2026-06-01,48,36,97,2,2026-06-03,New York 10:30,1,1ro,2,2,2,223894
2026-06-03,73,48,23,2,2026-06-05,New York 10:30,3,3ro,2,2,2,223993
2026-06-03,73,48,28,2,2026-06-05,New York 10:30,3,3ro,2,2,2,223993
2026-06-07,42,37,53,3,2026-06-10,Loteria Nacional,2,2do,4,3,3,224207
2026-06-07,65,52,37,2,2026-06-09,Quiniela Real,1,1ro,2,2,1,224138
2026-06-08,82,33,37,4,2026-06-12,Quiniela Loteka,2,2do,2,2,2,224295
2026-06-10,20,38,2,1,2026-06-11,Quiniela Leidsa,3,3ro,2,2,2,224256
2026-06-10,63,38,7,2,2026-06-12,Quiniela Leidsa,3,3ro,2,2,2,224299
2026-06-11,57,30,69,3,2026-06-14,New York 10:30,1,1ro,1,1,1,224390
2026-06-11,94,39,84,1,2026-06-12,Loteria Nacional,1,1ro,1,1,1,224298
2026-06-12,42,37,53,2,2026-06-14,Gana Mas,2,2do,2,2,2,224368
2026-06-13,83,49,30,1,2026-06-14,Loteria Nacional,3,3ro,2,2,2,224379
2026-06-14,83,49,30,3,2026-06-17,Quiniela Real,2,2do,1,1,1,224492
2026-06-15,35,49,44,3,2026-06-18,New York 10:30,1,1ro,1,1,1,224565
2026-06-15,53,28,44,4,2026-06-19,Quiniela Leidsa,3,3ro,2,2,2,224604
2026-06-17,70,44,63,2,2026-06-19,Quiniela Loteka,3,3ro,6,5,5,224600
2026-06-21,29,41,44,2,2026-06-23,Quiniela Leidsa,1,1ro,1,1,1,224789
2026-06-21,29,41,70,2,2026-06-23,Quiniela Leidsa,1,1ro,1,1,1,224789
2026-06-21,35,49,44,2,2026-06-23,Loteria Nacional,1,1ro,1,1,1,224790
2026-06-21,35,49,70,2,2026-06-23,Loteria Nacional,1,1ro,1,1,1,224790
2026-06-21,75,44,62,4,2026-06-25,Quiniela Leidsa,2,2do,4,3,4,224874
2026-06-23,54,35,14,1,2026-06-24,Quiniela Loteka,1,1ro,2,2,2,224826
2026-06-25,9,39,90,7,2026-07-02,Loteria Nacional,1,1ro,1,1,1,225187
2026-06-25,94,39,58,3,2026-06-28,Quiniela Leidsa,2,2do,3,2,3,224989
2026-06-29,23,42,73,2,2026-07-01,Loteria Nacional,1,1ro,4,4,3,225145
2026-06-29,48,36,97,6,2026-07-05,New York 10:30,2,2do,1,1,1,225319
2026-07-01,28,43,23,2,2026-07-03,Quiniela Loteka,1,1ro,2,1,2,225226
2026-07-06,9,39,53,3,2026-07-09,Quiniela Real,1,1ro,2,2,2,225475
2026-07-06,74,46,31,1,2026-07-07,Quiniela Real,2,2do,1,1,1,225377
2026-07-09,7,42,9,1,2026-07-10,Quiniela Leidsa,2,2do,1,1,1,225543
2026-07-09,7,42,22,1,2026-07-10,Quiniela Leidsa,2,2do,1,1,1,225543
2026-07-09,7,42,53,1,2026-07-10,Quiniela Leidsa,2,2do,1,1,1,225543
2026-07-09,23,42,77,4,2026-07-13,Quiniela Loteka,2,2do,1,1,1,225667
2026-07-10,41,39,89,1,2026-07-11,New York 10:30,2,2do,2,2,2,225590
2026-07-10,56,40,89,2,2026-07-12,New York 2:30,1,1ro,3,3,3,225609
2026-07-10,67,40,88,3,2026-07-13,Gana Mas,2,2do,1,1,1,225653
2026-07-11,40,49,4,3,2026-07-14,New York 2:30,1,1ro,1,1,1,225695
2026-07-11,83,49,3,1,2026-07-12,New York 10:30,1,1ro,1,1,1,225633
2026-07-14,46,39,19,2,2026-07-16,Quiniela Loteka,3,3ro,1,1,1,225797
2026-07-14,62,39,75,3,2026-07-17,New York 10:30,2,2do,3,2,3,225848
2026-07-14,94,39,58,1,2026-07-15,Gana Mas,3,3ro,1,1,1,225739
