case_date,fuerte,t1_code,t1_group,t1_pos,num_-1,num_+1,num_-2,num_+2,day_-1,day_+1,day_fuerte,sequences,fuerte_appeared
2019-07-24,7,42,7|18|23|50|55|66|71,1,,18,,23,,2,2,,True
2019-07-24,50,42,7|18|23|50|55|66|71,4,23,55,18,66,1,2,5,-1→F|+1→F,True
2019-07-27,11,35,6|11|43|54|86,2,6,43,,54,6,4,1,F→-1|F→+1|F→+2|F→+1→+2|F→-1→F,True
2019-07-27,86,35,6|11|43|54|86,5,54,,43,,5,,,,False
2019-07-27,90,46,37|58|74|90,4,74,,58,,4,,5,-1→F,True
2019-07-29,5,37,5|10|42,1,,10,,42,,2,,,False
2019-07-29,10,37,5|10|42,2,5,42,,,,3,2,F→+1,True
2019-07-30,93,41,13|29|93,3,29,,13,,1,,6,-1→F,True
2019-08-01,23,42,7|18|23|50|55|66|71,3,18,50,7,55,,3,2,F→+1|F→-2|F→+2|F→+1→+2,True
2019-08-01,71,42,7|18|23|50|55|66|71,7,66,,55,,,,1,F→-2,True
2019-08-02,26,28,21|26|53,2,21,53,,,1,3,,,False
2019-08-02,100,38,20|31|47|52|63|100,6,63,,52,,1,,,,False
2019-08-04,12,43,12|28|44|60|81|92,1,,28,,44,,1,1,F→+2,True
2019-08-04,60,43,12|28|44|60|81|92,4,44,81,28,92,4,3,1,F→-1|F→+1|F→+2|F→+1→+2|F→-1→F,True
2019-08-06,56,40,8|19|51|56|67|72,4,51,67,19,72,1,1,,,False
2019-08-06,72,40,8|19|51|56|67|72,6,67,,56,,1,,1,,True
2019-08-07,53,28,21|26|53,3,26,,21,,,,4,,True
2019-08-09,96,54,96,1,,,,,,,1,,True
2019-08-10,23,42,7|18|23|50|55|66|71,3,18,50,7,55,1,,,,False
2019-08-10,77,32,77,1,,,,,,,5,,True
2019-08-11,29,41,13|29|93,2,13,93,,,1,1,1,,True
2019-08-11,42,37,5|10|42,3,10,,5,,2,,2,F→-2,True
2019-08-11,89,48,73|89,2,73,,,,1,,1,,True
2019-08-11,93,41,13|29|93,3,29,,13,,1,,1,,True
2019-08-12,85,36,32|48|64|85,4,64,,48,,2,,2,,True
2019-08-13,68,47,4|36|68|79|84,3,36,79,4,84,1,,,,False
2019-08-13,84,47,4|36|68|79|84,5,79,,68,,,,1,,True
2019-08-14,52,38,20|31|47|52|63|100,4,47,63,31,100,1,,3,-1→F,True
2019-08-15,87,33,2|39|82|87,4,82,,39,,5,,6,-1→F,True
2019-08-17,71,42,7|18|23|50|55|66|71,7,66,,55,,1,,1,F→-2,True
2019-08-18,22,44,22|59|70|75|91,1,,59,,70,,,2,,True
2019-08-18,70,44,22|59|70|75|91,3,59,75,22,91,,,,,False
2019-08-20,29,41,13|29|93,2,13,93,,,5,2,,,False
2019-08-20,69,45,69|80,1,,80,,,,5,,,False
2019-08-21,80,45,69|80,2,69,,,,7,,4,F→-1,True
2019-08-23,90,46,37|58|74|90,4,74,,58,,1,,,,False
2019-08-26,50,42,7|18|23|50|55|66|71,4,23,55,18,66,1,3,3,-1→F,True
2019-08-27,28,43,12|28|44|60|81|92,2,12,44,,60,6,4,5,F→-1|+1→F,True
2019-08-27,44,43,12|28|44|60|81|92,3,28,60,12,81,5,5,4,F→-1|F→+1|F→-2|F→+2|F→-1→-2|F→+1→+2,True
2019-08-28,10,37,5|10|42,2,5,42,,,1,4,1,F→+1,True
2019-08-28,42,37,5|10|42,3,10,,5,,1,,4,-1→F,True
2019-09-02,83,49,35|40|83,3,40,,35,,6,,,,False
2019-09-03,40,49,35|40|83,2,35,83,,,2,,5,-1→F,True
2019-09-03,68,47,4|36|68|79|84,3,36,79,4,84,2,,,,False
2019-09-04,65,52,65|97,1,,97,,,,4,,,False
2019-09-07,34,51,34|98,1,,98,,,,,3,,True
2019-09-07,91,44,22|59|70|75|91,5,75,,70,,4,,1,F→-1|F→-1→F,True
2019-09-08,11,35,6|11|43|54|86,2,6,43,,54,2,4,2,F→+1,True
2019-09-08,53,28,21|26|53,3,26,,21,,1,,2,-1→F|F→-2,True
2019-09-11,42,37,5|10|42,3,10,,5,,5,,1,F→-1|F→-1→F,True
2019-09-11,65,52,65|97,1,,97,,,,,7,,True
2019-09-11,76,34,1|17|33|49|76,5,49,,33,,4,,3,F→-1|F→-2|F→-1→-2|F→-1→F,True
2019-09-12,44,43,12|28|44|60|81|92,3,28,60,12,81,2,1,,,False
2019-09-12,76,34,1|17|33|49|76,5,49,,33,,3,,2,F→-1|F→-2|F→-1→-2|F→-1→F,True
2019-09-12,92,43,12|28|44|60|81|92,6,81,,60,,3,,,,False
2019-09-14,16,27,16,1,,,,,,,5,,True
2019-09-15,56,40,8|19|51|56|67|72,4,51,67,19,72,3,1,3,+1→F|F→-2|F→+2,True
2019-09-16,60,43,12|28|44|60|81|92,4,44,81,28,92,5,7,4,F→-1|F→+1|F→-2|F→-1→F,True
2019-09-19,9,39,9|14|30|41|46|62|78|94,1,,14,,30,,1,3,+1→F,True
2019-09-19,25,30,25|57,1,,57,,,,1,3,+1→F,True
2019-09-20,7,42,7|18|23|50|55|66|71,1,,18,,23,,6,6,,True
2019-09-20,11,35,6|11|43|54|86,2,6,43,,54,2,6,5,-1→F|F→+1|F→+2|F→+1→+2,True
2019-09-20,86,35,6|11|43|54|86,5,54,,43,,7,,1,F→-1|F→-2,True
2019-09-21,87,33,2|39|82|87,4,82,,39,,7,,4,F→-1,True
2019-09-22,57,30,25|57,2,25,,,,7,,5,F→-1,True
2019-09-23,76,34,1|17|33|49|76,5,49,,33,,,,2,,True
2019-09-23,87,33,2|39|82|87,4,82,,39,,5,,2,F→-1|F→-2|F→-1→-2,True
2019-09-25,69,45,69|80,1,,80,,,,2,2,,True
2019-09-25,80,45,69|80,2,69,,,,2,,2,,True
2019-09-26,26,28,21|26|53,2,21,53,,,5,2,3,F→-1|+1→F|F→-1→F,True
2019-09-28,69,45,69|80,1,,80,,,,3,4,+1→F,True
2019-09-29,27,26,27|38,1,,38,,,,6,3,F→+1,True
2019-09-30,56,40,8|19|51|56|67|72,4,51,67,19,72,,7,2,F→+1,True
2019-10-02,87,33,2|39|82|87,4,82,,39,,7,,1,F→-1|F→-2,True
2019-10-03,12,43,12|28|44|60|81|92,1,,28,,44,,3,,,False
2019-10-03,56,40,8|19|51|56|67|72,4,51,67,19,72,,4,4,,True
2019-10-03,72,40,8|19|51|56|67|72,6,67,,56,,4,,,,False
2019-10-05,63,38,20|31|47|52|63|100,5,52,100,47,,5,,,,False
2019-10-06,35,49,35|40|83,1,,40,,83,,,5,F→+2,True
2019-10-08,12,43,12|28|44|60|81|92,1,,28,,44,,,4,,True
2019-10-08,17,34,1|17|33|49|76,2,1,33,,49,1,1,2,-1→F|+1→F|F→+2,True
2019-10-09,57,30,25|57,2,25,,,,1,,7,-1→F,True
2019-10-14,3,31,3|24|88|99,1,,24,,88,,4,7,+1→F,True
2019-10-15,7,42,7|18|23|50|55|66|71,1,,18,,23,,1,4,+1→F,True
2019-10-19,91,44,22|59|70|75|91,5,75,,70,,,,2,,True
2019-10-21,45,50,45,1,,,,,,,,,False
2019-10-22,89,48,73|89,2,73,,,,3,,1,F→-1|F→-1→F,True
2019-10-23,3,31,3|24|88|99,1,,24,,88,,4,3,F→+1|F→+2,True
2019-10-24,3,31,3|24|88|99,1,,24,,88,,3,2,F→+1|F→+2,True
2019-10-25,27,26,27|38,1,,38,,,,1,1,,True
2019-10-25,29,41,13|29|93,2,13,93,,,1,6,4,-1→F|F→+1,True
2019-10-26,63,38,20|31|47|52|63|100,5,52,100,47,,4,,6,-1→F,True
2019-10-29,34,51,34|98,1,,98,,,,7,7,,True
2019-10-31,28,43,12|28|44|60|81|92,2,12,44,,60,,2,,,False
2019-10-31,44,43,12|28|44|60|81|92,3,28,60,12,81,,5,2,F→+1|F→+2|F→+1→+2,True
2019-11-02,7,42,7|18|23|50|55|66|71,1,,18,,23,,1,,,False
2019-11-03,3,31,3|24|88|99,1,,24,,88,,1,,,False
2019-11-03,29,41,13|29|93,2,13,93,,,2,,3,-1→F,True
2019-11-03,88,31,3|24|88|99,3,24,99,3,,1,1,6,-1→F|+1→F,True
2019-11-09,29,41,13|29|93,2,13,93,,,3,,2,F→-1,True
2019-11-09,56,40,8|19|51|56|67|72,4,51,67,19,72,6,1,,,False
2019-11-09,67,40,8|19|51|56|67|72,5,56,72,51,,,,1,F→-2,True
2019-11-10,57,30,25|57,2,25,,,,1,,,,False
2019-11-12,23,42,7|18|23|50|55|66|71,3,18,50,7,55,2,4,3,-1→F|F→+1|F→-2,True
2019-11-13,20,38,20|31|47|52|63|100,1,,31,,47,,2,6,+1→F,True
2019-11-14,53,28,21|26|53,3,26,,21,,5,,1,F→-1|F→-2,True
2019-11-14,90,46,37|58|74|90,4,74,,58,,,,1,F→-2,True
2019-11-16,96,54,96,1,,,,,,,1,,True
2019-11-17,29,41,13|29|93,2,13,93,,,,3,1,F→+1,True
2019-11-18,94,39,9|14|30|41|46|62|78|94,8,78,,62,,,,,,False
2019-11-19,72,40,8|19|51|56|67|72,6,67,,56,,6,,3,F→-1|F→-1→-2→F_partial,True
2019-11-21,71,42,7|18|23|50|55|66|71,7,66,,55,,6,,5,F→-1|F→-1→-2→F_partial,True
2019-11-22,29,41,13|29|93,2,13,93,,,,,3,,True
2019-11-23,35,49,35|40|83,1,,40,,83,,5,3,F→+1,True
2019-11-25,79,47,4|36|68|79|84,4,68,84,36,,1,1,1,F→-2,True
2019-11-26,9,39,9|14|30|41|46|62|78|94,1,,14,,30,,3,,,False
2019-11-26,94,39,9|14|30|41|46|62|78|94,8,78,,62,,1,,5,-1→F,True
2019-11-27,89,48,73|89,2,73,,,,,,,,False
2019-11-27,93,41,13|29|93,3,29,,13,,6,,5,F→-1|F→-1→F,True
2019-12-04,53,28,21|26|53,3,26,,21,,2,,1,F→-1,True
2019-12-05,7,42,7|18|23|50|55|66|71,1,,18,,23,,4,2,F→+1|F→+2,True
2019-12-07,27,26,27|38,1,,38,,,,7,4,F→+1,True
2019-12-08,76,34,1|17|33|49|76,5,49,,33,,7,,5,F→-1|F→-1→-2→F_partial,True
2019-12-10,12,43,12|28|44|60|81|92,1,,28,,44,,7,2,F→+1,True
2019-12-10,28,43,12|28|44|60|81|92,2,12,44,,60,2,,7,-1→F,True
2019-12-10,41,39,9|14|30|41|46|62|78|94,4,30,46,14,62,4,1,1,F→-1|F→+2,True
2019-12-13,44,43,12|28|44|60|81|92,3,28,60,12,81,4,3,6,-1→F|+1→F|F→-2,True
2019-12-13,92,43,12|28|44|60|81|92,6,81,,60,,3,,6,-1→F,True
2019-12-14,85,36,32|48|64|85,4,64,,48,,,,6,,True
2019-12-16,34,51,34|98,1,,98,,,,5,2,F→+1,True
2019-12-19,48,36,32|48|64|85,2,32,64,,85,1,3,1,F→+1,True
2019-12-20,77,32,77,1,,,,,,,2,,True
2019-12-20,89,48,73|89,2,73,,,,3,,3,,True
2019-12-24,79,47,4|36|68|79|84,4,68,84,36,,4,6,1,F→-1|F→+1|F→-2|F→-1→-2|F→-1→F,True
2019-12-25,26,28,21|26|53,2,21,53,,,2,1,,,False
2019-12-27,1,34,1|17|33|49|76,1,,17,,33,,1,7,+1→F,True
2019-12-27,42,37,5|10|42,3,10,,5,,1,,1,F→-2,True
2019-12-28,54,35,6|11|43|54|86,4,43,86,11,,4,3,3,F→-1|F→-1→-2→F_partial,True
2020-01-04,67,40,8|19|51|56|67|72,5,56,72,51,,3,2,,,False
2020-01-05,73,48,73|89,1,,89,,,,5,,,False
2020-01-06,26,28,21|26|53,2,21,53,,,1,,1,,True
2020-01-07,9,39,9|14|30|41|46|62|78|94,1,,14,,30,,2,4,+1→F,True
2020-01-07,90,46,37|58|74|90,4,74,,58,,3,,2,F→-1|F→-2|F→-1→-2,True
2020-01-07,91,44,22|59|70|75|91,5,75,,70,,3,,3,,True
2020-01-07,94,39,9|14|30|41|46|62|78|94,8,78,,62,,,,1,F→-2,True
2020-01-08,73,48,73|89,1,,89,,,,2,6,+1→F,True
2020-01-09,53,28,21|26|53,3,26,,21,,4,,,,False
2020-01-10,8,40,8|19|51|56|67|72,1,,19,,51,,6,2,F→+1|F→+2,True
2020-01-10,77,32,77,1,,,,,,,6,,True
2020-01-19,27,26,27|38,1,,38,,,,1,,,False
2020-01-20,31,38,20|31|47|52|63|100,2,20,47,,52,1,,1,F→+2,True
2020-01-20,52,38,20|31|47|52|63|100,4,47,63,31,100,,6,4,F→+1,True
2020-01-20,63,38,20|31|47|52|63|100,5,52,100,47,,4,,6,-1→F,True
2020-01-22,31,38,20|31|47|52|63|100,2,20,47,,52,,6,3,F→+1,True
2020-01-22,52,38,20|31|47|52|63|100,4,47,63,31,100,6,4,2,F→-1|F→+1|F→-2,True
2020-01-22,63,38,20|31|47|52|63|100,5,52,100,47,,2,,4,-1→F|F→-2,True
2020-01-26,22,44,22|59|70|75|91,1,,59,,70,,,,,False
2020-01-26,59,44,22|59|70|75|91,2,22,70,,75,,7,,,False
2020-01-26,70,44,22|59|70|75|91,3,59,75,22,91,,1,7,+1→F,True
2020-01-29,75,44,22|59|70|75|91,4,70,91,59,,4,2,3,F→-1|+1→F|F→-1→F,True
2020-01-30,71,42,7|18|23|50|55|66|71,7,66,,55,,,,3,,True
2020-01-31,2,33,2|39|82|87,1,,39,,82,,6,6,,True
2020-01-31,87,33,2|39|82|87,4,82,,39,,,,,,False
2020-02-02,73,48,73|89,1,,89,,,,7,3,F→+1,True
2020-02-08,54,35,6|11|43|54|86,4,43,86,11,,2,,3,-1→F|F→-2,True
2020-02-08,80,45,69|80,2,69,,,,1,,4,-1→F,True
2020-02-09,40,49,35|40|83,2,35,83,,,4,4,2,F→-1|F→+1,True
2020-02-11,35,49,35|40|83,1,,40,,83,,,2,,True
2020-02-13,11,35,6|11|43|54|86,2,6,43,,54,6,2,4,F→-1|+1→F,True
2020-02-17,11,35,6|11|43|54|86,2,6,43,,54,2,4,2,F→+1,True
2020-02-17,40,49,35|40|83,2,35,83,,,4,1,,,False
2020-02-17,77,32,77,1,,,,,,,4,,True
2020-02-19,7,42,7|18|23|50|55|66|71,1,,18,,23,,,,,False
2020-02-21,11,35,6|11|43|54|86,2,6,43,,54,2,2,4,-1→F|+1→F|F→+2,True
2020-02-21,28,43,12|28|44|60|81|92,2,12,44,,60,,,1,,True
2020-02-21,44,43,12|28|44|60|81|92,3,28,60,12,81,1,,,,False
2020-02-21,92,43,12|28|44|60|81|92,6,81,,60,,3,,1,F→-1|F→-1→F,True
2020-02-23,44,43,12|28|44|60|81|92,3,28,60,12,81,,6,7,+1→F,True
2020-02-24,58,46,37|58|74|90,2,37,74,,90,2,2,6,-1→F|+1→F,True
2020-02-24,90,46,37|58|74|90,4,74,,58,,2,,1,F→-1|F→-2|F→-1→-2|F→-1→F,True
2020-02-25,35,49,35|40|83,1,,40,,83,,1,4,+1→F,True
2020-02-27,48,36,32|48|64|85,2,32,64,,85,5,2,2,F→-1,True
2020-02-28,2,33,2|39|82|87,1,,39,,82,,1,2,+1→F|F→+2,True
2020-02-28,87,33,2|39|82|87,4,82,,39,,6,,1,F→-1,True
2020-03-01,56,40,8|19|51|56|67|72,4,51,67,19,72,5,,7,-1→F,True
2020-03-02,22,44,22|59|70|75|91,1,,59,,70,,5,4,F→+1,True
2020-03-02,70,44,22|59|70|75|91,3,59,75,22,91,5,3,4,F→-1|+1→F|F→+2|F→-1→F,True
2020-03-03,4,47,4|36|68|79|84,1,,36,,68,,3,5,+1→F,True
2020-03-07,68,47,4|36|68|79|84,3,36,79,4,84,4,4,,,False
2020-03-08,29,41,13|29|93,2,13,93,,,,1,4,+1→F,True
2020-03-10,53,28,21|26|53,3,26,,21,,,,2,,True
2020-03-11,8,40,8|19|51|56|67|72,1,,19,,51,,,6,,True
2020-03-11,19,40,8|19|51|56|67|72,2,8,51,,56,6,5,,,False
2020-03-11,85,36,32|48|64|85,4,64,,48,,,,4,F→-2,True
2020-03-12,9,39,9|14|30|41|46|62|78|94,1,,14,,30,,5,,,False
2020-03-13,46,39,9|14|30|41|46|62|78|94,5,41,62,30,78,4,1,,,False
2020-03-13,68,47,4|36|68|79|84,3,36,79,4,84,1,1,,,False
2020-03-14,9,39,9|14|30|41|46|62|78|94,1,,14,,30,,3,6,+1→F,True
2020-03-14,44,43,12|28|44|60|81|92,3,28,60,12,81,,4,2,F→+1,True
2020-03-16,10,37,5|10|42,2,5,42,,,1,1,,,False
2020-03-16,42,37,5|10|42,3,10,,5,,,,1,,True
2020-03-16,73,48,73|89,1,,89,,,,1,2,+1→F,True
2020-03-18,34,51,34|98,1,,98,,,,5,,,False
2020-04-03,35,49,35|40|83,1,,40,,83,,4,7,+1→F,True
2020-04-11,93,41,13|29|93,3,29,,13,,,,,,False
2020-04-12,77,32,77,1,,,,,,,,,False
2020-04-16,30,39,9|14|30|41|46|62|78|94,3,14,41,9,46,1,,,,False
2020-04-25,69,45,69|80,1,,80,,,,1,6,+1→F,True
2020-05-03,29,41,13|29|93,2,13,93,,,,,3,,True
2020-05-03,42,37,5|10|42,3,10,,5,,3,,3,,True
2020-05-28,76,34,1|17|33|49|76,5,49,,33,,,,7,,True
2020-06-03,22,44,22|59|70|75|91,1,,59,,70,,1,6,+1→F,True
2020-06-03,70,44,22|59|70|75|91,3,59,75,22,91,1,7,3,-1→F|F→+1|F→-2,True
2020-06-04,69,45,69|80,1,,80,,,,,,,False
2020-06-07,58,46,37|58|74|90,2,37,74,,90,,1,3,+1→F,True
2020-06-07,90,46,37|58|74|90,4,74,,58,,1,,,,False
2020-06-08,85,36,32|48|64|85,4,64,,48,,3,,2,F→-1|F→-2,True
2020-06-09,28,43,12|28|44|60|81|92,2,12,44,,60,,5,4,F→+1,True
2020-06-09,94,39,9|14|30|41|46|62|78|94,8,78,,62,,7,,4,F→-1,True
2020-06-10,7,42,7|18|23|50|55|66|71,1,,18,,23,,5,7,+1→F,True
2020-06-10,15,29,15,1,,,,,,,3,,True
2020-06-10,52,38,20|31|47|52|63|100,4,47,63,31,100,2,,1,F→-1|F→-1→F,True
2020-06-10,63,38,20|31|47|52|63|100,5,52,100,47,,1,,,,False
2020-06-11,44,43,12|28|44|60|81|92,3,28,60,12,81,2,6,3,-1→F|F→+1|F→-2,True
2020-06-12,4,47,4|36|68|79|84,1,,36,,68,,4,,,False
2020-06-14,22,44,22|59|70|75|91,1,,59,,70,,5,,,False
2020-06-14,70,44,22|59|70|75|91,3,59,75,22,91,5,7,1,F→-1|F→+1|F→+2|F→-1→F,True
2020-06-15,54,35,6|11|43|54|86,4,43,86,11,,6,1,,,False
2020-06-16,42,37,5|10|42,3,10,,5,,,,6,,True
2020-06-18,76,34,1|17|33|49|76,5,49,,33,,7,,1,F→-1|F→-2,True
2020-06-20,65,52,65|97,1,,97,,,,2,1,F→+1,True
2020-06-20,85,36,32|48|64|85,4,64,,48,,,,,,False
2020-06-21,92,43,12|28|44|60|81|92,6,81,,60,,2,,5,-1→F,True
2020-06-22,44,43,12|28|44|60|81|92,3,28,60,12,81,1,4,1,F→+1|F→-2,True
2020-06-22,60,43,12|28|44|60|81|92,4,44,81,28,92,1,1,4,-1→F|+1→F,True
2020-06-23,22,44,22|59|70|75|91,1,,59,,70,,,1,F→+2,True
2020-06-23,70,44,22|59|70|75|91,3,59,75,22,91,,2,2,,True
2020-06-24,94,39,9|14|30|41|46|62|78|94,8,78,,62,,,,2,,True
2020-06-27,27,26,27|38,1,,38,,,,,3,,True
2020-06-27,41,39,9|14|30|41|46|62|78|94,4,30,46,14,62,3,3,5,-1→F|+1→F,True
2020-06-28,82,33,2|39|82|87,3,39,87,2,,3,,7,-1→F,True
2020-06-29,19,40,8|19|51|56|67|72,2,8,51,,56,1,1,7,-1→F|+1→F,True
2020-06-29,56,40,8|19|51|56|67|72,4,51,67,19,72,1,5,,,False
2020-06-29,91,44,22|59|70|75|91,5,75,,70,,7,,,,False
2020-06-30,57,30,25|57,2,25,,,,2,,,,False
2020-07-01,42,37,5|10|42,3,10,,5,,1,,,,False
2020-07-01,76,34,1|17|33|49|76,5,49,,33,,4,,1,F→-1|F→-2|F→-1→-2,True
2020-07-02,29,41,13|29|93,2,13,93,,,,1,1,,True
2020-07-03,29,41,13|29|93,2,13,93,,,,4,1,F→+1,True
2020-07-06,12,43,12|28|44|60|81|92,1,,28,,44,,,1,F→+2,True
2020-07-07,94,39,9|14|30|41|46|62|78|94,8,78,,62,,4,,2,F→-1|F→-2,True
2020-07-08,87,33,2|39|82|87,4,82,,39,,1,,3,-1→F,True
2020-07-10,59,44,22|59|70|75|91,2,22,70,,75,,1,3,+1→F,True
2020-07-10,75,44,22|59|70|75|91,4,70,91,59,,1,2,,,False
2020-07-10,90,46,37|58|74|90,4,74,,58,,,,,,False
2020-07-11,4,47,4|36|68|79|84,1,,36,,68,,3,3,,True
2020-07-11,68,47,4|36|68|79|84,3,36,79,4,84,3,,,,False
2020-07-11,79,47,4|36|68|79|84,4,68,84,36,,,1,,,False
2020-07-12,12,43,12|28|44|60|81|92,1,,28,,44,,2,,,False
2020-07-12,28,43,12|28|44|60|81|92,2,12,44,,60,,5,2,F→+1|F→+2,True
2020-07-15,12,43,12|28|44|60|81|92,1,,28,,44,,1,6,+1→F,True
2020-07-15,44,43,12|28|44|60|81|92,3,28,60,12,81,1,4,2,-1→F|F→+1|F→-2|F→+2,True
2020-07-15,68,47,4|36|68|79|84,3,36,79,4,84,,4,5,+1→F,True
2020-07-15,71,42,7|18|23|50|55|66|71,7,66,,55,,6,,1,F→-1|F→-1→F,True
2020-07-17,42,37,5|10|42,3,10,,5,,4,,,,False
2020-07-17,91,44,22|59|70|75|91,5,75,,70,,2,,,,False
2020-07-19,84,47,4|36|68|79|84,5,79,,68,,,,5,,True
2020-07-20,76,34,1|17|33|49|76,5,49,,33,,1,,3,-1→F,True
2020-07-23,42,37,5|10|42,3,10,,5,,,,,,False
2020-07-26,8,40,8|19|51|56|67|72,1,,19,,51,,7,2,F→+1,True
2020-07-27,12,43,12|28|44|60|81|92,1,,28,,44,,4,3,F→+1,True
2020-07-27,28,43,12|28|44|60|81|92,2,12,44,,60,3,2,4,-1→F|+1→F,True
2020-07-27,87,33,2|39|82|87,4,82,,39,,7,,,,False
2020-07-29,35,49,35|40|83,1,,40,,83,,4,5,+1→F|F→+2,True
2020-07-31,42,37,5|10|42,3,10,,5,,6,,,,False
2020-07-31,90,46,37|58|74|90,4,74,,58,,2,,,,False
2020-08-01,29,41,13|29|93,2,13,93,,,,,2,,True
2020-08-03,13,41,13|29|93,1,,29,,93,,3,,,False
2020-08-05,69,45,69|80,1,,80,,,,4,,,False
2020-08-06,28,43,12|28|44|60|81|92,2,12,44,,60,1,1,7,-1→F|+1→F,True
2020-08-06,44,43,12|28|44|60|81|92,3,28,60,12,81,7,2,1,F→-1|F→+1|F→+2|F→+1→+2,True
2020-08-07,70,44,22|59|70|75|91,3,59,75,22,91,3,2,,,False
2020-08-10,7,42,7|18|23|50|55|66|71,1,,18,,23,,,1,,True
2020-08-10,34,51,34|98,1,,98,,,,1,6,+1→F,True
2020-08-14,74,46,37|58|74|90,3,58,90,37,,4,2,6,-1→F|+1→F,True
2020-08-16,27,26,27|38,1,,38,,,,1,7,+1→F,True
2020-08-21,1,34,1|17|33|49|76,1,,17,,33,,2,3,+1→F|F→+2,True
2020-08-21,17,34,1|17|33|49|76,2,1,33,,49,3,7,2,F→-1|F→+1|F→+2|F→-1→F,True
2020-08-22,77,32,77,1,,,,,,,4,,True
2020-08-23,69,45,69|80,1,,80,,,,3,1,F→+1,True
2020-08-25,63,38,20|31|47|52|63|100,5,52,100,47,,5,,4,F→-1,True
2020-08-27,16,27,16,1,,,,,,,,,False
2020-08-29,1,34,1|17|33|49|76,1,,17,,33,,4,,,False
2020-08-31,28,43,12|28|44|60|81|92,2,12,44,,60,3,,3,,True
2020-08-31,44,43,12|28|44|60|81|92,3,28,60,12,81,3,2,,,False
2020-08-31,68,47,4|36|68|79|84,3,36,79,4,84,5,7,2,F→-1|F→+1|F→-1→-2→F_partial,True
2020-08-31,92,43,12|28|44|60|81|92,6,81,,60,,6,,1,F→-1|F→-2|F→-1→F,True
2020-09-03,53,28,21|26|53,3,26,,21,,2,,1,F→-1|F→-2|F→-1→-2|F→-1→F,True
2020-09-05,27,26,27|38,1,,38,,,,,2,,True
2020-09-07,9,39,9|14|30|41|46|62|78|94,1,,14,,30,,2,1,F→+1|F→+2|F→+1→+2,True
2020-09-08,29,41,13|29|93,2,13,93,,,5,6,3,F→-1|F→+1|F→-1→F,True
2020-09-09,7,42,7|18|23|50|55|66|71,1,,18,,23,,2,1,F→+1|F→+2|F→+1→+2,True
2020-09-11,9,39,9|14|30|41|46|62|78|94,1,,14,,30,,4,2,F→+1,True
2020-09-11,14,39,9|14|30|41|46|62|78|94,2,9,30,,41,2,1,4,-1→F|+1→F,True
2020-09-12,83,49,35|40|83,3,40,,35,,,,,,False
2020-09-13,60,43,12|28|44|60|81|92,4,44,81,28,92,2,1,,,False
2020-09-15,59,44,22|59|70|75|91,2,22,70,,75,,6,2,F→+1|F→+2,True
2020-09-18,42,37,5|10|42,3,10,,5,,5,,3,F→-1|F→-2|F→-1→-2,True
2020-09-19,90,46,37|58|74|90,4,74,,58,,4,,3,F→-1|F→-1→-2→F_partial,True
2020-09-20,82,33,2|39|82|87,3,39,87,2,,,2,3,+1→F,True
2020-09-21,44,43,12|28|44|60|81|92,3,28,60,12,81,4,4,4,F→+2,True
2020-09-21,92,43,12|28|44|60|81|92,6,81,,60,,7,,6,F→-1|F→-1→-2→F_partial,True
2020-09-26,86,35,6|11|43|54|86,5,54,,43,,3,,4,-1→F|F→-2,True
2020-09-27,76,34,1|17|33|49|76,5,49,,33,,4,,3,F→-1|F→-1→F,True
2020-09-29,42,37,5|10|42,3,10,,5,,,,4,,True
2020-09-29,53,28,21|26|53,3,26,,21,,2,,,,False
2020-10-01,19,40,8|19|51|56|67|72,2,8,51,,56,6,,5,F→-1,True
2020-10-01,46,39,9|14|30|41|46|62|78|94,5,41,62,30,78,1,1,6,-1→F|+1→F,True
2020-10-02,69,45,69|80,1,,80,,,,6,7,+1→F,True
2020-10-03,29,41,13|29|93,2,13,93,,,,4,6,+1→F,True
2020-10-07,7,42,7|18|23|50|55|66|71,1,,18,,23,,7,,,False
2020-10-07,22,44,22|59|70|75|91,1,,59,,70,,,5,,True
2020-10-07,48,36,32|48|64|85,2,32,64,,85,3,2,,,False
2020-10-07,70,44,22|59|70|75|91,3,59,75,22,91,,,3,F→-2,True
2020-10-08,57,30,25|57,2,25,,,,2,,2,,True
2020-10-11,7,42,7|18|23|50|55|66|71,1,,18,,23,,3,,,False
2020-10-11,90,46,37|58|74|90,4,74,,58,,5,,3,F→-1|F→-1→F,True
2020-10-12,57,30,25|57,2,25,,,,,,2,,True
2020-10-12,69,45,69|80,1,,80,,,,1,1,,True
2020-10-13,41,39,9|14|30|41|46|62|78|94,4,30,46,14,62,4,2,3,F→-1|+1→F,True
2020-10-17,3,31,3|24|88|99,1,,24,,88,,1,4,+1→F,True
2020-10-17,28,43,12|28|44|60|81|92,2,12,44,,60,2,,6,-1→F,True
2020-10-17,81,43,12|28|44|60|81|92,5,60,92,44,,1,3,1,F→+1,True
2020-10-18,52,38,20|31|47|52|63|100,4,47,63,31,100,2,,1,F→-1|F→-2|F→-1→-2|F→-1→F,True
2020-10-18,63,38,20|31|47|52|63|100,5,52,100,47,,1,,,,False
2020-10-20,44,43,12|28|44|60|81|92,3,28,60,12,81,3,1,7,-1→F|+1→F,True
2020-10-20,79,47,4|36|68|79|84,4,68,84,36,,,,3,F→-2,True
2020-10-24,20,38,20|31|47|52|63|100,1,,31,,47,,1,5,+1→F,True
2020-10-24,23,42,7|18|23|50|55|66|71,3,18,50,7,55,3,,3,F→+2,True
2020-10-24,63,38,20|31|47|52|63|100,5,52,100,47,,,,6,,True
2020-10-24,71,42,7|18|23|50|55|66|71,7,66,,55,,2,,,,False
2020-10-29,58,46,37|58|74|90,2,37,74,,90,,4,5,+1→F,True
2020-10-31,91,44,22|59|70|75|91,5,75,,70,,3,,1,F→-1|F→-2|F→-1→F,True
2020-11-01,68,47,4|36|68|79|84,3,36,79,4,84,,3,,,False
2020-11-02,19,40,8|19|51|56|67|72,2,8,51,,56,,,1,F→+2,True
2020-11-03,56,40,8|19|51|56|67|72,4,51,67,19,72,,,4,,True
2020-11-06,53,28,21|26|53,3,26,,21,,,,,,False
2020-11-10,65,52,65|97,1,,97,,,,,2,,True
2020-11-12,42,37,5|10|42,3,10,,5,,2,,6,-1→F,True
2020-11-13,9,39,9|14|30|41|46|62|78|94,1,,14,,30,,2,5,+1→F,True
2020-11-13,46,39,9|14|30|41|46|62|78|94,5,41,62,30,78,2,1,7,-1→F|+1→F,True
2020-11-15,29,41,13|29|93,2,13,93,,,,3,,,False
2020-11-17,65,52,65|97,1,,97,,,,1,7,+1→F,True
2020-11-17,85,36,32|48|64|85,4,64,,48,,4,,2,F→-1,True
2020-11-18,63,38,20|31|47|52|63|100,5,52,100,47,,3,,2,F→-1|F→-2|F→-1→-2|F→-1→F,True
2020-11-19,48,36,32|48|64|85,2,32,64,,85,,2,3,+1→F|F→+2,True
2020-11-20,86,35,6|11|43|54|86,5,54,,43,,7,,2,F→-1|F→-2,True
2020-11-20,90,46,37|58|74|90,4,74,,58,,6,,3,F→-1|F→-1→-2→F_partial,True
2020-11-22,7,42,7|18|23|50|55|66|71,1,,18,,23,,4,,,False
2020-11-23,92,43,12|28|44|60|81|92,6,81,,60,,3,,1,F→-1,True
2020-11-25,41,39,9|14|30|41|46|62|78|94,4,30,46,14,62,2,3,2,F→+1|F→-2,True
2020-11-25,73,48,73|89,1,,89,,,,,,,False
2020-11-25,89,48,73|89,2,73,,,,,,,,False
2020-11-28,72,40,8|19|51|56|67|72,6,67,,56,,4,,3,F→-1|F→-2|F→-1→-2,True
2020-11-30,5,37,5|10|42,1,,10,,42,,3,3,,True
2020-12-02,3,31,3|24|88|99,1,,24,,88,,,,,False
2020-12-07,28,43,12|28|44|60|81|92,2,12,44,,60,5,,1,F→-1|F→+2,True
2020-12-07,44,43,12|28|44|60|81|92,3,28,60,12,81,1,6,,,False
2020-12-07,81,43,12|28|44|60|81|92,5,60,92,44,,6,,1,F→-1,True
2020-12-11,82,33,2|39|82|87,3,39,87,2,,7,2,1,F→-1|F→+1,True
2020-12-13,12,43,12|28|44|60|81|92,1,,28,,44,,3,,,False
2020-12-13,28,43,12|28|44|60|81|92,2,12,44,,60,,6,3,F→+1,True
2020-12-14,8,40,8|19|51|56|67|72,1,,19,,51,,2,5,+1→F,True
2020-12-14,72,40,8|19|51|56|67|72,6,67,,56,,3,,,,False
2020-12-15,27,26,27|38,1,,38,,,,2,5,+1→F,True
2020-12-15,72,40,8|19|51|56|67|72,6,67,,56,,2,,,,False
2020-12-15,76,34,1|17|33|49|76,5,49,,33,,3,,6,-1→F,True
2020-12-18,35,49,35|40|83,1,,40,,83,,4,6,+1→F,True
2020-12-18,73,48,73|89,1,,89,,,,1,4,+1→F,True
2020-12-19,35,49,35|40|83,1,,40,,83,,3,5,+1→F,True
2020-12-20,79,47,4|36|68|79|84,4,68,84,36,,6,1,4,F→-1|+1→F|F→-2|F→-1→F,True
2020-12-22,77,32,77,1,,,,,,,,,False
2020-12-23,23,42,7|18|23|50|55|66|71,3,18,50,7,55,2,4,4,-1→F,True
2020-12-23,71,42,7|18|23|50|55|66|71,7,66,,55,,3,,3,,True
2020-12-28,3,31,3|24|88|99,1,,24,,88,,,,,False
2021-01-03,57,30,25|57,2,25,,,,1,,4,-1→F,True
2021-01-05,3,31,3|24|88|99,1,,24,,88,,4,,,False
2021-01-06,22,44,22|59|70|75|91,1,,59,,70,,6,,,False
2021-01-06,70,44,22|59|70|75|91,3,59,75,22,91,6,5,1,F→-1|F→+1|F→+2|F→-1→F,True
2021-01-07,5,37,5|10|42,1,,10,,42,,7,1,F→+1,True
2021-01-09,35,49,35|40|83,1,,40,,83,,,5,,True
2021-01-11,27,26,27|38,1,,38,,,,3,,,False
2021-01-11,73,48,73|89,1,,89,,,,3,2,F→+1,True
2021-01-13,68,47,4|36|68|79|84,3,36,79,4,84,4,1,,,False
2021-01-13,79,47,4|36|68|79|84,4,68,84,36,,,3,1,F→+1|F→-2,True
2021-01-15,26,28,21|26|53,2,21,53,,,7,,,,False
2021-01-15,53,28,21|26|53,3,26,,21,,,,,,False
2021-01-16,63,38,20|31|47|52|63|100,5,52,100,47,,,,3,,True
2021-01-16,86,35,6|11|43|54|86,5,54,,43,,4,,,,False
2021-01-16,90,46,37|58|74|90,4,74,,58,,3,,1,F→-1|F→-2|F→-1→-2,True
2021-01-17,60,43,12|28|44|60|81|92,4,44,81,28,92,1,1,6,-1→F|+1→F,True
2021-01-18,75,44,22|59|70|75|91,4,70,91,59,,4,1,1,F→-1|F→-2,True
2021-01-20,73,48,73|89,1,,89,,,,1,5,+1→F,True
2021-01-22,58,46,37|58|74|90,2,37,74,,90,1,1,1,,True
2021-01-22,74,46,37|58|74|90,3,58,90,37,,1,,1,,True
2021-01-22,90,46,37|58|74|90,4,74,,58,,1,,,,False
2021-01-24,27,26,27|38,1,,38,,,,,3,,True
2021-01-25,59,44,22|59|70|75|91,2,22,70,,75,1,2,4,-1→F|+1→F,True
2021-01-26,41,39,9|14|30|41|46|62|78|94,4,30,46,14,62,2,1,3,-1→F|+1→F,True
2021-01-31,42,37,5|10|42,3,10,,5,,1,,1,F→-2,True
2021-02-04,44,43,12|28|44|60|81|92,3,28,60,12,81,2,5,,,False
2021-02-06,74,46,37|58|74|90,3,58,90,37,,,3,,,False
2021-02-08,11,35,6|11|43|54|86,2,6,43,,54,,7,2,F→+1,True
2021-02-08,29,41,13|29|93,2,13,93,,,,3,1,F→+1,True
2021-02-08,57,30,25|57,2,25,,,,,,3,,True
2021-02-08,93,41,13|29|93,3,29,,13,,1,,3,-1→F,True
2021-02-09,9,39,9|14|30|41|46|62|78|94,1,,14,,30,,,,,False
2021-02-09,41,39,9|14|30|41|46|62|78|94,4,30,46,14,62,3,2,2,F→-1|F→+2,True
2021-02-09,50,42,7|18|23|50|55|66|71,4,23,55,18,66,4,2,6,-1→F|+1→F,True
2021-02-09,62,39,9|14|30|41|46|62|78|94,6,46,78,41,94,2,4,3,-1→F|F→+1|F→+2,True
2021-02-09,71,42,7|18|23|50|55|66|71,7,66,,55,,1,,2,-1→F,True
2021-02-10,9,39,9|14|30|41|46|62|78|94,1,,14,,30,,,,,False
2021-02-10,41,39,9|14|30|41|46|62|78|94,4,30,46,14,62,2,1,1,F→-1|F→+2,True
2021-02-10,69,45,69|80,1,,80,,,,1,,,False
2021-02-12,9,39,9|14|30|41|46|62|78|94,1,,14,,30,,,6,,True
2021-02-12,14,39,9|14|30|41|46|62|78|94,2,9,30,,41,6,,,,False
2021-02-13,27,26,27|38,1,,38,,,,1,5,+1→F,True
2021-02-15,44,43,12|28|44|60|81|92,3,28,60,12,81,5,1,,,False
2021-02-15,81,43,12|28|44|60|81|92,5,60,92,44,,1,2,1,F→+1,True
2021-02-15,90,46,37|58|74|90,4,74,,58,,,,6,,True
2021-02-16,58,46,37|58|74|90,2,37,74,,90,,7,,,False
2021-02-16,73,48,73|89,1,,89,,,,1,,,False
2021-02-17,88,31,3|24|88|99,3,24,99,3,,3,,5,-1→F,True
2021-02-18,7,42,7|18|23|50|55|66|71,1,,18,,23,,3,3,,True
2021-02-18,32,36,32|48|64|85,1,,48,,64,,2,,,False
2021-02-18,48,36,32|48|64|85,2,32,64,,85,,1,2,+1→F,True
2021-02-19,20,38,20|31|47|52|63|100,1,,31,,47,,6,4,F→+1,True
2021-02-20,53,28,21|26|53,3,26,,21,,2,,4,-1→F,True
2021-02-20,63,38,20|31|47|52|63|100,5,52,100,47,,2,,3,-1→F,True
2021-02-22,27,26,27|38,1,,38,,,,,,,False
2021-02-22,34,51,34|98,1,,98,,,,2,2,,True
2021-02-22,51,40,8|19|51|56|67|72,3,19,56,8,67,,6,3,F→+1,True
2021-02-22,72,40,8|19|51|56|67|72,6,67,,56,,1,,3,-1→F|F→-2,True
2021-02-27,65,52,65|97,1,,97,,,,4,4,,True
2021-03-03,37,46,37|58|74|90,1,,58,,74,,6,,,False
2021-03-04,22,44,22|59|70|75|91,1,,59,,70,,2,4,+1→F,True
2021-03-07,67,40,8|19|51|56|67|72,5,56,72,51,,1,7,1,F→+1,True
2021-03-09,72,40,8|19|51|56|67|72,6,67,,56,,,,5,,True
2021-03-09,76,34,1|17|33|49|76,5,49,,33,,7,,,,False
2021-03-12,23,42,7|18|23|50|55|66|71,3,18,50,7,55,3,1,,,False
2021-03-12,37,46,37|58|74|90,1,,58,,74,,5,3,F→+1|F→+2,True
2021-03-12,71,42,7|18|23|50|55|66|71,7,66,,55,,,,1,F→-2,True
2021-03-12,90,46,37|58|74|90,4,74,,58,,4,,,,False
2021-03-13,32,36,32|48|64|85,1,,48,,64,,1,,,False
2021-03-13,48,36,32|48|64|85,2,32,64,,85,,,1,,True
2021-03-14,22,44,22|59|70|75|91,1,,59,,70,,2,1,F→+1,True
2021-03-14,70,44,22|59|70|75|91,3,59,75,22,91,2,5,,,False
2021-03-14,90,46,37|58|74|90,4,74,,58,,2,,7,-1→F,True
2021-03-14,91,44,22|59|70|75|91,5,75,,70,,5,,1,F→-1,True
2021-03-15,9,39,9|14|30|41|46|62|78|94,1,,14,,30,,2,5,+1→F,True
2021-03-15,32,36,32|48|64|85,1,,48,,64,,3,,,False
2021-03-18,7,42,7|18|23|50|55|66|71,1,,18,,23,,3,,,False
2021-03-18,29,41,13|29|93,2,13,93,,,1,6,7,-1→F|+1→F,True
2021-03-18,71,42,7|18|23|50|55|66|71,7,66,,55,,3,,1,F→-1,True
2021-03-19,42,37,5|10|42,3,10,,5,,3,,,,False
2021-03-20,13,41,13|29|93,1,,29,,93,,5,3,F→+1|F→+2,True
2021-03-21,44,43,12|28|44|60|81|92,3,28,60,12,81,1,2,1,F→+1|F→+2,True
2021-03-21,92,43,12|28|44|60|81|92,6,81,,60,,2,,2,,True
2021-03-22,29,41,13|29|93,2,13,93,,,1,2,3,-1→F|+1→F,True
2021-03-22,53,28,21|26|53,3,26,,21,,,,2,F→-2,True
2021-03-22,73,48,73|89,1,,89,,,,6,1,F→+1,True
2021-03-22,89,48,73|89,2,73,,,,1,,6,-1→F,True
2021-03-22,93,41,13|29|93,3,29,,13,,3,,2,F→-1|F→-1→-2→F_partial,True
2021-03-23,53,28,21|26|53,3,26,,21,,,,1,F→-2,True
2021-03-23,73,48,73|89,1,,89,,,,5,3,F→+1,True
2021-03-24,48,36,32|48|64|85,2,32,64,,85,,6,,,False
2021-03-25,35,49,35|40|83,1,,40,,83,,,4,,True
2021-03-27,44,43,12|28|44|60|81|92,3,28,60,12,81,,1,5,+1→F,True
2021-03-31,100,38,20|31|47|52|63|100,6,63,,52,,5,,,,False
2021-04-01,90,46,37|58|74|90,4,74,,58,,3,,,,False
2021-04-02,51,40,8|19|51|56|67|72,3,19,56,8,67,2,6,,,False
2021-04-03,1,34,1|17|33|49|76,1,,17,,33,,2,,,False
2021-04-04,28,43,12|28|44|60|81|92,2,12,44,,60,1,,6,-1→F,True
2021-04-04,77,32,77,1,,,,,,,,,False
2021-04-05,9,39,9|14|30|41|46|62|78|94,1,,14,,30,,6,6,F→+2,True
2021-04-06,77,32,77,1,,,,,,,,,False
2021-04-12,70,44,22|59|70|75|91,3,59,75,22,91,2,,7,-1→F,True
2021-04-13,3,31,3|24|88|99,1,,24,,88,,5,6,+1→F,True
2021-04-13,56,40,8|19|51|56|67|72,4,51,67,19,72,1,1,4,-1→F|+1→F,True
2021-04-14,7,42,7|18|23|50|55|66|71,1,,18,,23,,2,,,False
2021-04-17,7,42,7|18|23|50|55|66|71,1,,18,,23,,2,5,+1→F,True
2021-04-17,23,42,7|18|23|50|55|66|71,3,18,50,7,55,2,1,3,-1→F|+1→F|F→-2,True
2021-04-17,26,28,21|26|53,2,21,53,,,,6,4,F→+1,True
2021-04-17,53,28,21|26|53,3,26,,21,,4,,6,-1→F,True
2021-04-17,90,46,37|58|74|90,4,74,,58,,5,,1,F→-1|F→-2|F→-1→F,True
2021-04-20,6,35,6|11|43|54|86,1,,11,,43,,5,7,+1→F,True
2021-04-20,22,44,22|59|70|75|91,1,,59,,70,,1,4,+1→F|F→+2,True
2021-04-20,29,41,13|29|93,2,13,93,,,5,2,2,F→-1|F→-1→F,True
2021-04-20,70,44,22|59|70|75|91,3,59,75,22,91,1,,5,-1→F,True
2021-04-20,89,48,73|89,2,73,,,,1,,4,-1→F,True
2021-04-20,93,41,13|29|93,3,29,,13,,2,,2,F→-2,True
2021-04-23,12,43,12|28|44|60|81|92,1,,28,,44,,,,,False
2021-04-23,44,43,12|28|44|60|81|92,3,28,60,12,81,,4,,,False
2021-04-23,63,38,20|31|47|52|63|100,5,52,100,47,,4,,6,-1→F,True
2021-04-24,9,39,9|14|30|41|46|62|78|94,1,,14,,30,,1,2,+1→F|F→+2,True
2021-04-24,41,39,9|14|30|41|46|62|78|94,4,30,46,14,62,7,,,,False
2021-04-28,44,43,12|28|44|60|81|92,3,28,60,12,81,,4,5,+1→F,True
2021-04-29,9,39,9|14|30|41|46|62|78|94,1,,14,,30,,1,4,+1→F,True
2021-04-29,20,38,20|31|47|52|63|100,1,,31,,47,,,1,F→+2,True
2021-04-29,63,38,20|31|47|52|63|100,5,52,100,47,,1,,2,-1→F|F→-2,True
2021-04-30,9,39,9|14|30|41|46|62|78|94,1,,14,,30,,,3,,True
2021-04-30,42,37,5|10|42,3,10,,5,,4,,6,-1→F,True
2021-04-30,82,33,2|39|82|87,3,39,87,2,,4,,,,False
2021-05-01,27,26,27|38,1,,38,,,,,4,,True
2021-05-03,35,49,35|40|83,1,,40,,83,,6,,,False
2021-05-03,56,40,8|19|51|56|67|72,4,51,67,19,72,2,2,,,False
2021-05-03,69,45,69|80,1,,80,,,,4,2,F→+1,True
2021-05-07,34,51,34|98,1,,98,,,,1,3,+1→F,True
2021-05-08,35,49,35|40|83,1,,40,,83,,1,3,+1→F,True
2021-05-10,31,38,20|31|47|52|63|100,2,20,47,,52,,,4,,True
2021-05-10,76,34,1|17|33|49|76,5,49,,33,,5,,,,False
2021-05-11,12,43,12|28|44|60|81|92,1,,28,,44,,4,5,+1→F,True
2021-05-11,29,41,13|29|93,2,13,93,,,,7,6,F→+1,True
2021-05-11,44,43,12|28|44|60|81|92,3,28,60,12,81,4,6,4,F→+1|F→-2,True
2021-05-11,81,43,12|28|44|60|81|92,5,60,92,44,,6,1,1,F→-1|F→-2,True
2021-05-12,82,33,2|39|82|87,3,39,87,2,,,,4,,True
2021-05-13,1,34,1|17|33|49|76,1,,17,,33,,,5,,True
2021-05-13,76,34,1|17|33|49|76,5,49,,33,,2,,5,-1→F,True
2021-05-14,7,42,7|18|23|50|55|66|71,1,,18,,23,,1,2,+1→F|F→+2,True
2021-05-15,35,49,35|40|83,1,,40,,83,,3,1,F→+1|F→+2,True
2021-05-15,53,28,21|26|53,3,26,,21,,1,,,,False
2021-05-21,25,30,25|57,1,,57,,,,,1,,True
2021-05-21,35,49,35|40|83,1,,40,,83,,6,5,F→+1,True
2021-05-21,83,49,35|40|83,3,40,,35,,6,,2,F→-1|F→-2,True
2021-05-23,34,51,34|98,1,,98,,,,5,1,F→+1,True
2021-05-25,17,34,1|17|33|49|76,2,1,33,,49,7,5,4,F→-1|F→+1,True
2021-05-25,26,28,21|26|53,2,21,53,,,2,6,7,-1→F|+1→F,True
2021-05-25,53,28,21|26|53,3,26,,21,,7,,6,F→-1|F→-1→-2→F_partial,True
2021-05-25,76,34,1|17|33|49|76,5,49,,33,,2,,3,-1→F|F→-2,True
2021-05-27,4,47,4|36|68|79|84,1,,36,,68,,1,4,+1→F,True
2021-05-28,35,49,35|40|83,1,,40,,83,,7,3,F→+1|F→+2,True
2021-05-29,28,43,12|28|44|60|81|92,2,12,44,,60,5,6,6,-1→F,True
2021-06-02,9,39,9|14|30|41|46|62|78|94,1,,14,,30,,,5,,True
2021-06-02,62,39,9|14|30|41|46|62|78|94,6,46,78,41,94,,,,,False
2021-06-03,88,31,3|24|88|99,3,24,99,3,,1,3,4,-1→F|+1→F,True
2021-06-04,22,44,22|59|70|75|91,1,,59,,70,,6,,,False
2021-06-04,70,44,22|59|70|75|91,3,59,75,22,91,6,6,,,False
2021-06-07,9,39,9|14|30|41|46|62|78|94,1,,14,,30,,7,,,False
2021-06-07,42,37,5|10|42,3,10,,5,,5,,3,F→-1|F→-1→-2→F_partial|F→-1→F,True
2021-06-07,65,52,65|97,1,,97,,,,,1,,True
2021-06-08,30,39,9|14|30|41|46|62|78|94,3,14,41,9,46,6,1,,,False
2021-06-10,35,49,35|40|83,1,,40,,83,,,3,F→+2,True
2021-06-10,89,48,73|89,2,73,,,,2,,5,-1→F,True
2021-06-12,9,39,9|14|30|41|46|62|78|94,1,,14,,30,,2,,,False
2021-06-13,35,49,35|40|83,1,,40,,83,,5,1,F→+1|F→+2,True
2021-06-16,52,38,20|31|47|52|63|100,4,47,63,31,100,,,3,,True
2021-06-19,69,45,69|80,1,,80,,,,1,,,False
2021-06-21,52,38,20|31|47|52|63|100,4,47,63,31,100,,,1,,True
2021-06-21,100,38,20|31|47|52|63|100,6,63,,52,,,,,,False
2021-06-25,7,42,7|18|23|50|55|66|71,1,,18,,23,,5,2,F→+1|F→+2,True
2021-06-25,44,43,12|28|44|60|81|92,3,28,60,12,81,4,,2,F→-1|F→-2|F→+2|F→-1→-2|F→-1→F,True
2021-06-27,91,44,22|59|70|75|91,5,75,,70,,,,1,F→-2,True
2021-06-29,42,37,5|10|42,3,10,,5,,1,,,,False
2021-06-29,53,28,21|26|53,3,26,,21,,4,,,,False
2021-06-30,68,47,4|36|68|79|84,3,36,79,4,84,6,4,5,F→-1|+1→F|F→-1→-2→F_partial,True
2021-06-30,91,44,22|59|70|75|91,5,75,,70,,5,,4,F→-1|F→-1→-2→F_partial,True
2021-07-01,35,49,35|40|83,1,,40,,83,,1,,,False
2021-07-02,53,28,21|26|53,3,26,,21,,1,,,,False
2021-07-03,9,39,9|14|30|41|46|62|78|94,1,,14,,30,,1,3,+1→F|F→+2,True
2021-07-03,42,37,5|10|42,3,10,,5,,4,,4,,True
2021-07-03,46,39,9|14|30|41|46|62|78|94,5,41,62,30,78,2,,2,F→-2,True
2021-07-07,7,42,7|18|23|50|55|66|71,1,,18,,23,,3,2,F→+1|F→+2|F→+1→+2,True
2021-07-07,29,41,13|29|93,2,13,93,,,,7,5,F→+1,True
2021-07-07,68,47,4|36|68|79|84,3,36,79,4,84,,5,,,False
2021-07-07,71,42,7|18|23|50|55|66|71,7,66,,55,,,,2,,True
2021-07-08,9,39,9|14|30|41|46|62|78|94,1,,14,,30,,3,,,False
2021-07-12,63,38,20|31|47|52|63|100,5,52,100,47,,4,,,,False
2021-07-12,90,46,37|58|74|90,4,74,,58,,6,,6,F→-2,True
2021-07-13,7,42,7|18|23|50|55|66|71,1,,18,,23,,3,5,+1→F,True
2021-07-14,29,41,13|29|93,2,13,93,,,2,,3,-1→F,True
2021-07-16,23,42,7|18|23|50|55|66|71,3,18,50,7,55,4,7,,,False
2021-07-17,7,42,7|18|23|50|55|66|71,1,,18,,23,,3,1,F→+1|F→+2|F→+1→+2,True
2021-07-17,50,42,7|18|23|50|55|66|71,4,23,55,18,66,7,,6,F→-1|F→+2|F→-1→-2→F_partial,True
2021-07-18,69,45,69|80,1,,80,,,,3,2,F→+1,True
2021-07-19,92,43,12|28|44|60|81|92,6,81,,60,,5,,6,-1→F,True
2021-07-20,52,38,20|31|47|52|63|100,4,47,63,31,100,,1,,,False
2021-07-22,58,46,37|58|74|90,2,37,74,,90,6,,,,False
2021-07-27,90,46,37|58|74|90,4,74,,58,,3,,7,-1→F,True
2021-07-30,35,49,35|40|83,1,,40,,83,,7,3,F→+1,True
2021-07-30,90,46,37|58|74|90,4,74,,58,,1,,4,-1→F,True
2021-08-03,90,46,37|58|74|90,4,74,,58,,1,,4,-1→F,True
2021-08-04,35,49,35|40|83,1,,40,,83,,2,2,,True
2021-08-08,76,34,1|17|33|49|76,5,49,,33,,3,,7,-1→F,True
2021-08-09,84,47,4|36|68|79|84,5,79,,68,,4,,,,False
2021-08-10,7,42,7|18|23|50|55|66|71,1,,18,,23,,1,1,F→+2,True
2021-08-10,23,42,7|18|23|50|55|66|71,3,18,50,7,55,1,,6,-1→F,True
2021-08-10,29,41,13|29|93,2,13,93,,,3,3,,,False
2021-08-10,53,28,21|26|53,3,26,,21,,5,,6,-1→F,True
2021-08-10,71,42,7|18|23|50|55|66|71,7,66,,55,,2,,1,F→-1|F→-2,True
2021-08-11,35,49,35|40|83,1,,40,,83,,7,5,F→+1,True
2021-08-13,32,36,32|48|64|85,1,,48,,64,,1,1,,True
2021-08-13,44,43,12|28|44|60|81|92,3,28,60,12,81,,7,,,False
2021-08-16,76,34,1|17|33|49|76,5,49,,33,,2,,4,-1→F,True
2021-08-17,9,39,9|14|30|41|46|62|78|94,1,,14,,30,,3,4,+1→F,True
2021-08-22,29,41,13|29|93,2,13,93,,,1,4,4,-1→F,True
2021-08-23,89,48,73|89,2,73,,,,3,,1,F→-1|F→-1→F,True
2021-08-23,93,41,13|29|93,3,29,,13,,3,,3,F→-2,True
2021-08-24,46,39,9|14|30|41|46|62|78|94,5,41,62,30,78,,1,,,False
2021-08-26,8,40,8|19|51|56|67|72,1,,19,,51,,4,2,F→+1,True
2021-08-26,42,37,5|10|42,3,10,,5,,,,,,False
2021-08-26,72,40,8|19|51|56|67|72,6,67,,56,,,,1,F→-2,True
2021-08-27,89,48,73|89,2,73,,,,,,1,,True
2021-08-28,26,28,21|26|53,2,21,53,,,2,6,5,-1→F|F→+1,True
2021-08-28,73,48,73|89,1,,89,,,,3,7,+1→F,True
2021-08-29,79,47,4|36|68|79|84,4,68,84,36,,3,2,2,F→-1|F→-1→F,True
2021-08-30,34,51,34|98,1,,98,,,,2,2,,True
2021-08-31,9,39,9|14|30|41|46|62|78|94,1,,14,,30,,,1,F→+2,True
2021-08-31,30,39,9|14|30|41|46|62|78|94,3,14,41,9,46,,,7,,True
2021-09-06,22,44,22|59|70|75|91,1,,59,,70,,2,,,False
2021-09-06,35,49,35|40|83,1,,40,,83,,3,1,F→+1|F→+2|F→+1→+2,True
2021-09-06,59,44,22|59|70|75|91,2,22,70,,75,,1,2,+1→F,True
2021-09-06,70,44,22|59|70|75|91,3,59,75,22,91,2,1,1,F→-1|F→+2,True
2021-09-08,44,43,12|28|44|60|81|92,3,28,60,12,81,,3,,,False
2021-09-08,92,43,12|28|44|60|81|92,6,81,,60,,7,,,,False
2021-09-12,7,42,7|18|23|50|55|66|71,1,,18,,23,,7,6,F→+1,True
2021-09-12,23,42,7|18|23|50|55|66|71,3,18,50,7,55,7,4,6,F→-1|+1→F,True
2021-09-12,73,48,73|89,1,,89,,,,,,,False
2021-09-15,29,41,13|29|93,2,13,93,,,,3,1,F→+1,True
2021-09-15,71,42,7|18|23|50|55|66|71,7,66,,55,,1,,2,-1→F,True
2021-09-18,63,38,20|31|47|52|63|100,5,52,100,47,,7,,4,F→-1|F→-1→-2→F_partial,True
2021-09-18,97,52,65|97,2,65,,,,3,,,,False
2021-09-18,100,38,20|31|47|52|63|100,6,63,,52,,4,,,,False
2021-09-19,13,41,13|29|93,1,,29,,93,,6,,,False
2021-09-19,29,41,13|29|93,2,13,93,,,,3,6,+1→F,True
2021-09-21,27,26,27|38,1,,38,,,,6,2,F→+1,True
2021-09-23,53,28,21|26|53,3,26,,21,,5,,5,,True
2021-09-23,84,47,4|36|68|79|84,5,79,,68,,2,,3,-1→F,True
2021-09-25,90,46,37|58|74|90,4,74,,58,,2,,,,False
2021-09-26,35,49,35|40|83,1,,40,,83,,2,,,False
2021-09-28,8,40,8|19|51|56|67|72,1,,19,,51,,3,1,F→+1|F→+2|F→+1→+2,True
2021-09-28,67,40,8|19|51|56|67|72,5,56,72,51,,3,,1,F→-1|F→-2|F→-1→-2,True
2021-09-29,29,41,13|29|93,2,13,93,,,1,4,,,False
2021-09-30,56,40,8|19|51|56|67|72,4,51,67,19,72,2,,1,F→-1,True
2021-10-01,28,43,12|28|44|60|81|92,2,12,44,,60,,5,3,F→+1,True
2021-10-01,44,43,12|28|44|60|81|92,3,28,60,12,81,3,2,5,-1→F|+1→F|F→+2,True
2021-10-02,29,41,13|29|93,2,13,93,,,5,1,5,+1→F,True
2021-10-02,35,49,35|40|83,1,,40,,83,,1,2,+1→F,True
2021-10-02,63,38,20|31|47|52|63|100,5,52,100,47,,1,,2,-1→F|F→-2,True
2021-10-03,97,52,65|97,2,65,,,,4,,3,F→-1,True
2021-10-04,9,39,9|14|30|41|46|62|78|94,1,,14,,30,,2,2,,True
2021-10-04,11,35,6|11|43|54|86,2,6,43,,54,2,,7,-1→F,True
2021-10-10,65,52,65|97,1,,97,,,,6,,,False
2021-10-13,63,38,20|31|47|52|63|100,5,52,100,47,,,,2,F→-2,True
2021-10-14,6,35,6|11|43|54|86,1,,11,,43,,,,,False
2021-10-15,94,39,9|14|30|41|46|62|78|94,8,78,,62,,3,,4,-1→F,True
2021-10-16,26,28,21|26|53,2,21,53,,,3,6,1,F→-1|F→+1|F→-1→F,True
2021-10-16,53,28,21|26|53,3,26,,21,,1,,6,-1→F,True
2021-10-16,69,45,69|80,1,,80,,,,,4,,True
2021-10-16,77,32,77,1,,,,,,,6,,True
2021-10-17,21,28,21|26|53,1,,26,,53,,1,2,+1→F|F→+2,True
2021-10-17,34,51,34|98,1,,98,,,,1,5,+1→F,True
2021-10-17,37,46,37|58|74|90,1,,58,,74,,6,,,False
2021-10-18,12,43,12|28|44|60|81|92,1,,28,,44,,6,3,F→+1,True
2021-10-18,30,39,9|14|30|41|46|62|78|94,3,14,41,9,46,5,3,,,False
2021-10-18,41,39,9|14|30|41|46|62|78|94,4,30,46,14,62,,1,3,+1→F|F→-2|F→+2,True
2021-10-18,94,39,9|14|30|41|46|62|78|94,8,78,,62,,1,,1,F→-2,True
2021-10-20,67,40,8|19|51|56|67|72,5,56,72,51,,4,5,5,-1→F,True
2021-10-21,68,47,4|36|68|79|84,3,36,79,4,84,4,,2,F→-1|F→-2|F→-1→-2|F→-1→F,True
2021-10-25,71,42,7|18|23|50|55|66|71,7,66,,55,,3,,1,F→-1|F→-2|F→-1→-2|F→-1→F,True
2021-10-28,51,40,8|19|51|56|67|72,3,19,56,8,67,,4,5,+1→F,True
2021-10-28,87,33,2|39|82|87,4,82,,39,,7,,2,F→-1,True
2021-10-29,12,43,12|28|44|60|81|92,1,,28,,44,,2,,,False
2021-10-29,91,44,22|59|70|75|91,5,75,,70,,1,,1,F→-2,True
2021-10-31,44,43,12|28|44|60|81|92,3,28,60,12,81,,3,1,F→+1|F→+2,True
2021-11-01,14,39,9|14|30|41|46|62|78|94,2,9,30,,41,4,3,3,F→-1|F→+2|F→-1→F,True
2021-11-01,30,39,9|14|30|41|46|62|78|94,3,14,41,9,46,3,4,3,F→+1|F→-2|F→+2|F→+1→+2,True
2021-11-01,41,39,9|14|30|41|46|62|78|94,4,30,46,14,62,3,5,4,-1→F|F→+1,True
2021-11-04,57,30,25|57,2,25,,,,2,,4,-1→F,True
2021-11-05,32,36,32|48|64|85,1,,48,,64,,3,1,F→+1,True
2021-11-08,73,48,73|89,1,,89,,,,6,1,F→+1,True
2021-11-09,42,37,5|10|42,3,10,,5,,5,,3,F→-1|F→-2|F→-1→-2|F→-1→F,True
2021-11-11,22,44,22|59|70|75|91,1,,59,,70,,1,3,+1→F,True
2021-11-11,70,44,22|59|70|75|91,3,59,75,22,91,1,5,,,False
2021-11-13,9,39,9|14|30|41|46|62|78|94,1,,14,,30,,2,,,False
2021-11-13,42,37,5|10|42,3,10,,5,,1,,2,-1→F|F→-2,True
2021-11-14,1,34,1|17|33|49|76,1,,17,,33,,3,3,F→+2,True
2021-11-18,53,28,21|26|53,3,26,,21,,,,,,False
2021-11-21,54,35,6|11|43|54|86,4,43,86,11,,3,4,1,F→-1|F→+1|F→-1→F,True
2021-11-24,28,43,12|28|44|60|81|92,2,12,44,,60,5,,,,False
2021-11-25,29,41,13|29|93,2,13,93,,,1,,6,-1→F,True
2021-11-26,81,43,12|28|44|60|81|92,5,60,92,44,,2,,3,-1→F,True
2021-11-27,42,37,5|10|42,3,10,,5,,4,,2,F→-1|F→-2|F→-1→-2|F→-1→F,True
2021-11-27,44,43,12|28|44|60|81|92,3,28,60,12,81,7,1,,,False
2021-11-27,72,40,8|19|51|56|67|72,6,67,,56,,6,,1,F→-1|F→-2|F→-1→F,True
2021-12-01,41,39,9|14|30|41|46|62|78|94,4,30,46,14,62,,3,2,F→+1,True
2021-12-02,32,36,32|48|64|85,1,,48,,64,,2,3,+1→F,True
2021-12-04,30,39,9|14|30|41|46|62|78|94,3,14,41,9,46,2,,6,-1→F,True
2021-12-06,9,39,9|14|30|41|46|62|78|94,1,,14,,30,,1,1,F→+2,True
2021-12-06,41,39,9|14|30|41|46|62|78|94,4,30,46,14,62,4,3,,,False
2021-12-07,28,43,12|28|44|60|81|92,2,12,44,,60,1,2,,,False
2021-12-08,30,39,9|14|30|41|46|62|78|94,3,14,41,9,46,,,2,F→-2,True
2021-12-08,41,39,9|14|30|41|46|62|78|94,4,30,46,14,62,2,1,,,False
2021-12-09,63,38,20|31|47|52|63|100,5,52,100,47,,6,,5,F→-1|F→-1→-2→F_partial,True
2021-12-13,42,37,5|10|42,3,10,,5,,,,,,False
2021-12-13,72,40,8|19|51|56|67|72,6,67,,56,,6,,7,-1→F,True
2021-12-16,35,49,35|40|83,1,,40,,83,,7,5,F→+1,True
2021-12-17,35,49,35|40|83,1,,40,,83,,6,4,F→+1,True
2021-12-21,7,42,7|18|23|50|55|66|71,1,,18,,23,,2,,,False
2021-12-21,44,43,12|28|44|60|81|92,3,28,60,12,81,2,2,5,-1→F|+1→F,True
2021-12-22,42,37,5|10|42,3,10,,5,,4,,,,False
2021-12-23,67,40,8|19|51|56|67|72,5,56,72,51,,1,,3,-1→F,True
2021-12-23,77,32,77,1,,,,,,,5,,True
2021-12-27,10,37,5|10|42,2,5,42,,,,5,,,False
2021-12-31,26,28,21|26|53,2,21,53,,,2,2,6,-1→F|+1→F,True
2022-01-02,7,42,7|18|23|50|55|66|71,1,,18,,23,,,,,False
2022-01-06,1,34,1|17|33|49|76,1,,17,,33,,6,2,F→+1|F→+2,True
2022-01-06,76,34,1|17|33|49|76,5,49,,33,,4,,,,False
2022-01-08,7,42,7|18|23|50|55|66|71,1,,18,,23,,4,3,F→+1,True
2022-01-08,23,42,7|18|23|50|55|66|71,3,18,50,7,55,4,,3,F→-1|F→-1→F,True
2022-01-08,71,42,7|18|23|50|55|66|71,7,66,,55,,6,,3,F→-1,True
2022-01-12,7,42,7|18|23|50|55|66|71,1,,18,,23,,1,6,+1→F,True
2022-01-13,34,51,34|98,1,,98,,,,1,1,,True
2022-01-20,35,49,35|40|83,1,,40,,83,,2,1,F→+1|F→+2,True
2022-01-21,42,37,5|10|42,3,10,,5,,7,,1,F→-1|F→-2,True
2022-01-21,44,43,12|28|44|60|81|92,3,28,60,12,81,,3,1,F→+1|F→-2|F→+2,True
2022-01-21,54,35,6|11|43|54|86,4,43,86,11,,7,5,4,F→-1|F→+1|F→-2,True
2022-01-22,23,42,7|18|23|50|55|66|71,3,18,50,7,55,1,2,2,-1→F|F→-2|F→+2,True
2022-01-25,22,44,22|59|70|75|91,1,,59,,70,,1,5,+1→F,True
2022-01-25,70,44,22|59|70|75|91,3,59,75,22,91,1,2,4,-1→F|+1→F|F→-2,True
2022-01-26,87,33,2|39|82|87,4,82,,39,,6,,3,F→-1|F→-1→-2→F_partial|F→-1→F,True
2022-01-27,9,39,9|14|30|41|46|62|78|94,1,,14,,30,,7,7,,True
2022-01-27,68,47,4|36|68|79|84,3,36,79,4,84,4,,5,-1→F,True
2022-01-29,73,48,73|89,1,,89,,,,5,1,F→+1,True
2022-01-29,89,48,73|89,2,73,,,,1,,5,-1→F,True
2022-01-29,93,41,13|29|93,3,29,,13,,,,4,,True
2022-01-31,26,28,21|26|53,2,21,53,,,3,3,,,False
2022-02-02,73,48,73|89,1,,89,,,,1,,,False
2022-02-02,89,48,73|89,2,73,,,,,,1,,True
2022-02-05,85,36,32|48|64|85,4,64,,48,,1,,,,False
2022-02-07,82,33,2|39|82|87,3,39,87,2,,2,2,2,F→-2,True
2022-02-08,27,26,27|38,1,,38,,,,6,3,F→+1,True
2022-02-08,44,43,12|28|44|60|81|92,3,28,60,12,81,6,4,5,F→-1|+1→F,True
2022-02-15,92,43,12|28|44|60|81|92,6,81,,60,,4,,1,F→-1,True
2022-02-16,9,39,9|14|30|41|46|62|78|94,1,,14,,30,,4,3,F→+1,True
2022-02-16,46,39,9|14|30|41|46|62|78|94,5,41,62,30,78,,2,7,+1→F,True
2022-02-22,40,49,35|40|83,2,35,83,,,1,,3,-1→F,True
2022-02-22,48,36,32|48|64|85,2,32,64,,85,7,5,3,F→-1|F→+1|F→+2,True
2022-02-24,12,43,12|28|44|60|81|92,1,,28,,44,,4,,,False
2022-02-24,44,43,12|28|44|60|81|92,3,28,60,12,81,4,2,3,F→-1|+1→F|F→-1→F,True
2022-02-24,92,43,12|28|44|60|81|92,6,81,,60,,1,,,,False
2022-02-25,13,41,13|29|93,1,,29,,93,,5,4,F→+1,True
2022-02-25,56,40,8|19|51|56|67|72,4,51,67,19,72,,5,,,False
2022-02-25,89,48,73|89,2,73,,,,,,3,,True
2022-02-25,93,41,13|29|93,3,29,,13,,5,,1,F→-1|F→-2,True
2022-02-26,29,41,13|29|93,2,13,93,,,3,3,4,-1→F|+1→F,True
2022-02-28,26,28,21|26|53,2,21,53,,,2,1,7,-1→F|+1→F,True
2022-02-28,53,28,21|26|53,3,26,,21,,7,,1,F→-1|F→-2,True
2022-02-28,59,44,22|59|70|75|91,2,22,70,,75,1,1,,,False
2022-02-28,63,38,20|31|47|52|63|100,5,52,100,47,,3,,5,-1→F,True
2022-02-28,70,44,22|59|70|75|91,3,59,75,22,91,,,1,F→+2,True
2022-03-01,70,44,22|59|70|75|91,3,59,75,22,91,,,2,F→+2,True
2022-03-01,75,44,22|59|70|75|91,4,70,91,59,,2,3,,,False
2022-03-03,44,43,12|28|44|60|81|92,3,28,60,12,81,3,5,2,F→-1|F→+1|F→-1→-2→F_partial,True
2022-03-03,81,43,12|28|44|60|81|92,5,60,92,44,,5,4,2,F→-1|F→+1|F→-1→F,True
2022-03-05,22,44,22|59|70|75|91,1,,59,,70,,7,4,F→+1,True
2022-03-05,70,44,22|59|70|75|91,3,59,75,22,91,7,6,2,F→-1|F→+1|F→-2,True
2022-03-05,74,46,37|58|74|90,3,58,90,37,,,5,,,False
2022-03-05,90,46,37|58|74|90,4,74,,58,,,,5,,True
2022-03-06,11,35,6|11|43|54|86,2,6,43,,54,2,4,4,-1→F|F→+2,True
2022-03-06,53,28,21|26|53,3,26,,21,,1,,,,False
2022-03-07,3,31,3|24|88|99,1,,24,,88,,2,1,F→+1,True
2022-03-08,20,38,20|31|47|52|63|100,1,,31,,47,,7,,,False
2022-03-09,48,36,32|48|64|85,2,32,64,,85,3,,,,False
2022-03-11,22,44,22|59|70|75|91,1,,59,,70,,1,3,+1→F,True
2022-03-11,70,44,22|59|70|75|91,3,59,75,22,91,1,,1,F→-2,True
2022-03-12,69,45,69|80,1,,80,,,,2,6,+1→F,True
2022-03-14,41,39,9|14|30|41|46|62|78|94,4,30,46,14,62,6,,3,F→-1|F→+2,True
2022-03-14,82,33,2|39|82|87,3,39,87,2,,,1,3,+1→F|F→-2,True
2022-03-16,39,33,2|39|82|87,2,2,82,,87,3,1,,,False
2022-03-16,56,40,8|19|51|56|67|72,4,51,67,19,72,6,,5,F→-1|F→-1→-2→F_partial,True
2022-03-17,7,42,7|18|23|50|55|66|71,1,,18,,23,,,3,,True
2022-03-17,50,42,7|18|23|50|55|66|71,4,23,55,18,66,3,5,,,False
2022-03-22,21,28,21|26|53,1,,26,,53,,3,2,F→+1|F→+2|F→+1→+2,True
2022-03-22,96,54,96,1,,,,,,,,,False
2022-03-23,50,42,7|18|23|50|55|66|71,4,23,55,18,66,7,1,6,F→-1|+1→F|F→-1→-2→F_partial,True
2022-03-24,89,48,73|89,2,73,,,,2,,,,False
2022-03-25,27,26,27|38,1,,38,,,,2,,,False
2022-03-25,68,47,4|36|68|79|84,3,36,79,4,84,2,2,3,-1→F|+1→F|F→+2,True
2022-03-25,69,45,69|80,1,,80,,,,5,7,+1→F,True
2022-03-27,20,38,20|31|47|52|63|100,1,,31,,47,,1,,,False
2022-03-27,29,41,13|29|93,2,13,93,,,2,7,5,-1→F|F→+1,True
2022-03-27,63,38,20|31|47|52|63|100,5,52,100,47,,,,,,False
2022-03-27,70,44,22|59|70|75|91,3,59,75,22,91,3,2,,,False
2022-03-28,44,43,12|28|44|60|81|92,3,28,60,12,81,6,1,1,F→-1|F→-2|F→+2|F→-1→-2,True
2022-03-28,90,46,37|58|74|90,4,74,,58,,7,,1,F→-1|F→-2,True
2022-03-29,80,45,69|80,2,69,,,,3,,1,F→-1|F→-1→F,True
2022-03-31,22,44,22|59|70|75|91,1,,59,,70,,,5,,True
2022-03-31,29,41,13|29|93,2,13,93,,,5,3,1,F→-1|F→+1,True
2022-03-31,70,44,22|59|70|75|91,3,59,75,22,91,,3,4,+1→F|F→-2,True
2022-03-31,89,48,73|89,2,73,,,,3,,,,False
2022-03-31,93,41,13|29|93,3,29,,13,,1,,3,-1→F|F→-2,True
2022-04-01,90,46,37|58|74|90,4,74,,58,,3,,1,F→-1|F→-2|F→-1→F,True
2022-04-02,8,40,8|19|51|56|67|72,1,,19,,51,,3,2,F→+1,True
2022-04-04,89,48,73|89,2,73,,,,,,5,,True
2022-04-04,93,41,13|29|93,3,29,,13,,4,,7,-1→F,True
2022-04-06,29,41,13|29|93,2,13,93,,,2,5,2,F→+1,True
2022-04-06,89,48,73|89,2,73,,,,6,,3,F→-1,True
2022-04-06,93,41,13|29|93,3,29,,13,,2,,5,-1→F,True
2022-04-07,57,30,25|57,2,25,,,,4,,,,False
2022-04-10,42,37,5|10|42,3,10,,5,,,,,,False
2022-04-11,88,31,3|24|88|99,3,24,99,3,,3,3,7,-1→F|+1→F,True
2022-04-17,22,44,22|59|70|75|91,1,,59,,70,,,,,False
2022-04-17,45,50,45,1,,,,,,,,,False
2022-04-17,70,44,22|59|70|75|91,3,59,75,22,91,,,4,,True
2022-04-21,71,42,7|18|23|50|55|66|71,7,66,,55,,5,,,,False
2022-04-22,7,42,7|18|23|50|55|66|71,1,,18,,23,,2,,,False
2022-04-22,50,42,7|18|23|50|55|66|71,4,23,55,18,66,2,5,,,False
2022-04-22,73,48,73|89,1,,89,,,,3,,,False
2022-04-23,58,46,37|58|74|90,2,37,74,,90,,,1,,True
2022-04-23,90,46,37|58|74|90,4,74,,58,,,,1,,True
2022-04-24,7,42,7|18|23|50|55|66|71,1,,18,,23,,1,,,False
2022-04-24,84,47,4|36|68|79|84,5,79,,68,,,,4,F→-2,True
2022-04-27,21,28,21|26|53,1,,26,,53,,1,5,+1→F,True
2022-04-27,34,51,34|98,1,,98,,,,3,6,+1→F,True
2022-04-29,7,42,7|18|23|50|55|66|71,1,,18,,23,,3,,,False
2022-04-29,22,44,22|59|70|75|91,1,,59,,70,,,1,F→+2,True
2022-04-29,70,44,22|59|70|75|91,3,59,75,22,91,,5,4,F→+1|F→+2|F→+1→+2,True
2022-04-30,52,38,20|31|47|52|63|100,4,47,63,31,100,1,2,3,-1→F|+1→F|F→-2,True
2022-04-30,63,38,20|31|47|52|63|100,5,52,100,47,,3,,2,F→-1|F→-1→-2→F_partial,True
2022-04-30,85,36,32|48|64|85,4,64,,48,,2,,2,,True
2022-05-01,58,46,37|58|74|90,2,37,74,,90,5,,3,F→-1|F→+2,True
2022-05-04,77,32,77,1,,,,,,,7,,True
2022-05-04,83,49,35|40|83,3,40,,35,,,,2,,True
2022-05-05,20,38,20|31|47|52|63|100,1,,31,,47,,2,,,False
2022-05-06,35,49,35|40|83,1,,40,,83,,,,,False
2022-05-06,44,43,12|28|44|60|81|92,3,28,60,12,81,3,2,3,+1→F|F→-2|F→+2,True
2022-05-07,94,39,9|14|30|41|46|62|78|94,8,78,,62,,,,,,False
2022-05-10,68,47,4|36|68|79|84,3,36,79,4,84,2,7,,,False
2022-05-13,63,38,20|31|47|52|63|100,5,52,100,47,,4,,6,-1→F,True
2022-05-13,91,44,22|59|70|75|91,5,75,,70,,1,,1,F→-2,True
2022-05-16,60,43,12|28|44|60|81|92,4,44,81,28,92,3,1,1,F→-1|F→-2|F→-1→-2,True
2022-05-18,71,42,7|18|23|50|55|66|71,7,66,,55,,4,,1,F→-1,True
2022-05-23,90,46,37|58|74|90,4,74,,58,,1,,3,-1→F,True
2022-05-24,71,42,7|18|23|50|55|66|71,7,66,,55,,1,,7,-1→F,True
2022-05-26,1,34,1|17|33|49|76,1,,17,,33,,1,5,+1→F,True
2022-05-26,26,28,21|26|53,2,21,53,,,2,7,1,F→-1|F→+1|F→-1→F,True
2022-05-26,53,28,21|26|53,3,26,,21,,1,,7,-1→F,True
2022-05-27,6,35,6|11|43|54|86,1,,11,,43,,1,1,F→+2,True
2022-05-27,86,35,6|11|43|54|86,5,54,,43,,1,,4,-1→F,True
2022-05-27,90,46,37|58|74|90,4,74,,58,,1,,2,-1→F,True
2022-05-29,53,28,21|26|53,3,26,,21,,1,,4,-1→F|F→-2,True
2022-05-31,81,43,12|28|44|60|81|92,5,60,92,44,,2,,1,F→-1|F→-1→F,True
2022-06-01,28,43,12|28|44|60|81|92,2,12,44,,60,1,,1,,True
2022-06-01,72,40,8|19|51|56|67|72,6,67,,56,,2,,1,F→-1|F→-2|F→-1→-2|F→-1→F,True
2022-06-01,73,48,73|89,1,,89,,,,,5,,True
2022-06-02,26,28,21|26|53,2,21,53,,,2,3,,,False
2022-06-02,53,28,21|26|53,3,26,,21,,,,3,,True
2022-06-04,42,37,5|10|42,3,10,,5,,,,2,,True
2022-06-05,28,43,12|28|44|60|81|92,2,12,44,,60,4,,1,F→-1|F→+2,True
2022-06-05,44,43,12|28|44|60|81|92,3,28,60,12,81,1,4,,,False
2022-06-05,77,32,77,1,,,,,,,,,False
2022-06-06,53,28,21|26|53,3,26,,21,,4,,1,F→-1|F→-1→F,True
2022-06-07,35,49,35|40|83,1,,40,,83,,5,,,False
2022-06-07,42,37,5|10|42,3,10,,5,,7,,1,F→-1|F→-2,True
2022-06-08,44,43,12|28|44|60|81|92,3,28,60,12,81,1,1,,,False
2022-06-09,57,30,25|57,2,25,,,,6,,4,F→-1|F→-1→F,True
2022-06-10,84,47,4|36|68|79|84,5,79,,68,,5,,6,-1→F,True
2022-06-11,27,26,27|38,1,,38,,,,3,5,+1→F,True
2022-06-12,69,45,69|80,1,,80,,,,,,,False
2022-06-15,77,32,77,1,,,,,,,,,False
2022-06-16,35,49,35|40|83,1,,40,,83,,,1,F→+2,True
2022-06-16,63,38,20|31|47|52|63|100,5,52,100,47,,,,,,False
2022-06-16,70,44,22|59|70|75|91,3,59,75,22,91,1,1,1,F→-2,True
2022-06-16,91,44,22|59|70|75|91,5,75,,70,,1,,1,,True
2022-06-25,9,39,9|14|30|41|46|62|78|94,1,,14,,30,,,2,,True
2022-06-26,53,28,21|26|53,3,26,,21,,4,,1,F→-1|F→-1→F,True
2022-06-27,9,39,9|14|30|41|46|62|78|94,1,,14,,30,,,5,F→+2,True
2022-06-30,63,38,20|31|47|52|63|100,5,52,100,47,,2,,3,-1→F|F→-2,True
2022-06-30,79,47,4|36|68|79|84,4,68,84,36,,4,1,4,+1→F,True
2022-07-03,42,37,5|10|42,3,10,,5,,,,5,F→-2,True
2022-07-03,53,28,21|26|53,3,26,,21,,1,,,,False
2022-07-05,51,40,8|19|51|56|67|72,3,19,56,8,67,6,,2,F→-1,True
2022-07-05,67,40,8|19|51|56|67|72,5,56,72,51,,,4,,,False
2022-07-06,10,37,5|10|42,2,5,42,,,3,2,7,-1→F|+1→F,True
2022-07-06,42,37,5|10|42,3,10,,5,,7,,2,F→-1|F→-2,True
2022-07-07,90,46,37|58|74|90,4,74,,58,,5,,4,F→-1|F→-1→-2→F_partial|F→-1→F,True
2022-07-10,53,28,21|26|53,3,26,,21,,2,,,,False
2022-07-13,10,37,5|10|42,2,5,42,,,6,5,,,False
2022-07-13,42,37,5|10|42,3,10,,5,,,,5,F→-2,True
2022-07-15,22,44,22|59|70|75|91,1,,59,,70,,5,5,,True
2022-07-15,70,44,22|59|70|75|91,3,59,75,22,91,5,,5,,True
2022-07-22,63,38,20|31|47|52|63|100,5,52,100,47,,,,,,False
2022-07-23,41,39,9|14|30|41|46|62|78|94,4,30,46,14,62,4,2,1,F→-1|F→+1|F→-2|F→+2|F→-1→-2|F→+1→+2|F→-1→F,True
2022-07-23,62,39,9|14|30|41|46|62|78|94,6,46,78,41,94,2,5,7,-1→F|+1→F,True
2022-07-24,29,41,13|29|93,2,13,93,,,1,7,3,-1→F|F→+1,True
2022-07-25,79,47,4|36|68|79|84,4,68,84,36,,,2,6,+1→F,True
2022-07-26,35,49,35|40|83,1,,40,,83,,2,,,False
2022-07-28,7,42,7|18|23|50|55|66|71,1,,18,,23,,6,3,F→+1,True
2022-07-28,9,39,9|14|30|41|46|62|78|94,1,,14,,30,,1,2,+1→F|F→+2,True
2022-07-28,23,42,7|18|23|50|55|66|71,3,18,50,7,55,6,5,1,F→-1|F→+1|F→-2|F→-1→F,True
2022-07-28,50,42,7|18|23|50|55|66|71,4,23,55,18,66,1,1,5,-1→F|+1→F|F→-2,True
2022-07-28,53,28,21|26|53,3,26,,21,,,,2,,True
2022-07-31,29,41,13|29|93,2,13,93,,,2,3,5,-1→F|+1→F,True
2022-08-03,42,37,5|10|42,3,10,,5,,,,1,,True
2022-08-03,65,52,65|97,1,,97,,,,1,1,,True
2022-08-05,41,39,9|14|30|41|46|62|78|94,4,30,46,14,62,2,,6,-1→F,True
2022-08-07,14,39,9|14|30|41|46|62|78|94,2,9,30,,41,,,1,F→+2,True
2022-08-08,85,36,32|48|64|85,4,64,,48,,1,,4,-1→F,True
2022-08-09,7,42,7|18|23|50|55|66|71,1,,18,,23,,2,1,F→+1,True
2022-08-10,56,40,8|19|51|56|67|72,4,51,67,19,72,,4,1,F→+1,True
2022-08-13,48,36,32|48|64|85,2,32,64,,85,1,1,5,-1→F|+1→F,True
2022-08-15,57,30,25|57,2,25,,,,,,6,,True
2022-08-17,7,42,7|18|23|50|55|66|71,1,,18,,23,,3,2,F→+1,True
2022-08-17,79,47,4|36|68|79|84,4,68,84,36,,,,6,,True
2022-08-19,29,41,13|29|93,2,13,93,,,7,4,2,F→-1|F→+1,True
2022-08-23,5,37,5|10|42,1,,10,,42,,1,,,False
2022-08-23,42,37,5|10|42,3,10,,5,,1,,5,-1→F,True
2022-08-25,22,44,22|59|70|75|91,1,,59,,70,,4,3,F→+1,True
2022-08-25,70,44,22|59|70|75|91,3,59,75,22,91,4,2,,,False
2022-08-28,7,42,7|18|23|50|55|66|71,1,,18,,23,,3,3,,True
2022-08-28,29,41,13|29|93,2,13,93,,,4,5,,,False
2022-08-28,71,42,7|18|23|50|55|66|71,7,66,,55,,3,,1,F→-1|F→-1→F,True
2022-08-28,89,48,73|89,2,73,,,,3,,7,-1→F,True
2022-08-28,93,41,13|29|93,3,29,,13,,,,5,,True
2022-08-30,9,39,9|14|30|41|46|62|78|94,1,,14,,30,,4,7,+1→F,True
2022-08-30,25,30,25|57,1,,57,,,,7,3,F→+1,True
2022-08-30,42,37,5|10|42,3,10,,5,,3,,1,F→-1|F→-2|F→-1→-2|F→-1→F,True
2022-08-31,23,42,7|18|23|50|55|66|71,3,18,50,7,55,3,,,,False
2022-09-02,22,44,22|59|70|75|91,1,,59,,70,,5,1,F→+1,True
2022-09-02,35,49,35|40|83,1,,40,,83,,6,4,F→+1|F→+2,True
2022-09-02,70,44,22|59|70|75|91,3,59,75,22,91,5,3,,,False
2022-09-03,35,49,35|40|83,1,,40,,83,,5,3,F→+1|F→+2,True
2022-09-08,23,42,7|18|23|50|55|66|71,3,18,50,7,55,2,7,,,False
2022-09-08,53,28,21|26|53,3,26,,21,,,,1,,True
2022-09-09,14,39,9|14|30|41|46|62|78|94,2,9,30,,41,1,3,7,-1→F|+1→F,True
2022-09-09,94,39,9|14|30|41|46|62|78|94,8,78,,62,,1,,5,-1→F,True
2022-09-10,89,48,73|89,2,73,,,,3,,6,-1→F,True
2022-09-10,93,41,13|29|93,3,29,,13,,3,,1,F→-1|F→-2|F→-1→F,True
2022-09-11,56,40,8|19|51|56|67|72,4,51,67,19,72,1,7,2,-1→F|F→+1,True
2022-09-12,34,51,34|98,1,,98,,,,,4,,True
2022-09-15,7,42,7|18|23|50|55|66|71,1,,18,,23,,,2,,True
2022-09-15,23,42,7|18|23|50|55|66|71,3,18,50,7,55,,3,2,F→+1|F→+2|F→+1→+2,True
2022-09-15,53,28,21|26|53,3,26,,21,,4,,5,-1→F,True
2022-09-17,52,38,20|31|47|52|63|100,4,47,63,31,100,2,3,,,False
2022-09-17,63,38,20|31|47|52|63|100,5,52,100,47,,,,3,,True
2022-09-18,39,33,2|39|82|87,2,2,82,,87,2,4,4,-1→F,True
2022-09-22,67,40,8|19|51|56|67|72,5,56,72,51,,,,5,,True
2022-09-22,89,48,73|89,2,73,,,,3,,6,-1→F,True
2022-09-27,12,43,12|28|44|60|81|92,1,,28,,44,,1,1,,True
2022-09-27,28,43,12|28|44|60|81|92,2,12,44,,60,1,1,1,F→+2,True
2022-09-27,92,43,12|28|44|60|81|92,6,81,,60,,5,,3,F→-1|F→-1→F,True
2022-09-29,92,43,12|28|44|60|81|92,6,81,,60,,3,,1,F→-1|F→-1→F,True
2022-10-02,53,28,21|26|53,3,26,,21,,4,,4,,True
2022-10-06,27,26,27|38,1,,38,,,,4,,,False
2022-10-09,9,39,9|14|30|41|46|62|78|94,1,,14,,30,,1,3,+1→F,True
2022-10-09,48,36,32|48|64|85,2,32,64,,85,7,4,4,F→-1|F→+2,True
2022-10-11,9,39,9|14|30|41|46|62|78|94,1,,14,,30,,2,1,F→+1|F→+2|F→+1→+2,True
2022-10-11,41,39,9|14|30|41|46|62|78|94,4,30,46,14,62,7,,4,F→-1|F→-1→-2→F_partial,True
2022-10-11,71,42,7|18|23|50|55|66|71,7,66,,55,,5,,7,-1→F,True
2022-10-12,63,38,20|31|47|52|63|100,5,52,100,47,,2,,4,-1→F,True
2022-10-12,100,38,20|31|47|52|63|100,6,63,,52,,4,,,,False
2022-10-13,39,33,2|39|82|87,2,2,82,,87,1,3,,,False
2022-10-14,65,52,65|97,1,,97,,,,1,5,+1→F,True
2022-10-14,82,33,2|39|82|87,3,39,87,2,,7,4,2,F→-1|F→+1|F→-1→-2→F_partial,True
2022-10-14,87,33,2|39|82|87,4,82,,39,,2,,4,-1→F|F→-2,True
2022-10-14,97,52,65|97,2,65,,,,5,,1,F→-1,True
2022-10-16,28,43,12|28|44|60|81|92,2,12,44,,60,2,,1,F→-1|F→+2,True
2022-10-16,44,43,12|28|44|60|81|92,3,28,60,12,81,1,3,,,False
2022-10-17,5,37,5|10|42,1,,10,,42,,1,4,+1→F,True
2022-10-18,56,40,8|19|51|56|67|72,4,51,67,19,72,,7,7,,True
2022-10-22,63,38,20|31|47|52|63|100,5,52,100,47,,7,,6,F→-1|F→-1→-2→F_partial,True
2022-10-23,42,37,5|10|42,3,10,,5,,1,,3,-1→F|F→-2,True
2022-10-26,44,43,12|28|44|60|81|92,3,28,60,12,81,,7,3,F→+1|F→+2,True
2022-10-26,69,45,69|80,1,,80,,,,,1,,True
2022-10-27,23,42,7|18|23|50|55|66|71,3,18,50,7,55,,,3,F→+2,True
2022-10-27,71,42,7|18|23|50|55|66|71,7,66,,55,,6,,,,False
2022-10-27,89,48,73|89,2,73,,,,7,,2,F→-1,True
2022-10-27,90,46,37|58|74|90,4,74,,58,,,,3,,True
2022-10-28,51,40,8|19|51|56|67|72,3,19,56,8,67,1,4,3,-1→F|F→+1,True
2022-10-29,63,38,20|31|47|52|63|100,5,52,100,47,,,,7,,True
2022-10-29,75,44,22|59|70|75|91,4,70,91,59,,2,,3,-1→F|F→-2,True
2022-10-30,80,45,69|80,2,69,,,,5,,7,-1→F,True
2022-10-30,84,47,4|36|68|79|84,5,79,,68,,5,,,,False
2022-10-31,44,43,12|28|44|60|81|92,3,28,60,12,81,4,2,3,F→-1|+1→F|F→-2|F→+2,True
2022-11-02,20,38,20|31|47|52|63|100,1,,31,,47,,,4,,True
2022-11-02,63,38,20|31|47|52|63|100,5,52,100,47,,,,3,,True
2022-11-03,29,41,13|29|93,2,13,93,,,6,7,,,False
2022-11-03,79,47,4|36|68|79|84,4,68,84,36,,5,,1,F→-1|F→-1→F,True
2022-11-10,89,48,73|89,2,73,,,,,,,,False
2022-11-16,45,50,45,1,,,,,,,1,,True
2022-11-17,92,43,12|28|44|60|81|92,6,81,,60,,1,,3,-1→F,True
2022-11-19,73,48,73|89,1,,89,,,,,7,,True
2022-11-20,35,49,35|40|83,1,,40,,83,,2,,,False
2022-11-20,44,43,12|28|44|60|81|92,3,28,60,12,81,3,,,,False
2022-11-21,87,33,2|39|82|87,4,82,,39,,1,,1,F→-2,True
2022-11-24,90,46,37|58|74|90,4,74,,58,,,,,,False
2022-11-25,53,28,21|26|53,3,26,,21,,7,,2,F→-1,True
2022-11-28,9,39,9|14|30|41|46|62|78|94,1,,14,,30,,3,2,F→+1|F→+2|F→+1→+2,True
2022-11-28,41,39,9|14|30|41|46|62|78|94,4,30,46,14,62,4,4,7,-1→F|+1→F,True
2022-11-30,22,44,22|59|70|75|91,1,,59,,70,,3,,,False
2022-11-30,70,44,22|59|70|75|91,3,59,75,22,91,3,3,6,-1→F|+1→F,True
2022-12-01,42,37,5|10|42,3,10,,5,,,,2,,True
2022-12-02,90,46,37|58|74|90,4,74,,58,,1,,,,False
2022-12-03,3,31,3|24|88|99,1,,24,,88,,1,2,+1→F|F→+2,True
2022-12-03,83,49,35|40|83,3,40,,35,,2,,2,F→-2,True
2022-12-06,63,38,20|31|47|52|63|100,5,52,100,47,,3,,6,-1→F,True
2022-12-07,3,31,3|24|88|99,1,,24,,88,,,,,False
2022-12-07,7,42,7|18|23|50|55|66|71,1,,18,,23,,,6,,True
2022-12-08,34,51,34|98,1,,98,,,,,7,,True
2022-12-09,42,37,5|10|42,3,10,,5,,3,,,,False
2022-12-11,9,39,9|14|30|41|46|62|78|94,1,,14,,30,,1,2,+1→F,True
2022-12-11,32,36,32|48|64|85,1,,48,,64,,4,3,F→+1,True
2022-12-12,57,30,25|57,2,25,,,,4,,2,F→-1,True
2022-12-13,8,40,8|19|51|56|67|72,1,,19,,51,,1,,,False
2022-12-15,35,49,35|40|83,1,,40,,83,,7,2,F→+1|F→+2,True
2022-12-16,90,46,37|58|74|90,4,74,,58,,4,,7,-1→F,True
2022-12-18,87,33,2|39|82|87,4,82,,39,,3,,4,-1→F,True
2022-12-19,83,49,35|40|83,3,40,,35,,3,,,,False
2022-12-22,7,42,7|18|23|50|55|66|71,1,,18,,23,,6,2,F→+1|F→+2,True
2022-12-22,22,44,22|59|70|75|91,1,,59,,70,,5,1,F→+1,True
2022-12-22,70,44,22|59|70|75|91,3,59,75,22,91,5,,1,F→-1,True
2022-12-28,7,42,7|18|23|50|55|66|71,1,,18,,23,,,1,,True
2022-12-28,23,42,7|18|23|50|55|66|71,3,18,50,7,55,,3,,,False
2022-12-29,79,47,4|36|68|79|84,4,68,84,36,,6,,,,False
2022-12-30,80,45,69|80,2,69,,,,4,,4,,True
2022-12-31,42,37,5|10|42,3,10,,5,,5,,6,-1→F,True
2023-01-03,77,32,77,1,,,,,,,1,,True
2023-01-05,10,37,5|10|42,2,5,42,,,1,1,4,-1→F|+1→F,True
2023-01-05,65,52,65|97,1,,97,,,,5,7,+1→F,True
2023-01-06,50,42,7|18|23|50|55|66|71,4,23,55,18,66,2,4,,,False
2023-01-07,35,49,35|40|83,1,,40,,83,,,3,,True
2023-01-07,42,37,5|10|42,3,10,,5,,2,,1,F→-1|F→-1→F,True
2023-01-07,63,38,20|31|47|52|63|100,5,52,100,47,,,,3,,True
2023-01-08,7,42,7|18|23|50|55|66|71,1,,18,,23,,,2,,True
2023-01-08,77,32,77,1,,,,,,,3,,True
2023-01-09,42,37,5|10|42,3,10,,5,,1,,3,-1→F|F→-2,True
2023-01-10,15,29,15,1,,,,,,,1,,True
2023-01-10,44,43,12|28|44|60|81|92,3,28,60,12,81,1,2,1,F→+1|F→-2|F→+2,True
2023-01-11,42,37,5|10|42,3,10,,5,,3,,1,F→-1|F→-2|F→-1→-2,True
2023-01-11,59,44,22|59|70|75|91,2,22,70,,75,,,3,,True
2023-01-11,76,34,1|17|33|49|76,5,49,,33,,7,,7,,True
2023-01-12,7,42,7|18|23|50|55|66|71,1,,18,,23,,,5,,True
2023-01-12,84,47,4|36|68|79|84,5,79,,68,,1,,1,,True
2023-01-13,6,35,6|11|43|54|86,1,,11,,43,,6,2,F→+1,True
2023-01-14,44,43,12|28|44|60|81|92,3,28,60,12,81,,,,,False
2023-01-14,53,28,21|26|53,3,26,,21,,,,,,False
2023-01-14,63,38,20|31|47|52|63|100,5,52,100,47,,3,,1,F→-1|F→-1→F,True
2023-01-17,42,37,5|10|42,3,10,,5,,7,,5,F→-1|F→-1→-2→F_partial,True
2023-01-20,15,29,15,1,,,,,,,2,,True
2023-01-22,48,36,32|48|64|85,2,32,64,,85,3,1,,,False
2023-01-22,85,36,32|48|64|85,4,64,,48,,1,,1,,True
2023-01-22,97,52,65|97,2,65,,,,2,,2,,True
2023-01-24,87,33,2|39|82|87,4,82,,39,,3,,2,F→-1|F→-2|F→-1→-2,True
2023-01-25,81,43,12|28|44|60|81|92,5,60,92,44,,5,1,1,F→-1|F→-2,True
2023-01-25,82,33,2|39|82|87,3,39,87,2,,4,1,2,F→-1|+1→F|F→-2|F→-1→-2,True
2023-01-26,23,42,7|18|23|50|55|66|71,3,18,50,7,55,6,4,6,+1→F,True
2023-01-29,53,28,21|26|53,3,26,,21,,3,,,,False
2023-01-29,97,52,65|97,2,65,,,,1,,7,-1→F,True
2023-02-01,35,49,35|40|83,1,,40,,83,,1,1,,True
2023-02-02,45,50,45,1,,,,,,,,,False
2023-02-02,58,46,37|58|74|90,2,37,74,,90,,7,2,F→+1,True
2023-02-02,94,39,9|14|30|41|46|62|78|94,8,78,,62,,1,,2,-1→F|F→-2,True
2023-02-08,9,39,9|14|30|41|46|62|78|94,1,,14,,30,,4,1,F→+1|F→+2,True
2023-02-08,27,26,27|38,1,,38,,,,3,6,+1→F,True
2023-02-08,72,40,8|19|51|56|67|72,6,67,,56,,1,,1,F→-2,True
2023-02-11,31,38,20|31|47|52|63|100,2,20,47,,52,1,,2,-1→F,True
2023-02-11,83,49,35|40|83,3,40,,35,,5,,1,F→-1|F→-2|F→-1→-2,True
2023-02-14,22,44,22|59|70|75|91,1,,59,,70,,5,2,F→+1,True
2023-02-14,70,44,22|59|70|75|91,3,59,75,22,91,5,6,1,F→-1|F→+1|F→-2|F→+2|F→-1→F,True
2023-02-15,10,37,5|10|42,2,5,42,,,7,,,,False
2023-02-16,29,41,13|29|93,2,13,93,,,1,1,1,,True
2023-02-19,69,45,69|80,1,,80,,,,2,6,+1→F,True
2023-02-20,11,35,6|11|43|54|86,2,6,43,,54,5,6,3,F→-1|F→+1|F→-1→F,True
2023-02-21,25,30,25|57,1,,57,,,,,3,,True
2023-02-23,42,37,5|10|42,3,10,,5,,1,,3,-1→F,True
2023-02-24,22,44,22|59|70|75|91,1,,59,,70,,4,4,,True
2023-02-24,70,44,22|59|70|75|91,3,59,75,22,91,4,,1,F→-1|F→-2|F→+2,True
2023-02-24,75,44,22|59|70|75|91,4,70,91,59,,1,4,,,False
2023-02-25,74,46,37|58|74|90,3,58,90,37,,,,,,False
2023-02-26,44,43,12|28|44|60|81|92,3,28,60,12,81,1,3,,,False
2023-02-26,71,42,7|18|23|50|55|66|71,7,66,,55,,1,,,,False
2023-02-26,92,43,12|28|44|60|81|92,6,81,,60,,7,,7,,True
2023-02-27,74,46,37|58|74|90,3,58,90,37,,,,6,,True
2023-03-02,72,40,8|19|51|56|67|72,6,67,,56,,2,,,,False
2023-03-03,7,42,7|18|23|50|55|66|71,1,,18,,23,,1,6,+1→F,True
2023-03-03,72,40,8|19|51|56|67|72,6,67,,56,,1,,,,False
2023-03-04,51,40,8|19|51|56|67|72,3,19,56,8,67,,3,2,F→+1|F→-2,True
2023-03-05,85,36,32|48|64|85,4,64,,48,,1,,2,-1→F,True
2023-03-07,27,26,27|38,1,,38,,,,2,3,+1→F,True
2023-03-07,92,43,12|28|44|60|81|92,6,81,,60,,7,,7,,True
2023-03-08,74,46,37|58|74|90,3,58,90,37,,,1,2,+1→F|F→-2,True
2023-03-08,90,46,37|58|74|90,4,74,,58,,2,,1,F→-1|F→-1→F,True
2023-03-09,35,49,35|40|83,1,,40,,83,,,,,False
2023-03-14,81,43,12|28|44|60|81|92,5,60,92,44,,4,3,6,-1→F|+1→F,True
2023-03-16,27,26,27|38,1,,38,,,,3,3,,True
2023-03-16,68,47,4|36|68|79|84,3,36,79,4,84,1,2,7,-1→F|+1→F,True
2023-03-16,79,47,4|36|68|79|84,4,68,84,36,,7,2,2,F→-1|F→-1→-2→F_partial,True
2023-03-17,23,42,7|18|23|50|55|66|71,3,18,50,7,55,5,,3,F→-1|F→-1→-2→F_partial|F→-1→F,True
2023-03-18,28,43,12|28|44|60|81|92,2,12,44,,60,3,1,4,-1→F|+1→F,True
2023-03-19,22,44,22|59|70|75|91,1,,59,,70,,1,3,+1→F|F→+2,True
2023-03-19,70,44,22|59|70|75|91,3,59,75,22,91,1,2,6,-1→F|+1→F,True
2023-03-20,59,44,22|59|70|75|91,2,22,70,,75,2,5,,,False
2023-03-21,3,31,3|24|88|99,1,,24,,88,,5,3,F→+1,True
2023-03-22,12,43,12|28|44|60|81|92,1,,28,,44,,5,4,F→+1|F→+2,True
2023-03-22,29,41,13|29|93,2,13,93,,,5,1,,,False
2023-03-22,44,43,12|28|44|60|81|92,3,28,60,12,81,5,4,5,+1→F,True
2023-03-23,100,38,20|31|47|52|63|100,6,63,,52,,5,,,,False
2023-03-27,53,28,21|26|53,3,26,,21,,1,,,,False
2023-03-29,20,38,20|31|47|52|63|100,1,,31,,47,,3,1,F→+1|F→+2,True
2023-04-01,9,39,9|14|30|41|46|62|78|94,1,,14,,30,,2,7,+1→F,True
2023-04-01,41,39,9|14|30|41|46|62|78|94,4,30,46,14,62,5,,2,F→-1|F→+2|F→-1→F,True
2023-04-01,46,39,9|14|30|41|46|62|78|94,5,41,62,30,78,2,5,,,False
2023-04-01,86,35,6|11|43|54|86,5,54,,43,,7,,4,F→-1,True
2023-04-03,29,41,13|29|93,2,13,93,,,1,,4,-1→F,True
2023-04-05,28,43,12|28|44|60|81|92,2,12,44,,60,4,2,3,F→-1|+1→F,True
2023-04-08,29,41,13|29|93,2,13,93,,,4,6,,,False
2023-04-09,27,26,27|38,1,,38,,,,2,2,,True
2023-04-09,92,43,12|28|44|60|81|92,6,81,,60,,,,7,,True
2023-04-12,29,41,13|29|93,2,13,93,,,3,2,4,-1→F|+1→F,True
2023-04-12,35,49,35|40|83,1,,40,,83,,3,3,,True
2023-04-13,7,42,7|18|23|50|55|66|71,1,,18,,23,,3,2,F→+1|F→+2|F→+1→+2,True
2023-04-13,71,42,7|18|23|50|55|66|71,7,66,,55,,1,,6,-1→F,True
2023-04-15,56,40,8|19|51|56|67|72,4,51,67,19,72,2,1,5,-1→F|+1→F|F→+2,True
2023-04-17,21,28,21|26|53,1,,26,,53,,4,2,F→+1|F→+2|F→+1→+2,True
2023-04-18,29,41,13|29|93,2,13,93,,,2,1,5,-1→F|+1→F,True
2023-04-20,17,34,1|17|33|49|76,2,1,33,,49,1,3,,,False
2023-04-20,83,49,35|40|83,3,40,,35,,3,,,,False
2023-04-21,10,37,5|10|42,2,5,42,,,1,2,,,False
2023-04-21,34,51,34|98,1,,98,,,,,3,,True
2023-04-22,34,51,34|98,1,,98,,,,,2,,True
2023-04-25,90,46,37|58|74|90,4,74,,58,,6,,2,F→-1|F→-2,True
2023-04-27,44,43,12|28|44|60|81|92,3,28,60,12,81,6,5,,,False
2023-04-30,42,37,5|10|42,3,10,,5,,7,,4,F→-1|F→-1→-2→F_partial,True
2023-05-03,9,39,9|14|30|41|46|62|78|94,1,,14,,30,,7,3,F→+1,True
2023-05-03,46,39,9|14|30|41|46|62|78|94,5,41,62,30,78,5,2,,,False
2023-05-04,28,43,12|28|44|60|81|92,2,12,44,,60,3,3,6,-1→F|+1→F,True
2023-05-04,92,43,12|28|44|60|81|92,6,81,,60,,7,,1,F→-1|F→-2,True
2023-05-05,67,40,8|19|51|56|67|72,5,56,72,51,,7,7,,,False
2023-05-06,25,30,25|57,1,,57,,,,3,7,+1→F,True
2023-05-06,44,43,12|28|44|60|81|92,3,28,60,12,81,4,1,1,F→-1|F→+2,True
2023-05-06,92,43,12|28|44|60|81|92,6,81,,60,,5,,2,F→-1|F→-1→-2→F_partial,True
2023-05-07,7,42,7|18|23|50|55|66|71,1,,18,,23,,3,,,False
2023-05-07,9,39,9|14|30|41|46|62|78|94,1,,14,,30,,3,7,+1→F,True
2023-05-07,94,39,9|14|30|41|46|62|78|94,8,78,,62,,4,,,,False
2023-05-09,31,38,20|31|47|52|63|100,2,20,47,,52,2,,2,,True
2023-05-09,63,38,20|31|47|52|63|100,5,52,100,47,,,,6,,True
2023-05-14,27,26,27|38,1,,38,,,,2,2,,True
2023-05-15,9,39,9|14|30|41|46|62|78|94,1,,14,,30,,4,4,,True
2023-05-15,41,39,9|14|30|41|46|62|78|94,4,30,46,14,62,1,1,4,-1→F|+1→F,True
2023-05-15,46,39,9|14|30|41|46|62|78|94,5,41,62,30,78,4,,1,F→-1|F→+2,True
2023-05-16,58,46,37|58|74|90,2,37,74,,90,1,4,1,F→+1|F→+2,True
2023-05-18,27,26,27|38,1,,38,,,,6,2,F→+1,True
2023-05-21,22,44,22|59|70|75|91,1,,59,,70,,3,4,+1→F,True
2023-05-21,70,44,22|59|70|75|91,3,59,75,22,91,3,2,,,False
2023-05-22,48,36,32|48|64|85,2,32,64,,85,4,3,3,F→-1|F→+2,True
2023-05-24,2,33,2|39|82|87,1,,39,,82,,1,,,False
2023-05-24,68,47,4|36|68|79|84,3,36,79,4,84,6,,1,F→-1,True
2023-05-24,87,33,2|39|82|87,4,82,,39,,2,,2,,True
2023-05-29,7,42,7|18|23|50|55|66|71,1,,18,,23,,,5,,True
2023-05-29,29,41,13|29|93,2,13,93,,,1,1,5,-1→F|+1→F,True
2023-05-29,71,42,7|18|23|50|55|66|71,7,66,,55,,4,,3,F→-1,True
2023-05-30,3,31,3|24|88|99,1,,24,,88,,1,,,False
2023-05-30,57,30,25|57,2,25,,,,2,,5,-1→F,True
2023-05-31,87,33,2|39|82|87,4,82,,39,,7,,4,F→-1|F→-1→-2→F_partial,True
2023-06-03,9,39,9|14|30|41|46|62|78|94,1,,14,,30,,,1,,True
2023-06-03,30,39,9|14|30|41|46|62|78|94,3,14,41,9,46,,7,,,False
2023-06-03,44,43,12|28|44|60|81|92,3,28,60,12,81,,1,7,+1→F,True
2023-06-05,34,51,34|98,1,,98,,,,,5,,True
2023-06-06,56,40,8|19|51|56|67|72,4,51,67,19,72,,3,,,False
2023-06-06,67,40,8|19|51|56|67|72,5,56,72,51,,,2,3,+1→F,True
2023-06-06,72,40,8|19|51|56|67|72,6,67,,56,,3,,2,F→-1|F→-1→F,True
2023-06-06,89,48,73|89,2,73,,,,2,,5,-1→F,True
2023-06-07,9,39,9|14|30|41|46|62|78|94,1,,14,,30,,4,2,F→+1,True
2023-06-10,22,44,22|59|70|75|91,1,,59,,70,,3,3,,True
2023-06-10,59,44,22|59|70|75|91,2,22,70,,75,3,1,3,+1→F,True
2023-06-10,70,44,22|59|70|75|91,3,59,75,22,91,3,1,1,F→-1|F→-2|F→+2,True
2023-06-12,84,47,4|36|68|79|84,5,79,,68,,6,,1,F→-1,True
2023-06-13,100,38,20|31|47|52|63|100,6,63,,52,,,,,,False
2023-06-14,7,42,7|18|23|50|55|66|71,1,,18,,23,,3,2,F→+1,True
2023-06-17,9,39,9|14|30|41|46|62|78|94,1,,14,,30,,2,1,F→+1,True
2023-06-17,14,39,9|14|30|41|46|62|78|94,2,9,30,,41,1,1,2,-1→F|+1→F|F→+2,True
2023-06-17,86,35,6|11|43|54|86,5,54,,43,,3,,5,-1→F,True
2023-06-17,90,46,37|58|74|90,4,74,,58,,2,,1,F→-1,True
2023-06-19,28,43,12|28|44|60|81|92,2,12,44,,60,2,7,7,-1→F,True
2023-06-19,44,43,12|28|44|60|81|92,3,28,60,12,81,7,1,7,+1→F,True
2023-06-21,42,37,5|10|42,3,10,,5,,1,,,,False
2023-06-23,28,43,12|28|44|60|81|92,2,12,44,,60,,3,3,,True
2023-06-23,44,43,12|28|44|60|81|92,3,28,60,12,81,3,1,3,+1→F,True
2023-06-23,63,38,20|31|47|52|63|100,5,52,100,47,,,,7,,True
2023-06-24,90,46,37|58|74|90,4,74,,58,,5,,2,F→-1|F→-2|F→-1→F,True
2023-06-25,42,37,5|10|42,3,10,,5,,3,,6,-1→F,True
2023-06-26,20,38,20|31|47|52|63|100,1,,31,,47,,,3,F→+2,True
2023-06-26,68,47,4|36|68|79|84,3,36,79,4,84,3,3,2,F→-1|F→+1|F→+2|F→-1→F,True
2023-06-26,79,47,4|36|68|79|84,4,68,84,36,,2,3,3,-1→F,True
2023-06-27,19,40,8|19|51|56|67|72,2,8,51,,56,6,4,,,False
2023-06-28,22,44,22|59|70|75|91,1,,59,,70,,1,4,+1→F,True
2023-06-29,9,39,9|14|30|41|46|62|78|94,1,,14,,30,,7,,,False
2023-06-29,94,39,9|14|30|41|46|62|78|94,8,78,,62,,2,,1,F→-1|F→-2|F→-1→-2,True
2023-06-30,26,28,21|26|53,2,21,53,,,6,4,5,F→-1|+1→F,True
2023-06-30,53,28,21|26|53,3,26,,21,,5,,4,F→-1|F→-2|F→-1→-2,True
2023-06-30,87,33,2|39|82|87,4,82,,39,,3,,6,-1→F,True
2023-07-05,62,39,9|14|30|41|46|62|78|94,6,46,78,41,94,4,2,2,F→-1,True
2023-07-06,92,43,12|28|44|60|81|92,6,81,,60,,2,,1,F→-1|F→-1→F,True
2023-07-07,9,39,9|14|30|41|46|62|78|94,1,,14,,30,,1,3,+1→F|F→+2,True
2023-07-07,30,39,9|14|30|41|46|62|78|94,3,14,41,9,46,1,,5,-1→F,True
2023-07-08,53,28,21|26|53,3,26,,21,,3,,,,False
2023-07-08,77,32,77,1,,,,,,,,,False
2023-07-09,90,46,37|58|74|90,4,74,,58,,6,,1,F→-1|F→-2,True
2023-07-11,7,42,7|18|23|50|55|66|71,1,,18,,23,,1,1,,True
2023-07-14,58,46,37|58|74|90,2,37,74,,90,1,1,,,False
2023-07-16,22,44,22|59|70|75|91,1,,59,,70,,3,4,+1→F,True
2023-07-16,70,44,22|59|70|75|91,3,59,75,22,91,3,,2,F→-1|F→-2|F→+2|F→-1→-2|F→-1→F,True
2023-07-17,32,36,32|48|64|85,1,,48,,64,,3,2,F→+1,True
2023-07-18,29,41,13|29|93,2,13,93,,,3,2,,,False
2023-07-18,56,40,8|19|51|56|67|72,4,51,67,19,72,2,,6,-1→F,True
2023-07-19,9,39,9|14|30|41|46|62|78|94,1,,14,,30,,,,,False
2023-07-20,65,52,65|97,1,,97,,,,,,,False
2023-07-20,97,52,65|97,2,65,,,,,,,,False
2023-07-22,12,43,12|28|44|60|81|92,1,,28,,44,,3,1,F→+1|F→+2|F→+1→+2,True
2023-07-24,29,41,13|29|93,2,13,93,,,,2,,,False
2023-07-24,63,38,20|31|47|52|63|100,5,52,100,47,,1,,,,False
2023-07-24,71,42,7|18|23|50|55|66|71,7,66,,55,,4,,5,-1→F,True
2023-07-25,26,28,21|26|53,2,21,53,,,1,1,7,-1→F|+1→F,True
2023-07-25,77,32,77,1,,,,,,,,,False
2023-07-26,7,42,7|18|23|50|55|66|71,1,,18,,23,,4,1,F→+1|F→+2|F→+1→+2,True
2023-07-28,19,40,8|19|51|56|67|72,2,8,51,,56,3,7,,,False
2023-07-30,42,37,5|10|42,3,10,,5,,2,,3,-1→F,True
2023-07-30,63,38,20|31|47|52|63|100,5,52,100,47,,5,,6,-1→F,True
2023-08-01,27,26,27|38,1,,38,,,,,2,,True
2023-08-03,37,46,37|58|74|90,1,,58,,74,,2,4,+1→F,True
2023-08-03,74,46,37|58|74|90,3,58,90,37,,2,3,2,F→+1|F→-2,True
2023-08-05,92,43,12|28|44|60|81|92,6,81,,60,,4,,1,F→-1|F→-2|F→-1→F,True
2023-08-09,90,46,37|58|74|90,4,74,,58,,4,,5,-1→F,True
2023-08-14,82,33,2|39|82|87,3,39,87,2,,6,3,1,F→-1|F→+1|F→-2|F→-1→F,True
2023-08-14,87,33,2|39|82|87,4,82,,39,,1,,3,-1→F|F→-2,True
2023-08-15,82,33,2|39|82|87,3,39,87,2,,5,2,1,F→-1|F→+1|F→-2|F→-1→F,True
2023-08-16,96,54,96,1,,,,,,,3,,True
2023-08-18,22,44,22|59|70|75|91,1,,59,,70,,5,3,F→+1,True
2023-08-18,70,44,22|59|70|75|91,3,59,75,22,91,5,6,,,False
2023-08-19,16,27,16,1,,,,,,,5,,True
2023-08-20,41,39,9|14|30|41|46|62|78|94,4,30,46,14,62,1,1,,,False
2023-08-21,79,47,4|36|68|79|84,4,68,84,36,,4,,3,F→-1|F→-2|F→-1→-2|F→-1→F,True
2023-08-21,90,46,37|58|74|90,4,74,,58,,4,,,,False
2023-08-25,63,38,20|31|47|52|63|100,5,52,100,47,,5,,4,F→-1|F→-1→-2→F_partial,True
2023-08-26,88,31,3|24|88|99,3,24,99,3,,5,,6,-1→F,True
2023-08-27,79,47,4|36|68|79|84,4,68,84,36,,3,4,2,F→-1|F→+1|F→-2|F→-1→-2|F→-1→F,True
2023-08-27,84,47,4|36|68|79|84,5,79,,68,,2,,4,-1→F,True
2023-08-29,26,28,21|26|53,2,21,53,,,,2,6,+1→F,True
2023-08-29,53,28,21|26|53,3,26,,21,,6,,2,F→-1,True
2023-08-30,65,52,65|97,1,,97,,,,,,,False
2023-08-31,92,43,12|28|44|60|81|92,6,81,,60,,4,,6,-1→F,True
2023-09-01,85,36,32|48|64|85,4,64,,48,,5,,,,False
2023-09-02,1,34,1|17|33|49|76,1,,17,,33,,2,6,+1→F,True
2023-09-03,11,35,6|11|43|54|86,2,6,43,,54,1,3,7,-1→F|+1→F,True
2023-09-04,7,42,7|18|23|50|55|66|71,1,,18,,23,,1,4,+1→F,True
2023-09-04,9,39,9|14|30|41|46|62|78|94,1,,14,,30,,2,1,F→+1|F→+2,True
2023-09-04,35,49,35|40|83,1,,40,,83,,3,,,False
2023-09-05,42,37,5|10|42,3,10,,5,,7,,7,,True
2023-09-06,12,43,12|28|44|60|81|92,1,,28,,44,,5,1,F→+1,True
2023-09-06,68,47,4|36|68|79|84,3,36,79,4,84,2,3,2,F→+1,True
2023-09-06,92,43,12|28|44|60|81|92,6,81,,60,,,,1,F→-2,True
2023-09-07,29,41,13|29|93,2,13,93,,,,2,,,False
2023-09-09,88,31,3|24|88|99,3,24,99,3,,,4,7,+1→F,True
2023-09-11,26,28,21|26|53,2,21,53,,,,1,5,+1→F,True
2023-09-12,1,34,1|17|33|49|76,1,,17,,33,,2,,,False
2023-09-12,7,42,7|18|23|50|55|66|71,1,,18,,23,,2,,,False
2023-09-12,71,42,7|18|23|50|55|66|71,7,66,,55,,4,,3,F→-1|F→-1→F,True
2023-09-13,53,28,21|26|53,3,26,,21,,3,,4,-1→F,True
2023-09-13,87,33,2|39|82|87,4,82,,39,,,,3,,True
2023-09-14,76,34,1|17|33|49|76,5,49,,33,,1,,4,-1→F,True
2023-09-14,85,36,32|48|64|85,4,64,,48,,1,,,,False
2023-09-15,83,49,35|40|83,3,40,,35,,7,,,,False
2023-09-16,27,26,27|38,1,,38,,,,2,7,+1→F,True
2023-09-16,68,47,4|36|68|79|84,3,36,79,4,84,,2,,,False
2023-09-17,83,49,35|40|83,3,40,,35,,5,,,,False
2023-09-18,29,41,13|29|93,2,13,93,,,,2,,,False
2023-09-20,77,32,77,1,,,,,,,,,False
2023-09-22,4,47,4|36|68|79|84,1,,36,,68,,5,3,F→+1,True
2023-09-22,35,49,35|40|83,1,,40,,83,,3,,,False
2023-09-23,65,52,65|97,1,,97,,,,2,3,+1→F,True
2023-09-25,10,37,5|10|42,2,5,42,,,5,5,1,F→-1|F→+1,True
2023-09-25,65,52,65|97,1,,97,,,,3,1,F→+1,True
2023-09-27,5,37,5|10|42,1,,10,,42,,,3,,True
2023-09-27,42,37,5|10|42,3,10,,5,,,,3,,True
2023-09-27,85,36,32|48|64|85,4,64,,48,,,,1,,True
2023-09-28,69,45,69|80,1,,80,,,,1,1,,True
2023-09-30,17,34,1|17|33|49|76,2,1,33,,49,1,5,1,F→+1|F→+2,True
2023-09-30,85,36,32|48|64|85,4,64,,48,,6,,3,F→-1,True
2023-10-01,59,44,22|59|70|75|91,2,22,70,,75,4,,5,-1→F,True
2023-10-01,63,38,20|31|47|52|63|100,5,52,100,47,,,,5,,True
2023-10-02,83,49,35|40|83,3,40,,35,,3,,2,F→-1,True
2023-10-03,3,31,3|24|88|99,1,,24,,88,,1,,,False
2023-10-07,7,42,7|18|23|50|55|66|71,1,,18,,23,,2,3,+1→F|F→+2,True
2023-10-08,59,44,22|59|70|75|91,2,22,70,,75,,,5,,True
2023-10-08,90,46,37|58|74|90,4,74,,58,,,,,,False
2023-10-10,22,44,22|59|70|75|91,1,,59,,70,,3,,,False
2023-10-10,59,44,22|59|70|75|91,2,22,70,,75,,,3,F→+2,True
2023-10-10,70,44,22|59|70|75|91,3,59,75,22,91,3,4,,,False
2023-10-13,11,35,6|11|43|54|86,2,6,43,,54,2,3,2,F→+1,True
2023-10-13,69,45,69|80,1,,80,,,,3,,,False
2023-10-13,80,45,69|80,2,69,,,,,,3,,True
2023-10-14,22,44,22|59|70|75|91,1,,59,,70,,,,,False
2023-10-14,35,49,35|40|83,1,,40,,83,,1,3,+1→F,True
2023-10-14,70,44,22|59|70|75|91,3,59,75,22,91,,1,,,False
2023-10-16,12,43,12|28|44|60|81|92,1,,28,,44,,,4,F→+2,True
2023-10-16,25,30,25|57,1,,57,,,,4,2,F→+1,True
2023-10-16,44,43,12|28|44|60|81|92,3,28,60,12,81,,2,7,+1→F,True
2023-10-16,92,43,12|28|44|60|81|92,6,81,,60,,1,,2,-1→F,True
2023-10-17,63,38,20|31|47|52|63|100,5,52,100,47,,,,,,False
2023-10-18,9,39,9|14|30|41|46|62|78|94,1,,14,,30,,1,5,+1→F|F→+2,True
2023-10-18,90,46,37|58|74|90,4,74,,58,,1,,1,,True
2023-10-19,39,33,2|39|82|87,2,2,82,,87,6,,,,False
2023-10-21,15,29,15,1,,,,,,,6,,True
2023-10-21,79,47,4|36|68|79|84,4,68,84,36,,1,3,1,F→+1|F→-2,True
2023-10-22,28,43,12|28|44|60|81|92,2,12,44,,60,6,1,2,F→-1|+1→F,True
2023-10-22,44,43,12|28|44|60|81|92,3,28,60,12,81,2,1,1,F→-1|F→-2|F→+2|F→-1→-2,True
2023-10-22,92,43,12|28|44|60|81|92,6,81,,60,,2,,2,,True
2023-10-24,42,37,5|10|42,3,10,,5,,,,6,,True
2023-10-24,59,44,22|59|70|75|91,2,22,70,,75,6,7,,,False
2023-10-25,81,43,12|28|44|60|81|92,5,60,92,44,,1,7,3,-1→F|F→+1,True
2023-10-26,29,41,13|29|93,2,13,93,,,4,6,1,F→-1|F→+1|F→-1→F,True
2023-10-26,56,40,8|19|51|56|67|72,4,51,67,19,72,1,5,3,-1→F|F→+1,True
2023-10-27,42,37,5|10|42,3,10,,5,,7,,3,F→-1,True
2023-10-29,76,34,1|17|33|49|76,5,49,,33,,,,4,,True
2023-10-31,57,30,25|57,2,25,,,,1,,2,-1→F,True
2023-11-01,7,42,7|18|23|50|55|66|71,1,,18,,23,,,2,F→+2,True
2023-11-01,71,42,7|18|23|50|55|66|71,7,66,,55,,1,,1,F→-2,True
2023-11-03,11,35,6|11|43|54|86,2,6,43,,54,4,1,1,F→-1|F→-1→F,True
2023-11-06,13,41,13|29|93,1,,29,,93,,1,1,F→+2,True
2023-11-06,77,32,77,1,,,,,,,4,,True
2023-11-08,27,26,27|38,1,,38,,,,,,,False
2023-11-10,22,44,22|59|70|75|91,1,,59,,70,,2,2,F→+2,True
2023-11-10,70,44,22|59|70|75|91,3,59,75,22,91,2,2,5,-1→F|+1→F,True
2023-11-12,89,48,73|89,2,73,,,,2,,1,F→-1|F→-1→F,True
2023-11-16,9,39,9|14|30|41|46|62|78|94,1,,14,,30,,1,,,False
2023-11-16,94,39,9|14|30|41|46|62|78|94,8,78,,62,,3,,4,-1→F|F→-2,True
2023-11-17,30,39,9|14|30|41|46|62|78|94,3,14,41,9,46,6,4,3,F→-1|F→+1|F→+2|F→+1→+2|F→-1→F,True
2023-11-17,41,39,9|14|30|41|46|62|78|94,4,30,46,14,62,3,5,4,-1→F|F→+1|F→-2|F→+2,True
2023-11-17,46,39,9|14|30|41|46|62|78|94,5,41,62,30,78,4,5,5,-1→F,True
2023-11-21,45,50,45,1,,,,,,,2,,True
2023-11-22,74,46,37|58|74|90,3,58,90,37,,3,5,2,F→-1|F→+1|F→-2|F→-1→-2,True
2023-11-24,35,49,35|40|83,1,,40,,83,,4,1,F→+1,True
2023-11-25,9,39,9|14|30|41|46|62|78|94,1,,14,,30,,3,2,F→+1,True
2023-11-25,94,39,9|14|30|41|46|62|78|94,8,78,,62,,3,,,,False
2023-11-27,44,43,12|28|44|60|81|92,3,28,60,12,81,,4,5,+1→F,True
2023-11-27,92,43,12|28|44|60|81|92,6,81,,60,,4,,7,-1→F,True
2023-11-29,37,46,37|58|74|90,1,,58,,74,,3,5,+1→F,True
2023-11-29,58,46,37|58|74|90,2,37,74,,90,5,5,3,F→-1|F→+1|F→+2|F→+1→+2,True
2023-11-30,11,35,6|11|43|54|86,2,6,43,,54,4,,7,-1→F,True
2023-12-03,59,44,22|59|70|75|91,2,22,70,,75,3,1,5,-1→F|+1→F,True
2023-12-03,87,33,2|39|82|87,4,82,,39,,1,,5,-1→F,True
2023-12-08,53,28,21|26|53,3,26,,21,,1,,6,-1→F,True
2023-12-09,44,43,12|28|44|60|81|92,3,28,60,12,81,,1,2,+1→F,True
2023-12-10,52,38,20|31|47|52|63|100,4,47,63,31,100,2,,2,,True
2023-12-13,16,27,16,1,,,,,,,1,,True
2023-12-13,29,41,13|29|93,2,13,93,,,3,3,2,F→-1|F→+1|F→-1→F,True
2023-12-13,34,51,34|98,1,,98,,,,1,4,+1→F,True
2023-12-15,35,49,35|40|83,1,,40,,83,,1,1,,True
2023-12-15,40,49,35|40|83,2,35,83,,,1,,1,,True
2023-12-15,44,43,12|28|44|60|81|92,3,28,60,12,81,2,,5,-1→F|F→-2,True
2023-12-18,56,40,8|19|51|56|67|72,4,51,67,19,72,,3,4,+1→F|F→+2,True
2023-12-19,7,42,7|18|23|50|55|66|71,1,,18,,23,,1,3,+1→F,True
2023-12-19,90,46,37|58|74|90,4,74,,58,,7,,,,False
2023-12-20,22,44,22|59|70|75|91,1,,59,,70,,2,,,False
2023-12-20,75,44,22|59|70|75|91,4,70,91,59,,1,2,3,-1→F|+1→F,True
2023-12-20,91,44,22|59|70|75|91,5,75,,70,,3,,2,F→-1|F→-1→-2→F_partial|F→-1→F,True
2023-12-21,90,46,37|58|74|90,4,74,,58,,5,,7,-1→F,True
2023-12-22,22,44,22|59|70|75|91,1,,59,,70,,5,7,+1→F,True
2023-12-22,70,44,22|59|70|75|91,3,59,75,22,91,5,1,5,+1→F|F→-2,True
2023-12-22,75,44,22|59|70|75|91,4,70,91,59,,5,2,1,F→-1|F→+1|F→-2,True
2023-12-22,91,44,22|59|70|75|91,5,75,,70,,1,,2,-1→F|F→-2,True
2023-12-25,29,41,13|29|93,2,13,93,,,,,,,False
2023-12-27,9,39,9|14|30|41|46|62|78|94,1,,14,,30,,1,1,F→+2,True
2023-12-28,20,38,20|31|47|52|63|100,1,,31,,47,,1,3,+1→F,True
2023-12-28,52,38,20|31|47|52|63|100,4,47,63,31,100,3,,4,-1→F,True
2023-12-28,63,38,20|31|47|52|63|100,5,52,100,47,,4,,,,False
2023-12-29,29,41,13|29|93,2,13,93,,,7,4,,,False
2023-12-30,44,43,12|28|44|60|81|92,3,28,60,12,81,6,3,3,F→-1|F→-2|F→+2,True
2024-01-02,42,37,5|10|42,3,10,,5,,,,4,F→-2,True
2024-01-02,77,32,77,1,,,,,,,6,,True
2024-01-04,42,37,5|10|42,3,10,,5,,6,,2,F→-1|F→-2,True
2024-01-05,53,28,21|26|53,3,26,,21,,7,,2,F→-1,True
2024-01-05,82,33,2|39|82|87,3,39,87,2,,,2,1,F→+1,True
2024-01-05,87,33,2|39|82|87,4,82,,39,,1,,2,-1→F,True
2024-01-06,29,41,13|29|93,2,13,93,,,2,4,1,F→-1|F→+1,True
2024-01-06,71,42,7|18|23|50|55|66|71,7,66,,55,,2,,2,,True
2024-01-07,22,44,22|59|70|75|91,1,,59,,70,,2,1,F→+1|F→+2|F→+1→+2,True
2024-01-07,70,44,22|59|70|75|91,3,59,75,22,91,2,3,4,-1→F|+1→F,True
2024-01-08,37,46,37|58|74|90,1,,58,,74,,4,2,F→+1|F→+2|F→+1→+2,True
2024-01-08,77,32,77,1,,,,,,,7,,True
2024-01-12,23,42,7|18|23|50|55|66|71,3,18,50,7,55,1,5,6,-1→F|+1→F,True
2024-01-12,71,42,7|18|23|50|55|66|71,7,66,,55,,2,,1,F→-1|F→-2|F→-1→-2|F→-1→F,True
2024-01-13,68,47,4|36|68|79|84,3,36,79,4,84,,,,,False
2024-01-13,84,47,4|36|68|79|84,5,79,,68,,,,1,,True
2024-01-14,22,44,22|59|70|75|91,1,,59,,70,,4,2,F→+1|F→+2,True
2024-01-14,70,44,22|59|70|75|91,3,59,75,22,91,4,1,4,+1→F,True
2024-01-14,91,44,22|59|70|75|91,5,75,,70,,1,,1,F→-2,True
2024-01-16,69,45,69|80,1,,80,,,,,4,,True
2024-01-16,81,43,12|28|44|60|81|92,5,60,92,44,,3,,6,-1→F,True
2024-01-17,28,43,12|28|44|60|81|92,2,12,44,,60,1,,7,-1→F,True
2024-01-17,35,49,35|40|83,1,,40,,83,,,4,,True
2024-01-17,44,43,12|28|44|60|81|92,3,28,60,12,81,7,2,,,False
2024-01-17,53,28,21|26|53,3,26,,21,,3,,5,-1→F,True
2024-01-19,37,46,37|58|74|90,1,,58,,74,,2,3,+1→F,True
2024-01-19,65,52,65|97,1,,97,,,,3,5,+1→F,True
2024-01-21,54,35,6|11|43|54|86,4,43,86,11,,,3,2,F→+1|F→-2,True
2024-01-21,86,35,6|11|43|54|86,5,54,,43,,2,,3,-1→F,True
2024-01-22,42,37,5|10|42,3,10,,5,,4,,5,-1→F,True
2024-01-25,67,40,8|19|51|56|67|72,5,56,72,51,,5,1,,,False
2024-01-26,87,33,2|39|82|87,4,82,,39,,5,,,,False
2024-01-27,7,42,7|18|23|50|55|66|71,1,,18,,23,,,1,,True
2024-01-27,23,42,7|18|23|50|55|66|71,3,18,50,7,55,,3,,,False
2024-01-27,53,28,21|26|53,3,26,,21,,5,,4,F→-1|F→-1→-2→F_partial,True
2024-01-28,84,47,4|36|68|79|84,5,79,,68,,,,,,False
2024-01-30,26,28,21|26|53,2,21,53,,,3,1,2,F→-1|+1→F|F→-1→F,True
2024-01-31,9,39,9|14|30|41|46|62|78|94,1,,14,,30,,7,1,F→+1|F→+2,True
2024-01-31,29,41,13|29|93,2,13,93,,,1,4,1,F→+1,True
2024-02-01,90,46,37|58|74|90,4,74,,58,,1,,1,F→-2,True
2024-02-03,22,44,22|59|70|75|91,1,,59,,70,,1,5,+1→F,True
2024-02-03,42,37,5|10|42,3,10,,5,,,,6,,True
2024-02-03,70,44,22|59|70|75|91,3,59,75,22,91,1,1,1,F→-2|F→+2,True
2024-02-05,77,32,77,1,,,,,,,,,False
2024-02-06,42,37,5|10|42,3,10,,5,,5,,3,F→-1|F→-2|F→-1→F,True
2024-02-06,63,38,20|31|47|52|63|100,5,52,100,47,,2,,,,False
2024-02-07,68,47,4|36|68|79|84,3,36,79,4,84,1,1,3,-1→F|+1→F,True
2024-02-07,79,47,4|36|68|79|84,4,68,84,36,,3,,1,F→-1|F→-1→F,True
2024-02-10,35,49,35|40|83,1,,40,,83,,3,,,False
2024-02-11,100,38,20|31|47|52|63|100,6,63,,52,,5,,,,False
2024-02-16,31,38,20|31|47|52|63|100,2,20,47,,52,3,4,5,-1→F|+1→F,True
2024-02-17,28,43,12|28|44|60|81|92,2,12,44,,60,,,2,F→+2,True
2024-02-19,2,33,2|39|82|87,1,,39,,82,,1,,,False
2024-02-19,23,42,7|18|23|50|55|66|71,3,18,50,7,55,3,,7,-1→F,True
2024-02-19,53,28,21|26|53,3,26,,21,,3,,,,False
2024-02-19,87,33,2|39|82|87,4,82,,39,,3,,3,,True
2024-02-20,9,39,9|14|30|41|46|62|78|94,1,,14,,30,,4,1,F→+1,True
2024-02-20,53,28,21|26|53,3,26,,21,,2,,,,False
2024-02-21,77,32,77,1,,,,,,,7,,True
2024-02-22,7,42,7|18|23|50|55|66|71,1,,18,,23,,7,1,F→+1|F→+2,True
2024-02-24,13,41,13|29|93,1,,29,,93,,1,4,+1→F,True
2024-02-25,72,40,8|19|51|56|67|72,6,67,,56,,2,,4,-1→F,True
2024-02-27,79,47,4|36|68|79|84,4,68,84,36,,4,4,1,F→-1|F→+1|F→-2|F→-1→-2,True
2024-02-28,22,44,22|59|70|75|91,1,,59,,70,,7,4,F→+1,True
2024-02-28,59,44,22|59|70|75|91,2,22,70,,75,4,2,7,-1→F|+1→F,True
2024-02-28,70,44,22|59|70|75|91,3,59,75,22,91,7,2,2,F→-1|F→-2|F→+2,True
2024-03-01,3,31,3|24|88|99,1,,24,,88,,2,3,+1→F,True
2024-03-02,9,39,9|14|30|41|46|62|78|94,1,,14,,30,,2,,,False
2024-03-03,44,43,12|28|44|60|81|92,3,28,60,12,81,7,2,4,F→-1|+1→F|F→-1→-2→F_partial,True
2024-03-03,92,43,12|28|44|60|81|92,6,81,,60,,1,,2,-1→F,True
2024-03-04,85,36,32|48|64|85,4,64,,48,,4,,2,F→-1|F→-2|F→-1→-2|F→-1→F,True
2024-03-05,10,37,5|10|42,2,5,42,,,4,6,1,F→-1|F→+1,True
2024-03-07,81,43,12|28|44|60|81|92,5,60,92,44,,3,,2,F→-1|F→-2|F→-1→-2|F→-1→F,True
2024-03-12,21,28,21|26|53,1,,26,,53,,2,7,+1→F,True
2024-03-12,26,28,21|26|53,2,21,53,,,7,3,2,F→-1|F→+1,True
2024-03-12,27,26,27|38,1,,38,,,,1,2,+1→F,True
2024-03-12,34,51,34|98,1,,98,,,,5,3,F→+1,True
2024-03-15,77,32,77,1,,,,,,,2,,True
2024-03-16,96,54,96,1,,,,,,,2,,True
2024-03-18,28,43,12|28|44|60|81|92,2,12,44,,60,2,3,3,-1→F,True
2024-03-18,79,47,4|36|68|79|84,4,68,84,36,,6,7,2,F→-1|F→+1,True
2024-03-19,27,26,27|38,1,,38,,,,4,4,,True
2024-03-22,35,49,35|40|83,1,,40,,83,,1,1,,True
2024-03-22,42,37,5|10|42,3,10,,5,,2,,1,F→-1|F→-1→F,True
2024-03-26,9,39,9|14|30|41|46|62|78|94,1,,14,,30,,1,1,F→+2,True
2024-03-28,23,42,7|18|23|50|55|66|71,3,18,50,7,55,3,,7,-1→F,True
2024-04-05,20,38,20|31|47|52|63|100,1,,31,,47,,,6,,True
2024-04-05,63,38,20|31|47|52|63|100,5,52,100,47,,5,,1,F→-1|F→-2|F→-1→-2,True
2024-04-05,90,46,37|58|74|90,4,74,,58,,3,,4,-1→F,True
2024-04-07,53,28,21|26|53,3,26,,21,,4,,7,-1→F,True
2024-04-07,87,33,2|39|82|87,4,82,,39,,,,5,F→-2,True
2024-04-11,68,47,4|36|68|79|84,3,36,79,4,84,6,4,5,F→-1|+1→F|F→+2|F→-1→-2→F_partial,True
2024-04-12,34,51,34|98,1,,98,,,,3,1,F→+1,True
2024-04-13,14,39,9|14|30|41|46|62|78|94,2,9,30,,41,3,4,2,F→-1|F→+1|F→-1→F,True
2024-04-15,29,41,13|29|93,2,13,93,,,,3,,,False
2024-04-16,2,33,2|39|82|87,1,,39,,82,,1,2,+1→F|F→+2,True
2024-04-17,9,39,9|14|30|41|46|62|78|94,1,,14,,30,,2,,,False
2024-04-18,71,42,7|18|23|50|55|66|71,7,66,,55,,2,,5,-1→F,True
2024-04-20,7,42,7|18|23|50|55|66|71,1,,18,,23,,2,1,F→+1,True
2024-04-21,14,39,9|14|30|41|46|62|78|94,2,9,30,,41,6,7,1,F→-1|F→+1|F→+2,True
2024-04-23,63,38,20|31|47|52|63|100,5,52,100,47,,1,,5,-1→F,True
2024-04-24,97,52,65|97,2,65,,,,1,,3,-1→F,True
2024-04-27,44,43,12|28|44|60|81|92,3,28,60,12,81,,,,,False
2024-04-27,74,46,37|58|74|90,3,58,90,37,,3,5,6,-1→F|+1→F,True
2024-04-27,90,46,37|58|74|90,4,74,,58,,6,,5,F→-1|F→-1→-2→F_partial,True
2024-04-28,80,45,69|80,2,69,,,,4,,1,F→-1,True
2024-04-28,87,33,2|39|82|87,4,82,,39,,5,,6,-1→F,True
2024-04-29,57,30,25|57,2,25,,,,7,,6,F→-1,True
2024-04-29,83,49,35|40|83,3,40,,35,,2,,4,-1→F,True
2024-05-01,56,40,8|19|51|56|67|72,4,51,67,19,72,,,,,False
2024-05-01,63,38,20|31|47|52|63|100,5,52,100,47,,,,5,,True
2024-05-01,72,40,8|19|51|56|67|72,6,67,,56,,,,,,False
2024-05-02,72,40,8|19|51|56|67|72,6,67,,56,,,,7,,True
2024-05-03,35,49,35|40|83,1,,40,,83,,7,2,F→+1,True
2024-05-04,73,48,73|89,1,,89,,,,6,3,F→+1,True
2024-05-05,69,45,69|80,1,,80,,,,2,2,,True
2024-05-06,29,41,13|29|93,2,13,93,,,,7,1,F→+1,True
2024-05-06,63,38,20|31|47|52|63|100,5,52,100,47,,,,7,,True
2024-05-10,41,39,9|14|30|41|46|62|78|94,4,30,46,14,62,,3,3,,True
2024-05-10,94,39,9|14|30|41|46|62|78|94,8,78,,62,,,,3,,True
2024-05-11,6,35,6|11|43|54|86,1,,11,,43,,7,,,False
2024-05-12,54,35,6|11|43|54|86,4,43,86,11,,,2,,,False
2024-05-13,11,35,6|11|43|54|86,2,6,43,,54,7,,5,F→-1|F→+2,True
2024-05-13,27,26,27|38,1,,38,,,,,2,,True
2024-05-14,7,42,7|18|23|50|55|66|71,1,,18,,23,,,5,,True
2024-05-14,29,41,13|29|93,2,13,93,,,2,,2,,True
2024-05-14,71,42,7|18|23|50|55|66|71,7,66,,55,,4,,2,F→-1,True
2024-05-16,9,39,9|14|30|41|46|62|78|94,1,,14,,30,,1,6,+1→F,True
2024-05-16,94,39,9|14|30|41|46|62|78|94,8,78,,62,,6,,6,,True
2024-05-17,30,39,9|14|30|41|46|62|78|94,3,14,41,9,46,4,4,1,F→-1|F→+1|F→-2|F→+2|F→-1→-2|F→+1→+2,True
2024-05-18,94,39,9|14|30|41|46|62|78|94,8,78,,62,,4,,4,,True
2024-05-22,22,44,22|59|70|75|91,1,,59,,70,,,,,False
2024-05-22,44,43,12|28|44|60|81|92,3,28,60,12,81,,3,1,F→+1,True
2024-05-22,70,44,22|59|70|75|91,3,59,75,22,91,,6,5,F→+1,True
2024-05-23,7,42,7|18|23|50|55|66|71,1,,18,,23,,4,1,F→+1,True
2024-05-23,71,42,7|18|23|50|55|66|71,7,66,,55,,1,,,,False
2024-05-26,7,42,7|18|23|50|55|66|71,1,,18,,23,,1,5,+1→F,True
2024-05-26,22,44,22|59|70|75|91,1,,59,,70,,,6,,True
2024-05-26,70,44,22|59|70|75|91,3,59,75,22,91,,2,1,F→+1|F→-2|F→+2|F→+1→+2,True
2024-05-26,71,42,7|18|23|50|55|66|71,7,66,,55,,6,,,,False
2024-05-27,1,34,1|17|33|49|76,1,,17,,33,,1,3,+1→F|F→+2,True
2024-05-31,77,32,77,1,,,,,,,4,,True
2024-05-31,87,33,2|39|82|87,4,82,,39,,7,,3,F→-1,True
2024-06-01,77,32,77,1,,,,,,,3,,True
2024-06-05,27,26,27|38,1,,38,,,,1,,,False
2024-06-06,80,45,69|80,2,69,,,,3,,1,F→-1,True
2024-06-07,77,32,77,1,,,,,,,1,,True
2024-06-08,73,48,73|89,1,,89,,,,5,7,+1→F,True
2024-06-09,27,26,27|38,1,,38,,,,1,5,+1→F,True
2024-06-12,7,42,7|18|23|50|55|66|71,1,,18,,23,,1,7,+1→F,True
2024-06-14,73,48,73|89,1,,89,,,,2,1,F→+1,True
2024-06-14,77,32,77,1,,,,,,,,,False
2024-06-16,30,39,9|14|30|41|46|62|78|94,3,14,41,9,46,,3,2,F→+1,True
2024-06-16,41,39,9|14|30|41|46|62|78|94,4,30,46,14,62,2,1,3,-1→F|+1→F,True
2024-06-16,83,49,35|40|83,3,40,,35,,2,,2,,True
2024-06-17,22,44,22|59|70|75|91,1,,59,,70,,1,2,+1→F,True
2024-06-17,42,37,5|10|42,3,10,,5,,2,,1,F→-1|F→-2|F→-1→-2,True
2024-06-17,70,44,22|59|70|75|91,3,59,75,22,91,1,1,,,False
2024-06-19,42,37,5|10|42,3,10,,5,,3,,,,False
2024-06-21,19,40,8|19|51|56|67|72,2,8,51,,56,7,,3,F→-1,True
2024-06-21,56,40,8|19|51|56|67|72,4,51,67,19,72,,1,1,F→-2|F→+2,True
2024-06-25,96,54,96,1,,,,,,,2,,True
2024-06-26,53,28,21|26|53,3,26,,21,,3,,,,False
2024-06-28,1,34,1|17|33|49|76,1,,17,,33,,5,,,False
2024-06-29,63,38,20|31|47|52|63|100,5,52,100,47,,4,,4,,True
2024-07-01,9,39,9|14|30|41|46|62|78|94,1,,14,,30,,,,,False
2024-07-01,94,39,9|14|30|41|46|62|78|94,8,78,,62,,,,,,False
2024-07-02,23,42,7|18|23|50|55|66|71,3,18,50,7,55,4,2,4,+1→F,True
2024-07-02,71,42,7|18|23|50|55|66|71,7,66,,55,,1,,1,,True
2024-07-03,9,39,9|14|30|41|46|62|78|94,1,,14,,30,,,,,False
2024-07-04,72,40,8|19|51|56|67|72,6,67,,56,,,,7,,True
2024-07-07,48,36,32|48|64|85,2,32,64,,85,1,,2,-1→F,True
2024-07-08,45,50,45,1,,,,,,,2,,True
2024-07-09,88,31,3|24|88|99,3,24,99,3,,1,,,,False
2024-07-09,89,48,73|89,2,73,,,,2,,7,-1→F,True
2024-07-09,93,41,13|29|93,3,29,,13,,1,,2,-1→F|F→-2,True
2024-07-11,7,42,7|18|23|50|55|66|71,1,,18,,23,,4,6,+1→F,True
2024-07-11,50,42,7|18|23|50|55|66|71,4,23,55,18,66,3,3,3,F→-2,True
2024-07-12,48,36,32|48|64|85,2,32,64,,85,5,7,6,-1→F|F→+1,True
2024-07-15,22,44,22|59|70|75|91,1,,59,,70,,,2,F→+2,True
2024-07-15,70,44,22|59|70|75|91,3,59,75,22,91,,4,4,F→+2,True
2024-07-18,25,30,25|57,1,,57,,,,6,3,F→+1,True
2024-07-20,22,44,22|59|70|75|91,1,,59,,70,,4,1,F→+1|F→+2|F→+1→+2,True
2024-07-20,59,44,22|59|70|75|91,2,22,70,,75,1,5,4,-1→F|F→+1,True
2024-07-20,70,44,22|59|70|75|91,3,59,75,22,91,4,2,5,-1→F|+1→F,True
2024-07-24,27,26,27|38,1,,38,,,,2,,,False
2024-07-24,72,40,8|19|51|56|67|72,6,67,,56,,,,,,False
2024-07-26,13,41,13|29|93,1,,29,,93,,2,1,F→+1|F→+2|F→+1→+2,True
2024-08-01,3,31,3|24|88|99,1,,24,,88,,2,3,+1→F|F→+2,True
2024-08-02,72,40,8|19|51|56|67|72,6,67,,56,,1,,3,-1→F,True
2024-08-02,87,33,2|39|82|87,4,82,,39,,,,6,,True
2024-08-03,71,42,7|18|23|50|55|66|71,7,66,,55,,2,,,,False
2024-08-04,77,32,77,1,,,,,,,2,,True
2024-08-05,11,35,6|11|43|54|86,2,6,43,,54,2,4,4,-1→F,True
2024-08-05,22,44,22|59|70|75|91,1,,59,,70,,,,,False
2024-08-05,44,43,12|28|44|60|81|92,3,28,60,12,81,3,,1,F→-1|F→-2|F→+2|F→-1→-2,True
2024-08-05,69,45,69|80,1,,80,,,,,,,False
2024-08-05,70,44,22|59|70|75|91,3,59,75,22,91,,1,2,+1→F|F→+2,True
2024-08-05,80,45,69|80,2,69,,,,,,,,False
2024-08-05,91,44,22|59|70|75|91,5,75,,70,,1,,7,-1→F,True
2024-08-07,22,44,22|59|70|75|91,1,,59,,70,,,,,False
2024-08-07,70,44,22|59|70|75|91,3,59,75,22,91,,,7,,True
2024-08-09,7,42,7|18|23|50|55|66|71,1,,18,,23,,2,1,F→+1,True
2024-08-09,15,29,15,1,,,,,,,,,False
2024-08-11,35,49,35|40|83,1,,40,,83,,,7,,True
2024-08-13,48,36,32|48|64|85,2,32,64,,85,1,1,,,False
2024-08-14,57,30,25|57,2,25,,,,2,,5,-1→F,True
2024-08-17,29,41,13|29|93,2,13,93,,,1,2,,,False
2024-08-20,68,47,4|36|68|79|84,3,36,79,4,84,3,2,1,F→-1|F→+1|F→-2|F→+2|F→-1→-2|F→+1→+2,True
2024-08-21,50,42,7|18|23|50|55|66|71,4,23,55,18,66,2,3,6,-1→F|+1→F,True
2024-08-22,31,38,20|31|47|52|63|100,2,20,47,,52,,5,2,F→+1|F→+2,True
2024-08-22,63,38,20|31|47|52|63|100,5,52,100,47,,5,,,,False
2024-08-22,100,38,20|31|47|52|63|100,6,63,,52,,,,,,False
2024-08-23,54,35,6|11|43|54|86,4,43,86,11,,3,,,,False
2024-08-28,29,41,13|29|93,2,13,93,,,2,6,7,-1→F|+1→F,True
2024-08-29,10,37,5|10|42,2,5,42,,,3,2,3,+1→F,True
2024-08-29,42,37,5|10|42,3,10,,5,,3,,2,F→-1|F→-2|F→-1→F,True
2024-08-30,48,36,32|48|64|85,2,32,64,,85,5,4,4,F→-1|F→+2,True
2024-08-31,32,36,32|48|64|85,1,,48,,64,,3,4,+1→F,True
2024-09-01,53,28,21|26|53,3,26,,21,,6,,2,F→-1|F→-2,True
2024-09-03,82,33,2|39|82|87,3,39,87,2,,5,1,1,F→-1|F→-2|F→-1→-2|F→-1→F,True
2024-09-04,77,32,77,1,,,,,,,7,,True
2024-09-09,9,39,9|14|30|41|46|62|78|94,1,,14,,30,,3,1,F→+1,True
2024-09-09,94,39,9|14|30|41|46|62|78|94,8,78,,62,,,,7,,True
2024-09-11,22,44,22|59|70|75|91,1,,59,,70,,4,2,F→+1,True
2024-09-11,59,44,22|59|70|75|91,2,22,70,,75,2,,4,-1→F,True
2024-09-11,63,38,20|31|47|52|63|100,5,52,100,47,,6,,5,F→-1|F→-2|F→-1→-2,True
2024-09-11,70,44,22|59|70|75|91,3,59,75,22,91,4,1,,,False
2024-09-12,53,28,21|26|53,3,26,,21,,2,,5,-1→F,True
2024-09-12,54,35,6|11|43|54|86,4,43,86,11,,,1,4,+1→F|F→-2,True
2024-09-12,86,35,6|11|43|54|86,5,54,,43,,4,,1,F→-1|F→-1→F,True
2024-09-12,90,46,37|58|74|90,4,74,,58,,2,,2,F→-2,True
2024-09-13,19,40,8|19|51|56|67|72,2,8,51,,56,6,7,1,F→-1|F→+1|F→-1→F,True
2024-09-13,29,41,13|29|93,2,13,93,,,5,2,5,+1→F,True
2024-09-13,56,40,8|19|51|56|67|72,4,51,67,19,72,7,3,,,False
2024-09-13,67,40,8|19|51|56|67|72,5,56,72,51,,,3,3,F→-2,True
2024-09-15,93,41,13|29|93,3,29,,13,,3,,3,,True
2024-09-17,23,42,7|18|23|50|55|66|71,3,18,50,7,55,2,3,3,-1→F,True
2024-09-17,65,52,65|97,1,,97,,,,,6,,True
2024-09-18,19,40,8|19|51|56|67|72,2,8,51,,56,1,2,1,F→+1|F→+2|F→+1→+2,True
2024-09-19,51,40,8|19|51|56|67|72,3,19,56,8,67,1,3,1,F→+1|F→+2,True
2024-09-20,7,42,7|18|23|50|55|66|71,1,,18,,23,,1,,,False
2024-09-20,9,39,9|14|30|41|46|62|78|94,1,,14,,30,,1,,,False
2024-09-20,22,44,22|59|70|75|91,1,,59,,70,,1,3,+1→F,True
2024-09-20,46,39,9|14|30|41|46|62|78|94,5,41,62,30,78,3,7,5,-1→F|F→+1,True
2024-09-20,59,44,22|59|70|75|91,2,22,70,,75,3,,1,F→-1|F→+2,True
2024-09-20,63,38,20|31|47|52|63|100,5,52,100,47,,,,,,False
2024-09-20,70,44,22|59|70|75|91,3,59,75,22,91,1,5,,,False
2024-09-21,34,51,34|98,1,,98,,,,5,5,,True
2024-09-22,60,43,12|28|44|60|81|92,4,44,81,28,92,,1,,,False
2024-09-22,91,44,22|59|70|75|91,5,75,,70,,3,,,,False
2024-09-23,29,41,13|29|93,2,13,93,,,,2,2,,True
2024-09-27,27,26,27|38,1,,38,,,,7,7,,True
2024-09-29,86,35,6|11|43|54|86,5,54,,43,,6,,1,F→-1,True
2024-09-30,86,35,6|11|43|54|86,5,54,,43,,5,,4,F→-1,True
2024-09-30,90,46,37|58|74|90,4,74,,58,,3,,5,-1→F,True
2024-10-01,72,40,8|19|51|56|67|72,6,67,,56,,,,2,F→-2,True
2024-10-01,77,32,77,1,,,,,,,3,,True
2024-10-03,34,51,34|98,1,,98,,,,3,,,False
2024-10-05,9,39,9|14|30|41|46|62|78|94,1,,14,,30,,7,2,F→+1|F→+2,True
2024-10-05,14,39,9|14|30|41|46|62|78|94,2,9,30,,41,2,6,7,-1→F|+1→F,True
2024-10-05,69,45,69|80,1,,80,,,,5,2,F→+1,True
2024-10-08,7,42,7|18|23|50|55|66|71,1,,18,,23,,,2,,True
2024-10-08,9,39,9|14|30|41|46|62|78|94,1,,14,,30,,4,1,F→+1|F→+2,True
2024-10-08,30,39,9|14|30|41|46|62|78|94,3,14,41,9,46,4,7,3,F→-1|F→+1|F→-1→-2→F_partial|F→-1→F,True
2024-10-10,37,46,37|58|74|90,1,,58,,74,,,7,,True
2024-10-10,90,46,37|58|74|90,4,74,,58,,,,3,,True
2024-10-11,83,49,35|40|83,3,40,,35,,5,,7,-1→F,True
2024-10-12,69,45,69|80,1,,80,,,,7,6,F→+1,True
2024-10-14,45,50,45,1,,,,,,,,,False
2024-10-15,77,32,77,1,,,,,,,7,,True
2024-10-16,12,43,12|28|44|60|81|92,1,,28,,44,,6,7,+1→F,True
2024-10-16,44,43,12|28|44|60|81|92,3,28,60,12,81,6,4,,,False
2024-10-16,89,48,73|89,2,73,,,,3,,,,False
2024-10-17,100,38,20|31|47|52|63|100,6,63,,52,,3,,,,False
2024-10-19,8,40,8|19|51|56|67|72,1,,19,,51,,1,2,+1→F,True
2024-10-19,56,40,8|19|51|56|67|72,4,51,67,19,72,1,1,,,False
2024-10-21,92,43,12|28|44|60|81|92,6,81,,60,,,,5,,True
2024-10-22,57,30,25|57,2,25,,,,5,,2,F→-1|F→-1→F,True
2024-10-23,42,37,5|10|42,3,10,,5,,,,,,False
2024-10-23,73,48,73|89,1,,89,,,,1,3,+1→F,True
2024-10-24,20,38,20|31|47|52|63|100,1,,31,,47,,,1,F→+2,True
2024-10-28,11,35,6|11|43|54|86,2,6,43,,54,,5,4,F→+1|F→+2,True
2024-10-29,63,38,20|31|47|52|63|100,5,52,100,47,,,,1,F→-2,True
2024-10-30,22,44,22|59|70|75|91,1,,59,,70,,1,,,False
2024-10-30,70,44,22|59|70|75|91,3,59,75,22,91,1,5,4,-1→F|F→+1,True
2024-10-31,52,38,20|31|47|52|63|100,4,47,63,31,100,3,1,,,False
2024-11-03,73,48,73|89,1,,89,,,,,1,,True
2024-11-03,90,46,37|58|74|90,4,74,,58,,,,1,,True
2024-11-05,73,48,73|89,1,,89,,,,,1,,True
2024-11-06,21,28,21|26|53,1,,26,,53,,,4,,True
2024-11-06,26,28,21|26|53,2,21,53,,,4,2,,,False
2024-11-06,53,28,21|26|53,3,26,,21,,,,2,F→-2,True
2024-11-06,77,32,77,1,,,,,,,2,,True
2024-11-12,34,51,34|98,1,,98,,,,,,,False
2024-11-13,45,50,45,1,,,,,,,,,False
2024-11-16,67,40,8|19|51|56|67|72,5,56,72,51,,,5,2,F→+1,True
2024-11-17,63,38,20|31|47|52|63|100,5,52,100,47,,4,,1,F→-1|F→-1→F,True
2024-11-18,30,39,9|14|30|41|46|62|78|94,3,14,41,9,46,1,4,2,-1→F|F→+1|F→-2,True
2024-11-18,94,39,9|14|30|41|46|62|78|94,8,78,,62,,,,,,False
2024-11-21,7,42,7|18|23|50|55|66|71,1,,18,,23,,7,2,F→+1,True
2024-11-21,22,44,22|59|70|75|91,1,,59,,70,,3,2,F→+1|F→+2,True
2024-11-21,23,42,7|18|23|50|55|66|71,3,18,50,7,55,7,1,,,False
2024-11-21,26,28,21|26|53,2,21,53,,,3,1,,,False
2024-11-21,53,28,21|26|53,3,26,,21,,,,1,F→-2,True
2024-11-21,59,44,22|59|70|75|91,2,22,70,,75,2,3,3,-1→F,True
2024-11-21,70,44,22|59|70|75|91,3,59,75,22,91,3,3,3,F→+2,True
2024-11-24,35,49,35|40|83,1,,40,,83,,1,5,+1→F,True
2024-11-26,48,36,32|48|64|85,2,32,64,,85,1,3,2,-1→F|F→+1|F→+2,True
2024-11-26,67,40,8|19|51|56|67|72,5,56,72,51,,4,2,1,F→-1|F→+1|F→-2|F→-1→F,True
2024-11-29,72,40,8|19|51|56|67|72,6,67,,56,,4,,1,F→-1,True
2024-11-29,76,34,1|17|33|49|76,5,49,,33,,1,,6,-1→F,True
2024-11-30,9,39,9|14|30|41|46|62|78|94,1,,14,,30,,4,,,False
2024-11-30,29,41,13|29|93,2,13,93,,,,,,,False
2024-11-30,35,49,35|40|83,1,,40,,83,,2,,,False
2024-12-01,28,43,12|28|44|60|81|92,2,12,44,,60,5,7,,,False
2024-12-03,79,47,4|36|68|79|84,4,68,84,36,,5,4,1,F→-1|F→+1|F→-2,True
2024-12-04,84,47,4|36|68|79|84,5,79,,68,,2,,3,-1→F|F→-2,True
2024-12-06,31,38,20|31|47|52|63|100,2,20,47,,52,5,1,5,+1→F|F→+2,True
2024-12-09,6,35,6|11|43|54|86,1,,11,,43,,,1,F→+2,True
2024-12-10,69,45,69|80,1,,80,,,,5,3,F→+1,True
2024-12-12,52,38,20|31|47|52|63|100,4,47,63,31,100,,4,1,F→+1,True
2024-12-12,63,38,20|31|47|52|63|100,5,52,100,47,,1,,4,-1→F,True
2024-12-13,35,49,35|40|83,1,,40,,83,,3,5,+1→F,True
2024-12-13,97,52,65|97,2,65,,,,7,,2,F→-1,True
2024-12-19,35,49,35|40|83,1,,40,,83,,4,3,F→+1|F→+2,True
2024-12-19,37,46,37|58|74|90,1,,58,,74,,2,4,+1→F,True
2024-12-19,90,46,37|58|74|90,4,74,,58,,4,,2,F→-1|F→-1→F,True
2024-12-21,63,38,20|31|47|52|63|100,5,52,100,47,,2,,3,-1→F|F→-2,True
2024-12-23,19,40,8|19|51|56|67|72,2,8,51,,56,1,3,6,-1→F|+1→F,True
2024-12-23,56,40,8|19|51|56|67|72,4,51,67,19,72,3,,,,False
2024-12-25,91,44,22|59|70|75|91,5,75,,70,,,,,,False
2024-12-28,83,49,35|40|83,3,40,,35,,5,,1,F→-1,True
2024-12-29,9,39,9|14|30|41|46|62|78|94,1,,14,,30,,,1,,True
2024-12-29,30,39,9|14|30|41|46|62|78|94,3,14,41,9,46,,,,,False
2024-12-29,53,28,21|26|53,3,26,,21,,2,,4,-1→F,True
2024-12-30,53,28,21|26|53,3,26,,21,,1,,3,-1→F,True
2024-12-30,68,47,4|36|68|79|84,3,36,79,4,84,4,,7,-1→F,True
2025-01-04,22,44,22|59|70|75|91,1,,59,,70,,5,1,F→+1,True
2025-01-04,70,44,22|59|70|75|91,3,59,75,22,91,5,4,,,False
2025-01-04,91,44,22|59|70|75|91,5,75,,70,,4,,1,F→-1,True
2025-01-08,57,30,25|57,2,25,,,,3,,2,F→-1,True
2025-01-08,83,49,35|40|83,3,40,,35,,1,,3,-1→F,True
2025-01-09,56,40,8|19|51|56|67|72,4,51,67,19,72,1,1,2,-1→F|+1→F,True
2025-01-10,56,40,8|19|51|56|67|72,4,51,67,19,72,6,3,1,F→-1|F→+1|F→-2|F→+2,True
2025-01-10,72,40,8|19|51|56|67|72,6,67,,56,,3,,2,F→-1|F→-1→-2→F_partial|F→-1→F,True
2025-01-11,7,42,7|18|23|50|55|66|71,1,,18,,23,,,2,F→+2,True
2025-01-12,26,28,21|26|53,2,21,53,,,7,3,2,F→-1|F→+1,True
2025-01-12,53,28,21|26|53,3,26,,21,,2,,3,-1→F|F→-2,True
2025-01-15,42,37,5|10|42,3,10,,5,,5,,,,False
2025-01-15,89,48,73|89,2,73,,,,2,,6,-1→F,True
2025-01-21,73,48,73|89,1,,89,,,,2,,,False
2025-01-22,14,39,9|14|30|41|46|62|78|94,2,9,30,,41,3,,1,F→-1|F→+2,True
2025-01-22,41,39,9|14|30|41|46|62|78|94,4,30,46,14,62,,1,3,+1→F,True
2025-01-23,90,46,37|58|74|90,4,74,,58,,3,,4,-1→F,True
2025-01-24,27,26,27|38,1,,38,,,,1,1,,True
2025-01-25,77,32,77,1,,,,,,,1,,True
2025-01-28,44,43,12|28|44|60|81|92,3,28,60,12,81,1,3,2,-1→F|F→+1|F→+2,True
2025-01-28,53,28,21|26|53,3,26,,21,,1,,5,-1→F,True
2025-01-29,3,31,3|24|88|99,1,,24,,88,,3,2,F→+1,True
2025-01-30,19,40,8|19|51|56|67|72,2,8,51,,56,1,,3,-1→F|F→+2,True
2025-01-31,6,35,6|11|43|54|86,1,,11,,43,,,,,False
2025-01-31,48,36,32|48|64|85,2,32,64,,85,5,7,1,F→-1|F→+1|F→+2,True
2025-02-02,15,29,15,1,,,,,,,1,,True
2025-02-03,11,35,6|11|43|54|86,2,6,43,,54,,7,,,False
2025-02-04,35,49,35|40|83,1,,40,,83,,7,2,F→+1,True
2025-02-05,63,38,20|31|47|52|63|100,5,52,100,47,,5,,4,F→-1|F→-1→-2→F_partial|F→-1→F,True
2025-02-08,84,47,4|36|68|79|84,5,79,,68,,4,,3,F→-1,True
2025-02-10,32,36,32|48|64|85,1,,48,,64,,2,,,False
2025-02-11,31,38,20|31|47|52|63|100,2,20,47,,52,5,6,,,False
2025-02-11,63,38,20|31|47|52|63|100,5,52,100,47,,1,,3,-1→F|F→-2,True
2025-02-12,73,48,73|89,1,,89,,,,1,2,+1→F,True
2025-02-12,76,34,1|17|33|49|76,5,49,,33,,3,,3,,True
2025-02-21,52,38,20|31|47|52|63|100,4,47,63,31,100,2,3,,,False
2025-02-23,22,44,22|59|70|75|91,1,,59,,70,,,2,,True
2025-02-23,44,43,12|28|44|60|81|92,3,28,60,12,81,1,3,2,-1→F|F→+1|F→-2,True
2025-02-23,70,44,22|59|70|75|91,3,59,75,22,91,,,,,False
2025-02-23,75,44,22|59|70|75|91,4,70,91,59,,,6,,,False
2025-02-28,41,39,9|14|30|41|46|62|78|94,4,30,46,14,62,2,,,,False
2025-02-28,56,40,8|19|51|56|67|72,4,51,67,19,72,1,1,6,-1→F|+1→F,True
2025-03-02,22,44,22|59|70|75|91,1,,59,,70,,6,,,False
2025-03-02,53,28,21|26|53,3,26,,21,,5,,7,-1→F,True
2025-03-02,70,44,22|59|70|75|91,3,59,75,22,91,6,3,2,F→-1|F→+1,True
2025-03-03,7,42,7|18|23|50|55|66|71,1,,18,,23,,,,,False
2025-03-03,22,44,22|59|70|75|91,1,,59,,70,,5,,,False
2025-03-03,70,44,22|59|70|75|91,3,59,75,22,91,5,2,1,F→-1|F→+1|F→-1→F,True
2025-03-07,12,43,12|28|44|60|81|92,1,,28,,44,,4,6,+1→F,True
2025-03-07,28,43,12|28|44|60|81|92,2,12,44,,60,6,2,4,F→-1|+1→F,True
2025-03-07,56,40,8|19|51|56|67|72,4,51,67,19,72,5,5,2,F→-1|F→+1|F→-2|F→+2,True
2025-03-07,92,43,12|28|44|60|81|92,6,81,,60,,4,,6,-1→F,True
2025-03-08,89,48,73|89,2,73,,,,1,,,,False
2025-03-09,22,44,22|59|70|75|91,1,,59,,70,,,,,False
2025-03-09,42,37,5|10|42,3,10,,5,,1,,5,-1→F,True
2025-03-09,70,44,22|59|70|75|91,3,59,75,22,91,,6,1,F→+1|F→+2,True
2025-03-10,1,34,1|17|33|49|76,1,,17,,33,,,1,F→+2,True
2025-03-11,26,28,21|26|53,2,21,53,,,2,,3,-1→F,True
2025-03-11,53,28,21|26|53,3,26,,21,,3,,,,False
2025-03-11,73,48,73|89,1,,89,,,,,4,,True
2025-03-12,52,38,20|31|47|52|63|100,4,47,63,31,100,2,2,6,-1→F|+1→F,True
2025-03-12,63,38,20|31|47|52|63|100,5,52,100,47,,6,,2,F→-1|F→-1→F,True
2025-03-15,93,41,13|29|93,3,29,,13,,2,,1,F→-1|F→-2|F→-1→F,True
2025-03-16,42,37,5|10|42,3,10,,5,,,,2,F→-2,True
2025-03-17,54,35,6|11|43|54|86,4,43,86,11,,3,,6,-1→F,True
2025-03-19,3,31,3|24|88|99,1,,24,,88,,4,2,F→+1,True
2025-03-21,22,44,22|59|70|75|91,1,,59,,70,,2,2,,True
2025-03-21,70,44,22|59|70|75|91,3,59,75,22,91,2,,,,False
2025-03-22,69,45,69|80,1,,80,,,,3,5,+1→F,True
2025-03-22,73,48,73|89,1,,89,,,,5,3,F→+1,True
2025-03-24,53,28,21|26|53,3,26,,21,,2,,4,-1→F,True
2025-03-24,73,48,73|89,1,,89,,,,3,1,F→+1,True
2025-03-24,91,44,22|59|70|75|91,5,75,,70,,,,1,,True
2025-03-29,79,47,4|36|68|79|84,4,68,84,36,,1,3,,,False
2025-03-29,83,49,35|40|83,3,40,,35,,2,,1,F→-1|F→-1→F,True
2025-03-31,93,41,13|29|93,3,29,,13,,2,,,,False
2025-04-01,10,37,5|10|42,2,5,42,,,7,2,2,F→-1,True
2025-04-01,42,37,5|10|42,3,10,,5,,2,,2,F→-2,True
2025-04-01,53,28,21|26|53,3,26,,21,,,,,,False
2025-04-02,22,44,22|59|70|75|91,1,,59,,70,,2,,,False
2025-04-02,70,44,22|59|70|75|91,3,59,75,22,91,2,3,1,F→-1|F→+1|F→+2|F→-1→F,True
2025-04-03,7,42,7|18|23|50|55|66|71,1,,18,,23,,,5,,True
2025-04-03,22,44,22|59|70|75|91,1,,59,,70,,1,,,False
2025-04-03,70,44,22|59|70|75|91,3,59,75,22,91,1,2,2,-1→F,True
2025-04-03,71,42,7|18|23|50|55|66|71,7,66,,55,,7,,5,F→-1|F→-1→-2→F_partial,True
2025-04-08,87,33,2|39|82|87,4,82,,39,,3,,1,F→-1|F→-2,True
2025-04-10,9,39,9|14|30|41|46|62|78|94,1,,14,,30,,1,7,+1→F,True
2025-04-11,88,31,3|24|88|99,3,24,99,3,,5,2,4,F→-1|+1→F,True
2025-04-13,29,41,13|29|93,2,13,93,,,,4,,,False
2025-04-13,90,46,37|58|74|90,4,74,,58,,,,6,,True
2025-04-14,41,39,9|14|30|41|46|62|78|94,4,30,46,14,62,,5,,,False
2025-04-14,56,40,8|19|51|56|67|72,4,51,67,19,72,2,1,,,False
2025-04-14,57,30,25|57,2,25,,,,1,,2,-1→F,True
2025-04-17,44,43,12|28|44|60|81|92,3,28,60,12,81,3,3,7,-1→F|+1→F,True
2025-04-19,42,37,5|10|42,3,10,,5,,1,,4,-1→F,True
2025-04-20,26,28,21|26|53,2,21,53,,,4,2,5,-1→F|+1→F,True
2025-04-20,53,28,21|26|53,3,26,,21,,5,,2,F→-1|F→-2,True
2025-04-21,73,48,73|89,1,,89,,,,5,,,False
2025-04-21,87,33,2|39|82|87,4,82,,39,,3,,6,-1→F,True
2025-04-23,26,28,21|26|53,2,21,53,,,1,6,2,-1→F|F→+1,True
2025-04-23,76,34,1|17|33|49|76,5,49,,33,,1,,,,False
2025-04-24,35,49,35|40|83,1,,40,,83,,,5,,True
2025-04-24,69,45,69|80,1,,80,,,,2,2,,True
2025-04-24,91,44,22|59|70|75|91,5,75,,70,,,,2,,True
2025-04-25,82,33,2|39|82|87,3,39,87,2,,,2,5,+1→F,True
2025-04-30,10,37,5|10|42,2,5,42,,,3,1,6,-1→F|+1→F,True
2025-04-30,42,37,5|10|42,3,10,,5,,6,,1,F→-1|F→-2|F→-1→F,True
2025-05-02,3,31,3|24|88|99,1,,24,,88,,4,,,False
2025-05-02,74,46,37|58|74|90,3,58,90,37,,3,1,2,F→-1|+1→F|F→-1→F,True
2025-05-04,28,43,12|28|44|60|81|92,2,12,44,,60,1,,2,-1→F|F→+2,True
2025-05-04,44,43,12|28|44|60|81|92,3,28,60,12,81,2,6,,,False
2025-05-05,65,52,65|97,1,,97,,,,2,2,,True
2025-05-07,25,30,25|57,1,,57,,,,1,2,+1→F,True
2025-05-09,88,31,3|24|88|99,3,24,99,3,,1,,5,-1→F,True
2025-05-14,83,49,35|40|83,3,40,,35,,2,,6,-1→F,True
2025-05-15,22,44,22|59|70|75|91,1,,59,,70,,,1,,True
2025-05-15,59,44,22|59|70|75|91,2,22,70,,75,1,1,,,False
2025-05-15,70,44,22|59|70|75|91,3,59,75,22,91,,4,1,F→+1|F→+2,True
2025-05-17,7,42,7|18|23|50|55|66|71,1,,18,,23,,7,3,F→+1,True
2025-05-17,63,38,20|31|47|52|63|100,5,52,100,47,,1,,2,-1→F|F→-2,True
2025-05-18,54,35,6|11|43|54|86,4,43,86,11,,2,,3,-1→F,True
2025-05-18,63,38,20|31|47|52|63|100,5,52,100,47,,1,,1,F→-2,True
2025-05-18,65,52,65|97,1,,97,,,,5,,,False
2025-05-18,97,52,65|97,2,65,,,,,,5,,True
2025-05-22,29,41,13|29|93,2,13,93,,,4,5,,,False
2025-05-23,9,39,9|14|30|41|46|62|78|94,1,,14,,30,,3,1,F→+1,True
2025-05-23,94,39,9|14|30|41|46|62|78|94,8,78,,62,,,,,,False
2025-05-24,79,47,4|36|68|79|84,4,68,84,36,,3,6,,,False
2025-05-27,19,40,8|19|51|56|67|72,2,8,51,,56,4,3,5,-1→F|+1→F,True
2025-05-28,77,32,77,1,,,,,,,6,,True
2025-05-29,12,43,12|28|44|60|81|92,1,,28,,44,,3,4,+1→F,True
2025-05-29,28,43,12|28|44|60|81|92,2,12,44,,60,4,2,3,F→-1|+1→F,True
2025-05-29,65,52,65|97,1,,97,,,,3,4,+1→F,True
2025-05-29,81,43,12|28|44|60|81|92,5,60,92,44,,,6,6,,True
2025-05-30,44,43,12|28|44|60|81|92,3,28,60,12,81,2,,1,F→-1|F→-2|F→+2|F→-1→-2|F→-1→F,True
2025-05-31,12,43,12|28|44|60|81|92,1,,28,,44,,1,2,+1→F,True
2025-05-31,29,41,13|29|93,2,13,93,,,6,7,1,F→-1|F→+1,True
2025-05-31,44,43,12|28|44|60|81|92,3,28,60,12,81,1,,1,F→-2|F→+2,True
2025-05-31,56,40,8|19|51|56|67|72,4,51,67,19,72,1,3,,,False
2025-05-31,71,42,7|18|23|50|55|66|71,7,66,,55,,1,,1,,True
2025-05-31,81,43,12|28|44|60|81|92,5,60,92,44,,,4,4,,True
2025-06-01,22,44,22|59|70|75|91,1,,59,,70,,3,3,F→+2,True
2025-06-01,59,44,22|59|70|75|91,2,22,70,,75,3,7,3,F→+1,True
2025-06-02,28,43,12|28|44|60|81|92,2,12,44,,60,,2,4,+1→F,True
2025-06-03,69,45,69|80,1,,80,,,,,,,False
2025-06-04,56,40,8|19|51|56|67|72,4,51,67,19,72,7,2,5,F→-1|+1→F|F→-1→-2→F_partial,True
2025-06-05,42,37,5|10|42,3,10,,5,,,,6,,True
2025-06-06,26,28,21|26|53,2,21,53,,,2,3,,,False
2025-06-08,90,46,37|58|74|90,4,74,,58,,4,,5,-1→F,True
2025-06-12,73,48,73|89,1,,89,,,,2,,,False
2025-06-12,89,48,73|89,2,73,,,,,,2,,True
2025-06-13,22,44,22|59|70|75|91,1,,59,,70,,3,1,F→+1|F→+2,True
2025-06-13,70,44,22|59|70|75|91,3,59,75,22,91,3,1,3,+1→F,True
2025-06-15,87,33,2|39|82|87,4,82,,39,,,,1,F→-2,True
2025-06-16,42,37,5|10|42,3,10,,5,,2,,5,-1→F|F→-2,True
2025-06-16,59,44,22|59|70|75|91,2,22,70,,75,4,1,7,-1→F|+1→F,True
2025-06-18,19,40,8|19|51|56|67|72,2,8,51,,56,2,,,,False
2025-06-20,29,41,13|29|93,2,13,93,,,,1,3,+1→F,True
2025-06-23,20,38,20|31|47|52|63|100,1,,31,,47,,2,1,F→+1|F→+2|F→+1→+2,True
2025-06-23,63,38,20|31|47|52|63|100,5,52,100,47,,1,,2,-1→F|F→-2,True
2025-06-23,100,38,20|31|47|52|63|100,6,63,,52,,2,,,,False
2025-06-25,35,49,35|40|83,1,,40,,83,,,2,F→+2,True
2025-06-25,83,49,35|40|83,3,40,,35,,,,7,,True
2025-06-27,22,44,22|59|70|75|91,1,,59,,70,,,,,False
2025-06-27,70,44,22|59|70|75|91,3,59,75,22,91,,1,1,F→+2,True
2025-06-29,76,34,1|17|33|49|76,5,49,,33,,4,,4,,True
2025-06-30,77,32,77,1,,,,,,,1,,True
2025-07-01,90,46,37|58|74|90,4,74,,58,,1,,3,-1→F,True
2025-07-09,63,38,20|31|47|52|63|100,5,52,100,47,,7,,,,False
2025-07-11,68,47,4|36|68|79|84,3,36,79,4,84,,6,,,False
2025-07-12,71,42,7|18|23|50|55|66|71,7,66,,55,,1,,5,-1→F,True
2025-07-15,80,45,69|80,2,69,,,,7,,2,F→-1,True
2025-07-19,23,42,7|18|23|50|55|66|71,3,18,50,7,55,5,,1,F→-1|F→-2|F→+2,True
2025-07-20,30,39,9|14|30|41|46|62|78|94,3,14,41,9,46,7,5,1,F→-1|F→+1|F→+2,True
2025-07-22,14,39,9|14|30|41|46|62|78|94,2,9,30,,41,,,5,,True
2025-07-22,30,39,9|14|30|41|46|62|78|94,3,14,41,9,46,5,3,,,False
2025-07-23,89,48,73|89,2,73,,,,3,,1,F→-1|F→-1→F,True
2025-07-24,12,43,12|28|44|60|81|92,1,,28,,44,,3,6,+1→F,True
2025-07-24,44,43,12|28|44|60|81|92,3,28,60,12,81,3,4,3,F→+1|F→-2,True
2025-07-25,19,40,8|19|51|56|67|72,2,8,51,,56,,3,4,+1→F,True
2025-07-25,65,52,65|97,1,,97,,,,2,2,,True
2025-07-27,22,44,22|59|70|75|91,1,,59,,70,,7,1,F→+1,True
2025-07-27,53,28,21|26|53,3,26,,21,,1,,,,False
2025-07-27,70,44,22|59|70|75|91,3,59,75,22,91,7,3,1,F→-1|F→+1|F→+2,True
2025-07-28,63,38,20|31|47|52|63|100,5,52,100,47,,5,,1,F→-1,True
2025-07-31,9,39,9|14|30|41|46|62|78|94,1,,14,,30,,3,1,F→+1,True
2025-07-31,37,46,37|58|74|90,1,,58,,74,,1,5,+1→F|F→+2,True
2025-07-31,90,46,37|58|74|90,4,74,,58,,6,,1,F→-1,True
2025-08-03,35,49,35|40|83,1,,40,,83,,3,1,F→+1,True
2025-08-04,30,39,9|14|30|41|46|62|78|94,3,14,41,9,46,4,2,5,-1→F|+1→F,True
2025-08-04,46,39,9|14|30|41|46|62|78|94,5,41,62,30,78,2,2,2,F→-2|F→+2,True
2025-08-05,52,38,20|31|47|52|63|100,4,47,63,31,100,5,3,2,F→-1|F→+1,True
2025-08-05,63,38,20|31|47|52|63|100,5,52,100,47,,2,,3,-1→F|F→-2,True
2025-08-07,89,48,73|89,2,73,,,,6,,,,False
2025-08-10,10,37,5|10|42,2,5,42,,,6,2,2,F→-1,True
2025-08-11,42,37,5|10|42,3,10,,5,,1,,1,F→-2,True
2025-08-11,44,43,12|28|44|60|81|92,3,28,60,12,81,4,,,,False
2025-08-12,85,36,32|48|64|85,4,64,,48,,,,3,,True
2025-08-13,19,40,8|19|51|56|67|72,2,8,51,,56,,2,1,F→+1|F→+2|F→+1→+2,True
2025-08-13,51,40,8|19|51|56|67|72,3,19,56,8,67,1,4,2,-1→F|F→+1|F→+2,True
2025-08-13,56,40,8|19|51|56|67|72,4,51,67,19,72,2,4,4,-1→F,True
2025-08-13,57,30,25|57,2,25,,,,2,,5,-1→F,True
2025-08-17,88,31,3|24|88|99,3,24,99,3,,1,5,,,False
2025-08-18,76,34,1|17|33|49|76,5,49,,33,,,,4,,True
2025-08-19,76,34,1|17|33|49|76,5,49,,33,,7,,3,F→-1|F→-1→-2→F_partial,True
2025-08-20,3,31,3|24|88|99,1,,24,,88,,2,,,False
2025-08-21,32,36,32|48|64|85,1,,48,,64,,3,,,False
2025-08-22,54,35,6|11|43|54|86,4,43,86,11,,2,2,,,False
2025-08-25,44,43,12|28|44|60|81|92,3,28,60,12,81,3,,3,,True
2025-08-26,87,33,2|39|82|87,4,82,,39,,,,1,F→-2,True
2025-08-27,13,41,13|29|93,1,,29,,93,,2,2,F→+2,True
2025-08-28,7,42,7|18|23|50|55|66|71,1,,18,,23,,,1,F→+2,True
2025-08-28,22,44,22|59|70|75|91,1,,59,,70,,7,2,F→+1,True
2025-08-28,70,44,22|59|70|75|91,3,59,75,22,91,7,2,,,False
2025-08-29,65,52,65|97,1,,97,,,,2,1,F→+1,True
2025-08-30,9,39,9|14|30|41|46|62|78|94,1,,14,,30,,3,,,False
2025-08-30,30,39,9|14|30|41|46|62|78|94,3,14,41,9,46,3,1,,,False
2025-08-30,42,37,5|10|42,3,10,,5,,,,1,F→-2,True
2025-08-30,62,39,9|14|30|41|46|62|78|94,6,46,78,41,94,6,,4,F→-1|F→-1→-2→F_partial,True
2025-08-31,35,49,35|40|83,1,,40,,83,,2,,,False
2025-08-31,80,45,69|80,2,69,,,,4,,,,False
2025-09-01,59,44,22|59|70|75|91,2,22,70,,75,1,,3,-1→F|F→+2,True
2025-09-01,91,44,22|59|70|75|91,5,75,,70,,7,,6,F→-1,True
2025-09-02,80,45,69|80,2,69,,,,2,,6,-1→F,True
2025-09-02,93,41,13|29|93,3,29,,13,,4,,,,False
2025-09-05,42,37,5|10|42,3,10,,5,,3,,4,-1→F,True
2025-09-05,44,43,12|28|44|60|81|92,3,28,60,12,81,,5,1,F→+1|F→-2,True
2025-09-05,60,43,12|28|44|60|81|92,4,44,81,28,92,1,,5,-1→F,True
2025-09-06,22,44,22|59|70|75|91,1,,59,,70,,1,,,False
2025-09-06,70,44,22|59|70|75|91,3,59,75,22,91,1,2,3,-1→F|+1→F,True
2025-09-06,91,44,22|59|70|75|91,5,75,,70,,2,,1,F→-1|F→-2|F→-1→-2,True
2025-09-07,85,36,32|48|64|85,4,64,,48,,1,,5,-1→F,True
2025-09-09,35,49,35|40|83,1,,40,,83,,1,3,+1→F,True
2025-09-10,46,39,9|14|30|41|46|62|78|94,5,41,62,30,78,3,1,,,False
2025-09-10,60,43,12|28|44|60|81|92,4,44,81,28,92,,3,3,F→-2,True
2025-09-13,7,42,7|18|23|50|55|66|71,1,,18,,23,,,3,F→+2,True
2025-09-13,9,39,9|14|30|41|46|62|78|94,1,,14,,30,,2,2,,True
2025-09-13,29,41,13|29|93,2,13,93,,,5,5,2,F→-1|F→+1,True
2025-09-13,41,39,9|14|30|41|46|62|78|94,4,30,46,14,62,1,7,2,-1→F|F→+1,True
2025-09-13,71,42,7|18|23|50|55|66|71,7,66,,55,,5,,,,False
2025-09-14,3,31,3|24|88|99,1,,24,,88,,,4,,True
2025-09-14,57,30,25|57,2,25,,,,,,2,,True
2025-09-15,29,41,13|29|93,2,13,93,,,3,3,1,F→-1|F→+1|F→-1→F,True
2025-09-16,34,51,34|98,1,,98,,,,2,4,+1→F,True
2025-09-17,69,45,69|80,1,,80,,,,6,4,F→+1,True
2025-09-19,63,38,20|31|47|52|63|100,5,52,100,47,,6,,,,False
2025-09-19,100,38,20|31|47|52|63|100,6,63,,52,,,,,,False
2025-09-20,59,44,22|59|70|75|91,2,22,70,,75,6,6,,,False
2025-09-20,91,44,22|59|70|75|91,5,75,,70,,1,,5,-1→F|F→-2,True
2025-09-21,42,37,5|10|42,3,10,,5,,2,,3,-1→F|F→-2,True
2025-09-21,63,38,20|31|47|52|63|100,5,52,100,47,,4,,,,False
2025-09-28,76,34,1|17|33|49|76,5,49,,33,,7,,1,F→-1|F→-2,True
2025-09-30,10,37,5|10|42,2,5,42,,,,6,4,F→+1,True
2025-09-30,29,41,13|29|93,2,13,93,,,3,,1,F→-1|F→-1→F,True
2025-09-30,42,37,5|10|42,3,10,,5,,4,,6,-1→F,True
2025-09-30,82,33,2|39|82|87,3,39,87,2,,2,,2,,True
2025-10-01,87,33,2|39|82|87,4,82,,39,,1,,7,-1→F,True
2025-10-02,51,40,8|19|51|56|67|72,3,19,56,8,67,5,5,,,False
2025-10-02,67,40,8|19|51|56|67|72,5,56,72,51,,5,2,,,False
2025-10-03,76,34,1|17|33|49|76,5,49,,33,,2,,3,-1→F|F→-2,True
2025-10-07,63,38,20|31|47|52|63|100,5,52,100,47,,6,,,,False
2025-10-09,30,39,9|14|30|41|46|62|78|94,3,14,41,9,46,,3,3,F→-2,True
2025-10-10,35,49,35|40|83,1,,40,,83,,1,2,+1→F|F→+2,True
2025-10-10,53,28,21|26|53,3,26,,21,,1,,1,,True
2025-10-10,63,38,20|31|47|52|63|100,5,52,100,47,,3,,,,False
2025-10-11,19,40,8|19|51|56|67|72,2,8,51,,56,2,,3,-1→F,True
2025-10-11,72,40,8|19|51|56|67|72,6,67,,56,,2,,1,F→-1|F→-1→F,True
2025-10-11,90,46,37|58|74|90,4,74,,58,,7,,5,F→-1|F→-1→-2→F_partial,True
2025-10-12,27,26,27|38,1,,38,,,,2,,,False
2025-10-13,9,39,9|14|30|41|46|62|78|94,1,,14,,30,,7,1,F→+1,True
2025-10-13,59,44,22|59|70|75|91,2,22,70,,75,3,,1,F→-1|F→+2|F→-1→F,True
2025-10-14,72,40,8|19|51|56|67|72,6,67,,56,,3,,3,,True
2025-10-15,26,28,21|26|53,2,21,53,,,3,3,,,False
2025-10-15,53,28,21|26|53,3,26,,21,,,,3,,True
2025-10-16,9,39,9|14|30|41|46|62|78|94,1,,14,,30,,4,3,F→+1,True
2025-10-16,90,46,37|58|74|90,4,74,,58,,2,,2,F→-2,True
2025-10-20,7,42,7|18|23|50|55|66|71,1,,18,,23,,,1,F→+2,True
2025-10-20,23,42,7|18|23|50|55|66|71,3,18,50,7,55,,1,4,+1→F,True
2025-10-21,44,43,12|28|44|60|81|92,3,28,60,12,81,5,,,,False
2025-10-26,7,42,7|18|23|50|55|66|71,1,,18,,23,,5,5,,True
2025-10-26,23,42,7|18|23|50|55|66|71,3,18,50,7,55,5,,4,F→-1|F→-2|F→+2,True
2025-10-27,54,35,6|11|43|54|86,4,43,86,11,,4,1,2,F→-1|+1→F|F→-1→-2→F_partial,True
2025-10-28,65,52,65|97,1,,97,,,,5,2,F→+1,True
2025-10-30,100,38,20|31|47|52|63|100,6,63,,52,,1,,,,False
2025-10-31,9,39,9|14|30|41|46|62|78|94,1,,14,,30,,3,1,F→+1|F→+2|F→+1→+2,True
2025-11-01,90,46,37|58|74|90,4,74,,58,,3,,,,False
2025-11-04,59,44,22|59|70|75|91,2,22,70,,75,5,1,3,F→-1|+1→F|F→-1→F,True
2025-11-05,22,44,22|59|70|75|91,1,,59,,70,,2,4,+1→F,True
2025-11-05,42,37,5|10|42,3,10,,5,,1,,3,-1→F,True
2025-11-05,90,46,37|58|74|90,4,74,,58,,1,,4,-1→F,True
2025-11-05,91,44,22|59|70|75|91,5,75,,70,,1,,3,-1→F|F→-2,True
2025-11-06,62,39,9|14|30|41|46|62|78|94,6,46,78,41,94,5,5,2,F→-1|F→+1|F→-2,True
2025-11-08,7,42,7|18|23|50|55|66|71,1,,18,,23,,,,,False
2025-11-08,23,42,7|18|23|50|55|66|71,3,18,50,7,55,,5,2,F→+1|F→+2,True
2025-11-08,48,36,32|48|64|85,2,32,64,,85,1,5,6,-1→F|+1→F,True
2025-11-09,29,41,13|29|93,2,13,93,,,2,1,5,-1→F|+1→F,True
2025-11-10,72,40,8|19|51|56|67|72,6,67,,56,,3,,7,-1→F,True
2025-11-16,42,37,5|10|42,3,10,,5,,1,,2,-1→F,True
2025-11-16,82,33,2|39|82|87,3,39,87,2,,4,2,2,F→-1|F→-1→F,True
2025-11-18,26,28,21|26|53,2,21,53,,,3,1,1,F→-1|F→-1→F,True
2025-11-19,21,28,21|26|53,1,,26,,53,,5,2,F→+1,True
2025-11-19,26,28,21|26|53,2,21,53,,,2,,5,-1→F,True
2025-11-19,34,51,34|98,1,,98,,,,1,,,False
2025-11-19,53,28,21|26|53,3,26,,21,,5,,,,False
2025-11-20,46,39,9|14|30|41|46|62|78|94,5,41,62,30,78,1,6,,,False
2025-11-22,35,49,35|40|83,1,,40,,83,,3,2,F→+1|F→+2|F→+1→+2,True
2025-11-22,63,38,20|31|47|52|63|100,5,52,100,47,,,,3,F→-2,True
2025-11-22,100,38,20|31|47|52|63|100,6,63,,52,,3,,,,False
2025-11-23,7,42,7|18|23|50|55|66|71,1,,18,,23,,,3,,True
2025-11-23,71,42,7|18|23|50|55|66|71,7,66,,55,,6,,1,F→-1|F→-2,True
2025-11-25,57,30,25|57,2,25,,,,7,,,,False
2025-11-26,46,39,9|14|30|41|46|62|78|94,5,41,62,30,78,1,4,,,False
2025-11-26,94,39,9|14|30|41|46|62|78|94,8,78,,62,,2,,4,-1→F,True
2025-11-27,26,28,21|26|53,2,21,53,,,5,,3,F→-1,True
2025-11-27,53,28,21|26|53,3,26,,21,,3,,,,False
2025-11-27,68,47,4|36|68|79|84,3,36,79,4,84,,6,5,F→+1|F→-2,True
2025-11-27,76,34,1|17|33|49|76,5,49,,33,,2,,1,F→-1,True
2025-11-28,42,37,5|10|42,3,10,,5,,1,,7,-1→F,True
2025-12-04,86,35,6|11|43|54|86,5,54,,43,,3,,6,-1→F,True
2025-12-05,7,42,7|18|23|50|55|66|71,1,,18,,23,,2,,,False
2025-12-05,71,42,7|18|23|50|55|66|71,7,66,,55,,2,,1,F→-1|F→-2,True
2025-12-07,73,48,73|89,1,,89,,,,,2,,True
2025-12-09,28,43,12|28|44|60|81|92,2,12,44,,60,2,,6,-1→F,True
2025-12-09,44,43,12|28|44|60|81|92,3,28,60,12,81,6,,,,False
2025-12-14,11,35,6|11|43|54|86,2,6,43,,54,1,3,6,-1→F|+1→F,True
2025-12-14,54,35,6|11|43|54|86,4,43,86,11,,3,5,5,-1→F|F→-2,True
2025-12-16,58,46,37|58|74|90,2,37,74,,90,2,3,1,F→-1|F→+1|F→+2|F→-1→F,True
2025-12-20,29,41,13|29|93,2,13,93,,,3,3,2,F→-1|F→+1|F→-1→F,True
2025-12-20,56,40,8|19|51|56|67|72,4,51,67,19,72,1,1,7,-1→F|+1→F,True
2025-12-27,29,41,13|29|93,2,13,93,,,2,6,2,F→+1,True
2025-12-27,93,41,13|29|93,3,29,,13,,2,,6,-1→F,True
2025-12-29,16,27,16,1,,,,,,,2,,True
2025-12-30,28,43,12|28|44|60|81|92,2,12,44,,60,4,7,1,F→-1|F→+1|F→+2|F→-1→F,True
2025-12-30,44,43,12|28|44|60|81|92,3,28,60,12,81,1,5,7,-1→F|+1→F,True
2025-12-30,77,32,77,1,,,,,,,4,,True
2025-12-31,84,47,4|36|68|79|84,5,79,,68,,3,,4,-1→F,True
2026-01-02,29,41,13|29|93,2,13,93,,,5,2,6,-1→F|+1→F,True
2026-01-03,44,43,12|28|44|60|81|92,3,28,60,12,81,2,1,3,-1→F|+1→F,True
2026-01-03,92,43,12|28|44|60|81|92,6,81,,60,,3,,2,F→-1|F→-1→-2→F_partial,True
2026-01-06,56,40,8|19|51|56|67|72,4,51,67,19,72,1,2,4,-1→F|+1→F|F→-2,True
2026-01-07,23,42,7|18|23|50|55|66|71,3,18,50,7,55,6,3,,,False
2026-01-07,90,46,37|58|74|90,4,74,,58,,7,,2,F→-1,True
2026-01-08,30,39,9|14|30|41|46|62|78|94,3,14,41,9,46,2,4,1,F→-1|F→+1,True
2026-01-08,94,39,9|14|30|41|46|62|78|94,8,78,,62,,1,,1,F→-2,True
2026-01-11,20,38,20|31|47|52|63|100,1,,31,,47,,,2,,True
2026-01-12,53,28,21|26|53,3,26,,21,,2,,2,,True
2026-01-13,85,36,32|48|64|85,4,64,,48,,,,4,,True
2026-01-16,46,39,9|14|30|41|46|62|78|94,5,41,62,30,78,6,2,1,F→-1|F→+1|F→-2|F→+2|F→+1→+2,True
2026-01-16,57,30,25|57,2,25,,,,3,,2,F→-1,True
2026-01-17,9,39,9|14|30|41|46|62|78|94,1,,14,,30,,1,3,+1→F|F→+2,True
2026-01-17,94,39,9|14|30|41|46|62|78|94,8,78,,62,,3,,1,F→-1,True
2026-01-19,42,37,5|10|42,3,10,,5,,1,,,,False
2026-01-21,87,33,2|39|82|87,4,82,,39,,,,1,,True
2026-01-23,29,41,13|29|93,2,13,93,,,4,4,7,-1→F|+1→F,True
2026-01-23,89,48,73|89,2,73,,,,1,,,,False
2026-01-23,93,41,13|29|93,3,29,,13,,7,,4,F→-1,True
2026-01-25,28,43,12|28|44|60|81|92,2,12,44,,60,1,3,,,False
2026-02-04,68,47,4|36|68|79|84,3,36,79,4,84,3,2,1,F→-1|F→+1|F→-1→F,True
2026-02-08,31,38,20|31|47|52|63|100,2,20,47,,52,5,2,,,False
2026-02-08,52,38,20|31|47|52|63|100,4,47,63,31,100,2,2,,,False
2026-02-09,19,40,8|19|51|56|67|72,2,8,51,,56,1,,2,-1→F,True
2026-02-09,58,46,37|58|74|90,2,37,74,,90,3,3,6,-1→F|+1→F,True
2026-02-09,72,40,8|19|51|56|67|72,6,67,,56,,,,1,,True
2026-02-11,7,42,7|18|23|50|55|66|71,1,,18,,23,,,7,,True
2026-02-11,71,42,7|18|23|50|55|66|71,7,66,,55,,1,,3,-1→F|F→-2,True
2026-02-14,63,38,20|31|47|52|63|100,5,52,100,47,,2,,6,-1→F,True
2026-02-14,73,48,73|89,1,,89,,,,2,1,F→+1,True
2026-02-15,46,39,9|14|30|41|46|62|78|94,5,41,62,30,78,3,,,,False
2026-02-15,94,39,9|14|30|41|46|62|78|94,8,78,,62,,2,,3,-1→F,True
2026-02-16,87,33,2|39|82|87,4,82,,39,,1,,4,-1→F,True
2026-02-17,88,31,3|24|88|99,3,24,99,3,,4,1,,,False
2026-02-18,53,28,21|26|53,3,26,,21,,5,,4,F→-1|F→-1→F,True
2026-02-19,88,31,3|24|88|99,3,24,99,3,,2,2,,,False
2026-02-23,72,40,8|19|51|56|67|72,6,67,,56,,2,,2,,True
2026-02-24,41,39,9|14|30|41|46|62|78|94,4,30,46,14,62,6,1,3,F→-1|+1→F|F→-2,True
2026-02-26,16,27,16,1,,,,,,,,,False
2026-02-28,59,44,22|59|70|75|91,2,22,70,,75,4,4,6,-1→F|+1→F,True
2026-02-28,70,44,22|59|70|75|91,3,59,75,22,91,6,1,4,F→-1|+1→F,True
2026-03-02,57,30,25|57,2,25,,,,1,,1,,True
2026-03-03,44,43,12|28|44|60|81|92,3,28,60,12,81,,,2,,True
2026-03-04,42,37,5|10|42,3,10,,5,,1,,3,-1→F|F→-2,True
2026-03-05,22,44,22|59|70|75|91,1,,59,,70,,1,,,False
2026-03-05,68,47,4|36|68|79|84,3,36,79,4,84,3,1,,,False
2026-03-05,70,44,22|59|70|75|91,3,59,75,22,91,1,6,1,F→+1,True
2026-03-06,29,41,13|29|93,2,13,93,,,,6,,,False
2026-03-07,23,42,7|18|23|50|55|66|71,3,18,50,7,55,7,2,7,+1→F,True
2026-03-07,29,41,13|29|93,2,13,93,,,,5,,,False
2026-03-07,71,42,7|18|23|50|55|66|71,7,66,,55,,2,,3,-1→F,True
2026-03-12,19,40,8|19|51|56|67|72,2,8,51,,56,,3,2,F→+1,True
2026-03-12,56,40,8|19|51|56|67|72,4,51,67,19,72,3,5,2,F→-1|F→+1|F→+2|F→-1→F,True
2026-03-13,19,40,8|19|51|56|67|72,2,8,51,,56,7,2,1,F→-1|F→+1,True
2026-03-16,44,43,12|28|44|60|81|92,3,28,60,12,81,4,2,1,F→-1|F→+1|F→-2|F→-1→F,True
2026-03-17,22,44,22|59|70|75|91,1,,59,,70,,,,,False
2026-03-17,70,44,22|59|70|75|91,3,59,75,22,91,,,3,F→+2,True
2026-03-18,46,39,9|14|30|41|46|62|78|94,5,41,62,30,78,4,6,2,F→-1|F→+1|F→-2|F→-1→-2|F→-1→F,True
2026-03-19,68,47,4|36|68|79|84,3,36,79,4,84,3,4,2,F→-1|F→+1|F→+2|F→-1→F,True
2026-03-23,9,39,9|14|30|41|46|62|78|94,1,,14,,30,,2,1,F→+1|F→+2,True
2026-03-23,22,44,22|59|70|75|91,1,,59,,70,,3,,,False
2026-03-23,70,44,22|59|70|75|91,3,59,75,22,91,3,2,5,-1→F|+1→F,True
2026-03-23,94,39,9|14|30|41|46|62|78|94,8,78,,62,,7,,1,F→-1,True
2026-03-24,9,39,9|14|30|41|46|62|78|94,1,,14,,30,,1,2,+1→F,True
2026-03-25,35,49,35|40|83,1,,40,,83,,,2,,True
2026-03-26,44,43,12|28|44|60|81|92,3,28,60,12,81,5,7,,,False
2026-03-26,92,43,12|28|44|60|81|92,6,81,,60,,5,,1,F→-1|F→-2|F→-1→-2|F→-1→F,True
2026-03-27,11,35,6|11|43|54|86,2,6,43,,54,4,,1,F→-1,True
2026-03-28,7,42,7|18|23|50|55|66|71,1,,18,,23,,1,,,False
2026-03-28,23,42,7|18|23|50|55|66|71,3,18,50,7,55,1,,2,-1→F|F→+2,True
2026-04-04,68,47,4|36|68|79|84,3,36,79,4,84,1,3,1,F→+1|F→+2,True
2026-04-05,63,38,20|31|47|52|63|100,5,52,100,47,,5,,1,F→-1|F→-2|F→-1→F,True
2026-04-06,63,38,20|31|47|52|63|100,5,52,100,47,,4,,6,-1→F,True
2026-04-09,28,43,12|28|44|60|81|92,2,12,44,,60,2,4,4,-1→F,True
2026-04-09,77,32,77,1,,,,,,,,,False
2026-04-09,82,33,2|39|82|87,3,39,87,2,,,,1,F→-2,True
2026-04-09,87,33,2|39|82|87,4,82,,39,,1,,,,False
2026-04-10,87,33,2|39|82|87,4,82,,39,,1,,7,-1→F,True
2026-04-13,77,32,77,1,,,,,,,,,False
2026-04-14,42,37,5|10|42,3,10,,5,,3,,1,F→-1|F→-2|F→-1→-2,True
2026-04-15,87,33,2|39|82|87,4,82,,39,,,,2,F→-2,True
2026-04-16,16,27,16,1,,,,,,,,,False
2026-04-16,83,49,35|40|83,3,40,,35,,,,4,,True
2026-04-22,58,46,37|58|74|90,2,37,74,,90,1,2,4,-1→F|+1→F|F→+2,True
2026-04-22,74,46,37|58|74|90,3,58,90,37,,4,5,2,F→-1|F→+1|F→-1→-2→F_partial|F→-1→F,True
2026-04-23,44,43,12|28|44|60|81|92,3,28,60,12,81,,1,3,+1→F|F→+2,True
2026-04-23,81,43,12|28|44|60|81|92,5,60,92,44,,1,2,6,-1→F|+1→F,True
2026-04-25,28,43,12|28|44|60|81|92,2,12,44,,60,3,1,,,False
2026-04-25,44,43,12|28|44|60|81|92,3,28,60,12,81,,,1,F→-2|F→+2,True
2026-04-28,58,46,37|58|74|90,2,37,74,,90,,3,2,F→+1,True
2026-04-29,97,52,65|97,2,65,,,,2,,3,-1→F,True
2026-04-30,57,30,25|57,2,25,,,,,,3,,True
2026-04-30,94,39,9|14|30|41|46|62|78|94,8,78,,62,,1,,1,F→-2,True
2026-05-06,34,51,34|98,1,,98,,,,4,5,+1→F,True
2026-05-06,86,35,6|11|43|54|86,5,54,,43,,,,3,,True
2026-05-08,34,51,34|98,1,,98,,,,2,3,+1→F,True
2026-05-09,77,32,77,1,,,,,,,4,,True
2026-05-10,29,41,13|29|93,2,13,93,,,4,1,6,-1→F|+1→F,True
2026-05-10,63,38,20|31|47|52|63|100,5,52,100,47,,2,,2,F→-2,True
2026-05-11,82,33,2|39|82|87,3,39,87,2,,7,,3,F→-1,True
2026-05-12,89,48,73|89,2,73,,,,2,,1,F→-1|F→-1→F,True
2026-05-14,87,33,2|39|82|87,4,82,,39,,,,5,,True
2026-05-15,57,30,25|57,2,25,,,,,,1,,True
2026-05-17,23,42,7|18|23|50|55|66|71,3,18,50,7,55,,3,2,F→+1|F→-2,True
2026-05-19,48,36,32|48|64|85,2,32,64,,85,2,,6,-1→F,True
2026-05-19,85,36,32|48|64|85,4,64,,48,,,,4,F→-2,True
2026-05-19,97,52,65|97,2,65,,,,4,,6,-1→F,True
2026-05-22,22,44,22|59|70|75|91,1,,59,,70,,,,,False
2026-05-22,70,44,22|59|70|75|91,3,59,75,22,91,,1,1,,True
2026-05-22,91,44,22|59|70|75|91,5,75,,70,,1,,,,False
2026-05-23,42,37,5|10|42,3,10,,5,,3,,4,-1→F,True
2026-05-24,69,45,69|80,1,,80,,,,6,6,,True
2026-05-24,82,33,2|39|82|87,3,39,87,2,,1,4,,,False
2026-05-27,63,38,20|31|47|52|63|100,5,52,100,47,,3,,4,-1→F,True
2026-05-28,35,49,35|40|83,1,,40,,83,,1,1,F→+2,True
2026-05-28,59,44,22|59|70|75|91,2,22,70,,75,2,3,7,-1→F|+1→F,True
2026-05-29,94,39,9|14|30|41|46|62|78|94,8,78,,62,,,,1,F→-2,True
2026-05-30,35,49,35|40|83,1,,40,,83,,1,,,False
2026-05-31,25,30,25|57,1,,57,,,,1,4,+1→F,True
2026-05-31,57,30,25|57,2,25,,,,4,,1,F→-1|F→-1→F,True
2026-06-01,48,36,32|48|64|85,2,32,64,,85,2,1,2,+1→F|F→+2,True
2026-06-03,73,48,73|89,1,,89,,,,7,2,F→+1,True
2026-06-06,90,46,37|58|74|90,4,74,,58,,,,,,False
2026-06-07,42,37,5|10|42,3,10,,5,,,,3,,True
2026-06-07,65,52,65|97,1,,97,,,,7,2,F→+1,True
2026-06-08,82,33,2|39|82|87,3,39,87,2,,3,,4,-1→F,True
2026-06-09,13,41,13|29|93,1,,29,,93,,,,,False
2026-06-10,20,38,20|31|47|52|63|100,1,,31,,47,,7,1,F→+1|F→+2,True
2026-06-10,63,38,20|31|47|52|63|100,5,52,100,47,,1,,2,-1→F,True
2026-06-11,9,39,9|14|30|41|46|62|78|94,1,,14,,30,,4,,,False
2026-06-11,41,39,9|14|30|41|46|62|78|94,4,30,46,14,62,2,,,,False
2026-06-11,57,30,25|57,2,25,,,,1,,3,-1→F,True
2026-06-11,91,44,22|59|70|75|91,5,75,,70,,5,,,,False
2026-06-11,94,39,9|14|30|41|46|62|78|94,8,78,,62,,2,,1,F→-1|F→-2|F→-1→-2,True
2026-06-12,42,37,5|10|42,3,10,,5,,6,,2,F→-1|F→-2,True
2026-06-12,84,47,4|36|68|79|84,5,79,,68,,4,,,,False
2026-06-13,83,49,35|40|83,3,40,,35,,3,,1,F→-1|F→-2|F→-1→-2|F→-1→F,True
2026-06-14,83,49,35|40|83,3,40,,35,,2,,3,-1→F|F→-2,True
2026-06-15,35,49,35|40|83,1,,40,,83,,1,3,+1→F,True
2026-06-15,53,28,21|26|53,3,26,,21,,4,,4,,True
2026-06-16,8,40,8|19|51|56|67|72,1,,19,,51,,5,,,False
2026-06-17,22,44,22|59|70|75|91,1,,59,,70,,6,,,False
2026-06-17,70,44,22|59|70|75|91,3,59,75,22,91,6,,2,F→-1|F→-1→F,True
2026-06-21,9,39,9|14|30|41|46|62|78|94,1,,14,,30,,2,,,False
2026-06-21,22,44,22|59|70|75|91,1,,59,,70,,2,,,False
2026-06-21,29,41,13|29|93,2,13,93,,,3,4,2,F→-1|F→+1,True
2026-06-21,35,49,35|40|83,1,,40,,83,,3,2,F→+1,True
2026-06-21,75,44,22|59|70|75|91,4,70,91,59,,2,,4,-1→F,True
2026-06-23,54,35,6|11|43|54|86,4,43,86,11,,,2,1,F→+1,True
2026-06-24,79,47,4|36|68|79|84,4,68,84,36,,6,6,,,False
2026-06-25,9,39,9|14|30|41|46|62|78|94,1,,14,,30,,2,7,+1→F,True
2026-06-25,94,39,9|14|30|41|46|62|78|94,8,78,,62,,1,,3,-1→F,True
2026-06-29,23,42,7|18|23|50|55|66|71,3,18,50,7,55,1,,2,-1→F|F→-2|F→+2,True
2026-06-29,48,36,32|48|64|85,2,32,64,,85,7,2,6,F→-1|+1→F,True
2026-07-01,28,43,12|28|44|60|81|92,2,12,44,,60,4,1,2,F→-1|+1→F,True
2026-07-06,9,39,9|14|30|41|46|62|78|94,1,,14,,30,,1,3,+1→F,True
2026-07-06,63,38,20|31|47|52|63|100,5,52,100,47,,1,,,,False
2026-07-06,74,46,37|58|74|90,3,58,90,37,,,,1,,True
2026-07-06,90,46,37|58|74|90,4,74,,58,,1,,,,False
2026-07-09,7,42,7|18|23|50|55|66|71,1,,18,,23,,,1,F→+2,True
2026-07-09,23,42,7|18|23|50|55|66|71,3,18,50,7,55,,,4,,True
2026-07-10,41,39,9|14|30|41|46|62|78|94,4,30,46,14,62,5,3,1,F→-1|F→+1|F→-2|F→+2|F→-1→F,True
2026-07-10,56,40,8|19|51|56|67|72,4,51,67,19,72,7,3,2,F→-1|F→+1|F→-2,True
2026-07-10,67,40,8|19|51|56|67|72,5,56,72,51,,2,1,3,-1→F|+1→F|F→-2,True
2026-07-11,40,49,35|40|83,2,35,83,,,,1,3,+1→F,True
2026-07-11,83,49,35|40|83,3,40,,35,,3,,1,F→-1,True
2026-07-14,46,39,9|14|30|41|46|62|78|94,5,41,62,30,78,3,3,2,F→-1|F→+1|F→-1→-2→F_partial,True
2026-07-14,62,39,9|14|30|41|46|62|78|94,6,46,78,41,94,2,2,3,-1→F|+1→F,True
2026-07-14,94,39,9|14|30|41|46|62|78|94,8,78,,62,,2,,1,F→-1|F→-2|F→-1→-2,True
