technical_name,display_name,origin,license,category,version,auto_install,application,installable,depends,data_files_count,keyword_hits
account,Invoicing,community,LGPL-3,Accounting/Accounting,1.4,False,True,True,base_setup|onboarding|product|analytic|portal|digest,72,document|invoice
account_3way_match,Vendor Bill: Release to Pay,enterprise,OEEL-1,Supply Chain/Purchase,,False,False,True,purchase,2,invoice
account_accountant,Invoicing,enterprise,OEEL-1,Accounting/Accounting,1.1,True,False,True,account|mail_enterprise|web_tour,21,fiscal|invoice
account_accountant_batch_payment,Account Batch Payment Reconciliation,enterprise,OEEL-1,Accounting,1.0,True,False,True,account_accountant|account_batch_payment,0,
account_accountant_check_printing,Account accountant check printing,enterprise,OEEL-1,Accounting,1.0,True,False,True,account_accountant|account_check_printing,1,
account_accountant_fleet,Accounting/Fleet bridge,enterprise,OEEL-1,Accounting/Accounting,1.0,True,False,True,account_fleet|account_accountant,1,
account_add_gln,Add Partner GLN,community,LGPL-3,Accounting/Accounting,1.0,True,False,True,account,1,invoice
account_asset,Assets Management,enterprise,OEEL-1,Accounting/Accounting,,True,False,True,accountant,11,
account_asset_fleet,Assets/Fleet bridge,enterprise,OEEL-1,Accounting/Accounting,1.0,True,False,True,account_fleet|account_asset,2,
account_avatax,Avatax,enterprise,OEEL-1,Accounting/Accounting,1.0,['payment'],False,True,payment|account_external_tax,12,fiscal|invoice
account_avatax_geolocalize,Avatax for geo localization,enterprise,OEEL-1,Accounting/Accounting,1.0,True,False,True,account_avatax|base_geolocalize,1,localization
account_avatax_sale,Avatax for SO,enterprise,OEEL-1,Accounting/Accounting,1.0,True,False,True,sale_external_tax|account_avatax|sale,3,
account_avatax_stock,Avatax for Inventory,enterprise,OEEL-1,Accounting/Accounting,1.0,True,False,True,account_avatax_sale|stock,0,
account_bank_statement_extract,Account Bank Statement Extract,enterprise,OEEL-1,Accounting/Accounting,1.0,True,False,True,accountant|account_bank_statement_import|iap_extract|account_extract,2,
account_bank_statement_import,Account Bank Statement Import,enterprise,OEEL-1,Accounting/Accounting,1.0,True,False,True,account_accountant|base_import,1,
account_bank_statement_import_camt,Import CAMT Bank Statement,enterprise,OEEL-1,Accounting/Accounting,,True,False,True,account_bank_statement_import,0,
account_bank_statement_import_csv,Import CSV Bank Statement,enterprise,OEEL-1,Accounting/Accounting,1.0,True,False,True,account_bank_statement_import|base_import,1,
account_bank_statement_import_ofx,Import OFX Bank Statement,enterprise,OEEL-1,Accounting/Accounting,1.0,True,False,True,account_bank_statement_import,0,
account_bank_statement_import_qif,Import QIF Bank Statement,enterprise,OEEL-1,Accounting/Accounting,1.0,False,False,True,account_bank_statement_import,1,
account_base_import,Accounting Import,enterprise,OEEL-1,Accounting/Accounting,,True,False,True,account_accountant|base_import|account_asset,9,
account_batch_payment,Batch Payment,enterprise,OEEL-1,Accounting/Accounting,1.0,False,False,True,account,10,
account_budget,Budget Management,enterprise,OEEL-1,Accounting/Accounting,,False,False,True,accountant,7,
account_budget_purchase,Budget Management,enterprise,OEEL-1,Accounting/Accounting,,True,False,True,account_budget|purchase,5,
account_check_printing,Check Printing Base,community,LGPL-3,Accounting/Accounting,1.0,False,False,True,account,6,
account_debit_note,Debit Notes,community,LGPL-3,Accounting/Accounting,1.0,False,False,True,account,5,invoice
account_edi,Import/Export Invoices From XML/PDF,community,LGPL-3,Accounting/Accounting,1.0,False,False,True,account,5,document|invoice
account_edi_proxy_client,Proxy features for account_edi,community,LGPL-3,Accounting/Accounting,1.0,False,False,True,account|certificate,3,document|l10n
account_edi_ubl_cii,Import/Export electronic invoices with UBL/CII,community,LGPL-3,Accounting/Accounting,1.0,True,False,True,account,6,invoice
account_external_tax,3rd Party Tax Calculation,enterprise,OEEL-1,Accounting/Accounting,1.0,False,False,True,account|payment,1,
account_extract,Account Extract,enterprise,OEEL-1,Accounting/Accounting,1.0,True,False,True,account|iap_extract|iap_mail|mail_enterprise|account_bank_statement_import,0,document
account_fiscal_categories,Account Fiscal Report,enterprise,OEEL-1,Accounting/Accounting,1.0,True,False,True,account_reports,7,fiscal
account_fiscal_categories_fleet,Fiscal Categories on Fleets,enterprise,OEEL-1,Accounting/Accounting,1.0,True,False,True,account_accountant_fleet|account_fiscal_categories,4,fiscal
account_fleet,Accounting/Fleet bridge,community,LGPL-3,Accounting/Accounting,1.0,True,False,True,fleet|account,4,
account_followup,Payment Follow-up Management,enterprise,OEEL-1,Accounting/Accounting,1.1,True,False,True,mail|sms|account_reports,13,invoice
account_inter_company_rules,Inter Company Module for Sale/Purchase Orders and Invoices,enterprise,OEEL-1,Productivity,1.1,False,False,True,account,2,document|invoice
account_intrastat,Intrastat Reports,enterprise,OEEL-1,Accounting/Accounting,1.1,False,False,True,account_reports,14,invoice
account_invoice_extract,Account Invoice Extract,enterprise,OEEL-1,Accounting/Accounting,1.0,True,False,True,account_extract,3,invoice
account_invoice_extract_purchase,Account Invoice Extract Purchase,enterprise,OEEL-1,Accounting,1.0,True,False,True,account_invoice_extract|purchase,0,invoice
account_iso20022,SEPA Credit Transfer / ISO20022,enterprise,OEEL-1,Accounting/Accounting,1.0,False,False,True,account_batch_payment|base_iban,9,
account_loans,Loans Management,enterprise,OEEL-1,Accounting/Accounting,,True,False,True,account_asset|base_import,9,
account_online_payment,Account Online Payment,enterprise,LGPL-3,,,True,False,True,account_online_synchronization|account_batch_payment|account_iso20022,5,invoice
account_online_synchronization,Online Bank Statement Synchronization,enterprise,OEEL-1,Accounting/Accounting,1.0,True,False,True,account_accountant,15,
account_payment,Payment - Account,community,LGPL-3,Accounting/Accounting,2.0,['account'],False,True,account|payment,15,invoice
account_peppol,Peppol,community,LGPL-3,Accounting/Accounting,1.2,['account_edi_ubl_cii'],False,True,account_edi_proxy_client|account_edi_ubl_cii,11,document
account_peppol_advanced_fields,[DEPRECATED] Account Peppol Advanced Fields,community,LGPL-3,Accounting/Accounting,1.0,False,False,True,account|account_edi_ubl_cii,1,
account_peppol_response,Peppol Business Response,community,LGPL-3,Accounting/Accounting,1.0,True,False,True,account_peppol,7,document
account_qr_code_emv,account_qr_code_emv,community,LGPL-3,Accounting/Payment,1.0,False,False,True,account,1,
account_qr_code_sepa,Account SEPA QR Code,community,LGPL-3,Accounting/Payment,0.1,True,False,True,account|base_iban,0,
account_reports,Accounting Reports,enterprise,OEEL-1,Accounting/Accounting,,True,False,True,account_accountant,50,fiscal
account_reports_cash_basis,Cash Basis Accounting Reports,enterprise,OEEL-1,Accounting/Accounting,,False,False,True,account_reports,2,
account_saft,Standard Audit File for Tax Base module,enterprise,OEEL-1,Accounting/Accounting,1.0,False,False,True,account_reports,1,localization
account_saft_import,SAF-T Import,enterprise,OEEL-1,,,False,False,True,account_saft|account_base_import,2,
account_sepa_direct_debit,SEPA Direct Debit,enterprise,OEEL-1,Accounting/Accounting,,False,False,True,base_iban|account_batch_payment|account,18,invoice
account_tax_python,Define Taxes as Python Code,community,LGPL-3,Accounting/Accounting,1.0,False,False,True,account,1,
account_test,Accounting Consistency Tests,community,LGPL-3,Accounting/Accounting,1.0,False,False,True,account,5,
account_transfer,Account Transfers,enterprise,OEEL-1,Accounting/Accounting,,False,False,True,account_accountant,4,
account_update_tax_tags,Account - Allow updating tax grids,community,LGPL-3,Accounting/Accounting,1.0,False,False,True,account,3,
account_winbooks_import,Account Winbooks Import,enterprise,OEEL-1,Accounting/Accounting,,False,False,True,account_accountant|base_vat|account_base_import,3,
accountant,Accounting,enterprise,OEEL-1,Accounting/Accounting,1.1,False,True,True,account_reports,5,
accountant_fleet,Accounting - Fleet,enterprise,OEEL-1,Accounting/Accounting,1.0,True,False,True,accountant|fleet,2,
accountant_hr_expense,Accounting - Expense,enterprise,OEEL-1,Accounting/Accounting,1.0,True,False,True,accountant|hr_expense,1,
accountant_knowledge,Annual Reports,enterprise,OEEL-1,,1.0,True,False,True,accountant|knowledge|sign,8,
ai,AI,enterprise,OEEL-1,Hidden,1.0,False,False,True,mail,12,
ai_account,AI Text Draft - Accounting,enterprise,OEEL-1,Hidden,1.0,True,False,True,ai|account,1,
ai_app,AI,enterprise,OEEL-1,Hidden,1.0,False,True,True,attachment_indexation|ai,5,document
ai_auto_install,AI Auto Install,enterprise,OEEL-1,Hidden,1.0,True,False,True,mail,0,
ai_crm,AI crm,enterprise,OEEL-1,Hidden,1.0,True,False,True,ai_app|crm,2,
ai_crm_livechat,AI crm livechat,enterprise,OEEL-1,Hidden,1.0,True,False,True,ai_crm|ai_livechat,2,
ai_documents,AI Documents,enterprise,OEEL-1,Hidden,1.0,True,False,True,ai|documents|base_automation,5,document
ai_documents_account,AI Documents Account,enterprise,OEEL-1,Hidden,1.0,True,False,True,ai_documents|documents_account,0,document
ai_documents_source,AI Documents Source,enterprise,OEEL-1,Hidden,1.0,True,False,True,ai|documents,0,document
ai_fields,ai_fields,enterprise,LGPL-3,Hidden,0.1,True,False,True,ai,2,
ai_knowledge,AI Text Draft - Knowledge,enterprise,OEEL-1,Hidden,1.0,True,False,True,ai|knowledge,1,
ai_livechat,AI Livechat,enterprise,OEEL-1,AI,1.0,True,False,True,ai_app|im_livechat,2,
ai_server_actions,ai_server_actions,enterprise,LGPL-3,Hidden,0.1,True,False,True,ai_fields,1,
ai_website,AI Website Integration,enterprise,OEEL-1,Hidden,1.0,True,False,True,ai|website,2,
ai_website_livechat,AI Website Livechat Integration,enterprise,OEEL-1,Hidden,1.0,True,False,True,ai_website|ai_livechat|html_builder,2,
analytic,Analytic Accounting,community,LGPL-3,Accounting/Accounting,1.2,False,False,True,base|mail|uom,7,
analytic_enterprise,Analytic Accounting Enterprise,enterprise,OEEL-1,Accounting/Accounting,0.1,True,False,True,web_grid|analytic|account,1,
api_doc,API Documentation,community,LGPL-3,Hidden,1.0,True,False,True,web,2,document
appointment,Appointments,enterprise,OEEL-1,Services/Appointment,1.3,False,True,True,calendar|phone_validation|portal|resource|web_gantt,25,
appointment_account_payment,Pay to Book,enterprise,OEEL-1,Marketing/Online Appointment,1.0,True,False,True,appointment|account_payment,10,
appointment_crm,Appointment Lead Generation,enterprise,OEEL-1,Services/Appointment,1.0,True,False,True,appointment|crm,1,
appointment_google_calendar,Appointment Google Calendar,enterprise,OEEL-1,Productivity,1.0,True,False,True,google_calendar|appointment,2,
appointment_google_reserve,Appointment Google Reserve,enterprise,OEEL-1,Productivity,1.0,False,False,True,appointment,4,
appointment_hr,Employees on Appointments,enterprise,OEEL-1,Services/Appointment,1.0,True,False,True,appointment|hr,1,
appointment_hr_recruitment,Recruitment tracking on appointments,enterprise,OEEL-1,Services/Appointment,1.0,True,False,True,appointment|hr_recruitment,1,
appointment_microsoft_calendar,Appointment Microsoft Calendar,enterprise,OEEL-1,Productivity,1.0,True,False,True,microsoft_calendar|appointment,1,
appointment_sms,Appointment SMS,enterprise,OEEL-1,Services/Appointment,1.0,True,False,True,appointment|calendar_sms,2,
approvals,Approvals,enterprise,OEEL-1,Human Resources/Approvals,1.1,False,True,True,mail|hr|product,12,
approvals_purchase,Approvals - Purchase,enterprise,OEEL-1,Human Resources/Approvals,1.0,True,False,True,approvals|purchase,5,
approvals_purchase_stock,Approvals - Purchase - Stock,enterprise,OEEL-1,Human Resources/Approvals,1.0,True,False,True,approvals_purchase|purchase_stock,2,
attachment_indexation,Attachments List and Document Indexation,community,LGPL-3,Hidden/Tools,2.1,False,False,True,web,0,document
auth_ldap,Authentication via LDAP,community,LGPL-3,Hidden/Tools,,False,False,True,base|base_setup,3,
auth_oauth,OAuth2 Authentication,community,LGPL-3,Hidden/Tools,,False,False,True,base|web|base_setup|auth_signup,5,
auth_passkey,Passkeys,community,LGPL-3,Hidden/Tools,1.1,True,False,True,base_setup|web,6,
auth_passkey_portal,Passkeys Portal,community,LGPL-3,Hidden/Tools,1.0,True,False,True,auth_passkey|portal,1,
auth_password_policy,Password Policy,community,LGPL-3,Hidden/Tools,,False,False,True,base_setup|web,3,
auth_password_policy_portal,Password Policy support for Signup,community,LGPL-3,Tools,,True,False,True,auth_password_policy|portal,1,
auth_password_policy_signup,Password Policy support for Signup,community,LGPL-3,Hidden/Tools,,True,False,True,auth_password_policy|auth_signup,1,
auth_signup,Signup,community,LGPL-3,Hidden/Tools,1.0,True,False,True,base_setup|mail|web,8,
auth_timeout,Auth Timeout,community,LGPL-3,Hidden/Tools,,False,False,True,auth_totp|auth_totp_mail|auth_passkey|bus,2,
auth_totp,Two-Factor Authentication (TOTP),community,LGPL-3,Extra Tools,,True,False,True,web,6,
auth_totp_mail,2FA Invite mail,community,LGPL-3,Extra Tools,,True,False,True,auth_totp|mail,6,
auth_totp_portal,TOTPortal,community,LGPL-3,Hidden,,True,False,True,portal|auth_totp,2,
barcodes,Barcode,community,LGPL-3,Supply Chain/Inventory,2.0,False,False,True,web,3,
barcodes_gs1_nomenclature,Barcode - GS1 Nomenclature,community,LGPL-3,Supply Chain/Inventory,1.0,False,False,True,barcodes|uom,2,
base,Base,community,LGPL-3,Hidden,1.3,True,False,True,,65,
base_address_extended,Extended Addresses,community,LGPL-3,Sales/Sales,1.1,False,False,True,base|contacts,4,
base_automation,Automation Rules,community,LGPL-3,Sales/Sales,1.0,False,False,True,base|digest|resource|mail|sms,5,
base_automation_hr,Automation Rules based on Employee Contracts,enterprise,OEEL-1,Human Resources,1.0,True,False,True,base_automation|hr,1,
base_geolocalize,Partners Geolocation,community,LGPL-3,Sales/Sales,2.1,False,False,True,base_setup,5,
base_iban,IBAN Bank Accounts,community,LGPL-3,Accounting/Accounting,,False,False,True,account|web,2,
base_import,Base import,community,LGPL-3,Hidden/Tools,2.0,True,False,True,web,1,document
base_import_module,Base import module,community,LGPL-3,Hidden/Tools,,True,False,True,web,3,
base_install_request,Base - Module Install Request,community,LGPL-3,Hidden,,True,False,True,mail,5,
base_setup,Initial Setup Tools,community,LGPL-3,Hidden,1.0,True,False,True,base|web,3,
base_sparse_field,Sparse Fields,community,LGPL-3,Hidden,1.0,False,False,True,base,2,
base_vat,VAT Number Validation,community,LGPL-3,Accounting/Accounting,2.0,False,False,True,account,3,
board,Dashboards,community,LGPL-3,Productivity,1.0,False,False,True,spreadsheet_dashboard,2,
bus,IM Bus,community,LGPL-3,Hidden,1.0,True,False,True,base|web,1,
calendar,Calendar,community,LGPL-3,Productivity/Calendar,1.1,False,True,True,base|mail,16,
calendar_sms,Calendar - SMS,community,LGPL-3,Productivity/Calendar,1.1,True,False,True,calendar|sms,2,
certificate,Certificate,community,OEEL-1,Hidden/Tools,0.1,False,False,True,base_setup,6,
cloud_storage,Cloud Storage,community,LGPL-3,Technical Settings,1.0,False,False,True,base_setup|mail,1,
cloud_storage_azure,Cloud Storage Azure,community,LGPL-3,Technical Settings,1.0,False,False,True,cloud_storage,1,
cloud_storage_google,Cloud Storage Google,community,LGPL-3,Technical Settings,1.0,False,False,True,cloud_storage,1,
cloud_storage_migration,Cloud Storage Migration,community,LGPL-3,Technical Settings,1.0,False,False,True,cloud_storage,5,
contacts,Contacts,community,LGPL-3,Sales/CRM,,False,True,True,base|mail,1,
contacts_enterprise,Contacts Enterprise,enterprise,OEEL-1,Sales/CRM,1.0,True,False,True,contacts|web_map,1,
crm,CRM,community,LGPL-3,Sales/CRM,1.9,False,True,True,base_setup|sales_team|mail|calendar|resource|utm|web_tour|contacts|digest|phone_validation,35,
crm_enterprise,CRM enterprise,enterprise,OEEL-1,Sales/CRM,1.0,['crm'],False,True,crm|web_cohort|web_map,1,
crm_enterprise_partner_assign,Enterprise Resellers,enterprise,OEEL-1,Website/Website,1.0,True,False,True,crm_enterprise|website_crm_partner_assign,1,
crm_helpdesk,Helpdesk - CRM,enterprise,OEEL-1,Services/Helpdesk,1.1,True,False,True,crm|helpdesk,4,
crm_iap_enrich,Lead Enrichment,community,LGPL-3,Sales/CRM,1.1,True,False,True,iap_crm|iap_mail,5,
crm_iap_mine,Lead Generation,community,LGPL-3,Sales/CRM,1.2,True,False,True,iap_crm|iap_mail,11,
crm_livechat,CRM Livechat,community,LGPL-3,Sales/CRM,,True,False,True,crm|im_livechat,7,
crm_mail_plugin,CRM Mail Plugin,community,LGPL-3,Sales/CRM,1.0,True,False,True,crm|mail_plugin,2,
crm_sale_subscription,CRM Sale Subscription,enterprise,OEEL-1,Sales/CRM,1.0,True,False,True,crm|sale_subscription,0,
crm_sms,SMS in CRM,community,LGPL-3,Sales/CRM,1.1,True,False,True,crm|sms,3,
currency_rate_live,Live Currency Exchange Rate,enterprise,OEEL-1,Accounting/Accounting,1.0,True,False,True,account,2,
data_cleaning,Data Cleaning,enterprise,OEEL-1,Productivity/Data Cleaning,1.1,['data_recycle'],False,True,data_recycle|phone_validation|mail,16,
data_merge_crm,CRM Deduplication,enterprise,OEEL-1,Productivity/Data Cleaning,1.0,True,False,True,data_cleaning|crm,2,
data_merge_helpdesk,Helpdesk Merge action,enterprise,OEEL-1,Productivity/Data Cleaning,1.0,True,False,True,data_cleaning|helpdesk,1,
data_merge_project,Project Merge action,enterprise,OEEL-1,Productivity/Data Cleaning,1.0,True,False,True,data_cleaning|project,1,
data_merge_stock_account,WMS Accounting Merge,enterprise,OEEL-1,Productivity/Data Cleaning,1.0,True,False,True,data_cleaning|stock_account,0,
data_merge_utm,UTM Deduplication,enterprise,OEEL-1,Productivity/Data Cleaning,1.0,True,False,True,data_cleaning|utm,2,
data_recycle,Data Recycle,community,LGPL-3,Productivity/Data Cleaning,1.3,False,True,True,mail,6,
databases,Databases,enterprise,OEEL-1,Services/Databases,1.0,False,True,True,project,11,
databases_auth,Databases SaaS autoconnect,enterprise,OEEL-1,Services/Databases,1.0,False,False,True,databases,0,
delivery,Delivery Costs,community,LGPL-3,Sales/Delivery,1.0,False,False,True,sale|payment_custom,16,
delivery_bpost,bpost Shipping,enterprise,OEEL-1,Shipping Connectors,1.0,False,True,True,stock_delivery|mail,4,
delivery_dhl,DHL Express Shipping (Legacy),enterprise,OEEL-1,Shipping Connectors,1.0,False,False,True,stock_delivery|mail,2,
delivery_dhl_rest,DHL Express Shipping,enterprise,OEEL-1,Shipping Connectors,1.0,False,True,True,stock_delivery|mail,2,
delivery_easypost,Easypost Shipping,enterprise,OEEL-1,Shipping Connectors,1.0,False,True,True,stock_delivery|mail,4,
delivery_envia,Envia Shipping,enterprise,OEEL-1,Shipping Connectors,1.0,False,True,True,stock_delivery|base_address_extended|phone_validation,5,
delivery_fedex,Fedex Shipping (Legacy),enterprise,OEEL-1,Shipping Connectors,1.0,False,False,True,stock_delivery|mail,2,
delivery_fedex_rest,Fedex Shipping,enterprise,OEEL-1,Shipping Connectors,1.0,False,True,True,stock_delivery|mail,2,
delivery_iot,IoT for Delivery,enterprise,OEEL-1,Supply Chain/Internet of Things (IoT),1.0,True,False,True,iot|stock_delivery,5,
delivery_mondialrelay,delivery_mondialrelay,community,LGPL-3,Shipping Connectors,0.1,False,False,True,stock_delivery,4,
delivery_sendcloud,Sendcloud Shipping,enterprise,OEEL-1,Shipping Connectors,1.0,False,True,True,stock_delivery|mail,5,
delivery_shiprocket,Shiprocket Shipping,enterprise,OEEL-1,Shipping Connectors,1.0,False,True,True,stock_delivery|mail,5,
delivery_starshipit,Starshipit Shipping,enterprise,OEEL-1,Shipping Connectors,1.0,False,True,True,stock_delivery,7,
delivery_stock_picking_batch,Delivery Stock Picking Batch,community,LGPL-3,Supply Chain/Inventory,1.0,True,False,True,stock_delivery|stock_picking_batch,1,
delivery_ups,UPS Shipping (Legacy),enterprise,OEEL-1,Shipping Connectors,1.0,False,False,True,stock_delivery|mail,4,
delivery_ups_rest,UPS Shipping,enterprise,OEEL-1,Shipping Connectors,0.1,False,True,True,stock_delivery|mail,4,
delivery_usps,United States Postal Service (USPS) Shipping (Legacy),enterprise,OEEL-1,Shipping Connectors,1.0,False,False,True,stock_delivery|mail,3,
delivery_usps_rest,United States Postal Service (USPS) Shipping,enterprise,OEEL-1,Shipping Connectors,1.0,False,True,True,stock_delivery|mail,2,
digest,KPI Digests,community,LGPL-3,Marketing,1.1,False,False,True,mail|portal|resource,8,
digest_enterprise,Digest Enterprise,enterprise,OEEL-1,Hidden,1.0,True,False,True,web_enterprise|digest,1,
documents,Documents,enterprise,OEEL-1,Productivity/Documents,1.4,False,True,True,base|mail|portal|web_enterprise|attachment_indexation|digest,31,document
documents_account,Documents - Accounting,enterprise,OEEL-1,Productivity/Documents,1.0,True,False,True,documents|account_reports,10,document|invoice
documents_account_peppol,Documents - Import from Peppol,enterprise,OEEL-1,Productivity/Documents,1.0,True,False,True,account_peppol|documents,1,document
documents_approvals,Documents - Approvals,enterprise,OEEL-1,Productivity/Documents,1.0,True,False,True,documents|approvals,4,document
documents_fleet,Documents - Fleet,enterprise,OEEL-1,Productivity/Documents,1.0,True,False,True,documents|fleet,6,document
documents_fsm,Documents - FSM,enterprise,OEEL-1,Productivity/Documents,1.0,True,False,True,documents_project|industry_fsm,0,document
documents_hr,Documents - HR,enterprise,OEEL-1,Productivity/Documents,1.0,True,False,True,documents|hr,6,document
documents_hr_expense,Documents - Expense,enterprise,OEEL-1,Productivity/Documents,1.0,True,False,True,documents|hr_expense_extract,2,document
documents_hr_holidays,Documents - Time Off,enterprise,OEEL-1,Productivity/Documents,1.0,True,False,True,documents_hr|hr_holidays,0,document
documents_hr_payroll,Documents - Payroll,enterprise,OEEL-1,Productivity/Documents,1.0,True,False,True,documents_hr|hr_payroll,7,document
documents_l10n_be_hr_payroll,Documents - Belgian Payroll,enterprise,OEEL-1,Human Resources/Payroll,1.0,True,False,True,documents_hr_payroll|l10n_be_hr_payroll,3,document|l10n
documents_l10n_ch_hr_payroll,Documents - Swiss Payroll,enterprise,OEEL-1,Human Resources/Payroll,1.0,True,False,True,documents_hr_payroll|l10n_ch_hr_payroll,1,document|l10n
documents_l10n_hk_hr_payroll,Documents - Hong Kong Payroll,enterprise,OEEL-1,Human Resources/Payroll,1.0,True,False,True,documents_hr_payroll|l10n_hk_hr_payroll,4,document|l10n
documents_l10n_ke_hr_payroll,Documents - Kenyan Payroll,enterprise,OEEL-1,Human Resources/Payroll,1.0,True,False,True,documents_hr_payroll|l10n_ke_hr_payroll,1,document|l10n
documents_l10n_mx_hr_payroll_account_edi,Documents - Mexican Payroll,enterprise,OEEL-1,Human Resources/Payroll,,True,False,True,documents_hr_payroll|l10n_mx_hr_payroll_account_edi,1,document|l10n
documents_product,Documents - Product,enterprise,OEEL-1,Productivity/Documents,1.0,True,False,True,documents|product,5,document
documents_project,Documents - Projects,enterprise,OEEL-1,Productivity/Documents,1.0,True,False,True,documents|project,4,document|invoice
documents_project_sale,Documents - Project - Sale,enterprise,OEEL-1,Productivity/Documents,1.0,True,False,True,documents_project|sale_project,0,document
documents_project_sign,Documents Project Sign,enterprise,OEEL-1,Productivity/Documents,1.0,True,False,True,documents_project|documents_sign,1,document
documents_sign,Documents - Signatures,enterprise,OEEL-1,Productivity/Documents,1.0,True,False,True,documents|sign,7,document
documents_spreadsheet,Documents Spreadsheet,enterprise,OEEL-1,Productivity/Documents,1.0,['documents'],False,True,documents|spreadsheet_edition|base_import,8,document
documents_spreadsheet_survey,Spreadsheet Survey,enterprise,OEEL-1,Productivity/Documents,1.0,True,False,True,documents_spreadsheet|survey,2,document
equity,Equity,enterprise,LGPL-3,Accounting/Accounting,1.0,False,True,True,portal,15,l10n
esg,ESG,enterprise,OEEL-1,ESG,1.0,False,True,True,account_reports|web_hierarchy,15,
esg_csrd,ESG CSRD,enterprise,OEEL-1,Hidden,1.0,"['esg', 'survey']",False,True,esg|survey|accountant_knowledge,17,
esg_csrd_ai,AI - ESG CSRD,enterprise,OEEL-1,Hidden,1.0,True,False,True,ai_app|esg_csrd,5,
esg_csrd_hr,HR - ESG CSRD,enterprise,OEEL-1,Hidden,1.0,True,False,True,hr|esg_csrd,1,
esg_csrd_hr_fleet,ESG CSRD - Fleet,enterprise,OEEL-1,Hidden,1.0,True,False,True,esg_csrd_hr|esg_hr_fleet,1,
esg_hr,ESG HR,enterprise,OEEL-1,,1.0,True,False,True,esg|hr,4,
esg_hr_fleet,ESG HR Fleet,enterprise,OEEL-1,,1.0,True,False,True,esg|hr_fleet,7,
esg_project,ESG Project,enterprise,OEEL-1,,1.0,True,False,True,esg|project_enterprise,3,
event,Events Organization,community,LGPL-3,Marketing/Events,1.9,False,False,True,barcodes|base_setup|mail|phone_validation|portal|utm,24,
event_booth,Events Booths,community,LGPL-3,Marketing/Events,1.1,False,False,True,event,10,
event_booth_sale,Events Booths Sales,community,LGPL-3,Marketing/Events,1.2,True,False,True,event_booth|event_sale,9,
event_crm,Event CRM,community,LGPL-3,Marketing/Events,1.0,True,False,True,event|crm,10,
event_crm_sale,Event CRM Sale,community,LGPL-3,Marketing/Events,1.0,True,False,True,event_crm|event_sale,1,
event_enterprise,Events Organization Add-on,enterprise,OEEL-1,Marketing/Events,,True,False,True,event|web_cohort|web_gantt|web_map,2,
event_iot,IoT for Events,enterprise,OEEL-1,Marketing/Events,1.0,True,False,True,iot|event,2,
event_product,Events Product,community,LGPL-3,Marketing/Events,1.0,True,False,True,event|product|account,3,
event_sale,Events Sales,community,LGPL-3,Marketing/Events,1.3,True,False,True,event_product|sale_management,12,
event_sale_iot,IoT for Event/Sale,enterprise,OEEL-1,Marketing/Events,1.0,True,False,True,iot|event_sale,0,
event_sms,SMS on Events,community,LGPL-3,Marketing/Events,1.0,True,False,True,event|sms,3,
event_social,Event Social,enterprise,OEEL-1,Marketing/Social,1.0,True,False,True,event|social,1,
fleet,Fleet,community,LGPL-3,Human Resources/Fleet,0.1,False,True,True,base|mail,14,
frontdesk,Frontdesk,enterprise,OEEL-1,Human Resources/Frontdesk,1.0,False,True,True,hr|sms,14,
gamification,Gamification,community,LGPL-3,Human Resources,1.0,False,False,True,mail,19,
gamification_sale_crm,CRM Gamification,community,LGPL-3,Sales/CRM,1.0,True,False,True,gamification|sale_crm,1,
google_account,Google Users,community,LGPL-3,Hidden/Tools,,False,False,True,base_setup,0,
google_address_autocomplete,Google Address Autocomplete,community,LGPL-3,Hidden/Tools,1.0,False,False,True,web,3,
google_calendar,Google Calendar,community,LGPL-3,Productivity,1.0,False,False,True,google_account|calendar,6,
google_gmail,Google Gmail,community,LGPL-3,Hidden,1.2,True,False,True,mail,4,
google_recaptcha,Google reCAPTCHA integration,community,LGPL-3,Hidden,1.0,False,False,True,base_setup,1,
helpdesk,Helpdesk,enterprise,OEEL-1,Services/Helpdesk,1.6,False,True,True,base_setup|mail|utm|rating|web_tour|web_cohort|resource|portal|digest,25,
helpdesk_account,Helpdesk Account,enterprise,OEEL-1,Services/Helpdesk,,False,False,True,helpdesk_sale|account,4,
helpdesk_fsm,Helpdesk FSM,enterprise,OEEL-1,Services/Helpdesk,,True,False,True,project_helpdesk|industry_fsm,7,
helpdesk_fsm_report,Helpdesk FSM Reports,enterprise,OEEL-1,Services/Helpdesk,,True,False,True,helpdesk_fsm|industry_fsm_report,1,
helpdesk_fsm_sale,Helpdesk FSM - Sale,enterprise,OEEL-1,Services/Helpdesk,,True,False,True,helpdesk_fsm|helpdesk_sale_timesheet|industry_fsm_sale,1,
helpdesk_holidays,Helpdesk Time Off,enterprise,OEEL-1,Services/Helpdesk,1.0,True,False,True,helpdesk|hr_holidays_gantt,1,
helpdesk_mail_plugin,Helpdesk Mail Plugin,enterprise,OEEL-1,Services/Helpdesk,1.0,True,False,True,helpdesk|mail_plugin,1,
helpdesk_repair,Helpdesk Repair,enterprise,OEEL-1,Services/Helpdesk,,False,False,True,helpdesk_stock|repair,2,
helpdesk_sale,Helpdesk After Sales,enterprise,OEEL-1,Services/Helpdesk,,True,False,True,helpdesk|sale_management,3,
helpdesk_sale_loyalty,Helpdesk Sale Loyalty,enterprise,OEEL-1,Services/Helpdesk,,False,False,True,helpdesk_sale|sale_loyalty,5,
helpdesk_sale_timesheet,Sell Helpdesk Timesheet,enterprise,OEEL-1,Services/Helpdesk,,True,False,True,helpdesk_timesheet|sale_timesheet_enterprise|helpdesk_sale,10,
helpdesk_sms,Helpdesk - SMS,enterprise,OEEL-1,Services/Helpdesk,1.0,True,False,True,helpdesk|sms,4,
helpdesk_stock,Helpdesk Stock,enterprise,OEEL-1,Services/Helpdesk,,False,False,True,helpdesk_sale|stock,4,
helpdesk_stock_account,Helpdesk Stock Account,enterprise,OEEL-1,Services/Helpdesk,,True,False,True,helpdesk_stock|helpdesk_account,1,
helpdesk_timesheet,Helpdesk Timesheet,enterprise,OEEL-1,Services/Helpdesk,,False,False,True,timesheet_grid|project_helpdesk,10,
hr,Employees,community,LGPL-3,Human Resources/Employees,1.1,False,True,True,base_setup|digest|phone_validation|resource_mail|web,29,
hr_appraisal,Appraisals,enterprise,OEEL-1,Human Resources/Appraisals,1.2,False,True,True,calendar|hr_gantt,17,
hr_appraisal_skills,Appraisal - Skills,enterprise,OEEL-1,Human Resources/Appraisals,1.0,True,False,True,hr_appraisal|hr_skills,9,
hr_appraisal_survey,Appraisal - Survey,enterprise,OEEL-1,Human Resources/Appraisals,1.2,True,False,True,hr_appraisal|survey,12,
hr_attendance,Attendances,community,LGPL-3,Human Resources/Attendances,2.0,False,True,True,hr|barcodes|base_geolocalize,13,document
hr_attendance_gantt,Attendance Gantt,enterprise,OEEL-1,Human Resources/Attendances,1.0,True,False,True,hr_attendance|hr_gantt,1,
hr_calendar,Display Working Hours in Calendar,community,LGPL-3,Human Resources/Employees,1.0,True,False,True,hr|calendar,2,
hr_contract_salary,Salary Configurator,enterprise,OEEL-1,Human Resources,2.1,False,False,True,hr_sign|http_routing|hr_recruitment|sign,25,
hr_contract_salary_holidays,Salary Configurator - Holidays,enterprise,OEEL-1,Human Resources,,True,False,True,hr_contract_salary|hr_holidays,1,
hr_contract_salary_payroll,Salary Configurator - Payroll,enterprise,OEEL-1,Human Resources,,True,False,True,hr_contract_salary|hr_payroll,9,
hr_expense,Expenses,community,LGPL-3,Human Resources/Expenses,2.1,False,True,True,account|web_tour|hr,25,invoice
hr_expense_extract,Hr Expense Extract,enterprise,OEEL-1,Human Resources/Expenses,1.0,True,False,True,hr_expense|iap_extract|iap_mail|mail_enterprise|hr_expense_predict_product,6,
hr_expense_predict_product,Hr Expense Predict product,enterprise,OEEL-1,Human Resources/Expenses,1.0,True,False,True,hr_expense,0,
hr_expense_stripe,Expense cards,enterprise,LGPL-3,Human Resources/Expenses,1.1,False,False,True,hr_expense|certificate,19,
hr_expense_stripe_demo,Expense cards: Demo,enterprise,LGPL-3,Human Resources/Expenses,1.0,False,False,True,hr_expense_stripe,6,
hr_fleet,Fleet History,community,LGPL-3,Human Resources,1.0,True,False,True,hr|fleet,7,
hr_gamification,HR Gamification,community,LGPL-3,Human Resources,1.0,True,False,True,gamification|hr,5,
hr_gantt,Employees in Gantt,enterprise,OEEL-1,Human Resources/Employees,1.0,True,False,True,hr|web_gantt,0,
hr_holidays,Time Off,community,LGPL-3,Human Resources/Time Off,1.6,False,True,True,hr|calendar|resource,28,
hr_holidays_attendance,HR Attendance Holidays,community,LGPL-3,Human Resources,1.0,True,False,True,hr_attendance|hr_holidays,9,
hr_holidays_gantt,Time off Gantt,enterprise,OEEL-1,Human Resources,1.0,True,False,True,hr_holidays|hr_gantt,1,
hr_holidays_homeworking,Holidays with Remote Work,community,LGPL-3,Human Resources,,True,False,True,hr_holidays|hr_homeworking,0,
hr_homeworking,Remote Work,community,LGPL-3,Human Resources/Remote Work,2.0,True,False,True,hr,4,
hr_homeworking_calendar,Remote Work with calendar,community,LGPL-3,Human Resources/Remote Work,1.0,True,False,True,hr_homeworking|calendar,3,
hr_hourly_cost,Employee Hourly Wage,community,LGPL-3,Services/Employee Hourly Cost,1.0,False,False,True,hr,1,
hr_livechat,HR - Livechat,community,LGPL-3,Human Resources,1.0,True,False,True,hr|im_livechat,3,
hr_maintenance,Maintenance - HR,community,LGPL-3,Human Resources,1.0,True,False,True,hr|maintenance,4,
hr_mobile,Employees in Mobile,enterprise,OEEL-1,Human Resources/Employees,1.0,True,False,True,hr|web_mobile,0,
hr_org_chart,HR Org Chart,community,LGPL-3,Human Resources,1.0,['hr'],False,True,hr|web_hierarchy,3,
hr_payroll,Payroll,enterprise,OEEL-1,Human Resources/Payroll,,False,True,True,hr_work_entry_enterprise|mail|html_editor,52,
hr_payroll_account,Payroll Accounting,enterprise,OEEL-1,Human Resources/Payroll,,"['hr_payroll', 'accountant']",False,True,hr_payroll|accountant|base_iban,10,
hr_payroll_account_iso20022,SEPA Payments for Payroll,enterprise,OEEL-1,Human Resources/Payroll,1.0,False,False,True,hr_payroll_account|account_iso20022,4,
hr_payroll_attendance,Payroll - Attendance,enterprise,OEEL-1,Human Resources/Employees,,True,False,True,hr_work_entry_attendance|hr_payroll,2,
hr_payroll_expense,Expenses in Payslips,enterprise,OEEL-1,Human Resources/Payroll,1.0,True,False,True,hr_expense|hr_payroll_account,4,invoice
hr_payroll_fleet,Payroll - Fleet,enterprise,OEEL-1,Human Resources/Payroll,1.0,True,False,True,hr_payroll|hr_fleet,1,
hr_payroll_holidays,Time Off in Payslips,enterprise,OEEL-1,Human Resources/Payroll,1.0,True,False,True,hr_holidays_gantt|hr_work_entry_holidays|hr_payroll,6,
hr_payroll_planning,Payroll - Planning,enterprise,OEEL-1,Human Resources/Employees,,True,False,True,hr_work_entry_planning|hr_payroll,1,
hr_payroll_sale_commission,Commission in Payslips,enterprise,OEEL-1,Human Resources/Payroll,1.0,True,False,True,sale_commission|hr_payroll,1,
hr_presence,Employee Presence Control,community,LGPL-3,Human Resources,1.0,False,False,True,hr|hr_holidays|sms,6,
hr_recruitment,Recruitment,community,LGPL-3,Human Resources/Recruitment,1.1,False,True,True,hr|calendar|utm|attachment_indexation|web_tour|digest,27,
hr_recruitment_ai,Recruitment With AI,enterprise,OEEL-1,Human Resources/Recruitment,1.0,"['hr_recruitment', 'ai']",False,True,hr_recruitment|ai,1,
hr_recruitment_extract,Hr Recruitment Extract,enterprise,OEEL-1,Human Resources/Recruitment,1.0,True,False,True,hr_recruitment|iap_extract|iap_mail|mail_enterprise,4,
hr_recruitment_integration_base,Recruitment Integration Base,enterprise,OEEL-1,Human Resources/Recruitment/Integration,1.0,False,False,True,hr_recruitment,6,
hr_recruitment_integration_monster,Job Board - Monster.com,enterprise,OEEL-1,Human Resources/Recruitment/Integration,1.0,False,False,True,hr_recruitment_integration_base|hr_recruitment_extract,8,
hr_recruitment_integration_skills_monster,Job Board - Monster.com (Skills),enterprise,OEEL-1,Human Resources/Recruitment/Integration,1.0,True,False,True,hr_recruitment_skills|hr_recruitment_integration_monster,0,
hr_recruitment_integration_website,Recruitment Integration website,enterprise,OEEL-1,Human Resources/Recruitment/Integration,1.0,True,False,True,hr_recruitment_integration_base|website_hr_recruitment,2,
hr_recruitment_integration_website_monster,Job Board - Monster.com (Website),enterprise,OEEL-1,Human Resources/Recruitment/Integration,1.0,True,False,True,hr_recruitment_integration_website|hr_recruitment_integration_monster,0,
hr_recruitment_reports,Recruitment Reporting,enterprise,OEEL-1,Human Resources/Recruitment,1.0,True,False,True,hr_recruitment,4,
hr_recruitment_sign,Recruitment - Signature,enterprise,OEEL-1,Human Resources/Recruitment,1.0,True,False,True,hr_recruitment|hr_sign,4,document
hr_recruitment_skills,Recruitment - Skills Management,community,LGPL-3,Human Resources/Recruitment,1.0,True,False,True,hr_skills|hr_recruitment,5,
hr_recruitment_sms,Recruitment - SMS,community,LGPL-3,Human Resources/Recruitment,1.0,True,False,True,hr_recruitment|sms,1,
hr_recruitment_survey,Hr Recruitment Interview Forms,community,LGPL-3,Human Resources,1.0,False,False,True,survey|hr_recruitment,8,
hr_referral,Employee Referral,enterprise,OEEL-1,Human Resources/Referrals,1.0,False,True,True,hr_recruitment|link_tracker|website_hr_recruitment|hr_recruitment_reports,21,
hr_sign,Contract - Signature,enterprise,OEEL-1,Human Resources,1.0,True,False,True,hr|sign,9,document
hr_skills,Skills Management,community,LGPL-3,Human Resources/Employees,1.0,True,True,True,hr,18,
hr_skills_event,Skills Events,community,LGPL-3,Hidden,1.0,True,False,True,hr_skills|event,3,
hr_skills_slides,Skills e-learning,community,LGPL-3,Human Resources/Employees,1.0,True,False,True,hr_skills|website_slides,5,
hr_skills_survey,Skills Certification,community,LGPL-3,Human Resources/Employees,1.0,True,False,True,hr_skills|survey,3,
hr_timesheet,Task Logs,community,LGPL-3,Services/Timesheets,1.0,False,False,True,hr|hr_hourly_cost|analytic|project|uom,21,
hr_timesheet_attendance,Timesheets/attendances reporting,community,LGPL-3,Human Resources/Attendances,1.1,True,False,True,hr_timesheet|hr_attendance,3,
hr_work_entry,Work Entries,community,LGPL-3,Human Resources/Employees,,False,False,True,hr,9,
hr_work_entry_attendance,Work Entries - Attendance,enterprise,OEEL-1,Human Resources/Employees,,True,False,True,hr_work_entry|hr_attendance,4,
hr_work_entry_enterprise,Work Entries - Enterprise,enterprise,OEEL-1,Human Resources/Employees,,True,False,True,hr_work_entry|hr_gantt,2,
hr_work_entry_holidays,Time Off in Payslips,community,LGPL-3,Human Resources/Payroll,1.0,True,False,True,hr_holidays|hr_work_entry,3,
hr_work_entry_holidays_enterprise,Time Off in Payslips Enterprise,enterprise,OEEL-1,Human Resources/Payroll,1.0,True,False,True,hr_work_entry_holidays,1,
hr_work_entry_planning,Work Entries - Planning,enterprise,OEEL-1,Human Resources/Employees,,True,False,True,hr_work_entry_enterprise|planning,2,
hr_work_entry_planning_attendance,Attendances - Planning,enterprise,OEEL-1,Human Resources/Employees,,True,False,True,hr_work_entry_planning|hr_work_entry_attendance,0,
html_builder,HTML Builder,community,LGPL-3,Uncategorized,0.1,False,False,True,base|html_editor|mail,0,
html_editor,HTML Editor,community,LGPL-3,Hidden,1.0,True,False,True,base|bus|web,1,
http_routing,Web Routing,community,LGPL-3,Hidden,,False,False,True,web,2,
iap,In-App Purchases,community,LGPL-3,Hidden/Tools,1.1,True,False,True,web|base_setup,5,
iap_crm,IAP / CRM,community,LGPL-3,Hidden/Tools,1.0,True,False,True,crm|iap_mail,0,
iap_extract,Iap Extract,enterprise,OEEL-1,Hidden/Tools,1.0,True,False,True,base|iap|mail|iap_mail,3,
iap_mail,IAP / Mail,community,LGPL-3,Hidden/Tools,1.0,True,False,True,iap|mail,2,
im_livechat,Live Chat,community,LGPL-3,Website/Live Chat,1.0,False,True,True,mail|rating|digest|utm,22,
industry_fsm,Field Service,enterprise,OEEL-1,Services/Field Service,1.0,False,True,True,project_enterprise|timesheet_grid|base_geolocalize,18,
industry_fsm_repair,Field Service Repair,enterprise,OEEL-1,Services/Field Service,1.0,True,False,True,industry_fsm_stock|repair,2,
industry_fsm_report,Field Service Reports,enterprise,OEEL-1,Services/Field Service,,"['industry_fsm', 'web_studio']",False,True,worksheet|industry_fsm|web_studio,12,
industry_fsm_sale,Field Service - Sale,enterprise,OEEL-1,Services/Field Service,1.0,True,False,True,industry_fsm|sale_timesheet_enterprise,9,invoice
industry_fsm_sale_report,Field Service Reports - Sale,enterprise,OEEL-1,Services/Field Service,,True,False,True,industry_fsm_sale|industry_fsm_report,5,
industry_fsm_sale_subscription,Field Service - Sale Subscription,enterprise,OEEL-1,Services/Field Service,1.0,True,False,True,industry_fsm_sale|project_sale_subscription,0,
industry_fsm_sms,FSM - SMS,enterprise,OEEL-1,Services/Field Service,1.0,True,False,True,industry_fsm|project_sms,1,
industry_fsm_stock,Field Service Stock,enterprise,OEEL-1,Services/Field Service,,True,False,True,industry_fsm_sale|sale_stock,5,
iot,Internet of Things,enterprise,OEEL-1,Administration/IoT,,False,True,True,mail|iot_base,5,
iot_base,IoT Base,community,LGPL-3,Hidden,1.0,False,False,True,web,0,
iot_box_image,IoT Box Image Build Tools,community,LGPL-3,Hidden/Tools,,False,False,False,,0,
iot_drivers,Hardware Proxy,community,LGPL-3,Hidden,,False,False,False,,0,
knowledge,Knowledge,enterprise,OEEL-1,Productivity/Knowledge,1.0,False,True,True,web|digest|html_editor|mail|portal|web_unsplash|web_hierarchy,22,
l10n_account_edi_ubl_cii_tests,Testing the Import/Export invoices with UBL/CII,community,LGPL-3,Accounting/Accounting,1.0,False,False,True,account_edi_ubl_cii|l10n_fr_account|l10n_be|l10n_de|l10n_nl|l10n_au,0,invoice|l10n|localization
l10n_account_withholding_tax,Withholding Tax on Payment,community,LGPL-3,Accounting/Localizations,1.0,False,False,True,account,6,invoice|l10n|localization
l10n_account_withholding_tax_pos,Withholding Tax on Payment - PoS,community,LGPL-3,Accounting/Localizations,1.0,True,False,True,l10n_account_withholding_tax|point_of_sale,0,l10n|localization
l10n_ae,United Arab Emirates - Accounting,community,LGPL-3,Accounting/Localizations/Account Charts,,['account'],False,True,account|l10n_gcc_invoice,5,document|fiscal|invoice|l10n|localization
l10n_ae_faf,United Arab Emirates - FTA VAT Audit,enterprise,OEEL-1,,1.0,False,False,True,l10n_ae_reports,5,l10n
l10n_ae_hr_payroll,United Arab Emirates - Payroll,enterprise,OEEL-1,Human Resources/Payroll,,['hr_payroll'],False,True,hr_payroll|hr_work_entry_holidays,17,l10n
l10n_ae_hr_payroll_account,United Arab Emirates - Payroll with Accounting,enterprise,OEEL-1,Human Resources,,True,False,True,hr_payroll_account|l10n_ae|l10n_ae_hr_payroll,3,l10n
l10n_ae_pos,United Arab Emirates - Point of Sale,community,LGPL-3,Accounting/Localizations/Point of Sale,,True,False,True,l10n_gcc_pos|l10n_ae,0,l10n|localization
l10n_ae_reports,United Arab Emirates - Accounting Reports,enterprise,OEEL-1,Accounting/Localizations/Reporting,1.0,"['l10n_ae', 'account_reports', 'account_fiscal_categories']",False,True,l10n_ae|account_reports|account_fiscal_categories,6,fiscal|l10n|localization
l10n_anz_ubl_pint,Australia & New Zealand - UBL PINT,community,LGPL-3,Accounting/Localizations/EDI,1.0,False,False,True,account_edi_ubl_cii,0,l10n|localization
l10n_ar,Argentina - Accounting,community,LGPL-3,Accounting/Localizations/Account Charts,3.7,['account'],False,True,l10n_latam_invoice_document|l10n_latam_base|account,25,document|fiscal|invoice|l10n|l10n_latam|latam|localization
l10n_ar_edi,Argentinean Electronic Invoicing,enterprise,OEEL-1,Accounting/Localizations/EDI,1.1,['l10n_ar'],False,True,l10n_ar|certificate,11,document|fiscal|invoice|l10n|localization
l10n_ar_pos,Argentinean - Point of Sale with AR Doc,community,LGPL-3,Accounting/Localizations/Point of Sale,1.0,True,False,True,l10n_ar|point_of_sale,1,l10n|localization
l10n_ar_reports,Argentinean Accounting Reports,enterprise,OEEL-1,Accounting/Localizations/Reporting,1.0,"['l10n_ar', 'account_reports']",False,True,l10n_ar|account_reports,6,document|l10n|localization
l10n_ar_reports_simple,Argentinean Accounting IVA Simple Export,enterprise,OEEL-1,Accounting/Localizations/Reporting,1.0,True,False,True,l10n_ar_reports,6,l10n|localization
l10n_ar_stock,Argentinean - Stock,community,LGPL-3,Accounting/Localizations,1.0,True,False,True,l10n_ar|stock_account,4,l10n|localization
l10n_ar_website_sale,Argentinean eCommerce,community,LGPL-3,Accounting/Localizations/Website,1.0,True,False,True,website_sale|l10n_ar,2,l10n|localization
l10n_ar_withholding,Argentina - Payment Withholdings,community,LGPL-3,Accounting/Localizations,1.0,False,False,True,l10n_ar|l10n_latam_check,10,invoice|l10n|l10n_latam|latam|localization
l10n_at,Austria - Accounting,community,LGPL-3,Accounting/Localizations/Account Charts,3.2.1,['account'],False,True,account|account_edi_ubl_cii|base_iban|base_vat|l10n_din5008,3,document|fiscal|l10n|localization
l10n_at_intrastat,Austrian Intrastat Declaration,enterprise,OEEL-1,Accounting/Localizations/Reporting,,True,False,True,account_intrastat|l10n_at_reports,1,invoice|l10n|localization
l10n_at_pos,Austria - Security Regulation for Point of Sale,enterprise,OEEL-1,,1.0,False,False,True,l10n_at|iap|point_of_sale,6,l10n
l10n_at_reports,Austria - Accounting Reports,enterprise,OEEL-1,Accounting/Localizations/Reporting,2.0,"['l10n_at', 'account_reports']",False,True,l10n_at|account_reports|account_accountant,4,l10n|localization
l10n_at_saft,Austrian SAF-T Export,enterprise,OEEL-1,Accounting/Localizations/Reporting,1.1,"['l10n_at', 'account_saft']",False,True,l10n_at|account_saft,4,l10n|localization
l10n_au,Australia - Accounting,community,LGPL-3,Accounting/Localizations/Account Charts,1.1,['account'],False,True,account,19,document|fiscal|invoice|l10n|localization
l10n_au_aba,ABA Credit Transfer,enterprise,OEEL-1,Accounting/Localizations/EDI,1.0,['l10n_au'],False,True,account_batch_payment|l10n_au,5,l10n|localization
l10n_au_hr_payroll,Australia - Payroll,enterprise,OEEL-1,Human Resources/Payroll,1.0,['hr_payroll'],False,True,hr_payroll|hr_work_entry_holidays|hr_payroll_holidays|base_address_extended,27,l10n
l10n_au_hr_payroll_account,Australia - Payroll with Accounting,enterprise,OEEL-1,Human Resources,,"['l10n_au', 'hr_payroll_account']",False,True,l10n_au_hr_payroll|hr_payroll_account|l10n_au|l10n_au_aba,27,l10n
l10n_au_hr_payroll_api,Australia - Payroll with API,enterprise,OEEL-1,Human Resources,1.0,['l10n_au_hr_payroll_account'],False,True,l10n_au_hr_payroll_account|account_edi_proxy_client|auth_timeout,13,l10n
l10n_au_reports,Australian Reports - Accounting,enterprise,OEEL-1,Accounting/Localizations/Reporting,1.1,"['l10n_au', 'account_reports']",False,True,l10n_au|account_reports|account_reports_cash_basis,4,fiscal|l10n|localization
l10n_bd,Bangladesh - Accounting,community,LGPL-3,Accounting/Localizations/Account Charts,1.0,['account'],False,True,account,3,document|fiscal|l10n|localization
l10n_bd_hr_payroll,Bangladesh - Payroll,enterprise,OEEL-1,Human Resources/Payroll,,['hr_payroll'],False,True,hr_payroll,7,l10n
l10n_bd_hr_payroll_account,Bangladesh - Payroll with Accounting,enterprise,OEEL-1,Human Resources,1.0,True,False,True,hr_payroll_account|l10n_bd|l10n_bd_hr_payroll,2,l10n
l10n_bd_reports,Bangladesh - Accounting Reports,enterprise,OEEL-1,,1.0.0,True,False,True,account_reports|l10n_bd,4,l10n
l10n_be,Belgium - Accounting,community,LGPL-3,Accounting/Localizations/Account Charts,2.0,['account'],False,True,account|account_edi_ubl_cii|base_iban|base_vat,3,document|fiscal|invoice|l10n|localization
l10n_be_coda,Belgium - Import Bank CODA Statements,enterprise,OEEL-1,Accounting/Localizations,2.1,True,False,True,account_accountant|l10n_be|account_bank_statement_import|base_iban,1,l10n|localization
l10n_be_coda_extension_number,CODA - Extension Number,enterprise,LGPL-3,Accounting/Localizations,1.0,True,False,True,l10n_be_coda,1,l10n|localization
l10n_be_codabox,CodaBox,enterprise,OEEL-1,Accounting/Localizations,1.0,False,False,True,l10n_be_coda|l10n_be_soda|l10n_be_reports,8,document|fiscal|l10n|localization
l10n_be_codaclean,Codaclean,enterprise,OEEL-1,Accounting/Localizations,1.0,False,False,True,l10n_be_coda,5,document|fiscal|l10n|localization
l10n_be_fiscal_categories,Belgium - Fiscal Categories Data,enterprise,OEEL-1,Accounting/Accounting,1.1,True,False,True,l10n_be|account_fiscal_categories,1,fiscal|l10n
l10n_be_fiscal_categories_fleet,Belgium - Disallowed Expenses Fleet,enterprise,OEEL-1,Accounting/Accounting,1.0,False,False,True,account_fiscal_categories_fleet|l10n_be_fiscal_categories|l10n_be_hr_payroll_fleet,2,fiscal|l10n
l10n_be_hr_contract_salary,Salary Configurator (Belgium),enterprise,OEEL-1,Human Resources,,True,False,True,hr_contract_salary_payroll|l10n_be_hr_payroll_fleet,12,l10n
l10n_be_hr_payroll,Belgium - Payroll,enterprise,OEEL-1,Human Resources/Payroll,1.0,['hr_payroll'],False,True,certificate|hr_payroll|hr_work_entry_holidays|hr_payroll_holidays,78,document|l10n
l10n_be_hr_payroll_account,Belgium - Payroll with Accounting,enterprise,OEEL-1,Human Resources,,True,False,True,l10n_be_hr_payroll|hr_payroll_account|l10n_be,4,l10n
l10n_be_hr_payroll_acerta,Belgium - Payroll - Export to Acerta,enterprise,OEEL-1,Human Resources,1.0,False,False,True,l10n_be_hr_payroll,6,l10n
l10n_be_hr_payroll_attendance,Belgian Payroll - Attendance,enterprise,OEEL-1,Human Resources/Employees,,True,False,True,hr_payroll_attendance|l10n_be_hr_payroll,0,l10n
l10n_be_hr_payroll_dimona,Belgium - Payroll - Dimona,enterprise,OEEL-1,Human Resources,,False,False,True,l10n_be_hr_payroll,4,document|l10n
l10n_be_hr_payroll_dimona_auto,Belgium - Payroll - Dimona - Automation,enterprise,OEEL-1,Human Resources,,['l10n_be_hr_payroll'],False,True,l10n_be_hr_payroll_dimona|l10n_be_hr_payroll,7,document|l10n
l10n_be_hr_payroll_fix,Belgian Payroll - Holiday Attest Fix,enterprise,OEEL-1,Human Resources/Payroll,1.0,True,False,True,l10n_be_hr_payroll,0,l10n
l10n_be_hr_payroll_fleet,Belgium - Payroll - Fleet,enterprise,OEEL-1,Human Resources,1.0,True,False,True,l10n_be_hr_payroll|hr_fleet,13,l10n
l10n_be_hr_payroll_group_s,Belgium - Payroll - Export to Group S,enterprise,OEEL-1,Human Resources,1.0,False,False,True,l10n_be_hr_payroll,7,l10n
l10n_be_hr_payroll_partena,Belgium - Payroll - Export to Partena,enterprise,OEEL-1,Human Resources,1.0,False,False,True,l10n_be_hr_payroll,6,l10n
l10n_be_hr_payroll_prisma,Belgium - Payroll - Export to Prisma,enterprise,OEEL-1,Human Resources,1.0,False,False,True,l10n_be_hr_payroll,7,l10n
l10n_be_hr_payroll_sd_worx,Belgium - Payroll - Export to SD Worx,enterprise,OEEL-1,Human Resources,1.0,False,False,True,l10n_be_hr_payroll,7,l10n
l10n_be_hr_payroll_ucm,Belgium - Payroll - Export to UCM,enterprise,OEEL-1,Human Resources,1.0,False,False,True,l10n_be_hr_payroll,6,l10n
l10n_be_intervat,Belgian Intervat & Myminfin Edi,enterprise,OEEL-1,Accounting/Localizations/edi,1.0,"['l10n_be', 'l10n_be_reports']",False,True,l10n_be|l10n_be_reports|certificate,6,l10n|localization
l10n_be_intrastat,Belgian Intrastat Declaration,enterprise,OEEL-1,Accounting/Localizations/Reporting,,True,False,True,account_intrastat|l10n_be_reports,8,invoice|l10n|localization
l10n_be_pos_blackbox,Belgian Registered Cash Register (v2),enterprise,OEEL-1,Sales/Point of Sale,1.1,False,False,True,l10n_be|web_enterprise|pos_discount|pos_restaurant,10,invoice|l10n
l10n_be_pos_blackbox_hr,Belgian Registered Cash Register HR Extension,enterprise,OEEL-1,Sales/Point of Sale,1.0,True,False,True,l10n_be_pos_blackbox|pos_hr,1,l10n
l10n_be_pos_blackbox_loyalty,Belgian Registered Cash Register Loyalty Extension,enterprise,OEEL-1,Sales/Point of Sale,1.0,True,False,True,l10n_be_pos_blackbox|pos_loyalty,0,l10n
l10n_be_pos_blackbox_self_order,Belgian Registered Cash Register Self-Order Extension,enterprise,OEEL-1,Sales/Point of Sale,1.0,True,False,True,l10n_be_pos_blackbox|pos_self_order,1,l10n
l10n_be_pos_blackbox_settle_due,Belgian Registered Cash Register Settle Due Extension,enterprise,OEEL-1,Sales/Point of Sale,1.0,True,False,True,l10n_be_pos_blackbox|pos_settle_due,0,l10n
l10n_be_pos_blackbox_urban_piper,Belgian Registered Cash Register Urban Piper Extension,enterprise,OEEL-1,Sales/Point of Sale,1.0,True,False,True,l10n_be_pos_blackbox|pos_urban_piper,0,l10n
l10n_be_pos_restaurant,Belgian POS Restaurant Localization,community,LGPL-3,Sales/Point of Sale,1.0,True,False,True,pos_restaurant|l10n_be,0,l10n|localization
l10n_be_pos_sale,l10n_be_pos_sale,community,LGPL-3,Sales/Point of Sale,1.0,True,False,True,pos_sale|l10n_be,0,l10n
l10n_be_reports,Belgium - Accounting Reports,enterprise,OEEL-1,Accounting/Localizations/Reporting,1.1,"['l10n_be', 'account_reports']",False,True,l10n_be|account_reports,50,l10n|localization
l10n_be_reports_client_nihil,Belgium - Accounting Reports Client Nihil,enterprise,OEEL-1,Accounting/Localizations/Reporting,1.0,True,False,True,l10n_be_reports,1,l10n|localization
l10n_be_reports_hr_payroll,Belgium - Accounting Reports & Payroll Bridge,enterprise,OEEL-1,,1.0,True,False,True,l10n_be_reports|l10n_be_hr_payroll,0,l10n
l10n_be_reports_sms,Belgium - Accounting Reports - SMS,enterprise,OEEL-1,Accounting/Localizations/Reporting,1.0,True,False,True,l10n_be_reports|sms,1,l10n|localization
l10n_be_soda,Belgium - Import SODA files,enterprise,OEEL-1,Accounting/Localizations,1.0,True,False,True,accountant|l10n_be,5,l10n|localization
l10n_bf,Burkina Faso - Accounting,community,LGPL-3,Accounting/Localizations/Account Charts,,['account'],False,True,l10n_syscohada|account,1,l10n|localization
l10n_bf_reports,Burkina Faso - Accounting Reports,enterprise,OEEL-1,,1.0,True,False,True,account_reports|l10n_bf,1,l10n
l10n_bg,Bulgaria - Accounting,community,LGPL-3,Accounting/Localizations/Account Charts,1.0,['account'],False,True,account|base_vat,1,document|fiscal|l10n|localization
l10n_bg_ledger,Bulgaria - Report ledger,community,LGPL-3,Accounting/Localizations/Account Charts,1.0,True,False,True,l10n_bg,2,l10n|localization
l10n_bg_reports,Bulgaria - Accounting Reports,enterprise,OEEL-1,Accounting/Localizations/Reporting,1.0,True,False,True,l10n_bg|account_reports,4,l10n|localization
l10n_bg_reports_ledger,Bulgaria - Accounting Reports Ledger,enterprise,OEEL-1,Accounting/Localizations/Reporting,1.0,True,False,True,l10n_bg_reports|l10n_bg_ledger,2,l10n|localization
l10n_bh,Bahrain - Accounting,community,LGPL-3,Accounting/Localizations/Account Charts,1.0,['account'],False,True,account|l10n_gcc_invoice,3,fiscal|invoice|l10n|localization
l10n_bh_reports,Bahrain - Accounting Reports,enterprise,OEEL-1,,1.0,True,False,True,account_reports|l10n_bh,1,l10n
l10n_bj,Benin - Accounting,community,LGPL-3,Accounting/Localizations/Account Charts,,['account'],False,True,l10n_syscohada|account,1,l10n|localization
l10n_bj_reports,Benin - Accounting Reports,enterprise,OEEL-1,,1.0,True,False,True,account_reports|l10n_bj,1,l10n
l10n_bo,Bolivia - Accounting,community,LGPL-3,Accounting/Localizations/Account Charts,2.0,['account'],False,True,account,1,document|fiscal|l10n|localization
l10n_bo_reports,Bolivia - Accounting Reports,enterprise,OEEL-1,Accounting/Localizations/Reporting,1.0,True,False,True,l10n_bo|account_reports,3,l10n|localization
l10n_br,Brazilian - Accounting,community,LGPL-3,Accounting/Localizations/Account Charts,1.1,['account'],False,True,account|account_qr_code_emv|base_address_extended|l10n_latam_base|l10n_latam_invoice_document,15,document|fiscal|invoice|l10n|l10n_latam|latam|localization
l10n_br_avatax,Avatax Brazil,enterprise,OEEL-1,Accounting/Accounting,1.0,False,False,True,iap|l10n_br|account_external_tax,20,fiscal|l10n
l10n_br_avatax_sale,Avatax Brazil Sale,enterprise,OEEL-1,Accounting/Accounting,1.0,True,False,True,l10n_br_avatax|sale,1,l10n
l10n_br_edi,Brazilian Accounting EDI,enterprise,OEEL-1,Accounting/Localizations/EDI,1.0,False,False,True,l10n_br_avatax,12,invoice|l10n|localization
l10n_br_edi_fiscal_reform,Avatax Brazil Fiscal Reform,enterprise,OEEL-1,Accounting/Accounting,1.0,True,False,True,l10n_br_edi,12,fiscal|l10n
l10n_br_edi_pos,Brazilian Accounting EDI for POS,enterprise,OEEL-1,Accounting/Localizations/EDI,1.0,True,False,True,l10n_br_edi|point_of_sale,5,l10n|localization
l10n_br_edi_pos_fiscal_reform,Avatax Brazil POS Fiscal Reform,enterprise,OEEL-1,Accounting/Localizations/EDI,1.0,True,False,True,l10n_br_edi_fiscal_reform|l10n_br_edi_pos,1,fiscal|l10n|localization
l10n_br_edi_sale,Brazilian Accounting EDI For Sale,enterprise,OEEL-1,Accounting/Localizations/EDI,1.0,True,False,True,sale_external_tax|l10n_br_edi,1,invoice|l10n|localization
l10n_br_edi_sale_fiscal_reform,Avatax Brazil Sale Fiscal Reform,enterprise,OEEL-1,Accounting/Accounting,1.0,True,False,True,l10n_br_edi_sale|l10n_br_avatax_sale|l10n_br_edi_fiscal_reform,1,fiscal|l10n
l10n_br_edi_stock,Brazilian Accounting EDI for stock,enterprise,OEEL-1,Accounting/Localizations/EDI,1.0,True,False,True,l10n_br_edi|sale_stock,2,l10n|localization
l10n_br_edi_website_sale,Brazilian Accounting EDI for eCommerce,enterprise,OEEL-1,Accounting/Localizations/EDI,1.0,True,False,True,l10n_br_edi_sale|website_sale_external_tax,2,l10n|localization
l10n_br_reports,Brazil - Accounting Reports,enterprise,OEEL-1,Accounting/Localizations/Reporting,0.1,"['l10n_br', 'account_reports']",False,True,l10n_br|account_reports,2,l10n|localization
l10n_br_sale_subscription,Brazil - Sale Subscription,enterprise,OEEL-1,Sales/Subscriptions,1.0,True,False,True,l10n_br|sale_subscription,1,l10n
l10n_br_sales,Brazil - Sale,community,LGPL-3,Sales/Sales,1.0,True,False,True,l10n_br|sale,3,invoice|l10n
l10n_br_website_sale,Brazil - Website Sale,community,LGPL-3,Sales/Sales,1.0,True,False,True,l10n_br|website_sale,1,l10n
l10n_br_website_sale_fiscal_reform,Avatax Brazil eCommerce Fiscal Reform,enterprise,OEEL-1,Accounting/Accounting,1.0,True,False,True,l10n_br_edi_fiscal_reform|l10n_br_edi_website_sale,1,fiscal|l10n
l10n_ca,Canada - Accounting,community,LGPL-3,Accounting/Localizations/Account Charts,1.1,['account'],False,True,account|base_iban,5,document|fiscal|invoice|l10n|localization
l10n_ca_check_printing,Canadian Checks Layout,enterprise,OEEL-1,Accounting/Localizations/Check,1.0,['l10n_ca'],False,True,account_check_printing|l10n_ca,5,l10n|localization
l10n_ca_payment_cpa005,CPA005 Payments,enterprise,OEEL-1,Accounting/Accounting,1.0,True,False,True,account_batch_payment|l10n_ca,9,l10n
l10n_ca_reports,Canada - Accounting Reports,enterprise,OEEL-1,Accounting/Localizations/Reporting,1.0,True,False,True,l10n_ca|account_reports,3,l10n|localization
l10n_cd,Democratic Republic of the Congo - Accounting,community,LGPL-3,Accounting/Localizations/Account Charts,,['account'],False,True,l10n_syscohada|account,1,l10n|localization
l10n_cd_reports,Democratic Republic of the Congo - Accounting Reports,enterprise,OEEL-1,,1.0,True,False,True,account_reports|l10n_cd,1,l10n
l10n_cf,Central African Republic - Accounting,community,LGPL-3,Accounting/Localizations/Account Charts,,['account'],False,True,l10n_syscohada|account,1,l10n|localization
l10n_cf_reports,Central African Republic - Accounting Reports,enterprise,OEEL-1,,1.0,True,False,True,account_reports|l10n_cf,1,l10n
l10n_cg,Congo - Accounting,community,LGPL-3,Accounting/Localizations/Account Charts,,['account'],False,True,l10n_syscohada|account,1,l10n|localization
l10n_cg_reports,Congo - Accounting Reports,enterprise,OEEL-1,,1.0,True,False,True,account_reports|l10n_cg,1,l10n
l10n_ch,Switzerland - Accounting,community,LGPL-3,Accounting/Localizations/Account Charts,11.3,['account'],False,True,account|account_edi_ubl_cii|base_iban|l10n_din5008,8,document|fiscal|invoice|l10n|localization
l10n_ch_hr_payroll,Switzerland - Swissdec Certified ELM 5.0 - Payroll,enterprise,OEEL-1,Human Resources/Payroll,1.0,['hr_payroll'],False,True,hr_payroll|hr_work_entry_holidays|hr_payroll_holidays|iap,60,l10n
l10n_ch_hr_payroll_account,Switzerland - Payroll with Accounting,enterprise,OEEL-1,Human Resources,1.0,True,False,True,hr_payroll_account|l10n_ch|l10n_ch_hr_payroll,3,l10n
l10n_ch_hr_payroll_elm_transmission_5_3,Swissdec Certified Payroll ELM 5.3,enterprise,OEEL-1,Human Resources/Payroll,1.0,['l10n_ch_hr_payroll'],False,True,l10n_ch_hr_payroll,9,l10n
l10n_ch_pos,Swiss - Point of Sale,community,LGPL-3,Accounting/Localizations/Point of Sale,,True,False,True,l10n_ch|point_of_sale,0,l10n|localization
l10n_ch_reports,Switzerland - Accounting Reports,enterprise,OEEL-1,Accounting/Localizations/Reporting,1.1,"['l10n_ch', 'account_reports']",False,True,l10n_ch|account_reports,2,l10n|localization
l10n_ci,Ivory Coast - Accounting,community,LGPL-3,Accounting/Localizations/Account Charts,,['account'],False,True,l10n_syscohada|account,1,l10n|localization
l10n_ci_reports,Ivory Coast - Accounting Reports,enterprise,OEEL-1,,1.0,True,False,True,account_reports|l10n_ci,1,l10n
l10n_cl,Chile - Accounting,community,LGPL-3,Accounting/Localizations/Account Charts,3.1,['account'],False,True,contacts|base_vat|l10n_latam_base|l10n_latam_invoice_document|uom|account,20,document|fiscal|invoice|l10n|l10n_latam|latam|localization
l10n_cl_edi,Chile - E-invoicing,enterprise,OEEL-1,Accounting/Localizations/EDI,1.2,['l10n_cl'],False,True,l10n_cl|account_edi|account_debit_note|certificate,29,document|invoice|l10n|l10n_latam|latam|localization
l10n_cl_edi_exports,Electronic Exports of Goods for Chile,enterprise,OEEL-1,Accounting/Localizations/EDI,1.0,False,False,True,l10n_cl_edi,7,invoice|l10n|localization
l10n_cl_edi_factoring,Chile - Localization: Factoring Extension,enterprise,OEEL-1,Accounting/Localizations/EDI,1.0,['l10n_cl_edi'],False,True,l10n_cl_edi,6,invoice|l10n|localization
l10n_cl_edi_pos,Chilean module for Point of Sale,enterprise,OEEL-1,Accounting/Localizations/Point of Sale,1.0,True,False,True,l10n_cl_edi|point_of_sale,1,l10n|localization
l10n_cl_edi_stock,Chile - E-Invoicing Delivery Guide,enterprise,OEEL-1,Accounting/Localizations/EDI,1.0,True,False,True,sale_stock|l10n_cl_edi|stock_account,9,invoice|l10n|localization
l10n_cl_edi_website_sale,Chilean eCommerce,enterprise,OEEL-1,Accounting/Localizations/Website,0.0.1,False,False,True,website_sale|l10n_cl_edi,2,l10n|localization
l10n_cl_reports,Chile - Accounting Reports,enterprise,OEEL-1,Accounting/Localizations/Reporting,1.1,"['l10n_cl', 'account_reports']",False,True,l10n_cl|account_reports,4,l10n|localization
l10n_cm,Cameroon - Accounting,community,LGPL-3,Accounting/Localizations/Account Charts,,['account'],False,True,l10n_syscohada|account,1,l10n|localization
l10n_cm_reports,Cameroon - Accounting Reports,enterprise,OEEL-1,,1.0,True,False,True,account_reports|l10n_cm,1,l10n
l10n_cn,China - Accounting,community,LGPL-3,Accounting/Localizations/Account Charts,1.8,['account'],False,True,base|account,3,document|fiscal|l10n|localization
l10n_cn_city,China - City Data,community,LGPL-3,Accounting/Localizations,1.8,False,False,True,l10n_cn|base_address_extended,2,l10n|localization
l10n_cn_reports,China - Accounting Reports,enterprise,OEEL-1,Accounting/Localizations/Reporting,1.0,"['l10n_cn', 'account_reports']",False,True,l10n_cn|account_reports,4,l10n|localization
l10n_co,Colombia - Accounting,community,LGPL-3,Accounting/Localizations/Account Charts,1.0,['account'],False,True,account_debit_note|l10n_latam_base|account,2,document|fiscal|l10n|l10n_latam|latam|localization
l10n_co_dian,Electronic invoicing for Colombia with DIAN,enterprise,OEEL-1,Accounting/Localizations/EDI,1.1,['l10n_co_edi'],False,True,account_edi_ubl_cii|l10n_co_edi|certificate,12,document|invoice|l10n|localization
l10n_co_edi,Electronic invoicing for Colombia with Carvajal,enterprise,OEEL-1,Accounting/Localizations/EDI,0.3,['l10n_co'],False,True,account_edi|l10n_co|product_unspsc|base_address_extended,25,document|invoice|l10n|localization
l10n_co_edi_mandate,Mandate invoicing for Colombia,enterprise,OEEL-1,Accounting/Localizations/EDI,1.0,True,False,True,l10n_co_dian,2,l10n|localization
l10n_co_edi_pos,Electronic invoicing for POS in Colombia,enterprise,OEEL-1,Accounting/Localizations/EDI,1.0,False,False,True,l10n_co_pos|l10n_co_dian|pos_edi_ubl,5,document|l10n|localization
l10n_co_pos,Colombian - Point of Sale,community,LGPL-3,Accounting/Localizations/Point of Sale,1.0,True,False,True,l10n_co|point_of_sale,0,l10n|localization
l10n_co_reports,Colombian - Accounting Reports,enterprise,OEEL-1,Accounting/Localizations/Reporting,1.1,"['l10n_co', 'account_reports']",False,True,l10n_co|account_reports,13,l10n|localization
l10n_cr,Costa Rica - Accounting,community,LGPL-3,Accounting/Localizations/Account Charts,,['account'],False,True,account,0,document|fiscal|l10n|localization
l10n_cy,Cyprus - Accounting,community,LGPL-3,Accounting/Localizations/Account Charts,1.0,['account'],False,True,account|account_edi_ubl_cii|base_vat,2,l10n|localization
l10n_cy_reports,Cyprus - Accounting Reports,enterprise,OEEL-1,Accounting/Localizations/Reporting,1.0,"['l10n_cy', 'account_reports']",False,True,l10n_cy|account_reports,4,l10n|localization
l10n_cz,Czech - Accounting,community,LGPL-3,Accounting/Localizations/Account Charts,1.1,['account'],False,True,account|account_edi_ubl_cii|base_iban|base_vat,8,document|fiscal|invoice|l10n|localization
l10n_cz_intrastat,Czechian Intrastat Declaration,enterprise,OEEL-1,Accounting/Localizations/Reporting,,False,False,True,account_intrastat|l10n_cz_reports,3,invoice|l10n|localization
l10n_cz_reports,Czech Republic- Accounting Reports,enterprise,OEEL-1,Accounting/Localizations/Reporting,1.0,True,False,True,l10n_cz|account_reports,14,l10n|localization
l10n_de,Germany - Accounting,community,LGPL-3,Accounting/Localizations/Account Charts,3.0,['account'],False,True,base_iban|base_vat|l10n_din5008|account|account_edi_ubl_cii,4,document|fiscal|l10n|localization
l10n_de_intrastat,German Intrastat Declaration,enterprise,OEEL-1,Accounting/Localizations/Reporting,1.0,"['l10n_de', 'account_intrastat']",False,True,l10n_de|account_intrastat,4,l10n|localization
l10n_de_pos_cert,Germany - Certification for Point of Sale,enterprise,OEEL-1,Accounting/Localizations/Point of Sale,0.1,True,False,True,l10n_de|point_of_sale|iap,8,l10n|localization
l10n_de_pos_res_cert,Germany - Certification for Point of Sale of type restaurant,enterprise,OEEL-1,Accounting/Localizations/Point of Sale,0.1,True,False,True,pos_restaurant|l10n_de_pos_cert,0,l10n|localization
l10n_de_reports,Germany - Accounting Reports,enterprise,OEEL-1,Accounting/Localizations/Reporting,1.1,"['l10n_de', 'account_reports']",False,True,l10n_de|account_reports,9,document|l10n|localization
l10n_din5008,DIN 5008,community,LGPL-3,Accounting/Localizations,1.0,True,False,True,account,5,document|l10n|localization
l10n_din5008_account_followup,DIN 5008 - Payment Follow-up Management,enterprise,OEEL-1,Accounting/Localizations,1.0,True,False,True,l10n_din5008|account_followup,1,l10n|localization
l10n_din5008_expense,DIN 5008 - Expenses,community,LGPL-3,Accounting/Localizations,1.0,True,False,True,l10n_din5008|hr_expense,1,l10n|localization
l10n_din5008_industry_fsm,DIN 5008 - Field Service,enterprise,OEEL-1,Accounting/Localizations,1.0,True,False,True,l10n_din5008|industry_fsm,1,l10n|localization
l10n_din5008_purchase,DIN 5008 - Purchase,community,LGPL-3,Accounting/Localizations,,True,False,True,l10n_din5008|purchase,1,l10n|localization
l10n_din5008_repair,DIN 5008 - Repair,community,LGPL-3,Accounting/Localizations,,True,False,True,l10n_din5008|repair,2,l10n|localization
l10n_din5008_sale,DIN 5008 - Sale,community,LGPL-3,Accounting/Localizations,,True,False,True,l10n_din5008|sale,2,l10n|localization
l10n_din5008_sale_renting,DIN 5008 - Rental,enterprise,OEEL-1,Accounting/Localizations,,True,False,True,l10n_din5008|sale_renting,1,l10n|localization
l10n_din5008_stock,DIN 5008 - Stock,community,LGPL-3,Accounting/Localizations,,True,False,True,l10n_din5008|stock,2,l10n|localization
l10n_dk,Denmark - Accounting,community,LGPL-3,Accounting/Localizations/Account Charts,1.4,['account'],False,True,base_iban|base_vat|account|account_edi_ubl_cii,5,document|fiscal|l10n|localization
l10n_dk_fik,Denmark - FIK Number,community,LGPL-3,Accounting/Localizations,1.0,True,False,True,l10n_dk,1,invoice|l10n|localization
l10n_dk_intrastat,Denmark - Intrastat,enterprise,OEEL-1,Accounting/Localizations/Reporting,1.0,True,False,True,l10n_dk_reports|account_intrastat,3,l10n|localization
l10n_dk_nemhandel,Denmark EDI - Nemhandel,community,LGPL-3,Accounting/Localizations/EDI,1.0,"['account_edi_ubl_cii', 'l10n_dk']",False,True,account_edi_proxy_client|account_edi_ubl_cii|l10n_dk,8,document|l10n|localization
l10n_dk_nemhandel_response,Nemhandel Business Response,community,LGPL-3,Accounting/Localizations/EDI,1.0,True,False,True,l10n_dk_nemhandel,5,document|l10n|localization
l10n_dk_oioubl,Denmark - E-invoicing,community,LGPL-3,Accounting/Localizations/EDI,0.1,True,False,True,account_edi_ubl_cii|l10n_dk,0,invoice|l10n|localization
l10n_dk_reports,Denmark - Accounting Reports,enterprise,OEEL-1,Accounting/Localizations/Reporting,1.0,"['l10n_dk', 'account_reports']",False,True,l10n_dk|account_reports|account_saft|documents_account,12,document|l10n|localization
l10n_dk_saft_import,Denmark - SAF-T Import,enterprise,OEEL-1,Accounting/Localizations,,True,False,True,account_saft_import|l10n_dk,0,l10n|localization
l10n_do,Dominican Republic - Accounting,community,LGPL-3,Accounting/Localizations/Account Charts,2.0,['account'],False,True,account|base_iban,1,dgii|document|dominican|fiscal|l10n|l10n_do|localización|localization|ncf|república
l10n_do_check_printing,Dominican Republic - Checks Layout,enterprise,OEEL-1,Accounting/Localizations/Check,1.0,['l10n_do'],False,True,account_check_printing|l10n_do,3,dominican|l10n|l10n_do|localization
l10n_do_reports,Dominican Republic - Accounting Reports,enterprise,OEEL-1,Accounting/Localizations/Reporting,1.0,True,False,True,l10n_do|account_reports,3,dominican|l10n|l10n_do|localization
l10n_dz,Algeria - Accounting,community,LGPL-3,Accounting/Localizations/Account Charts,1.0,['account'],False,True,base_vat|account,1,document|fiscal|l10n|localization
l10n_dz_reports,Algeria - Accounting Reports,enterprise,OEEL-1,Accounting/Localizations/Reporting,0.1,"['l10n_dz', 'account_reports']",False,True,l10n_dz|account_reports,3,l10n|localization
l10n_ec,Ecuadorian Accounting,community,LGPL-3,Accounting/Localizations/Account Charts,3.9,['account'],False,True,base|base_iban|account_debit_note|l10n_latam_invoice_document|l10n_latam_base|account,13,document|fiscal|invoice|l10n|l10n_latam|latam|localization
l10n_ec_edi,Ecuadorian Accounting EDI,enterprise,OPL-1,Accounting/Localizations/EDI,1.3,['l10n_ec'],False,True,account_edi|certificate|l10n_ec,23,document|invoice|l10n|localization
l10n_ec_edi_pos,Ecuadorian Point of Sale,enterprise,OEEL-1,Accounting/Localizations/EDI,1.0,True,False,True,l10n_ec_edi|point_of_sale,4,invoice|l10n|localization
l10n_ec_edi_stock,Ecuadorian Delivery Guide,enterprise,OPL-1,Accounting/Localizations/EDI,1.1,True,False,True,stock_account|l10n_ec_edi,6,l10n|localization
l10n_ec_reports,Ecuadorian Accounting Reports,enterprise,OPL-1,Accounting/Localizations/Reporting,2.0,True,False,True,l10n_ec|account_reports,2,l10n|localization
l10n_ec_reports_ats,Ecuador - ATS Report,enterprise,OPL-1,Accounting/Localizations/Reporting,1.0,True,False,True,l10n_ec_edi|l10n_ec_reports,1,l10n|localization
l10n_ec_sale,Ecuador - Sale,community,LGPL-3,Accounting/Localizations/Sale,1.0,True,False,True,l10n_ec|sale,3,l10n|localization
l10n_ec_stock,Ecuador - Stock,community,LGPL-3,Accounting/Localizations,1.0,True,False,True,l10n_ec|stock,0,l10n|localization
l10n_ee,Estonia - Accounting,community,LGPL-3,Accounting/Localizations/Account Charts,1.3,['account'],False,True,account|account_edi_ubl_cii,2,document|fiscal|l10n|localization
l10n_ee_intrastat,Estonia Intrastat Declaration,enterprise,OEEL-1,Accounting/Localizations/Reporting,1.0,False,False,True,l10n_ee_reports|account_intrastat,4,l10n|localization
l10n_ee_reports,Estonia - Accounting Reports,enterprise,OEEL-1,Accounting/Localizations/Reporting,1.0,"['l10n_ee', 'account_reports']",False,True,l10n_ee|account_reports,15,l10n|localization
l10n_eg,Egypt - Accounting,community,LGPL-3,Accounting/Localizations/Account Charts,1.0,['account'],False,True,account,2,document|fiscal|l10n|localization
l10n_eg_edi_eta,Egypt E-Invoicing,community,LGPL-3,account,0.2,False,False,True,account_edi|l10n_eg,14,invoice|l10n
l10n_eg_hr_payroll,Egypt - Payroll,enterprise,OEEL-1,Human Resources/Payroll,,['hr_payroll'],False,True,hr_payroll|hr_payroll_holidays,10,l10n
l10n_eg_hr_payroll_account,Egypt - Payroll with Accounting,enterprise,OEEL-1,Human Resources,1.0,True,False,True,hr_payroll_account|l10n_eg|l10n_eg_hr_payroll,2,l10n
l10n_eg_iot,Egypt - Internet Of Things,enterprise,OEEL-1,Administration/IoT,1.0,True,False,True,l10n_eg|iot,1,l10n
l10n_eg_reports,Egypt - Accounting Reports,enterprise,OEEL-1,,1.0,True,False,True,account_reports|l10n_eg,1,l10n
l10n_employment_hero,Employment Hero Payroll,enterprise,OEEL-1,Accounting,1.0,False,False,True,account_accountant,3,l10n
l10n_es,Spain - Accounting (PGCE 2008),community,LGPL-3,Accounting/Localizations/Account Charts,5.4,['account'],False,True,account|base_iban|base_vat|account_edi_ubl_cii,21,document|fiscal|invoice|l10n|localization
l10n_es_edi_facturae,Spain - Facturae EDI,community,LGPL-3,Accounting/Localizations/EDI,1.0,['l10n_es'],False,True,certificate|l10n_es,12,invoice|l10n|localization
l10n_es_edi_sii,Spain - SII EDI Suministro de Libros,community,LGPL-3,Accounting/Localizations/EDI,1.1,False,False,True,certificate|l10n_es|account_edi,4,invoice|l10n|localization
l10n_es_edi_tbai,Spain - TicketBAI,community,LGPL-3,Accounting/Localizations/EDI,1.1,False,False,True,l10n_es|certificate,11,invoice|l10n|localization
l10n_es_edi_tbai_pos,Spain - Point of Sale + TicketBAI,community,LGPL-3,Accounting/Localizations/Point of Sale,1.0,True,False,True,l10n_es_edi_tbai|point_of_sale,1,l10n|localization
l10n_es_edi_verifactu,Spain - Veri*Factu,community,LGPL-3,Accounting/Localizations/EDI,1.0,False,False,True,l10n_es,10,document|fiscal|invoice|l10n|localization
l10n_es_edi_verifactu_pos,Spain - Veri*Factu for Point of Sale,community,LGPL-3,Accounting/Localizations/Point of Sale,1.0,True,False,True,l10n_es_edi_verifactu|point_of_sale,2,l10n|localization
l10n_es_intrastat,Spain - Intrastat Declaration,enterprise,OEEL-1,Accounting/Localizations/Reporting,,True,False,True,account_intrastat|l10n_es_reports,1,l10n|localization
l10n_es_pos,[Deprecated] Spain - Point of Sale,community,LGPL-3,Accounting/Localizations/Point of Sale,,False,False,True,point_of_sale|l10n_es,2,l10n|localization
l10n_es_real_estates,Spain - Real Estates,enterprise,OEEL-1,Accounting/Localizations,0.1,False,False,True,l10n_es_reports,5,invoice|l10n|localization
l10n_es_reports,Spain - Accounting (PGCE 2008) Reports,enterprise,OEEL-1,Accounting/Localizations/Reporting,4.3,"['l10n_es', 'account_reports']",False,True,l10n_es|account_reports,21,invoice|l10n|localization
l10n_es_reports_2024,Spain - Accounting Reports (2024 Update),enterprise,OEEL-1,Accounting/Localization,1.0,True,False,True,l10n_es_reports,1,l10n|localization
l10n_es_reports_2025,Spain - Accounting Reports (2025 Update),enterprise,OEEL-1,Accounting/Localization,1.0,True,False,True,l10n_es_reports,5,l10n|localization
l10n_es_sale_amazon,Spain - Amazon Connector,enterprise,OEEL-1,Sales/Sales,1.0,True,False,True,sale_amazon|l10n_es,0,l10n|localization
l10n_et,Ethiopia - Accounting,community,LGPL-3,Accounting/Localizations/Account Charts,2.0,['account'],False,True,account,1,document|fiscal|l10n|localization
l10n_et_reports,Ethiopia - Accounting Reports,enterprise,OEEL-1,,1.0,True,False,True,account_reports|l10n_et,1,l10n
l10n_eu_iot_scale_cert,LNE electronic scale certification for PoS,enterprise,OEEL-1,Sales/Point of Sale,1.0,False,False,True,pos_iot,0,l10n
l10n_eu_oss,EU One Stop Shop (OSS),community,LGPL-3,Accounting/Localizations,,False,False,True,account,1,fiscal|l10n|localization
l10n_eu_oss_reports,EU One Stop Shop (OSS) Reports,enterprise,OEEL-1,Accounting/Localizations,,True,False,True,account_reports|l10n_eu_oss,7,l10n|localization
l10n_fi,Finland - Accounting,community,LGPL-3,Accounting/Localizations/Account Charts,13.0.2,['account'],False,True,base_iban|base_vat|account|account_edi_ubl_cii,4,document|fiscal|invoice|l10n|localization
l10n_fi_intrastat,Finnish Intrastat Declaration,enterprise,OEEL-1,Accounting/Localizations/Reporting,1.0,True,False,True,account_intrastat|l10n_fi_reports,3,invoice|l10n|localization
l10n_fi_reports,Finland - Accounting Reports,enterprise,OEEL-1,Accounting/Localizations/Reporting,1.1,"['l10n_fi', 'account_reports']",False,True,l10n_fi|account_reports,10,l10n|localization
l10n_fi_sale,Finland - Sale,community,LGPL-3,Sales/Sales,1.0,True,False,True,l10n_fi|sale,0,l10n
l10n_fr,France - Localizations,community,LGPL-3,Accounting/Localizations/Account Charts,2.1,False,False,True,base,3,l10n|localization
l10n_fr_account,France - Accounting,community,LGPL-3,Accounting/Localizations/Account Charts,2.4,['account'],False,True,base_iban|base_vat|account|account_edi_ubl_cii|l10n_fr,7,document|fiscal|invoice|l10n|localization
l10n_fr_facturx_chorus_pro,France - BIS3 integration for Chorus Pro,community,LGPL-3,Accounting/Localizations/EDI,1.0,False,False,True,account|account_edi_ubl_cii|l10n_fr_account,2,invoice|l10n|localization
l10n_fr_fec_import,France - FEC Import,enterprise,OEEL-1,Accounting/Accounting,,False,False,True,account_accountant|base_vat|l10n_fr_account|l10n_fr_reports|account_base_import,2,l10n
l10n_fr_hr_holidays,France - Time Off,community,LGPL-3,Human Resources/Time Off,1.0,['hr_holidays'],False,True,hr_holidays,1,l10n
l10n_fr_hr_payroll,French Payroll,enterprise,OEEL-1,Human Resources/Payroll,,False,False,True,hr_payroll,8,l10n|localization
l10n_fr_hr_payroll_account,France - Payroll with Accounting,enterprise,OEEL-1,Human Resources,,False,False,True,l10n_fr_hr_payroll|hr_payroll_account|l10n_fr_account,1,l10n
l10n_fr_hr_work_entry_holidays,France - Work Entries Time Off,community,LGPL-3,,1.0,['hr_work_entry_holidays'],False,True,l10n_fr_hr_holidays|hr_work_entry_holidays,0,l10n
l10n_fr_intrastat,French Intrastat Declaration,enterprise,OEEL-1,Accounting/Localizations/Reporting,,True,False,True,l10n_fr_account|account_intrastat,7,invoice|l10n|localization
l10n_fr_pdp,France - E-Invoicing (Approved Platform),community,LGPL-3,Accounting/Localizations/EDI,,"['l10n_fr_account', 'auth_totp_mail']",False,True,l10n_fr_account|account_peppol_response|auth_totp_mail|iap,13,document|fiscal|l10n|localization
l10n_fr_pdp_pos,France - E-reporting for POS,community,LGPL-3,Accounting/Localizations/Reporting,1.0,True,False,True,l10n_fr_pdp|point_of_sale,0,l10n|localization
l10n_fr_pos_cert,France - VAT Anti-Fraud Certification for Point of Sale (CGI 286 I-3 bis),community,LGPL-3,Accounting/Localizations/Point of Sale,1.1,True,False,True,l10n_fr_account|point_of_sale,8,invoice|l10n|localization
l10n_fr_reports,France - Accounting Reports,enterprise,OEEL-1,Accounting/Localizations/Reporting,1.2,"['l10n_fr_account', 'account_reports']",False,True,l10n_fr_account|account_reports,16,l10n|localization
l10n_ga,Gabon - Accounting,community,LGPL-3,Accounting/Localizations/Account Charts,,['account'],False,True,l10n_syscohada|account,1,l10n|localization
l10n_ga_reports,Gabon - Accounting Reports,enterprise,OEEL-1,,1.0,True,False,True,account_reports|l10n_ga,1,l10n
l10n_gcc_invoice,Gulf Cooperation Council - Invoice,community,LGPL-3,Accounting/Localizations,1.0.1,False,False,True,account,2,invoice|l10n|localization
l10n_gcc_invoice_stock_account,Gulf Cooperation Council WMS Accounting,community,LGPL-3,Accounting/Localizations,1.0,True,False,True,l10n_gcc_invoice|stock_account,1,invoice|l10n|localization
l10n_gcc_pos,Gulf Cooperation Council - Point of Sale,community,LGPL-3,Accounting/Localizations/Point of Sale,,True,False,True,point_of_sale|l10n_gcc_invoice,1,invoice|l10n|localization
l10n_gn,Guinea - Accounting,community,LGPL-3,Accounting/Localizations/Account Charts,,['account'],False,True,l10n_syscohada|account,1,l10n|localization
l10n_gn_reports,Guinea - Accounting Reports,enterprise,OEEL-1,,1.0,True,False,True,account_reports|l10n_gn,1,l10n
l10n_gq,Guinea Equatorial - Accounting,community,LGPL-3,Accounting/Localizations/Account Charts,,['account'],False,True,l10n_syscohada|account,1,l10n|localization
l10n_gq_reports,Guinea Equatorial - Accounting Reports,enterprise,OEEL-1,,1.0,True,False,True,account_reports|l10n_gq,1,l10n
l10n_gr,Greece - Accounting,community,LGPL-3,Accounting/Localizations/Account Charts,,['account'],False,True,account|base_iban|base_vat|account_edi_ubl_cii,1,l10n|localization
l10n_gr_edi,Greece - myDATA,community,LGPL-3,Accounting/Localizations,1.0,True,False,True,l10n_gr,11,fiscal|invoice|l10n|localization
l10n_gr_reports,Greece - Accounting Reports,enterprise,OEEL-1,Accounting/Localizations/Reporting,1.0,"['l10n_gr', 'account_reports']",False,True,l10n_gr|account_reports,4,l10n|localization
l10n_gt,Guatemala - Accounting,community,LGPL-3,Accounting/Localizations/Account Charts,3.0,['account'],False,True,base|account,0,document|fiscal|l10n|localization
l10n_gt_edi,Guatemala - E-Invoicing,enterprise,LGPL-3,Accounting/Localizations/EDI,1.0,False,False,True,account_debit_note|account_tax_python|l10n_gt|l10n_latam_base,12,document|fiscal|invoice|l10n|l10n_latam|latam|localization
l10n_gt_edi_pos,Guatemalan Accounting EDI for POS,enterprise,OEEL-1,Accounting/Localizations/EDI,1.0,True,False,True,l10n_gt_edi|point_of_sale,1,l10n|localization
l10n_gw,Guinea-Bissau - Accounting,community,LGPL-3,Accounting/Localizations/Account Charts,,['account'],False,True,l10n_syscohada|account,1,l10n|localization
l10n_gw_reports,Guinea-Bissau - Accounting Reports,enterprise,OEEL-1,,1.0,True,False,True,account_reports|l10n_gw,1,l10n
l10n_hk,Hong Kong - Accounting,community,LGPL-3,Accounting/Localizations/Account Charts,1.0,['account'],False,True,account_qr_code_emv|account,2,document|fiscal|l10n|localization
l10n_hk_hr_payroll,Hong Kong - Payroll,enterprise,OEEL-1,Human Resources/Payroll,1.0,['hr_payroll'],False,True,hr_payroll|hr_work_entry_holidays|hr_payroll_holidays,43,l10n
l10n_hk_hr_payroll_account,Hong Kong - Payroll with Accounting,enterprise,OEEL-1,Human Resources/Payroll,1.0,True,False,True,hr_payroll_account|l10n_hk|l10n_hk_hr_payroll,2,l10n
l10n_hk_hr_payroll_empf,Hong Kong - Payroll eMPF,enterprise,OEEL-1,Human Resources/Payroll,,['l10n_hk_hr_payroll'],False,True,l10n_hk_hr_payroll,15,l10n
l10n_hk_reports,Hong Kong - Accounting Reports,enterprise,OEEL-1,Accounting/Localizations/Reporting,1.0,"['l10n_hk', 'account_reports']",False,True,l10n_hk|account_reports,0,l10n|localization
l10n_hn,Honduras - Accounting,community,LGPL-3,Accounting/Localizations/Account Charts,0.2,['account'],False,True,base|account,0,document|fiscal|l10n|localization
l10n_hr,Croatia - Accounting (Euro),community,LGPL-3,Accounting/Localizations/Account Charts,13.0,['account'],False,True,account|base_vat,2,document|fiscal|l10n|localization
l10n_hr_edi,Croatia - e-invoicing,community,OEEL-1,Accounting/Localizations/Reporting,1.0,False,False,True,l10n_hr|account_edi_ubl_cii|account_peppol,13,invoice|l10n|localization
l10n_hr_intrastat,Croatian Intrastat Declaration,enterprise,OEEL-1,Accounting/Localizations/Reporting,,False,False,True,account_intrastat|l10n_hr_reports,3,invoice|l10n|localization
l10n_hr_kuna,Croatia - Accounting (Kuna),community,LGPL-3,Accounting/Localizations/Account Charts,13.0,False,False,True,account,1,l10n|localization
l10n_hr_kuna_reports,Croatia (Kuna) - Accounting Reports,enterprise,OEEL-1,Accounting/Localizations/Reporting,1.0,"['l10n_hr_kuna', 'account_reports']",False,True,l10n_hr_kuna|account_reports,1,l10n|localization
l10n_hr_reports,Croatia - Accounting Reports,enterprise,OEEL-1,Accounting/Localizations/Reporting,1.0,"['l10n_hr', 'account_reports']",False,True,l10n_hr|account_reports,6,l10n|localization
l10n_hu,Hungary - Accounting,community,LGPL-3,Accounting/Localizations/Account Charts,3.0,['account'],False,True,account|base_vat,2,document|fiscal|l10n|localization
l10n_hu_edi,Hungary - E-invoicing,community,LGPL-3,Accounting/Localizations/EDI,1.0.0,['l10n_hu'],False,True,account_debit_note|base_iban|l10n_hu,17,invoice|l10n|localization
l10n_hu_edi_receive,Hungary - E-invoicing Receive Vendor Bills,enterprise,LGPL-3,Accounting/Localizations,,False,False,True,l10n_hu_edi,4,document|invoice|l10n|localization
l10n_hu_reports,Hungary - Accounting Reports,enterprise,OEEL-1,Accounting/Localizations/Reporting,1.0,True,False,True,l10n_hu|account_reports,4,l10n|localization
l10n_id,Indonesian - Accounting,community,LGPL-3,Accounting/Localizations/Account Charts,1.3,['account'],False,True,account|base_iban|base_vat,4,document|fiscal|l10n|localization
l10n_id_efaktur_coretax,Indonesia E-faktur (Coretax),community,LGPL-3,Accounting/Localizations/EDI,1.0,True,False,True,l10n_id,14,document|l10n|localization
l10n_id_hr_payroll,Indonesia - Payroll,enterprise,OEEL-1,Human Resources/Payroll,,['hr_payroll'],False,True,hr_payroll|hr_work_entry_holidays|hr_payroll_holidays,12,l10n
l10n_id_hr_payroll_account,Indonesia - Payroll with Accounting,enterprise,OEEL-1,Human Resources,1.0,True,False,True,hr_payroll_account|l10n_id|l10n_id_hr_payroll,2,l10n
l10n_id_pos,Indonesia - Point of Sale,community,LGPL-3,Accounting/Localizations/Point of Sale,1.0,True,False,True,l10n_id|point_of_sale,0,l10n|localization
l10n_id_reports,Indonesia - Accounting Reports,enterprise,OEEL-1,Accounting/Localizations/Reporting,1.0,True,False,True,account_reports|l10n_id,1,l10n|localization
l10n_ie,Ireland - Accounting,community,LGPL-3,Accounting/Localizations/Account Charts,2.1,['account'],False,True,account|base_iban|base_vat|account_edi_ubl_cii,2,l10n|localization
l10n_ie_intrastat,Irish Intrastat Declaration,enterprise,OEEL-1,Accounting/Localizations/Reporting,,True,False,True,l10n_ie|account_intrastat,1,invoice|l10n|localization
l10n_ie_reports,Ireland - Accounting Reports,enterprise,OEEL-1,Accounting/Localizations/Reporting,1.0,"['l10n_ie', 'account_reports']",False,True,l10n_ie|account_reports,8,l10n|localization
l10n_il,Israel - Accounting,community,LGPL-3,Accounting/Localizations/Account Charts,1.1,['account'],False,True,account,2,document|fiscal|l10n|localization
l10n_il_reports,Israel - Accounting Reports,enterprise,OEEL-1,Accounting/Localizations/Reporting,1.0,"['l10n_il', 'account_reports']",False,True,l10n_il|account_reports,1,l10n|localization
l10n_in,Indian - Accounting,community,LGPL-3,Accounting/Localizations/Account Charts,2.1,['account'],False,True,account_tax_python|base_vat|account_debit_note|account|iap,33,document|fiscal|invoice|l10n|localization
l10n_in_asset,India - Accounting Assets,enterprise,OEEL-1,Accounting/Localizations/Assets,1.0,"['l10n_in', 'account_asset']",False,True,l10n_in|account_asset,2,l10n|localization
l10n_in_edi,Indian - E-invoicing,community,LGPL-3,Accounting/Localizations/EDI,1.03.00,False,False,True,account_edi|l10n_in,5,document|invoice|l10n|localization
l10n_in_edi_gstr,Indian - GSTR with E-invoice,enterprise,OEEL-1,Accounting/Localizations/Reporting,,True,False,True,l10n_in_edi|l10n_in_reports,1,invoice|l10n|localization
l10n_in_ewaybill,Indian - E-waybill,community,LGPL-3,Accounting/Localizations,2.0,False,False,True,l10n_in,10,l10n|localization
l10n_in_ewaybill_irn,Indian - E-waybill thru IRN,community,LGPL-3,Accounting/Localizations,,True,False,True,l10n_in_ewaybill|l10n_in_edi,2,l10n|localization
l10n_in_ewaybill_stock,Indian - E-waybill Stock,community,LGPL-3,Accounting/Localizations/EDI,1.1,True,False,True,l10n_in_stock|l10n_in_ewaybill,5,invoice|l10n|localization
l10n_in_hr_holidays,India - Time Off,community,LGPL-3,Human Resources/Time Off,1.0,['hr_holidays'],False,True,hr_holidays,5,l10n|localization
l10n_in_hr_payroll,Indian Payroll,enterprise,OEEL-1,Human Resources/Payroll,,['hr_payroll'],False,True,hr_payroll_holidays|hr_payroll,32,l10n|localization
l10n_in_hr_payroll_account,India - Payroll with Accounting,enterprise,OEEL-1,Human Resources,,True,False,True,l10n_in_hr_payroll|hr_payroll_account|l10n_in,2,l10n
l10n_in_pos,Indian - Point of Sale,community,LGPL-3,Accounting/Localizations/Point of Sale,1.0,True,False,True,l10n_in|point_of_sale,4,l10n|localization
l10n_in_pos_urban_piper,POS UrbanPiper - India,enterprise,OEEL-1,Sales/Point of Sale,,True,False,True,l10n_in|pos_urban_piper,1,l10n
l10n_in_purchase_stock,India Purchase and Warehouse Management,community,LGPL-3,Accounting/Localizations/Purchase,1.0,True,False,True,l10n_in_stock|purchase_stock,0,l10n|localization
l10n_in_reports,Indian - Accounting Reports,enterprise,OEEL-1,Accounting/Localizations/Reporting,1.2,False,False,True,l10n_in|account_reports|accountant|account_batch_payment|barcodes|account_invoice_extract,20,document|invoice|l10n|localization
l10n_in_reports_gstr_pos,Indian - GSTR India eFiling with POS,enterprise,OEEL-1,Accounting/Localizations/Reporting,1.0,True,False,True,l10n_in_reports|point_of_sale,0,l10n|localization
l10n_in_sale,Indian - Sale Report(GST),community,LGPL-3,Accounting/Localizations/Sale,1.0,True,False,True,l10n_in|sale,1,l10n|localization
l10n_in_sale_stock,India Sales and Warehouse Management,community,LGPL-3,Accounting/Localizations/Sale,0.1,True,False,True,l10n_in_sale|l10n_in_stock|sale_stock,0,invoice|l10n|localization
l10n_in_stock,Indian - Stock Report(GST),community,LGPL-3,Accounting/Localizations,1.0,True,False,True,l10n_in|stock,1,l10n|localization
l10n_iq,Iraq - Accounting,community,LGPL-3,Accounting/Localizations/Account Charts,1.0,['account'],False,True,account,0,l10n|localization
l10n_it,Italy - Accounting,community,LGPL-3,Accounting/Localizations/Account Charts,0.9,['account'],False,True,account|base_iban|base_vat|account_edi_ubl_cii,11,document|fiscal|l10n|localization
l10n_it_edi,Italy - E-invoicing,community,LGPL-3,Accounting/Localizations/EDI,0.5,['l10n_it'],False,True,l10n_it|account_edi_proxy_client|account_debit_note,13,document|invoice|l10n|localization
l10n_it_edi_doi,Italy - Declaration of Intent,community,LGPL-3,Accounting/Localizations,0.1,False,False,True,l10n_it_edi|sale,8,document|fiscal|invoice|l10n|localization
l10n_it_edi_sale,Italy - Sale E-invoicing,community,LGPL-3,Accounting/Localizations/EDI,1.0,True,False,True,l10n_it_edi|sale,1,document|fiscal|l10n|localization
l10n_it_hr_payroll_sd_worx,Italy - Payroll - Export to SD Worx,enterprise,OEEL-1,Human Resources,1.0,False,False,True,hr_payroll,7,l10n
l10n_it_intrastat,Italian Intrastat Declaration,enterprise,OEEL-1,Accounting/Localizations/Reporting,,True,False,True,account_intrastat|l10n_it_reports,1,invoice|l10n|localization
l10n_it_pos,Italy - Point of Sale,enterprise,OEEL-1,Accounting/Localizations/Point of Sale,1.0,True,False,True,l10n_it|point_of_sale,2,document|fiscal|l10n|localization
l10n_it_reports,Italy - Accounting Reports,enterprise,OEEL-1,Accounting/Accounting,1.0,"['l10n_it', 'account_reports']",False,True,l10n_it|account_reports,12,l10n
l10n_it_riba,Italy - Bank Receipts (Ri.Ba.),enterprise,LGPL-3,Accounting/Localizations,0.1,['l10n_it_edi'],False,True,l10n_it_edi|base_iban|account_batch_payment,2,l10n|localization
l10n_it_stock_ddt,Italy - Stock DDT,community,LGPL-3,Accounting/Localizations/EDI,0.1,True,False,True,l10n_it_edi|stock_delivery|stock_account,4,document|invoice|l10n|localization
l10n_jo,Jordan - Accounting,community,LGPL-3,Accounting/Localizations/Account Charts,1.0,['account'],False,True,account,1,fiscal|l10n|localization
l10n_jo_edi,Jordan E-Invoicing,community,LGPL-3,Accounting/Localizations/EDI,1.0,['l10n_jo'],False,True,account_edi_ubl_cii|l10n_jo,3,invoice|l10n|localization
l10n_jo_edi_pos,Jordan Accounting EDI for POS,community,OEEL-1,Accounting/Localizations/EDI,1.0,True,False,True,l10n_jo_edi|pos_edi_ubl,3,l10n|localization
l10n_jo_hr_payroll,Jordan - Payroll,enterprise,OEEL-1,Human Resources/Payroll,,['hr_payroll'],False,True,hr_payroll|hr_payroll_holidays,10,l10n
l10n_jo_hr_payroll_account,Jordan - Payroll with Accounting,enterprise,OEEL-1,Human Resources,1.0,True,False,True,hr_payroll_account|l10n_jo|l10n_jo_hr_payroll,2,l10n
l10n_jo_reports,Jordan - Accounting Reports,enterprise,OEEL-1,,1.0,True,False,True,account_reports|l10n_jo,1,l10n
l10n_jp,Japan - Accounting,community,LGPL-3,Accounting/Localizations/Account Charts,2.3,['account'],False,True,account,1,document|fiscal|l10n|localization
l10n_jp_reports,Japan - Accounting Reports,enterprise,OEEL-1,,1.0,True,False,True,account_reports|l10n_jp,1,l10n
l10n_jp_ubl_pint,Japan - UBL PINT,community,LGPL-3,Accounting/Localizations/EDI,1.0,False,False,True,account_edi_ubl_cii,0,l10n|localization
l10n_jp_zengin,Japan - Zengin Payment,enterprise,OEEL-1,Accounting/Localizations/EDI,1.0,True,False,True,l10n_jp|account_batch_payment|account_bank_statement_import,5,l10n|localization
l10n_ke,Kenya - Accounting,community,LGPL-3,Accounting/Localizations/Account Charts,1.0,['account'],False,True,account,7,document|fiscal|l10n|localization
l10n_ke_edi_oscu,Kenya eTIMS EDI Integration,enterprise,OEEL-1,Accounting/Localizations/EDI,1.0,['l10n_ke'],False,True,l10n_ke|product_unspsc,17,invoice|l10n|localization
l10n_ke_edi_oscu_mrp,Kenya ETIMS EDI Manufacturing Integration,enterprise,OEEL-1,Accounting/Localizations/EDI,1.0,True,False,True,l10n_ke_edi_oscu_stock|mrp,1,l10n|localization
l10n_ke_edi_oscu_pos,Kenya - Point of Sale,enterprise,OEEL-1,Accounting/Localizations/EDI,1.0,False,False,True,l10n_ke_edi_oscu_stock|point_of_sale,3,l10n|localization
l10n_ke_edi_oscu_stock,Kenya ETIMS EDI Stock Integration,enterprise,OEEL-1,Accounting/Localizations/EDI,1.0,True,False,True,l10n_ke_edi_oscu|sale_management|purchase_stock|sale_stock,10,l10n|localization
l10n_ke_edi_tremol,Kenya Tremol Device EDI Integration,community,LGPL-3,Accounting/Localizations/EDI,1.0,False,False,True,l10n_ke,4,invoice|l10n|localization
l10n_ke_hr_payroll,Kenya - Payroll,enterprise,OEEL-1,Human Resources/Payroll,1.0,True,False,True,hr_payroll|hr_work_entry_holidays|hr_payroll_holidays,20,l10n
l10n_ke_hr_payroll_account,Kenya - Payroll with Accounting,enterprise,OEEL-1,Human Resources,1.0,True,False,True,hr_payroll_account|l10n_ke|l10n_ke_hr_payroll,2,l10n
l10n_ke_reports,Kenya - Accounting Reports,enterprise,OEEL-1,Accounting/Localizations/Reporting,1.0,True,False,True,l10n_ke|account_reports,3,l10n|localization
l10n_kh,Cambodia - Accounting,community,LGPL-3,Accounting/Localizations/Account Charts,1.0,False,False,True,account_qr_code_emv|l10n_account_withholding_tax,3,document|fiscal|l10n|localization
l10n_kh_reports,Cambodia - Accounting Reports,enterprise,OEEL-1,Accounting/Localizations/Reporting,1.0,True,False,True,l10n_kh|account_reports,3,l10n|localization
l10n_km,Comoros - Accounting,community,LGPL-3,Accounting/Localizations/Account Charts,,['account'],False,True,l10n_syscohada|account,1,l10n|localization
l10n_km_reports,Comoros - Accounting Reports,enterprise,OEEL-1,,1.0,True,False,True,account_reports|l10n_km,1,l10n
l10n_kr,Republic of Korea - Accounting,community,LGPL-3,Accounting/Localizations/Account Charts,1.0,['account'],False,True,account,3,l10n|localization
l10n_kr_reports,Republic of Korea - Accounting Reports,enterprise,OEEL-1,Accounting/Localizations/Reporting,1.0,True,False,True,l10n_kr|account_reports,3,l10n|localization
l10n_kw,Kuwait - Accounting,community,LGPL-3,Accounting/Localizations/Account Charts,1.0,['account'],False,True,account|l10n_gcc_invoice,0,invoice|l10n|localization
l10n_kz,Kazakhstan - Accounting,community,LGPL-3,Accounting/Localizations/Account Charts,1.0,['account'],False,True,account,1,document|fiscal|l10n|localization
l10n_kz_reports,Kazakhstan - Accounting Reports,enterprise,OEEL-1,Accounting/Localizations/Reporting,1.0,True,False,True,l10n_kz|account_reports,3,l10n|localization
l10n_latam_base,LATAM Localization Base,community,LGPL-3,Accounting/Localizations,1.0,False,False,True,contacts|base_vat,6,document|fiscal|invoice|l10n|l10n_latam|latam|localization
l10n_latam_check,Third Party and Deferred/Electronic Checks Management,community,LGPL-3,Accounting/Localizations,1.0.0,False,False,True,account|base_vat,8,invoice|l10n|l10n_latam|latam|localization
l10n_latam_invoice_document,LATAM Document,community,LGPL-3,Accounting/Localizations,1.1,False,False,True,account|account_debit_note,8,document|fiscal|invoice|l10n|l10n_latam|latam|localization
l10n_lb_account,Lebanon - Accounting,community,LGPL-3,Accounting/Localizations/Account Charts,1.0,['account'],False,True,account,1,fiscal|l10n|localization
l10n_lk,Sri Lanka - Accounting,community,LGPL-3,Accounting/Localizations/Account Charts,1.0,['account'],False,True,account|l10n_account_withholding_tax,2,document|fiscal|l10n|localization
l10n_lk_reports,Sri Lanka - Accounting Reports,enterprise,OEEL-1,Accounting/Localizations/Reporting,1.0,True,False,True,l10n_lk|account_reports,3,l10n|localization
l10n_lt,Lithuania - Accounting,community,LGPL-3,Accounting/Localizations/Account Charts,1.0.0,['account'],False,True,account|account_edi_ubl_cii,4,document|fiscal|l10n|localization
l10n_lt_hr_payroll,Lithuania - Payroll,enterprise,OEEL-1,Human Resources/Payroll,1.0,['hr_payroll'],False,True,hr_payroll|hr_work_entry_holidays|hr_payroll_holidays,11,l10n
l10n_lt_hr_payroll_account,Lithuania - Payroll with Accounting,enterprise,OEEL-1,Human Resources,1.0,True,False,True,hr_payroll_account|l10n_lt|l10n_lt_hr_payroll,2,l10n
l10n_lt_intrastat,Lithuanian Intrastat Declaration,enterprise,OEEL-1,Accounting/Localizations/Reporting,1.0,True,False,True,l10n_lt|account_intrastat,5,l10n|localization
l10n_lt_reports,Lithuania - Accounting Reports,enterprise,OEEL-1,Accounting/Localizations/Reporting,1.0.0,"['l10n_lt', 'account_reports']",False,True,account_reports|l10n_lt,8,l10n|localization
l10n_lt_saft,Lithuanian Standard Audit File for Tax,enterprise,OEEL-1,Accounting/Localizations/Reporting,1.0,True,False,True,l10n_lt|account_saft,1,l10n|localization
l10n_lt_saft_import,Lithuania - SAF-T Import,enterprise,OEEL-1,Accounting/Localizations,,True,False,True,account_saft_import|l10n_lt,0,l10n|localization
l10n_lu,Luxembourg - Accounting,community,LGPL-3,Accounting/Localizations/Account Charts,2.2,['account'],False,True,account|base_iban|base_vat|account_edi_ubl_cii,6,document|fiscal|l10n|localization
l10n_lu_hr_payroll,Luxembourg - Payroll,enterprise,OEEL-1,Human Resources/Payroll,1.0,['hr_payroll'],False,True,hr_payroll|hr_work_entry_holidays|hr_payroll_holidays,21,l10n
l10n_lu_hr_payroll_account,Luxembourg - Payroll with Accounting,enterprise,OEEL-1,Human Resources,1.0,True,False,True,hr_payroll_account|l10n_lu|l10n_lu_hr_payroll,2,l10n
l10n_lu_reports,Luxembourg - Accounting Reports,enterprise,OEEL-1,Accounting/Localizations/Reporting,1.0,"['l10n_lu', 'account_asset']",False,True,l10n_lu|account_asset|account_reports|account_saft,29,l10n|localization
l10n_lv,Latvia - Accounting,community,LGPL-3,Accounting/Localizations/Account Charts,1.0.0,['account'],False,True,account|base_vat|account_edi_ubl_cii,1,fiscal|l10n|localization
l10n_lv_reports,Latvia - Accounting Reports,enterprise,OEEL-1,Accounting/Localizations/Reporting,1.0,"['l10n_lv', 'account_reports']",False,True,l10n_lv|account_reports,4,l10n|localization
l10n_ma,Morocco - Accounting,community,LGPL-3,Accounting/Localizations/Account Charts,,['account'],False,True,base|account,3,l10n|localization
l10n_ma_hr_payroll,Morocco - Payroll,enterprise,OEEL-1,Human Resources/Payroll,1.0,True,False,True,hr_payroll,11,l10n
l10n_ma_hr_payroll_account,Morocco - Payroll with Accounting,enterprise,OEEL-1,Human Resources,,True,False,True,l10n_ma_hr_payroll|hr_payroll_account|l10n_ma,1,l10n
l10n_ma_reports,Morocco - Accounting Reports,enterprise,OEEL-1,Accounting/Localizations/Reporting,1.1,"['l10n_ma', 'account_reports']",False,True,l10n_ma|account_reports,9,l10n|localization
l10n_mc,Monaco - Accounting,community,LGPL-3,Accounting/Localizations/Account Charts,,['account'],False,True,l10n_fr_account|account,0,l10n|localization
l10n_ml,Mali - Accounting,community,LGPL-3,Accounting/Localizations/Account Charts,,['account'],False,True,l10n_syscohada|account,1,l10n|localization
l10n_ml_reports,Mali - Accounting Reports,enterprise,OEEL-1,,1.0,True,False,True,account_reports|l10n_ml,1,l10n
l10n_mn,Mongolia - Accounting,community,LGPL-3,Accounting/Localizations/Account Charts,1.1,['account'],False,True,account,2,document|fiscal|l10n|localization
l10n_mn_reports,Mongolia - Accounting Reports,enterprise,OEEL-1,Accounting/Localizations/Reporting,1.0,"['l10n_mn', 'account_reports']",False,True,l10n_mn|account_reports,5,l10n|localization
l10n_mr,Mauritania - Accounting,community,LGPL-3,Accounting/Localizations/Account Charts,1.0,False,False,True,account|base_vat,1,document|fiscal|l10n|localization
l10n_mr_reports,Mauritania - Accounting Reports,enterprise,OEEL-1,Accounting/Localizations/Reporting,1.0,"['l10n_mr', 'account_reports']",False,True,l10n_mr|account_reports,3,l10n|localization
l10n_mt,Malta - Accounting,community,LGPL-3,Accounting/Localizations/Account Charts,1.1,['account'],False,True,account|base_vat|account_edi_ubl_cii,2,document|fiscal|l10n|localization
l10n_mt_pos,Malta - Point of Sale,community,LGPL-3,Accounting/Localizations/Point of Sale,1.0,True,False,True,point_of_sale,3,l10n|localization
l10n_mt_reports,Malta - Accounting Reports,enterprise,OEEL-1,Accounting/Localizations/Reporting,1.0,"['l10n_mt', 'account_reports']",False,True,l10n_mt|account_reports,4,l10n|localization
l10n_mu_account,Mauritius - Accounting,community,LGPL-3,Accounting/Localizations/Account Charts,1.0,['account'],False,True,account,2,fiscal|invoice|l10n|localization
l10n_mu_reports,Mauritius - Accounting Reports,enterprise,OEEL-1,,1.0,True,False,True,account_reports|l10n_mu_account,1,l10n
l10n_mx,Mexico - Accounting,community,LGPL-3,Accounting/Localizations/Account Charts,2.3,['account'],False,True,account,9,document|fiscal|l10n|localization
l10n_mx_edi,EDI for Mexico,enterprise,OEEL-1,Accounting/Localizations/EDI,0.3,['l10n_mx'],False,True,account_accountant|l10n_mx|base_vat|product_unspsc|certificate,27,document|invoice|l10n|localization
l10n_mx_edi_extended,EDI for Mexico (Advanced Features),enterprise,OEEL-1,Accounting/Localizations/EDI,0.1,False,False,True,l10n_mx_edi|base_address_extended,16,invoice|l10n|localization
l10n_mx_edi_landing,Odoo Mexico Localization for Stock/Landing,enterprise,OEEL-1,Accounting/Localizations/EDI,1.0,False,False,True,stock_landed_costs|sale_management|sale_stock|l10n_mx_edi_extended,7,invoice|l10n|localization
l10n_mx_edi_pos,Mexican Localization for the Point of Sale,enterprise,OEEL-1,Accounting/Localizations/EDI,0.1,True,False,True,l10n_mx_edi|point_of_sale,4,invoice|l10n|localization
l10n_mx_edi_sale,CFDI 4.0 fields for sale orders,enterprise,OEEL-1,Accounting/Localizations/EDI,1.0,True,False,True,sale|l10n_mx_edi,2,l10n|localization
l10n_mx_edi_stock,Mexico - Electronic Delivery Guide,enterprise,OEEL-1,Accounting/Localizations/EDI,1.2,True,False,True,fleet|stock_delivery|l10n_mx_edi_extended|web_map,16,document|l10n|localization
l10n_mx_edi_website_sale,Mexican Localization for eCommerce,enterprise,OEEL-1,Accounting/Localizations/EDI,1.0,True,False,True,website_sale|l10n_mx_edi_sale,2,fiscal|invoice|l10n|localization
l10n_mx_hr_payroll,Mexico - Payroll,enterprise,OEEL-1,Human Resources/Payroll,1.0,['hr_payroll'],False,True,hr_payroll|hr_work_entry_holidays|hr_payroll_holidays,14,l10n
l10n_mx_hr_payroll_account,Mexico - Payroll with Accounting,enterprise,OEEL-1,Human Resources,1.0,True,False,True,hr_payroll_account|l10n_mx|l10n_mx_hr_payroll|l10n_mx_edi,3,l10n
l10n_mx_hr_payroll_account_edi,Mexico - Payroll CFDI,enterprise,OEEL-1,Human Resources/Payroll,1.0,['l10n_mx_hr_payroll_account'],False,True,l10n_mx_hr_payroll_account|l10n_mx_edi,18,l10n
l10n_mx_reports,Odoo Mexican Localization Reports,enterprise,OEEL-1,Accounting/Localizations/Reporting,1.0,"['l10n_mx', 'account_reports']",False,True,account_reports|l10n_mx|l10n_mx_edi,8,l10n|localization
l10n_mx_reports_closing,Mexico - Month 13 Trial Balance,enterprise,OEEL-1,Accounting/Localizations/Reporting,1.0,True,False,True,l10n_mx_reports,1,l10n|localization
l10n_mx_xml_polizas,Odoo Mexican XML Polizas Export,enterprise,OEEL-1,Accounting/Localizations/Reporting,0.1,True,False,True,l10n_mx_reports|l10n_mx_edi,3,l10n|localization
l10n_my,Malaysia - Accounting,community,LGPL-3,Accounting/Localizations/Account Charts,1.1,['account'],False,True,account|account_tax_python,3,document|fiscal|l10n|localization
l10n_my_edi,Malaysia - E-invoicing,community,LGPL-3,Accounting/Localizations/EDI,1.0,False,False,True,l10n_my|l10n_my_ubl_pint|account_edi_proxy_client,16,document|invoice|l10n|localization
l10n_my_edi_pos,Malaysia - E-invoicing (POS),community,LGPL-3,Accounting/Localizations/EDI,1.0,True,False,True,l10n_my_edi|point_of_sale,4,document|invoice|l10n|localization
l10n_my_hr_payroll,Malaysia - Payroll,enterprise,OEEL-1,Human Resources/Payroll,,['hr_payroll'],False,True,hr_payroll,7,l10n
l10n_my_hr_payroll_account,Malaysia - Payroll with Accounting,enterprise,OEEL-1,Human Resources,1.0,True,False,True,hr_payroll_account|l10n_my|l10n_my_hr_payroll,2,l10n
l10n_my_reports,Malaysia - Accounting Reports,enterprise,OEEL-1,Accounting/Localizations/Reporting,1.0,True,False,True,l10n_my|account_followup|account_reports,6,l10n|localization
l10n_my_ubl_pint,Malaysia - UBL PINT,community,LGPL-3,Accounting/Localizations/EDI,1.0,False,False,True,account_edi_ubl_cii,3,invoice|l10n|localization
l10n_mz,Mozambique - Accounting,community,LGPL-3,Accounting/Localizations/Account Charts,1.0,['account'],False,True,base|account,1,document|fiscal|l10n|localization
l10n_mz_reports,Mozambique - Accounting Reports,enterprise,OEEL-1,Accounting/Localizations/Reporting,1.0,True,False,True,l10n_mz|account_reports,3,l10n|localization
l10n_ne,Niger - Accounting,community,LGPL-3,Accounting/Localizations/Account Charts,,['account'],False,True,l10n_syscohada|account,1,l10n|localization
l10n_ne_reports,Niger - Accounting Reports,enterprise,OEEL-1,,1.0,True,False,True,account_reports|l10n_ne,1,l10n
l10n_ng,Nigeria - Accounting,community,LGPL-3,Accounting/Localizations/Account Charts,1.0,['account'],False,True,base_vat|account,2,document|fiscal|l10n|localization
l10n_ng_reports,Nigeria - Accounting Reports,enterprise,OEEL-1,Accounting/Localizations/Reporting,1.0,"['l10n_ng', 'account_reports']",False,True,l10n_ng|account_reports,2,l10n|localization
l10n_nl,Netherlands - Accounting,community,LGPL-3,Accounting/Localizations/Account Charts,3.4,['account'],False,True,base_iban|base_vat|account|account_edi_ubl_cii,4,document|fiscal|l10n|localization
l10n_nl_hr_payroll,Netherlands - Payroll,enterprise,OEEL-1,Human Resources/Payroll,1.0,['hr_payroll'],False,True,hr_payroll|hr_work_entry_holidays|hr_payroll_holidays,9,l10n
l10n_nl_hr_payroll_account,Netherlands - Payroll with Accounting,enterprise,OEEL-1,Human Resources,1.0,True,False,True,hr_payroll_account|l10n_nl|l10n_nl_hr_payroll,2,l10n
l10n_nl_intrastat,Netherlands Intrastat Declaration,enterprise,OEEL-1,Accounting/Localizations/Reporting,,True,False,True,l10n_nl_reports|account_intrastat,2,invoice|l10n|localization
l10n_nl_reports,Netherlands - Accounting Reports,enterprise,OEEL-1,Accounting/Localizations/Reporting,1.5,"['l10n_nl', 'account_reports']",False,True,l10n_nl|account_reports|certificate,18,l10n|localization
l10n_nl_returns,Netherlands - Accounting Returns,enterprise,OEEL-1,Accounting/Localizations/Reporting,1.0,['l10n_nl_reports'],False,True,l10n_nl_reports,1,l10n|localization
l10n_no,Norway - Accounting,community,LGPL-3,Accounting/Localizations/Account Charts,2.1,['account'],False,True,base_iban|base_vat|account|account_edi_ubl_cii,4,document|fiscal|l10n|localization
l10n_no_reports,Norway - Accounting Reports,enterprise,OEEL-1,Accounting/Localizations/Reporting,1.1,"['l10n_no', 'account_reports']",False,True,l10n_no|account_reports,8,l10n|localization
l10n_no_saft,Norwegian Standard Audit File for Tax,enterprise,OEEL-1,Accounting/Localizations/Reporting,1.2,True,False,True,l10n_no|account_saft,1,l10n|localization
l10n_nz,New Zealand - Accounting,community,LGPL-3,Accounting/Localizations/Account Charts,1.2,['account'],False,True,account,5,document|fiscal|invoice|l10n|localization
l10n_nz_eft,EFT Batch Payment,enterprise,OEEL-1,Accounting/Localizations/EDI,1.0,False,False,True,account_batch_payment|l10n_nz,4,l10n|localization
l10n_nz_reports,New Zealand - Accounting Reports,enterprise,OEEL-1,,1.0,True,False,True,account_reports|l10n_nz,1,l10n
l10n_om,Oman - Accounting,community,LGPL-3,Accounting/Localizations/Account Charts,1.0,True,False,True,account|l10n_gcc_invoice,2,fiscal|invoice|l10n|localization
l10n_om_reports,Oman - Accounting Reports,enterprise,OEEL-1,Accounting/Localizations/Reporting,1.0,True,False,True,l10n_om|account_reports,1,l10n|localization
l10n_pa,Panama - Accounting,community,LGPL-3,Accounting/Localizations/Account Charts,,['account'],False,True,account,0,document|fiscal|l10n|localization
l10n_pe,Peru - Accounting,community,LGPL-3,Accounting/Localizations/Account Charts,3.1,['account'],False,True,base_vat|base_address_extended|l10n_latam_base|l10n_latam_invoice_document|account_debit_note|account,10,document|fiscal|invoice|l10n|l10n_latam|latam|localization
l10n_pe_edi,EDI for Peru,enterprise,OEEL-1,Accounting/Localizations/EDI,0.1,['l10n_pe'],False,True,iap|l10n_pe|product_unspsc|account_edi|account_edi_ubl_cii|certificate,17,document|invoice|l10n|localization
l10n_pe_edi_pos,Peruvian Localization for the Point of Sale,enterprise,OEEL-1,Accounting/Localizations/EDI,0.1,True,False,True,l10n_pe_edi|point_of_sale,1,l10n|localization
l10n_pe_edi_stock,Peruvian - Electronic Delivery Note,enterprise,OEEL-1,Accounting/Localizations/EDI,0.1,True,False,True,stock_delivery|l10n_pe_edi,9,l10n|localization
l10n_pe_pos,Peruvian - Point of Sale with Pe Doc,community,LGPL-3,Accounting/Localizations/Point of Sale,1.0,True,False,True,l10n_pe|point_of_sale,2,l10n|localization
l10n_pe_reports,Peru - Accounting Reports,enterprise,OEEL-1,Accounting/Localizations/Reporting,1.0,True,False,True,l10n_pe_edi|account_reports,12,l10n|localization
l10n_pe_reports_lib,Peru - Inventory and Balance Reports,enterprise,OEEL-1,Accounting/Localizations/Reporting,1.0,False,False,True,l10n_pe_edi|account_reports|l10n_pe_reports|l10n_pe_reports_stock,7,l10n|localization
l10n_pe_reports_stock,Peru - Stock Reports,enterprise,OEEL-1,Accounting/Localizations/Reporting,1.0,False,False,True,l10n_pe_edi|purchase|sale_stock,5,l10n|localization
l10n_ph,Philippines - Accounting,community,LGPL-3,Accounting/Localizations/Account Charts,1.1,['account'],False,True,account|base_vat|l10n_account_withholding_tax,11,document|fiscal|l10n|localization
l10n_ph_check_printing,Philippines Checks Layout,enterprise,OEEL-1,Accounting/Localizations/Check,1.0,['l10n_ph'],False,True,account_check_printing|l10n_ph,5,l10n|localization
l10n_ph_reports,Philippines - Accounting Reports,enterprise,OEEL-1,Accounting/Localizations/Reporting,1.0,True,False,True,l10n_ph|account_reports,5,l10n|localization
l10n_pk,Pakistan - Accounting,community,LGPL-3,Accounting/Localizations/Account Charts,1.1,['account'],False,True,account,2,document|fiscal|l10n|localization
l10n_pk_hr_payroll,Pakistan - Payroll,enterprise,OEEL-1,Human Resources/Payroll,,['hr_payroll'],False,True,hr_payroll,5,l10n
l10n_pk_hr_payroll_account,Pakistan - Payroll with Accounting,enterprise,OEEL-1,Human Resources,1.0,True,False,True,hr_payroll_account|l10n_pk|l10n_pk_hr_payroll,2,l10n
l10n_pk_reports,Pakistan - Accounting Reports,enterprise,OEEL-1,Accounting/Localizations/Reporting,1.0,"['l10n_pk', 'account_reports']",False,True,l10n_pk|account_reports,4,l10n|localization
l10n_pl,Poland - Accounting,community,LGPL-3,Accounting/Localizations/Account Charts,2.1,['account'],False,True,base_iban|base_vat|account|account_edi_ubl_cii,8,document|fiscal|l10n|localization
l10n_pl_bank_verification,Poland - Accounting - Bank Account Verification,community,LGPL-3,,1.0,True,False,True,l10n_pl,3,l10n
l10n_pl_edi,Polish E-Invoicing FA(3),community,LGPL-3,Accounting/Localizations,,['l10n_pl'],False,True,l10n_pl|certificate,4,invoice|l10n|localization
l10n_pl_hr_payroll,Poland - Payroll,enterprise,OEEL-1,Human Resources/Payroll,1.0,['hr_payroll'],False,True,hr_payroll|hr_work_entry_holidays|hr_payroll_holidays,7,l10n
l10n_pl_hr_payroll_account,Poland - Payroll with Accounting,enterprise,OEEL-1,Human Resources,1.0,True,False,True,hr_payroll_account|l10n_pl|l10n_pl_hr_payroll,2,l10n
l10n_pl_intrastat,Polish Intrastat Declaration,enterprise,OEEL-1,Accounting/Localizations/Reporting,,True,False,True,account_intrastat|l10n_pl_reports,1,invoice|l10n|localization
l10n_pl_reports,Poland - Accounting Reports,enterprise,OEEL-1,Accounting/Localizations/Reporting,1.0,True,False,True,l10n_pl|account_reports,10,l10n|localization
l10n_pl_reports_account_saft,Poland - SAFT Income Tax Report (JPK KR PD),enterprise,OEEL-1,Accounting/Localizations/Reporting,1.0,True,False,True,l10n_pl_reports|account_saft,1,l10n|localization
l10n_pl_reports_jpk_fa,Poland - JPK FA Reports,enterprise,OEEL-1,Accounting/Localizations/Reporting,1.0,True,False,True,l10n_pl|l10n_pl_edi|account_reports|base_address_extended,3,l10n|localization
l10n_pl_reports_pos_jpk,Poland - JPK_VAT PoS Enterprise,enterprise,OEEL-1,Accounting/Localizations/Reporting,1.0,True,False,True,l10n_pl_reports|point_of_sale,0,l10n|localization
l10n_pt,Portugal - Accounting,community,LGPL-3,Accounting/Localizations/Account Charts,1.0,['account'],False,True,base|account|base_vat|account_edi_ubl_cii,1,document|fiscal|l10n|localization
l10n_pt_intrastat,Portuguese Intrastat Declaration,enterprise,OEEL-1,Accounting/Localizations/Reporting,,True,False,True,l10n_pt|account_intrastat,1,invoice|l10n|localization
l10n_pt_reports,Portugal - Accounting Reports,enterprise,OEEL-1,Accounting/Localizations/Reporting,1.0,"['l10n_pt', 'account_reports']",False,True,l10n_pt|account_reports,4,l10n|localization
l10n_qa,Qatar - Accounting,community,LGPL-3,Accounting/Localizations/Account Charts,1.0,['account'],False,True,account|l10n_gcc_invoice,0,invoice|l10n|localization
l10n_ro,Romania - Accounting,community,LGPL-3,Accounting/Localizations/Account Charts,1.1,['account'],False,True,account|base_vat|account_edi_ubl_cii,3,document|fiscal|l10n|localization
l10n_ro_cpv_code,Romania - CPV Code,community,LGPL-3,Hidden,1.0,False,False,True,l10n_ro_edi,3,invoice|l10n
l10n_ro_edi,Romania - E-invoicing,community,LGPL-3,Accounting/Localizations/EDI,1.0,True,False,True,account_edi_ubl_cii|l10n_ro,4,invoice|l10n|localization
l10n_ro_edi_stock,Romania - E-Transport,community,LGPL-3,Accounting/Localizations/EDI,1.0,False,False,True,stock_delivery|l10n_ro_edi|stock_picking_batch,5,l10n|localization
l10n_ro_edi_stock_batch,Romania - E-Transport Batch Pickings,community,LGPL-3,Accounting/Localizations/EDI,1.0,True,False,True,l10n_ro_edi_stock|stock_picking_batch,2,l10n|localization
l10n_ro_hr_payroll,Romania - Payroll,enterprise,OEEL-1,Human Resources/Payroll,1.0,['hr_payroll'],False,True,hr_payroll|hr_work_entry_holidays|hr_payroll_holidays,8,l10n
l10n_ro_hr_payroll_account,Romania - Payroll with Accounting,enterprise,OEEL-1,Human Resources/Payroll,1.0,True,False,True,hr_payroll_account|l10n_ro|l10n_ro_hr_payroll,2,l10n
l10n_ro_intrastat,Romania - Intrastat Declaration,enterprise,OEEL-1,Accounting/Localizations/Reporting,1.0,True,False,True,account_intrastat|l10n_ro_reports,1,l10n|localization
l10n_ro_reports,Romania - Accounting Reports,enterprise,OEEL-1,Accounting/Localizations/Reporting,1.0,True,False,True,l10n_ro|account_reports,8,l10n|localization
l10n_ro_reports_d300,Romania - D300 VAT Report,enterprise,OEEL-1,,,True,False,True,l10n_ro_reports,4,l10n
l10n_ro_saft,Romanian SAF-T Export,enterprise,OEEL-1,Accounting/Localizations/Reporting,1.0,True,False,True,l10n_ro|account_saft|account_asset,9,l10n|localization
l10n_ro_saft_import,Romania - SAF-T Import,enterprise,OEEL-1,Accounting/Localizations,,True,False,True,account_saft_import|l10n_ro_saft,0,l10n|localization
l10n_ro_saft_stock,Romanian SAF-T Export (Stocks),enterprise,OEEL-1,Accounting/Localizations/Reporting,1.0,"['l10n_ro_saft', 'stock_account']",False,True,account_edi_ubl_cii|l10n_ro_saft|stock_account,2,l10n|localization
l10n_rs,Serbia - Accounting,community,LGPL-3,Accounting/Localizations/Account Charts,1.0,['account'],False,True,account|base_vat,4,document|fiscal|invoice|l10n|localization
l10n_rs_edi,Serbia - eFaktura E-invoicing,community,LGPL-3,Accounting/Localizations/EDI,1.0,True,False,True,account_edi_ubl_cii|l10n_rs,3,invoice|l10n|localization
l10n_rs_reports,Serbia - Accounting Reports,enterprise,OEEL-1,Accounting/Localizations/Reporting,1.0,True,False,True,l10n_rs|account_reports,3,document|l10n|localization
l10n_rw,Rwanda - Accounting,community,LGPL-3,Accounting/Localizations/Account Charts,1.0,['account'],False,True,account,2,fiscal|l10n|localization
l10n_rw_reports,Rwanda - Accounting Reports,enterprise,OEEL-1,Accounting/Localizations/Reporting,1.0,True,False,True,l10n_rw|account_reports,3,l10n|localization
l10n_sa,Saudi Arabia - Accounting,community,LGPL-3,Accounting/Localizations/Account Charts,2.2,['account'],False,True,l10n_gcc_invoice|account|account_debit_note,9,document|fiscal|invoice|l10n|localization
l10n_sa_edi,Saudi Arabia - E-invoicing,community,LGPL-3,Accounting/Localizations/EDI,0.3,False,False,True,account_edi|account_edi_ubl_cii|l10n_sa|base_vat|certificate,12,invoice|l10n|localization
l10n_sa_edi_pos,Saudi Arabia - E-invoicing (Simplified),community,LGPL-3,Accounting/Localizations/EDI,0.2,False,False,True,l10n_sa_pos|l10n_sa_edi,0,invoice|l10n|localization
l10n_sa_hr_payroll,Saudi Arabia - Payroll,enterprise,OEEL-1,Human Resources/Payroll,,['hr_payroll'],False,True,hr_payroll|hr_work_entry_holidays,22,l10n
l10n_sa_hr_payroll_account,Saudi Arabia - Payroll with Accounting,enterprise,OEEL-1,Human Resources,1.0,True,False,True,hr_payroll_account|l10n_sa|l10n_sa_hr_payroll,2,l10n
l10n_sa_pos,Saudi Arabia - Point of Sale,community,LGPL-3,Accounting/Localizations/Point of Sale,,True,False,True,l10n_gcc_pos|l10n_sa,0,l10n|localization
l10n_sa_reports,Saudi Arabia - Accounting Reports,enterprise,OEEL-1,,1.0,True,False,True,account_reports|l10n_sa,1,l10n
l10n_sa_withholding_tax,Saudi Arabia - Withholding Tax,community,LGPL-3,Accounting/Localizations/Account Charts,,['l10n_sa'],False,True,l10n_account_withholding_tax|l10n_sa,0,document|fiscal|l10n|localization
l10n_se,Sweden - Accounting,community,LGPL-3,Accounting/Localizations/Account Charts,1.1,['account'],False,True,account|base_vat|account_edi_ubl_cii,5,document|fiscal|invoice|l10n|localization
l10n_se_bban,BBAN Plusgiro Bankgiro,enterprise,OEEL-1,Accounting/Localizations,1.0,['l10n_se'],False,True,account_iso20022|l10n_se,4,l10n|localization
l10n_se_pos,Sweden Registered Cash Register,enterprise,OEEL-1,Sales/Point Of Sale,1.0,False,False,True,pos_restaurant|pos_iot|l10n_se,3,l10n
l10n_se_reports,Sweden - Accounting Reports,enterprise,OEEL-1,Accounting/Localizations/Reporting,1.0,"['l10n_se', 'account_reports']",False,True,l10n_se|account_reports,6,l10n|localization
l10n_se_returns,Sweden - Accounting Returns,enterprise,OEEL-1,Accounting/Localizations/Reporting,1.0,True,False,True,l10n_se_reports,4,l10n|localization
l10n_se_sie4_export,Sweden - SIE 4 Export,enterprise,OEEL-1,Accounting/Accounting,1.0,True,False,True,account_base_import|account_reports|l10n_se,0,document|l10n
l10n_se_sie4_import,Sweden - SIE 4 Import,enterprise,OEEL-1,Accounting/Accounting,1.0,False,False,True,account_base_import|l10n_se,2,document|l10n
l10n_se_sie_import,Sweden - SIE 5 Import,enterprise,OEEL-1,Accounting/Accounting,1.0,False,False,True,account_base_import|l10n_se,2,document|l10n
l10n_sg,Singapore - Accounting,community,LGPL-3,Accounting/Localizations/Account Charts,2.3,['account'],False,True,account_qr_code_emv|account,6,document|fiscal|invoice|l10n|localization
l10n_sg_reports,Singapore - Accounting Reports,enterprise,OEEL-1,Accounting/Localizations/Reporting,1.1,"['l10n_sg', 'account_reports']",False,True,l10n_sg|account_reports,4,l10n|localization
l10n_sg_ubl_pint,Singapore - UBL PINT,community,LGPL-3,Accounting/Localizations/EDI,1.0,False,False,True,account_edi_ubl_cii,0,l10n|localization
l10n_si,Slovenian - Accounting,community,LGPL-3,Accounting/Localizations/Account Charts,1.1,['account'],False,True,account|base_vat|account_edi_ubl_cii,6,document|fiscal|l10n|localization
l10n_si_intrastat,Slovenian Intrastat Declaration,enterprise,OEEL-1,Accounting/Localizations/Reporting,,True,False,True,account_intrastat|l10n_si_reports,1,l10n|localization
l10n_si_reports,Slovenia - Accounting Reports,enterprise,OEEL-1,Accounting/Localizations/Reporting,1.0,True,False,True,l10n_si|account_reports,4,l10n|localization
l10n_sk,Slovak - Accounting,community,LGPL-3,Accounting/Localizations/Account Charts,1.0,['account'],False,True,base_iban|base_vat|account,5,document|fiscal|invoice|l10n|localization
l10n_sk_hr_payroll,Slovakia - Payroll,enterprise,OEEL-1,Human Resources/Payroll,1.0,['hr_payroll'],False,True,hr_payroll|hr_work_entry_holidays|hr_payroll_holidays,9,l10n
l10n_sk_hr_payroll_account,Slovakia - Payroll with Accounting,enterprise,OEEL-1,Human Resources,1.0,True,False,True,hr_payroll_account|l10n_sk|l10n_sk_hr_payroll,2,l10n
l10n_sk_reports,Slovakia - Accounting Reports,enterprise,OEEL-1,Accounting/Localizations/Reporting,,True,False,True,l10n_sk|account_reports,11,l10n|localization
l10n_sn,Sénégal - Accounting,community,LGPL-3,Accounting/Localizations/Account Charts,,['account'],False,True,l10n_syscohada|account,1,l10n|localization
l10n_sn_reports,Sénégal - Accounting Reports,enterprise,OEEL-1,,1.0,True,False,True,account_reports|l10n_sn,1,l10n
l10n_syscohada,OHADA - Accounting,community,LGPL-3,Accounting/Localizations/Account Charts,,False,False,True,account,1,l10n|localization
l10n_syscohada_reports,OHADA (révisé) - Accounting Reports,enterprise,OEEL-1,Accounting/Localizations/Reporting,1.0,True,False,True,l10n_syscohada|account_reports,4,l10n|localization
l10n_td,Tchad - Accounting,community,LGPL-3,Accounting/Localizations/Account Charts,,['account'],False,True,l10n_syscohada|account,1,l10n|localization
l10n_td_reports,Tchad - Accounting Reports,enterprise,OEEL-1,,1.0,True,False,True,account_reports|l10n_td,1,l10n
l10n_test_pos_qr_payment,POS QR Tests,community,LGPL-3,Sales/Point of Sale,1.0,False,False,True,point_of_sale|account_qr_code_sepa|l10n_be|l10n_ch|l10n_hk|l10n_br,0,l10n
l10n_test_website_sale,Test - Ecommerce & Accouting Localizations,enterprise,LGPL-3,Hidden,1.0,False,False,True,l10n_br|l10n_co_edi|l10n_ec|l10n_it_edi|website_sale,0,l10n|localization
l10n_tg,Togo - Accounting,community,LGPL-3,Accounting/Localizations/Account Charts,,['account'],False,True,l10n_syscohada|account,1,l10n|localization
l10n_tg_reports,Togo - Accounting Reports,enterprise,OEEL-1,,1.0,True,False,True,account_reports|l10n_tg,1,l10n
l10n_th,Thailand - Accounting,community,LGPL-3,Accounting/Localizations/Account Charts,2.0,['account'],False,True,account_qr_code_emv|account,2,document|fiscal|invoice|l10n|localization
l10n_th_reports,Thailand - Accounting Reports,enterprise,OEEL-1,Accounting,1.0,True,False,True,l10n_th|account_reports,2,l10n
l10n_tn,Tunisia - Accounting,community,LGPL-3,Accounting/Localizations/Account Charts,1.0,['account'],False,True,account,1,l10n|localization
l10n_tn_reports,Tunisia - Accounting Reports,enterprise,OEEL-1,Accounting/Localizations/Reporting,1.0,"['l10n_tn', 'account_reports']",False,True,l10n_tn|account_reports,3,l10n|localization
l10n_tr,Türkiye - Accounting,community,LGPL-3,Accounting/Localizations/Account Charts,1.3,['account'],False,True,account,1,l10n|localization
l10n_tr_hr_payroll,Türkiye - Payroll,enterprise,OEEL-1,Human Resources/Payroll,,['hr_payroll'],False,True,hr_payroll,9,l10n
l10n_tr_hr_payroll_account,Türkiye - Payroll with Accounting,enterprise,OEEL-1,Human Resources,1.0,True,False,True,hr_payroll_account|l10n_tr|l10n_tr_hr_payroll,2,l10n
l10n_tr_nilvera,Türkiye - Nilvera,community,LGPL-3,Accounting/Accounting,1.0,False,False,True,l10n_tr,4,l10n
l10n_tr_nilvera_base_vat,Türkiye - Nilvera/Base VAT,community,LGPL-3,Accounting/Accounting,1.0,True,False,True,l10n_tr_nilvera|base_vat,0,l10n
l10n_tr_nilvera_edispatch,Türkiye - e-Irsaliye (e-Dispatch),community,LGPL-3,Accounting/Localizations,1.0,False,False,True,l10n_tr_nilvera|stock,5,l10n|localization
l10n_tr_nilvera_einvoice,Türkiye - Nilvera E-Invoice,community,LGPL-3,Accounting/Accounting,1.0,['l10n_tr_nilvera'],False,True,l10n_tr_nilvera|account_edi_ubl_cii,3,invoice|l10n
l10n_tr_nilvera_einvoice_extended,Türkiye - Nilvera E-Invoice Extended,community,LGPL-3,Accounting/Accounting,1.0,['l10n_tr_nilvera_einvoice'],False,True,l10n_tr_nilvera_einvoice|contacts,12,invoice|l10n
l10n_tr_reports,Türkiye - Accounting Reports,enterprise,OEEL-1,Accounting/Localizations/Reporting,1.0,True,False,True,l10n_tr|account_reports,5,l10n|localization
l10n_tw,Taiwan - Accounting,community,LGPL-3,Accounting/Localizations/Account Charts,1.0,['account'],False,True,account|base_address_extended,6,document|fiscal|l10n|localization
l10n_tw_edi_ecpay,Taiwan - E-invoicing,community,LGPL-3,Accounting/Localizations/EDI,1.0,False,False,True,l10n_tw|base_vat,7,invoice|l10n|localization
l10n_tw_edi_ecpay_website_sale,Taiwan - E-invoicing Ecommerce,community,LGPL-3,Website Sale/Localizations/EDI,,True,False,True,website_sale|l10n_tw_edi_ecpay,3,invoice|l10n|localization
l10n_tw_reports,Taiwan - Accounting Reports,enterprise,OEEL-1,Accounting/Localizations/Reporting,1.0,True,False,True,l10n_tw|account_reports,5,l10n|localization
l10n_tz_account,Tanzania - Accounting,community,LGPL-3,Accounting/Localizations/Account Charts,1.0,['account'],False,True,account,2,fiscal|l10n|localization
l10n_tz_reports,Tanzania - Accounting Reports,enterprise,OEEL-1,Accounting/Localizations/Reporting,1.0,True,False,True,l10n_tz_account|account_reports,3,l10n|localization
l10n_ua,Ukraine - Accounting,community,LGPL-3,Accounting/Localizations/Account Charts,1.4,['account'],False,True,account,1,document|fiscal|l10n|localization
l10n_ug,Uganda - Accounting,community,LGPL-3,Accounting/Localizations/Account Charts,1.0.0,['account'],False,True,account,1,fiscal|l10n|localization
l10n_ug_reports,Uganda - Accounting Reports,enterprise,OEEL-1,,1.0,True,False,True,account_reports|l10n_ug,1,l10n
l10n_uk,United Kingdom - Accounting,community,LGPL-3,Accounting/Localizations/Account Charts,1.1,['account'],False,True,account|base_iban|base_vat,3,document|fiscal|l10n|localization
l10n_uk_bacs,UK BACS Payment Files,enterprise,OEEL-1,Accounting/Accounting,1.0,['l10n_uk'],False,True,account_batch_payment|base_iban|l10n_uk,7,l10n
l10n_uk_hmrc,UK - HMRC API,enterprise,OEEL-1,Accounting/Localizations/UK/HMRC,1.0,False,False,True,l10n_uk,5,l10n|localization
l10n_uk_intrastat,British Intrastat Declaration,enterprise,OEEL-1,Accounting/Localizations/Reporting,,True,False,True,l10n_uk|account_intrastat,1,invoice|l10n|localization
l10n_uk_reports,UK - Accounting Reports,enterprise,OEEL-1,Accounting/Localizations/Reporting,1.2,"['l10n_uk', 'account_reports']",False,True,l10n_uk|account_reports,8,l10n|localization
l10n_uk_reports_cis,UK - Construction Industry Scheme,enterprise,OEEL-1,Accounting/Localizations/UK/CIS,1.0,False,False,True,l10n_uk_reports|l10n_uk_hmrc,8,l10n|localization
l10n_us,United States - Localizations,community,LGPL-3,Accounting/Localizations/Account Charts,1.1,False,False,True,base,2,document|fiscal|l10n|localization
l10n_us_1099,1099 Reporting,enterprise,OEEL-1,Accounting/Accounting,1.0,True,False,True,l10n_us|account_accountant,5,l10n
l10n_us_account,United States - Accounting,community,LGPL-3,Accounting/Localizations/Account Charts,1.0,['account'],False,True,l10n_us|account,3,document|fiscal|l10n|localization
l10n_us_check_printing,US Checks Layout,enterprise,OEEL-1,Accounting/Localizations/Check,1.0,['l10n_us_account'],False,True,account_check_printing|l10n_us_account,8,l10n|localization
l10n_us_direct_deposit,United States - Direct Deposit,enterprise,OEEL-1,Accounting/Payment,1.0,False,False,True,account_batch_payment|l10n_us,4,l10n
l10n_us_hr_payroll,United States - Payroll,enterprise,OEEL-1,Human Resources/Payroll,1.0,['hr_payroll'],False,True,hr_payroll|hr_work_entry_holidays|hr_payroll_holidays|base_address_extended|l10n_us,25,l10n
l10n_us_hr_payroll_account,United States - Payroll with Accounting,enterprise,OEEL-1,Human Resources,1.0,True,False,True,hr_payroll_account|l10n_us_hr_payroll|l10n_us_payment_nacha,5,l10n
l10n_us_hr_payroll_adp,United States - Payroll - Export to ADP,enterprise,OEEL-1,Human Resources,1.0,False,False,True,l10n_us_hr_payroll,5,l10n
l10n_us_payment_nacha,NACHA Payments,enterprise,OEEL-1,Accounting/Accounting,1.0,['l10n_us_account'],False,True,account_batch_payment|l10n_us_account,2,l10n
l10n_us_reports,US - Accounting Reports,enterprise,OEEL-1,Accounting/Localizations/Reporting,1.0,"['l10n_us_account', 'account_reports']",False,True,l10n_us_account|account_reports,4,l10n|localization
l10n_uy,Uruguay - Accounting,community,LGPL-3,Accounting/Localizations/Account Charts,0.1,['account'],False,True,account|l10n_latam_invoice_document|l10n_latam_base,6,document|fiscal|invoice|l10n|l10n_latam|latam|localization
l10n_uy_edi,Uruguay - Electronic Invoice,enterprise,OEEL-1,Accounting/Localizations/EDI,1.0,False,False,True,l10n_uy,12,document|invoice|l10n|localization
l10n_uy_edi_stock,Uruguay - E-Remitos,enterprise,OEEL-1,Accounting/Localizations/EDI,1.0,False,False,True,l10n_uy_edi|stock_account|sale_stock,5,document|fiscal|l10n|l10n_latam|latam|localization
l10n_uy_pos,Uruguayan - Point of Sale,community,LGPL-3,Accounting/Localizations/Point of Sale,1.0,True,False,True,l10n_uy|point_of_sale,0,l10n|localization
l10n_uy_reports,Uruguay - Accounting Reports,enterprise,OEEL-1,,1.0,True,False,True,account_reports|l10n_uy,1,l10n
l10n_uz,Uzbekistan - Accounting,community,LGPL-3,Accounting/Localizations/Account Charts,,False,False,True,account|base_vat,3,l10n|localization
l10n_uz_reports,Uzbekistan - Accounting Reports,enterprise,OEEL-1,,1.0,True,False,True,account_reports|l10n_uz,2,l10n
l10n_ve,Venezuela - Accounting,community,LGPL-3,Accounting/Localizations/Account Charts,,['account'],False,True,account,0,document|fiscal|invoice|l10n|localization
l10n_vn,Vietnam - Accounting,community,LGPL-3,Accounting/Localizations/Account Charts,2.0.3,['account'],False,True,account_qr_code_emv|base_iban|account,3,document|fiscal|invoice|l10n|localization
l10n_vn_edi_viettel,Vietnam - E-invoicing,community,LGPL-3,Accounting/Localizations/EDI,1.0,False,False,True,l10n_vn,7,document|fiscal|invoice|l10n|localization
l10n_vn_edi_viettel_pos,Vietnam - POS E-invoicing,community,LGPL-3,Accounting/Localizations/EDI,,True,False,True,l10n_vn_edi_viettel|point_of_sale,4,document|fiscal|invoice|l10n|localization
l10n_vn_reports,Vietnam - Accounting Reports,enterprise,OEEL-1,Accounting/Localizations/Reporting,1.0,True,False,True,l10n_vn|account_reports,4,l10n|localization
l10n_za,South Africa - Accounting,community,LGPL-3,Accounting/Localizations/Account Charts,1.0,['account'],False,True,account|base_vat,2,document|fiscal|l10n|localization
l10n_za_reports,South Africa - Accounting Reports,enterprise,OEEL-1,,1.0,True,False,True,account_reports|l10n_za,1,l10n
l10n_zm_account,Zambia - Accounting,community,LGPL-3,Accounting/Localizations/Account Charts,1.0.0,['account'],False,True,account,2,fiscal|invoice|l10n|localization
l10n_zm_reports,Zambia - Accounting Reports,enterprise,OEEL-1,Accounting/Localizations/Reporting,1.0,True,False,True,l10n_zm_account|account_reports,3,l10n|localization
link_tracker,Link Tracker,community,LGPL-3,Marketing,1.1,False,False,True,utm|mail,3,
loyalty,Coupons & Loyalty,community,LGPL-3,Sales,1.0,False,False,True,product|portal|account,16,
lunch,Lunch,community,LGPL-3,Human Resources/Lunch,1.0,False,True,True,mail,14,
mail,Discuss,community,LGPL-3,Productivity/Discuss,1.19,False,True,True,base|base_setup|bus|web_tour|html_editor,65,document|invoice
mail_bot,OdooBot,community,LGPL-3,Productivity/Discuss,1.2,True,False,True,mail,2,
mail_bot_hr,OdooBot - HR,community,LGPL-3,Productivity/Discuss,1.0,True,False,True,mail_bot|hr,1,
mail_enterprise,Mail Enterprise,enterprise,OEEL-1,Productivity/Discuss,,True,False,True,mail|web_mobile,0,
mail_group,Mail Group,community,LGPL-3,,1.1,False,False,True,mail|portal,15,
mail_mobile,Mail Mobile,enterprise,OEEL-1,Hidden/Tools,1.1,"['web_mobile', 'mail_enterprise']",False,True,iap_mail|mail_enterprise|web_mobile|base_setup,2,
mail_plugin,Mail Plugin,community,LGPL-3,Sales/CRM,1.0,False,False,True,web|contacts|iap,3,
maintenance,Maintenance,community,LGPL-3,Supply Chain/Maintenance,1.0,False,True,True,mail,8,
maintenance_worksheet,Worksheet for Maintenance,enterprise,OEEL-1,Supply Chain/Maintenance,1.0,False,False,True,maintenance|worksheet,6,
marketing_automation,Marketing Automation,enterprise,OEEL-1,Marketing/Marketing Automation,1.0,False,True,True,mass_mailing,15,
marketing_automation_crm,CRM in marketing automation,enterprise,OEEL-1,CRM in marketing automation,1.0,True,False,True,marketing_automation|crm,0,
marketing_automation_sms,SMS Marketing in Marketing Automation,enterprise,OEEL-1,Marketing/Marketing Automation,1.0,True,False,True,marketing_automation|mass_mailing_sms,8,
marketing_automation_website_sale,E-Commerce Marketing Automation,enterprise,OEEL-1,Marketing/Marketing Automation,1.0,True,False,True,marketing_automation|website_sale,1,
marketing_automation_whatsapp,WhatsApp in Marketing Automation,enterprise,OEEL-1,Marketing/Marketing Automation,1.0,True,False,True,marketing_automation|whatsapp,6,
marketing_card,Marketing Card,community,LGPL-3,Marketing/Marketing Card,1.1,False,True,True,link_tracker|mass_mailing|website,11,
mass_mailing,Email Marketing,community,LGPL-3,Marketing/Email Marketing,2.7,False,True,True,contacts|mail|html_builder|utm|link_tracker|social_media|web_tour|digest,49,
mass_mailing_crm,Mass mailing on lead / opportunities,community,LGPL-3,Marketing/Email Marketing,1.0,True,False,True,crm|mass_mailing,1,
mass_mailing_crm_sms,Mass mailing sms on lead / opportunities,community,LGPL-3,Marketing/Email Marketing,1.0,True,False,True,mass_mailing_crm|mass_mailing_sms,0,
mass_mailing_event,Mass mailing on attendees,community,LGPL-3,Marketing/Email Marketing,1.0,True,False,True,event|mass_mailing,1,
mass_mailing_event_sms,Event Attendees SMS Marketing,community,LGPL-3,Marketing/Email Marketing,1.0,True,False,True,event|mass_mailing|mass_mailing_event|mass_mailing_sms|sms,0,
mass_mailing_event_track,Mass mailing on track speakers,community,LGPL-3,Marketing/Email Marketing,1.0,True,False,True,website_event_track|mass_mailing,1,
mass_mailing_event_track_sms,Track Speakers SMS Marketing,community,LGPL-3,Marketing/Email Marketing,1.0,True,False,True,mass_mailing|mass_mailing_sms|sms|website_event_track,0,
mass_mailing_sale,Mass mailing on sale orders,community,LGPL-3,Marketing/Email Marketing,1.0,True,False,True,sale|mass_mailing,1,
mass_mailing_sale_sms,Mass mailing sms on sale orders,community,LGPL-3,Marketing/Email Marketing,1.0,True,False,True,mass_mailing_sale|mass_mailing_sms,0,
mass_mailing_sale_subscription,Mass mailing on sale subscriptions,enterprise,OEEL-1,Marketing/Email Marketing,1.0,True,False,True,mass_mailing_sale|sale_subscription,0,
mass_mailing_slides,Mass mailing on course members,community,LGPL-3,Marketing/Email Marketing,1.0,True,False,True,website_slides|mass_mailing,1,
mass_mailing_sms,SMS Marketing,community,LGPL-3,Marketing/Email Marketing,1.1,False,True,True,portal|mass_mailing|sms,12,
mass_mailing_themes,Mass Mailing Themes,community,LGPL-3,Marketing/Email Marketing,1.2,True,False,True,mass_mailing,2,
microsoft_account,Microsoft Users,community,LGPL-3,Hidden/Tools,,False,False,True,base_setup,1,
microsoft_calendar,Outlook Calendar,community,LGPL-3,Productivity,1.0,False,False,True,microsoft_account|calendar,6,
microsoft_outlook,Microsoft Outlook,community,LGPL-3,Hidden,1.1,True,False,True,mail,4,
mrp,Manufacturing,community,LGPL-3,Supply Chain/Manufacturing,2.0,False,True,True,product|stock|resource,39,document
mrp_account,Accounting - MRP,community,LGPL-3,Supply Chain/Manufacturing,1.0,True,False,True,mrp|stock_account,8,
mrp_account_enterprise,Accounting - MRP,enterprise,OEEL-1,Supply Chain/Manufacturing,1.0,True,False,True,mrp_account,4,
mrp_accountant,Mrp Accounting,enterprise,OEEL-1,Supply Chain/Inventory,1.0,True,False,True,mrp_account|stock_accountant,1,
mrp_landed_costs,Landed Costs On MO,community,LGPL-3,Supply Chain/Manufacturing,1.0,True,False,True,stock_landed_costs|mrp,1,
mrp_maintenance,Maintenance - MRP,enterprise,OEEL-1,Supply Chain/Manufacturing,1.0,True,False,True,mrp_workorder|stock_maintenance,3,
mrp_mps,Master Production Schedule,enterprise,OEEL-1,Supply Chain/Manufacturing,1.0,False,False,True,base_import|mrp|purchase_stock,11,
mrp_plm,Product Lifecycle Management (PLM),enterprise,OEEL-1,Supply Chain/Product Lifecycle Management (PLM),1.0,False,True,True,mrp,9,document
mrp_product_expiry,Manufacturing Expiry,community,LGPL-3,Supply Chain/Manufacturing,1.0,True,False,True,mrp|product_expiry,1,
mrp_repair,Mrp Repairs,community,LGPL-3,Supply Chain/Inventory,1.0,True,False,True,repair|mrp,2,
mrp_subcontracting,MRP Subcontracting,community,LGPL-3,Supply Chain/Manufacturing,0.1,False,False,True,mrp,13,
mrp_subcontracting_account,Subcontracting Management with Stock Valuation,community,LGPL-3,Supply Chain/Manufacturing,0.1,True,False,True,mrp_subcontracting|mrp_account,2,
mrp_subcontracting_account_enterprise,Accounting - MRP Subcontracting,enterprise,OEEL-1,Supply Chain/Manufacturing,1.0,True,False,True,mrp_account_enterprise|mrp_subcontracting,1,
mrp_subcontracting_dropshipping,Dropship and Subcontracting Management,community,LGPL-3,Supply Chain/Purchase,0.1,True,False,True,mrp_subcontracting|stock_dropshipping,2,
mrp_subcontracting_enterprise,MRP Subcontracting Enterprise,enterprise,OEEL-1,Supply Chain/Manufacturing,1.0,True,False,True,mrp_subcontracting,0,
mrp_subcontracting_landed_costs,Landed Costs With Subcontracting order,community,LGPL-3,Supply Chain/Manufacturing,1.0,True,False,True,stock_landed_costs|mrp_subcontracting,1,
mrp_subcontracting_purchase,Purchase and Subcontracting Management,community,LGPL-3,Supply Chain/Purchase,0.1,True,False,True,mrp_subcontracting|purchase_mrp,2,
mrp_subcontracting_quality,MRP Subcontracting Quality,enterprise,OEEL-1,Supply Chain/Quality,1.0,True,False,True,mrp_subcontracting|quality_control,0,
mrp_subcontracting_repair,MRP Subcontracting Repair,community,LGPL-3,Supply Chain/Repair,1.0,True,False,True,mrp_subcontracting|repair,2,
mrp_workorder,MRP II,enterprise,OEEL-1,Supply Chain/Manufacturing,1.0,['mrp'],False,True,quality|mrp|barcodes|web_gantt|web_tour|hr_hourly_cost,16,
mrp_workorder_expiry,MRP II - Expiry,enterprise,OEEL-1,Supply Chain/Manufacturing,1.0,True,False,True,mrp_workorder|product_expiry,1,
mrp_workorder_hr_account,Employees cost registration on production,enterprise,OEEL-1,Supply Chain/Manufacturing,,True,False,True,mrp_workorder|mrp_account_enterprise,1,
mrp_workorder_iot,IoT features for Work Order,enterprise,OEEL-1,Supply Chain/Manufacturing,1.0,True,False,True,mrp_workorder|quality_iot,2,
mrp_workorder_plm,PLM for workorder,enterprise,OEEL-1,Supply Chain/Product Lifecycle Management (PLM),1.0,True,False,True,mrp_workorder|mrp_plm,1,
onboarding,Onboarding Toolbox,community,LGPL-3,Hidden,1.2,False,False,True,web,4,
partner_autocomplete,Partner Autocomplete,community,LGPL-3,Hidden/Tools,1.1,True,False,True,iap_mail,3,
partner_commission,Resellers Commissions For Subscription,enterprise,OEEL-1,Sales/Commissions,1.0,False,False,True,purchase|sale_subscription_partnership|website_crm_partner_assign,12,
partnership,Partnership / Membership,community,LGPL-3,Sales/CRM,1.0,False,False,True,crm|sale,8,
payment,Payment Engine,community,LGPL-3,Hidden,2.0,False,False,True,onboarding|portal,16,
payment_adyen,Payment Provider: Adyen,community,LGPL-3,Accounting/Payment Providers,2.0,False,False,True,payment,5,
payment_aps,Payment Provider: Amazon Payment Services,community,LGPL-3,Accounting/Payment Providers,1.0,False,False,True,payment,3,
payment_asiapay,Payment Provider: AsiaPay,community,LGPL-3,Accounting/Payment Providers,1.0,False,False,True,payment,3,
payment_authorize,Payment Provider: Authorize.Net,community,LGPL-3,Accounting/Payment Providers,2.0,False,False,True,payment,4,
payment_buckaroo,Payment Provider: Buckaroo,community,LGPL-3,Accounting/Payment Providers,2.0,False,False,True,payment,3,
payment_custom,Payment Provider: Custom Payment Modes,community,LGPL-3,Accounting/Payment Providers,2.0,False,False,True,payment,4,
payment_demo,Payment Provider: Demo,community,LGPL-3,Accounting/Accounting,2.0,False,False,True,payment,6,
payment_dpo,Payment Provider: DPO,community,LGPL-3,Accounting/Payment Providers,,False,False,True,payment,3,
payment_ecpay,Payment Provider: ECPay,community,LGPL-3,Accounting/Payment Providers,,False,False,True,payment,3,
payment_flutterwave,Payment Provider: Flutterwave,community,LGPL-3,Accounting/Payment Providers,1.0,False,False,True,payment,3,
payment_iyzico,Payment Provider: Iyzico,community,LGPL-3,Accounting/Payment Providers,,False,False,True,payment,3,
payment_mercado_pago,Payment Provider: Mercado Pago,community,LGPL-3,Accounting/Payment Providers,1.0,False,False,True,payment,4,
payment_mollie,Payment Provider: Mollie,community,LGPL-3,Accounting/Payment Providers,1.0,False,False,True,payment,3,
payment_nuvei,Payment Provider: Nuvei,community,LGPL-3,Accounting/Payment Providers,,False,False,True,payment,3,
payment_paymob,Payment Provider: Paymob,community,LGPL-3,Accounting/Payment Providers,1.0,False,False,True,payment,3,
payment_paypal,Payment Provider: Paypal,community,LGPL-3,Accounting/Payment Providers,2.0,False,False,True,payment,4,
payment_razorpay,Payment Provider: Razorpay,community,LGPL-3,Accounting/Payment Providers,1.0,False,False,True,payment,3,
payment_redsys,Payment Provider: Redsys,community,LGPL-3,Accounting/Payment Providers,,False,False,True,payment,3,
payment_sepa_direct_debit,Payment Provider: Sepa Direct Debit,enterprise,OEEL-1,Accounting/Accounting,2.0,False,False,True,account_sepa_direct_debit|account_payment|payment_custom,7,
payment_stripe,Payment Provider: Stripe,community,LGPL-3,Accounting/Payment Providers,2.0,False,False,True,payment,4,
payment_toss_payments,Payment Provider: Toss Payments,community,LGPL-3,Accounting/Payment Providers,,False,False,True,payment,3,
payment_worldline,Payment Provider: Worldline,community,LGPL-3,Accounting/Payment Providers,,False,False,True,payment,3,
payment_xendit,Payment Provider: Xendit,community,LGPL-3,Accounting/Payment Providers,1.0,False,False,True,payment,3,
phone_validation,Phone Numbers Validation,community,LGPL-3,Hidden,2.1,True,False,True,base|mail,4,
planning,Planning,enterprise,OEEL-1,Human Resources/Planning,1.0,False,True,True,hr|hr_hourly_cost|web_gantt|digest,17,
planning_attendance,Planning and Attendances,enterprise,OEEL-1,Hidden,1.0,True,False,True,planning|hr_attendance,4,
planning_holidays,Planning Time Off,enterprise,OEEL-1,Human Resources/Planning,1.0,True,False,True,planning|hr_holidays_gantt,2,
planning_hr_skills,Planning - Skills,enterprise,OEEL-1,Human Resources/Planning,1.0,True,False,True,planning|hr_skills,1,
point_of_sale,Point of Sale,community,LGPL-3,Sales/Point of Sale,1.0.2,False,True,True,resource|stock_account|barcodes|html_editor|digest|phone_validation|partner_autocomplete|iot_base|google_address_autocomplete,46,invoice
portal,Customer Portal,community,LGPL-3,Hidden,,False,False,True,web|html_editor|http_routing|mail|auth_signup,8,
portal_rating,Portal Rating,community,LGPL-3,Services,1.0,True,False,True,portal|rating,3,
pos_account_reports,pos_account_reports,enterprise,OEEL-1,Sales/Point of Sale,0.1,True,False,True,point_of_sale|account_reports,0,
pos_account_tax_python,Allow custom taxes in POS,community,LGPL-3,Accounting/Accounting,1.0,True,False,True,account_tax_python|point_of_sale,0,
pos_adyen,POS Adyen,community,LGPL-3,Sales/Point of Sale,1.0,False,False,True,point_of_sale,2,
pos_appointment,Point of Sale Appointment,enterprise,OEEL-1,Sales/Point of Sale,1.0,False,False,True,appointment|point_of_sale,2,
pos_avatax,POS Avatax,enterprise,OEEL-1,,1.0,"['point_of_sale', 'account_avatax']",False,True,point_of_sale|account_avatax,0,
pos_barcodelookup,POS - Barcode Lookup,enterprise,OEEL-1,Sales/Point of Sale,1.0,True,False,True,point_of_sale|product_barcodelookup,1,
pos_blackbox_be,Belgian Registered Cash Register,enterprise,OEEL-1,Sales/Point of Sale,1.0,False,False,True,pos_iot|l10n_be|web_enterprise|pos_hr|pos_restaurant|pos_discount|pos_self_order|pos_urban_piper,9,l10n
pos_cashdro,POS Cashdro Cash Machines,community,LGPL-3,Sales/Point of Sale,,False,False,True,point_of_sale,1,
pos_cashmatic,POS Cashmatic Cash Machines,community,LGPL-3,Sales/Point of Sale,,False,False,True,point_of_sale,1,
pos_discount,Point of Sale Discounts,community,LGPL-3,Sales/Point of Sale,1.0,False,False,True,point_of_sale,3,
pos_dpopay,PoS DPO Pay,community,LGPL-3,Sales/Point of Sale,,False,False,True,point_of_sale,2,
pos_edi_ubl,Point of Sale UBL,community,LGPL-3,Sales/Point of Sale,1.0,False,False,True,point_of_sale|account_edi_ubl_cii,0,
pos_enterprise,Point of Sale enterprise,enterprise,OEEL-1,Sales/Point of Sale,,True,False,True,web_enterprise|point_of_sale,9,
pos_enterprise_sms_whatsapp,POS Enterprise SMS Whatsapp,enterprise,OEEL-1,Sales/Point of Sale,1.0,False,False,True,pos_enterprise|whatsapp|pos_sms|pos_restaurant|pos_self_order,3,
pos_event,POS - Event,community,LGPL-3,Technical,1.0,True,False,True,point_of_sale|event_product,6,
pos_event_iot,IoT for PoS/Event,enterprise,OEEL-1,Marketing/Events,1.0,True,False,True,iot|pos_event,0,
pos_event_sale,PoS - Event Sale,community,LGPL-3,Technical,,True,False,True,pos_event|pos_sale,0,
pos_glory_cash,POS Glory Cash Machines,community,LGPL-3,Sales/Point of Sale,1.0,False,False,True,point_of_sale,1,
pos_hr,POS - HR,community,LGPL-3,Sales/Point of Sale,,True,False,True,point_of_sale|hr,7,
pos_hr_mobile,POS Barcode in Mobile,enterprise,OEEL-1,Human Resources/Barcode,1.0,True,False,True,pos_hr|web_mobile,0,
pos_hr_restaurant,POS HR Restaurant,community,LGPL-3,Sales/Point of Sale,1.0,True,False,True,pos_hr|pos_restaurant,0,
pos_imin,POS iMin,community,LGPL-3,Sales/Point of Sale,1.0,False,False,True,point_of_sale,2,
pos_iot,IoT for PoS,enterprise,OEEL-1,Sales/Point of Sale,1.0,True,False,True,point_of_sale|iot,6,
pos_iot_adam_scale,PoS IoT Adam Equipment Scales,enterprise,OEEL-1,Point of Sale,,False,False,True,pos_iot,0,
pos_iot_ingenico,PoS IoT Ingenico,enterprise,OEEL-1,Sales/Point of Sale,1.0,False,False,True,pos_iot,1,
pos_iot_six,POS IoT Six,enterprise,OEEL-1,Sales/Point Of Sale,1.0,False,False,True,pos_iot,4,
pos_iot_worldline,PoS IoT Worldline,enterprise,OEEL-1,Sales/Point of Sale,1.0,False,False,True,pos_iot,1,
pos_loyalty,Point of Sale - Coupons & Loyalty,community,LGPL-3,Sales/Point Of Sale,2.0,True,False,True,loyalty|point_of_sale,9,
pos_mercado_pago,POS Mercado Pago,community,LGPL-3,Sales/Point of Sale,1.0,False,False,True,point_of_sale,1,
pos_mobile,Point of Sale Mobile,enterprise,OEEL-1,Hidden,1.0,False,False,True,pos_enterprise|web_mobile,0,
pos_mollie,POS Mollie,community,LGPL-3,Sales/Point of Sale,1.0,False,False,True,point_of_sale|payment_mollie,1,
pos_mrp,pos_mrp,community,LGPL-3,Sales/Point of Sale,1.0,True,False,True,point_of_sale|mrp,1,
pos_online_payment,Point of Sale online payment,community,LGPL-3,,,True,False,True,point_of_sale|account_payment,6,
pos_online_payment_self_order,POS Self-Order / Online Payment,community,LGPL-3,Sales/Point of Sale,1.0,True,False,True,pos_online_payment|pos_self_order,1,
pos_online_payment_self_order_preparation_display,POS Self-Order / Online Payment / Preparation Display,enterprise,OEEL-1,Sales/Point of Sale,1.0,True,False,True,pos_online_payment_self_order|pos_enterprise,0,
pos_order_tracking_display,PoS Order Tracking Customer Display,enterprise,OEEL-1,Sales/Point of Sale,1.0.0,True,False,True,pos_enterprise|pos_self_order,2,
pos_pine_labs,POS Pine Labs,community,LGPL-3,Sales/Point of Sale,1.0,False,False,True,point_of_sale,2,
pos_platform_order,Point of Sale - Platform Order Integration,enterprise,OEEL-1,Sales/Point of Sale,1.0,False,False,True,pos_enterprise|pos_restaurant,9,
pos_platform_order_gofood,Platform Order Provider: GoFood,enterprise,OEEL-1,Sales/Point of Sale,,False,False,True,pos_platform_order,3,
pos_platform_order_grabfood,Platform Order Provider: GrabFood,enterprise,OEEL-1,Sales/Point of Sale,,False,False,True,pos_platform_order,2,
pos_pricer,PoS Pricer,enterprise,OEEL-1,Sales/Point of Sale,1.0,False,False,True,product|point_of_sale,8,
pos_qfpay,POS QFPay,community,LGPL-3,Sales/Point of Sale,1.0,False,False,True,point_of_sale,1,
pos_razorpay,POS Razorpay,community,LGPL-3,Sales/Point of Sale,1.0,False,False,True,point_of_sale,1,
pos_repair,POS - Repair,community,LGPL-3,Technical,,True,False,True,point_of_sale|repair,0,
pos_restaurant,Restaurant,community,LGPL-3,Sales/Point of Sale,1.0,False,True,True,point_of_sale,6,
pos_restaurant_adyen,POS Restaurant Adyen,community,LGPL-3,Point of Sale,1.0,True,False,True,pos_adyen|pos_restaurant|payment_adyen,1,
pos_restaurant_appointment,Point of Sale Restaurant Appointment,enterprise,OEEL-1,Sales/Point of Sale,1.0,True,False,True,pos_restaurant|pos_appointment,3,
pos_restaurant_loyalty,POS - Restaurant Loyality,community,LGPL-3,Sales/Point of Sale,1.0,True,False,True,pos_restaurant|pos_loyalty,0,
pos_restaurant_preparation_display,PoS Preparation Display Restaurant,enterprise,OEEL-1,Sales/Point of Sale,1.0.0,True,False,True,pos_restaurant|pos_enterprise,1,
pos_restaurant_stripe,POS Restaurant Stripe,community,LGPL-3,Point of Sale,1.0,True,False,True,pos_stripe|pos_restaurant|payment_stripe,0,
pos_restaurant_urban_piper,POS Restaurant Urban Piper,enterprise,OEEL-1,Sales/Point of Sale,,True,False,True,pos_restaurant|pos_urban_piper,0,
pos_safaricom,POS Safaricom,community,LGPL-3,Sales/Point of Sale,1.0,False,False,True,point_of_sale,2,
pos_sale,POS - Sales,community,LGPL-3,Sales/Point of Sale,1.1,True,False,True,point_of_sale|sale_management,9,
pos_sale_loyalty,POS - Sales Loyality,community,LGPL-3,Sales/Point of Sale,1.0,True,False,True,pos_sale|pos_loyalty,0,
pos_sale_margin,POS - Sale Margin,community,LGPL-3,Sales/Point of Sale,1.1,True,False,True,pos_sale|sale_margin,0,
pos_sale_stock_renting,Point of Sale Rental Stock,enterprise,OEEL-1,Point of Sale,1.0,True,False,True,pos_sale|sale_stock_renting,0,
pos_sale_subscription,Point of Sale Subscription,enterprise,OEEL-1,Point of Sale,1.0,True,False,True,pos_sale|sale_subscription,0,
pos_self_order,POS Self Order,community,LGPL-3,Sales/Point Of Sale,1.0,['pos_restaurant'],False,True,pos_restaurant|http_routing|link_tracker,15,
pos_self_order_adyen,POS Self Order Adyen,community,LGPL-3,Sales/Point Of Sale,,True,False,True,pos_adyen|pos_self_order,0,
pos_self_order_iot,POS Self Order IoT,enterprise,OEEL-1,Sales/Point of Sale,1.0.0,True,False,True,pos_iot|pos_self_order,2,
pos_self_order_pine_labs,POS Self Order Pine Labs,community,LGPL-3,Sales/Point Of Sale,1.0,True,False,True,pos_pine_labs|pos_self_order,0,
pos_self_order_preparation_display,pos self prep display,enterprise,OEEL-1,Sales/Point of Sale,1.0.0,True,False,True,pos_self_order|pos_enterprise,0,
pos_self_order_qfpay,POS Self Order QFPay,community,LGPL-3,Sales/Point Of Sale,,True,False,True,pos_qfpay|pos_self_order,0,
pos_self_order_razorpay,POS Self Order Razorpay,community,LGPL-3,Sales/Point Of Sale,1.0,True,False,True,pos_razorpay|pos_self_order,0,
pos_self_order_sale,POS Self Order Sale,community,LGPL-3,Sales/Point Of Sale,,True,False,True,pos_sale|pos_self_order,2,
pos_self_order_stripe,POS Self Order Stripe,community,LGPL-3,Sales/Point Of Sale,,True,False,True,pos_stripe|pos_self_order,1,
pos_self_order_viva_com,POS Self Order Viva.com,community,LGPL-3,Sales/Point Of Sale,,True,False,True,pos_viva_com|pos_self_order,0,
pos_settle_due,Point of Sale Settle Due,enterprise,OEEL-1,Point of Sale,1.0,True,False,True,point_of_sale|account_followup,3,
pos_sms,POS - SMS,community,LGPL-3,Send sms to customer for order confirmation,,False,False,True,point_of_sale|sms,3,
pos_stripe,POS Stripe,community,LGPL-3,Sales/Point of Sale,1.0,False,False,True,point_of_sale|payment_stripe,2,
pos_tyro,POS Tyro,enterprise,OEEL-1,Sales/Point of Sale,1.0,False,False,True,point_of_sale,2,
pos_urban_piper,Point of Sale - UrbanPiper,enterprise,OEEL-1,Sales/Point of Sale,,False,False,True,pos_enterprise|pos_discount,10,fiscal
pos_urban_piper_enhancements,Point of Sale - UrbanPiper Enhancements,enterprise,OEEL-1,Sales/Point of Sale,,True,False,True,pos_urban_piper,8,invoice
pos_urban_piper_ubereats,POS UrbanPiper - Uber Eats,enterprise,OEEL-1,Sales/Point of Sale,,True,False,True,pos_urban_piper,1,
pos_viva_com,PoS Viva.com,community,LGPL-3,Sales/Point of Sale,1.0,False,False,True,point_of_sale,1,
privacy_lookup,Privacy,community,LGPL-3,Hidden,1.0,True,False,True,mail,4,
product,Products & Pricelists,community,LGPL-3,Sales/Sales,1.2,False,False,True,base|mail|uom,26,document
product_barcodelookup,Product Barcode Lookup,enterprise,OEEL-1,Sales/Sales,1.0,True,False,True,product,7,
product_email_template,Product Email Template,community,LGPL-3,Accounting/Accounting,,False,False,True,account,2,invoice
product_expiry,Products Expiration Date,community,LGPL-3,Supply Chain/Inventory,,False,False,True,stock,11,
product_margin,Margins by Products,community,LGPL-3,Sales/Sales,,False,False,True,account,3,invoice
product_matrix,Product Matrix,community,LGPL-3,Sales/Sales,1.0,False,False,True,account,2,
product_unspsc,UNSPSC product codes,enterprise,OEEL-1,Accounting/Accounting,0.3,False,False,True,account,2,
project,Project,community,LGPL-3,Services/Project,1.4,False,True,True,analytic|base_setup|mail|portal|rating|resource|web|web_tour|digest,38,
project_account,Project - Account,community,LGPL-3,Accounting/Accounting,,True,False,True,account|project,4,
project_account_asset,Project Accounting Assets,enterprise,OEEL-1,Services/assets,1.0,True,False,True,project|account_asset,0,
project_account_budget,Project Budget,enterprise,OEEL-1,Services/Project,1.0,True,False,True,account_budget|project_enterprise,3,
project_enterprise,Project Enterprise,enterprise,OEEL-1,Services/Project,1.0,True,False,True,project|web_map|web_gantt|web_enterprise,8,
project_enterprise_hr,Project Enterprise HR,enterprise,OEEL-1,Services/Project,1.0,True,False,True,project_enterprise|hr,1,
project_enterprise_hr_skills,Project - Skills,enterprise,OEEL-1,Services/Project,1.0,True,False,True,project_enterprise|project_hr_skills,0,
project_forecast,Project Planning,enterprise,OEEL-1,Services/Project,1.0,False,False,True,project|planning|web_grid,6,
project_helpdesk,Project Helpdesk,enterprise,OEEL-1,Services,1.0,True,False,True,project_enterprise|helpdesk,5,
project_holidays,Project Time Off,enterprise,OEEL-1,Services/Project,1.0,True,False,True,project_enterprise|hr_holidays_gantt,1,
project_hr_expense,Project Expenses,community,LGPL-3,Services/expenses,1.0,True,False,True,project_account|hr_expense,1,
project_hr_payroll_account,Project Payroll Accounting,enterprise,OEEL-1,Services/payroll/account,1.0,True,False,True,project|hr_payroll_account,0,
project_hr_skills,Project - Skills,community,OEEL-1,Services/Project,1.0,True,False,True,project|hr_skills,1,
project_mail_plugin,Project Mail Plugin,community,LGPL-3,Services/Project,1.0,True,False,True,project|mail_plugin,1,
project_mrp,MRP Project,community,LGPL-3,Services/Project,1.0,True,False,True,mrp|project,4,
project_mrp_account,MRP Account Project,community,LGPL-3,Services/Project,1.0,True,False,True,mrp_account|project_mrp,0,
project_mrp_sale,MRP Project Sale,community,LGPL-3,Services/Project,1.0,True,False,True,project_mrp|sale_mrp|sale_project,0,
project_mrp_stock_landed_costs,Project MRP Landed Costs,community,LGPL-3,Supply Chain/Manufacturing,1.0,True,False,True,project_mrp_account|mrp_landed_costs,0,
project_mrp_workorder_account,MRP Workorder Project Account,enterprise,LGPL-3,Services/Project,1.0,True,False,True,mrp_workorder_hr_account|project_mrp_account,0,
project_purchase,Project Purchase,community,LGPL-3,Services/Project,1.0,True,False,True,purchase|project_account,2,
project_purchase_stock,Project - Purchase - Stock,community,LGPL-3,Services/Project,1.0,True,False,True,project_purchase|project_stock,0,
project_sale_expense,Project - Sale - Expense,community,LGPL-3,Services/Project,1.0,True,False,True,sale_project|sale_expense|project_hr_expense,0,invoice
project_sale_subscription,Project Sales Subscription,enterprise,OEEL-1,Services/sales/subscriptions,1.0,True,False,True,sale_project|sale_subscription,3,
project_sms,Project - SMS,community,LGPL-3,Services/Project,1.1,True,False,True,project|sms,6,
project_stock,Project Stock,community,LGPL-3,Services/Project,1.0,True,False,True,stock|project,2,
project_stock_account,Project Stock Account,community,LGPL-3,Services/Project,1.0,True,False,True,stock_account|project_stock,1,
project_stock_landed_costs,Project Stock Landed Costs,community,LGPL-3,Supply Chain/Inventory,1.0,True,False,True,project_stock_account|stock_landed_costs,0,
project_timesheet_forecast,Timesheet and Planning,enterprise,OEEL-1,Services/Timesheets,1.0,True,False,True,timesheet_grid|project_forecast,6,
project_timesheet_forecast_sale,Compare timesheets and forecast for your projects,enterprise,OEEL-1,Services/Project,1.0,True,False,True,project_timesheet_forecast|sale_timesheet|sale_project_forecast,4,
project_timesheet_holidays,Timesheet when on Time Off,community,LGPL-3,Human Resources,1.0,True,False,True,hr_timesheet|hr_holidays,3,
project_todo,To-Do,community,LGPL-3,Productivity/To-Do,1.0,True,True,True,project,6,
purchase,Purchase,community,LGPL-3,Supply Chain/Purchase,1.2,False,True,True,account,22,
purchase_accountant,Purchase Accounting,enterprise,OEEL-1,Supply Chain/Purchase,1.0,True,False,True,purchase|account_accountant,1,
purchase_edi_ubl_bis3,Import/Export electronic orders with UBL,community,LGPL-3,Supply Chain/Purchase,1.0,True,False,True,purchase|account_edi_ubl_cii,0,
purchase_intrastat,Purchase Intrastat,enterprise,OEEL-1,Accounting/Accounting,,True,False,True,purchase|account_intrastat,0,
purchase_mrp,Purchase and MRP Management,community,LGPL-3,Supply Chain/Purchase,1.0,True,False,True,mrp|purchase_stock,5,
purchase_mrp_workorder_quality,Full Traceability Report Demo Data,enterprise,OEEL-1,Supply Chain/Manufacturing,1.0,True,False,True,purchase_mrp|quality_mrp_workorder|purchase_stock,0,
purchase_product_matrix,Purchase Matrix,community,LGPL-3,Supply Chain/Purchase,1.0,False,False,True,purchase|product_matrix,3,
purchase_repair,Purchase Repair,community,LGPL-3,Supply Chain/Purchase,1.0,True,False,True,repair|purchase_stock,2,
purchase_requisition,Purchase Agreements,community,LGPL-3,Supply Chain/Purchase,0.1,False,False,True,purchase,11,
purchase_requisition_sale,Purchase Requisition Sale,community,LGPL-3,Supply Chain/Purchase,1.0,True,False,True,purchase_requisition|sale_purchase,0,
purchase_requisition_stock,Purchase Requisition Stock,community,LGPL-3,Supply Chain/Purchase,1.2,True,False,True,purchase_requisition|purchase_stock,4,
purchase_stock,Purchase Stock,community,LGPL-3,Supply Chain/Purchase,1.2,True,False,True,stock_account|purchase,19,
quality,Quality Base,enterprise,OEEL-1,Supply Chain/Quality,1.0,False,False,True,stock,5,
quality_control,Quality,enterprise,OEEL-1,Supply Chain/Quality,1.0,False,True,True,quality|spreadsheet_edition,11,
quality_control_iot,Quality checks with IoT,enterprise,OEEL-1,Supply Chain/Internet of Things (IoT),,True,False,True,quality_control|quality_iot,1,
quality_control_picking_batch,Quality - Batch Transfer,enterprise,OEEL-1,Supply Chain/Quality,1.0,True,False,True,quality_control|stock_picking_batch,1,
quality_control_worksheet,Worksheet for Quality Control,enterprise,OEEL-1,Supply Chain/Quality,1.0,False,False,True,quality_control|worksheet,6,
quality_iot,Quality Steps with IoT,enterprise,OEEL-1,Supply Chain/Internet of Things (IoT),,True,False,True,iot|quality,1,
quality_mrp,MRP features for Quality Control,enterprise,OEEL-1,Supply Chain/Quality,1.1,True,False,True,quality_control|mrp,4,
quality_mrp_workorder,MRP features for Quality Control,enterprise,OEEL-1,Supply Chain/Quality,1.0,True,False,True,quality_control|mrp_workorder|barcodes,3,
quality_mrp_workorder_iot,MRP features for Quality Control with IoT,enterprise,OEEL-1,Supply Chain/Quality,,True,False,True,quality_mrp_workorder|quality_control_iot|mrp_workorder_iot,0,
quality_mrp_workorder_worksheet,Quality Worksheet for Workorder,enterprise,OEEL-1,Supply Chain/Quality,1.0,True,False,True,quality_control_worksheet|quality_mrp_workorder,0,
quality_repair,Repair features for Quality Control,enterprise,OEEL-1,Supply Chain/Quality,1.0,True,False,True,quality_control|repair,2,
rating,Customer Rating,community,LGPL-3,Productivity,1.1,False,False,True,mail,4,
repair,Repairs,community,LGPL-3,Supply Chain/Inventory,1.0,False,True,True,sale_stock|sale_management,13,
resource,Resource,community,LGPL-3,Hidden,1.1,False,False,True,base|web,8,
resource_mail,Resource Mail,community,LGPL-3,Hidden,1.0,True,False,True,resource|mail,0,
room,Meeting Rooms,enterprise,OEEL-1,Productivity/Room,1.0,False,True,True,mail|web_gantt,8,
rpc,RPC endpoints,community,LGPL-3,Extra Tools,,True,False,True,base,0,
sale,Sales,community,LGPL-3,Sales/Sales,1.2,False,False,True,sales_team|account_payment|utm,34,document|invoice
sale_account_accountant,Sale Accounting,enterprise,OEEL-1,Sales/Sales,1.0,True,False,True,sale|account_accountant,1,
sale_amazon,Amazon Connector,enterprise,OEEL-1,Sales/Sales,1.1,False,True,True,sale_management|stock_delivery,15,
sale_amazon_avatax,Amazon/Avatax Bridge,enterprise,OEEL-1,Sales/Sales,1.0,True,False,True,sale_amazon|account_avatax,0,
sale_commission,Sale Commission,enterprise,OEEL-1,Sales/Commission,1.0,False,False,True,sale_management,11,
sale_commission_margin,Sale Commission: Margin,enterprise,OEEL-1,Sales/Commission,1.0,True,False,True,sale_commission|sale_margin,0,
sale_commission_subscription,Sale Commission: Subscription,enterprise,OEEL-1,Sales/Commission,1.0,True,False,True,sale_commission|sale_subscription,1,
sale_crm,Opportunity to Quotation,community,LGPL-3,Sales/Sales,1.0,True,False,True,sale|crm,6,
sale_edi_ubl,Import electronic orders with UBL,community,LGPL-3,Sales/Sales,1.0,True,False,True,sale|account_edi_ubl_cii,0,
sale_enterprise,Sale Enterprise,enterprise,OEEL-1,Sales,,True,False,True,sale|web_map,1,
sale_expense,Sales Expense,community,LGPL-3,Sales/Sales,1.0,True,False,True,sale_management|hr_expense,4,invoice
sale_expense_margin,Sales Expense Margin,community,LGPL-3,Sales/Sales,1.0,True,False,True,sale_expense|sale_margin,0,
sale_external_tax,3rd Party Tax Calculation for Sale,enterprise,OEEL-1,Accounting/Accounting,1.0,True,False,True,account_external_tax|sale,1,
sale_gelato,Gelato,community,LGPL-3,Sales/Sales,,False,False,True,sale|delivery,8,document
sale_gelato_stock,Gelato/Stock bridge,community,LGPL-3,Sales/Sales,,True,False,True,sale_gelato|sale_stock,0,
sale_intrastat,Sale Intrastat,enterprise,OEEL-1,Accounting/Accounting,,True,False,True,sale|account_intrastat,0,
sale_lazada,Lazada Connector,enterprise,OEEL-1,Sales/Sales,,False,True,True,sale_management|stock_delivery,11,
sale_loyalty,Sale Loyalty,community,LGPL-3,Sales/Sales,1.0,True,False,True,sale|loyalty,10,
sale_loyalty_delivery,Sale Loyalty - Delivery,community,LGPL-3,Sales/Sales,,True,False,True,sale_loyalty|delivery,1,
sale_management,Sales,community,LGPL-3,Sales/Sales,1.0,False,True,True,sale|digest,9,invoice
sale_management_renting,Sale Management for Rental,enterprise,OEEL-1,Sales/Sales,1.0,True,False,True,sale_renting|sale_management,2,
sale_margin,Margins in Sales Orders,community,LGPL-3,Sales/Sales,1.0,False,False,True,sale_management,1,
sale_mrp,Sales and MRP Management,community,LGPL-3,Sales/Sales,1.0,True,False,True,mrp|sale_stock,4,
sale_mrp_margin,Sale Mrp Margin,community,LGPL-3,Sales/Sales,0.1,False,False,True,sale_mrp|sale_stock_margin,0,
sale_mrp_renting,Rental Manufacturing Bridge,enterprise,OEEL-1,Sales/Sales,1.0,True,False,True,sale_stock_renting|sale_mrp,0,
sale_pdf_quote_builder,Sales PDF Quotation Builder,community,LGPL-3,Sales/Sales,,True,False,True,sale_management,12,document
sale_planning,Sale Planning,enterprise,OEEL-1,Sales/Sales,,"['sale_management', 'planning']",False,True,sale_management|sale_service|planning,8,
sale_product_matrix,Sale Matrix,community,LGPL-3,Sales/Sales,1.0,False,False,True,sale|product_matrix,3,
sale_project,Sales - Project,community,LGPL-3,Sales/Sales,,"['sale_management', 'project_account']",False,True,sale_management|sale_service|project_account,13,
sale_project_forecast,Sale Project Forecast,enterprise,OEEL-1,Sales/Sales,,True,False,True,sale_planning|sale_project|project_forecast,3,
sale_project_stock,Sale Project - Sale Stock,community,LGPL-3,Sales,1.0,True,False,True,sale_project|sale_stock|project_stock_account,1,
sale_project_stock_account,Sale Project Stock Account,community,LGPL-3,Services/Project,1.0,True,False,True,sale_project|project_stock_account,0,
sale_purchase,Sale Purchase,community,LGPL-3,Sales/Sales,1.0,True,False,True,sale|purchase,4,
sale_purchase_inter_company_rules,Inter Company Module for Sale/Purchase Orders and Invoices,enterprise,OEEL-1,Productivity,1.1,True,False,True,sale_management|purchase|account_inter_company_rules,2,document|invoice
sale_purchase_project,Sale Purchase Project,community,LGPL-3,Sales,1.0,True,False,True,sale_purchase|project_purchase|sale_project,0,
sale_purchase_stock,MTO Sale <-> Purchase,community,LGPL-3,Sales/Sales,1.0,True,False,True,sale_stock|purchase_stock|sale_purchase,1,
sale_purchase_stock_inter_company_rules,Inter Company Module for Sale/Purchase Orders (with Inventory link),enterprise,OEEL-1,Productivity,1.1,True,False,True,sale_stock|purchase_stock|sale_purchase_inter_company_rules,2,document
sale_renting,Rental,enterprise,OEEL-1,Sales/Sales,1.0,False,True,True,sale|web_gantt,16,invoice
sale_renting_crm,Opportunity to Rental,enterprise,OEEL-1,Sales/Sales,1.0,True,False,True,sale_renting|sale_crm,3,
sale_renting_planning,Rental/Planning Bridge,enterprise,OEEL-1,Sales/Sales,,True,False,True,sale_planning|sale_renting,3,
sale_renting_project,Sale Renting Project,enterprise,LGPL-3,Sales/Sales,,True,False,True,sale_renting|sale_project,1,
sale_service,Sales - Service,community,LGPL-3,Sales/Sales,,False,False,True,sale_management,0,
sale_shopee,Shopee Connector,enterprise,OEEL-1,Sales/Sales,,False,True,True,sale_management|stock_delivery,11,
sale_sms,Sale - SMS,community,LGPL-3,Sales/Sales,1.0,True,False,True,sale|sms,2,
sale_stock,Sales and Warehouse Management,community,LGPL-3,Sales/Sales,1.0,True,False,True,sale|stock_account,16,invoice
sale_stock_margin,Sale Stock Margin,community,LGPL-3,Sales/Sales,0.1,True,False,True,sale_stock|sale_margin,0,
sale_stock_product_expiry,Sale Stock Product Expiry,community,LGPL-3,Sales/Sales,0.1,True,False,True,sale_stock|product_expiry,0,
sale_stock_renting,Rental Stock Management,enterprise,OEEL-1,Sales/Sales,1.0,True,False,True,sale_renting|sale_stock,12,
sale_subscription,Subscriptions,enterprise,OEEL-1,Sales/Subscriptions,1.1,False,True,True,account_accountant|sale_management|portal|web_cohort|rating|sms,29,invoice
sale_subscription_external_tax,External Tax Calculation for Subscriptions,enterprise,OEEL-1,Accounting/Accounting,1.0,True,False,True,sale_external_tax|sale_subscription,0,
sale_subscription_partnership,Subscriptions of membership / partnership ,enterprise,OEEL-1,Sales/Subscriptions,1.0,True,False,True,partnership|sale_subscription,0,
sale_subscription_stock,Sale Subscriptions Stock,enterprise,OEEL-1,Sales/Subscriptions,1.0,True,False,True,sale_subscription|sale_stock,3,invoice
sale_subscription_timesheet,Project Sales Subscription Timesheet,enterprise,OEEL-1,Services/sales/subscriptions,1.0,True,False,True,project_sale_subscription|sale_timesheet,0,
sale_timesheet,Sales Timesheet,community,LGPL-3,Sales/Sales,,True,False,True,sale_project|hr_timesheet,16,invoice
sale_timesheet_enterprise,Sales Timesheet: Invoicing,enterprise,OEEL-1,Sales/Sales,0.1,True,False,True,sale_timesheet|timesheet_grid,16,
sale_timesheet_enterprise_holidays,Sales Timesheet: Time Off,enterprise,OEEL-1,Sales/Sales,0.1,True,False,True,sale_timesheet_enterprise|project_timesheet_holidays,0,
sale_timesheet_margin,Service Margins in Sales Orders,community,LGPL-3,Sales/Sales,1.0,True,False,True,sale_margin|sale_timesheet,0,
sales_team,Sales Teams,community,LGPL-3,Sales/Sales,1.1,False,False,True,base|mail,7,
sign,Sign,enterprise,OEEL-1,Sales/Sign,1.0,False,True,True,mail|attachment_indexation|portal|sms|certificate,24,document
sign_ai,Sign AI Integration,enterprise,OEEL-1,Hidden,1.0,True,False,True,sign|ai,1,
sign_emsigner,Sign emSigner,enterprise,OEEL-1,Sales/Sign,1.0,False,False,True,sign|iap,3,document
sign_itsme,Sign itsme,enterprise,OEEL-1,Sales/Sign,1.0,False,False,True,sign|iap,3,document
sms,SMS gateway,community,LGPL-3,Sales/Sales,3.0,True,False,True,base|iap_mail|mail|phone_validation,17,
sms_twilio,Twilio SMS,community,LGPL-3,Hidden/Tools,1.0,False,False,True,sms,4,
snailmail,Snail Mail,community,LGPL-3,Hidden/Tools,0.4,True,False,True,iap_mail|mail,5,document
snailmail_account,Snail Mail - Account,community,LGPL-3,Hidden/Tools,0.1,True,False,True,account|snailmail,1,invoice
snailmail_account_followup,Snail Mail Follow-Up,enterprise,OEEL-1,Accounting/Accounting,1.0,True,False,True,snailmail_account|account_followup,4,document
social,Social Marketing,enterprise,OEEL-1,Marketing/Social Marketing,1.3,False,True,True,web|mail|iap|link_tracker,15,
social_crm,Leads statistics and generation on social,enterprise,OEEL-1,Marketing/Social Marketing,1.0,True,False,True,social|crm,5,
social_demo,Social Demo Module,enterprise,OEEL-1,Marketing/Social Marketing,1.0,False,False,True,social|social_facebook|social_twitter|social_linkedin|social_youtube|social_instagram|product,1,
social_facebook,Social Facebook,enterprise,OEEL-1,Marketing/Social Marketing,1.0,True,False,True,social,5,
social_instagram,Social Instagram,enterprise,OEEL-1,Social,1.0,True,False,True,social,5,
social_linkedin,Social LinkedIn,enterprise,OEEL-1,Marketing/Social Marketing,0.1,True,False,True,social|iap,5,
social_media,Social Media,community,LGPL-3,Marketing/Social Marketing,0.1,False,False,True,base,1,
social_push_notifications,Social Push Notifications,enterprise,OEEL-1,Marketing/Social Marketing,1.1,True,False,True,social|website,8,
social_sale,Sale statistics on social,enterprise,OEEL-1,Marketing/Social Marketing,1.0,True,False,True,social|sale,1,
social_test_full,Social Tests (Full),enterprise,OEEL-1,Hidden,1.0,False,False,True,social_facebook|social_instagram|social_linkedin|social_push_notifications|social_twitter|social_youtube|social_crm,0,
social_twitter,Social X,enterprise,OEEL-1,Marketing/Social Marketing,1.1,True,False,True,social|iap,7,
social_youtube,Social YouTube,enterprise,OEEL-1,Marketing/Social Marketing,1.1,True,False,True,social|iap,9,
spreadsheet,Spreadsheet,community,LGPL-3,Productivity/Dashboard,1.0,False,False,True,bus|web|portal,1,
spreadsheet_account,Spreadsheet Accounting Formulas,community,LGPL-3,Accounting,1.0,True,False,True,spreadsheet|account,0,
spreadsheet_dashboard,Spreadsheet dashboard,community,LGPL-3,Productivity/Dashboard,1.0,False,False,True,spreadsheet,5,
spreadsheet_dashboard_account,Spreadsheet dashboard for accounting,community,LGPL-3,Productivity/Dashboard,1.0,['account'],False,True,spreadsheet_dashboard|account,1,
spreadsheet_dashboard_account_accountant,Spreadsheet dashboard for accounting,enterprise,OEEL-1,Productivity/Dashboard,1.0,['accountant'],False,True,spreadsheet_dashboard|accountant,1,
spreadsheet_dashboard_crm,Spreadsheet dashboard for CRM,enterprise,OEEL-1,Productivity/Dashboard,1.0,['crm_enterprise'],False,True,spreadsheet_dashboard|crm_enterprise,1,
spreadsheet_dashboard_documents,Spreadsheet Documents,enterprise,OEEL-1,Productivity/Documents,1.0,True,False,True,spreadsheet_dashboard_edition|documents_spreadsheet,3,document
spreadsheet_dashboard_edition,Spreadsheet dashboard edition,enterprise,OEEL-1,Productivity/Dashboard,1.0,True,False,True,spreadsheet_dashboard|spreadsheet_edition,2,
spreadsheet_dashboard_event_sale,Spreadsheet dashboard for events,community,LGPL-3,Productivity/Dashboard,1.0,['event_sale'],False,True,spreadsheet_dashboard|event_sale,1,
spreadsheet_dashboard_helpdesk,Spreadsheet dashboard for helpdesk,enterprise,OEEL-1,Productivity/Dashboard,1.0,['helpdesk'],False,True,spreadsheet_dashboard|helpdesk,1,
spreadsheet_dashboard_hr_expense,Spreadsheet dashboard for expenses,community,LGPL-3,Productivity/Dashboard,1.0,['sale_expense'],False,True,spreadsheet_dashboard|sale_expense,1,
spreadsheet_dashboard_hr_payroll,Spreadsheet dashboard for payroll,enterprise,OEEL-1,Productivity/Dashboard,1.0,['hr_payroll'],False,True,spreadsheet_dashboard|hr_payroll,1,
spreadsheet_dashboard_hr_referral,Spreadsheet dashboard for recruitment,enterprise,OEEL-1,Productivity/Dashboard,1.0,"['hr_referral', 'hr_contract_salary']",False,True,spreadsheet_dashboard|hr_referral|hr_contract_salary,1,
spreadsheet_dashboard_hr_timesheet,Spreadsheet dashboard for time sheets,community,LGPL-3,Productivity/Dashboard,1.0,['hr_timesheet'],False,True,spreadsheet_dashboard|hr_timesheet,1,
spreadsheet_dashboard_im_livechat,Spreadsheet dashboard for live chat,community,LGPL-3,Productivity/Dashboard,1.0,['im_livechat'],False,True,spreadsheet_dashboard|im_livechat,2,
spreadsheet_dashboard_marketing_automation,Spreadsheet dashboard for marketing automation,enterprise,LGPL-3,Productivity/Dashboard,1.0,['marketing_automation'],False,True,spreadsheet_dashboard|marketing_automation,1,
spreadsheet_dashboard_mrp_account,Spreadsheet dashboard for manufacturing,enterprise,OEEL-1,Productivity/Dashboard,1.0,['mrp_account_enterprise'],False,True,spreadsheet_dashboard|mrp_account_enterprise,1,
spreadsheet_dashboard_pos_hr,Spreadsheet dashboard for point of sale,community,LGPL-3,Productivity/Dashboard,1.0,['pos_hr'],False,True,spreadsheet_dashboard|pos_hr,1,
spreadsheet_dashboard_pos_restaurant,Spreadsheet dashboard for restaurants,community,LGPL-3,Productivity/Dashboard,1.0,"['pos_hr', 'pos_restaurant']",False,True,spreadsheet_dashboard|pos_hr|pos_restaurant,1,
spreadsheet_dashboard_purchase_stock,Spreadsheet dashboard for purchases,enterprise,OEEL-1,Productivity/Dashboard,,"['purchase_stock', 'stock_enterprise']",False,True,spreadsheet_dashboard|purchase_stock|stock_enterprise,1,
spreadsheet_dashboard_sale,Spreadsheet dashboard for sales,community,LGPL-3,Productivity/Dashboard,1.0,['sale'],False,True,spreadsheet_dashboard|sale,1,
spreadsheet_dashboard_sale_renting,Spreadsheet dashboard for rental,enterprise,OEEL-1,Productivity/Dashboard,1.0,['sale_renting'],False,True,spreadsheet_dashboard|sale_renting,1,
spreadsheet_dashboard_sale_subscription,Spreadsheet dashboard for subscriptions,enterprise,OEEL-1,Productivity/Dashboard,,['sale_subscription'],False,True,spreadsheet_dashboard|sale_subscription,2,
spreadsheet_dashboard_sale_timesheet,Spreadsheet dashboard for time sheets,community,LGPL-3,Productivity/Dashboard,1.0,['sale_timesheet'],False,True,spreadsheet_dashboard|sale_timesheet,1,
spreadsheet_dashboard_stock,Spreadsheet dashboard for stock,enterprise,OEEL-1,Productivity/Dashboard,,['stock_enterprise'],False,True,spreadsheet_dashboard|stock_enterprise,1,
spreadsheet_dashboard_stock_account,Spreadsheet dashboard for stock,community,LGPL-3,Productivity/Dashboard,,['stock_account'],False,True,spreadsheet_dashboard|stock_account,1,
spreadsheet_dashboard_website_sale,Spreadsheet dashboard for eCommerce,community,LGPL-3,Productivity/Dashboard,1.0,['website_sale'],False,True,spreadsheet_dashboard|website_sale,1,
spreadsheet_dashboard_website_sale_slides,Spreadsheet dashboard for eLearning,community,LGPL-3,Productivity/Dashboard,1.0,['website_sale_slides'],False,True,spreadsheet_dashboard|website_sale_slides,1,
spreadsheet_edition,Spreadsheet,enterprise,OEEL-1,Productivity/Dashboard,1.0,True,False,True,spreadsheet|mail|web_enterprise,3,
spreadsheet_sale_management,Sale order spreadsheet,enterprise,OEEL-1,Sales/Sales,1.0,['sale_management'],False,True,spreadsheet_edition|sale_management,5,
stock,Inventory,community,LGPL-3,Supply Chain/Inventory,1.1,False,True,True,product|barcodes_gs1_nomenclature|digest,67,
stock_account,WMS Accounting,community,LGPL-3,Supply Chain/Inventory,1.1,True,False,True,stock|account,18,invoice
stock_accountant,Stock Accounting,enterprise,OEEL-1,Supply Chain/Inventory,1.0,True,False,True,stock_account|account_accountant|account_reports,2,
stock_barcode,Barcode,enterprise,OEEL-1,Supply Chain/Inventory,1.0,True,True,True,stock|web_tour|web_mobile,12,
stock_barcode_barcodelookup,Stock Barcode - Barcode Lookup,enterprise,OEEL-1,Supply Chain/Inventory,,False,False,True,product_barcodelookup|stock_barcode,1,
stock_barcode_mrp,MRP Barcode,enterprise,OEEL-1,Supply Chain/Inventory,1.0,True,False,True,stock_barcode|mrp,5,
stock_barcode_mrp_subcontracting,Subcontract with Barcode,enterprise,OEEL-1,Supply Chain/Inventory,1.0,True,False,True,stock_barcode|mrp_subcontracting,0,
stock_barcode_picking_batch,Barcode for Batch Transfer,enterprise,OEEL-1,Supply Chain/Inventory,1.0,True,False,True,stock_barcode|stock_picking_batch,6,
stock_barcode_product_expiry,Barcode Expiry,enterprise,OEEL-1,Supply Chain/Inventory,1.0,True,False,True,stock_barcode|product_expiry,1,
stock_barcode_quality_control,Barcode Quality bridge module,enterprise,OEEL-1,Supply Chain/Inventory,1.0,True,False,True,stock_barcode|quality_control,0,
stock_barcode_quality_control_picking_batch,Barcode/Quality/Batch Transfer bridge module,enterprise,OEEL-1,Supply Chain/Inventory,1.0,True,False,True,quality_control_picking_batch|stock_barcode_quality_control,0,
stock_barcode_quality_mrp,Barcode Quality MRP module,enterprise,OEEL-1,Supply Chain/Inventory,1.0,True,False,True,stock_barcode|quality_mrp,0,
stock_delivery,Delivery - Stock,community,LGPL-3,Shipping Connectors,1.0,True,False,True,sale_stock|delivery,14,invoice
stock_dropshipping,Drop Shipping,community,LGPL-3,Supply Chain/Inventory,1.0,False,False,True,sale_purchase_stock,4,document
stock_enterprise,Stock enterprise,enterprise,OEEL-1,Supply Chain/Inventory,1.0,['stock'],False,True,stock|web_cohort|web_map,6,
stock_fleet,Stock Transport,community,LGPL-3,,1.0,False,False,True,stock_picking_batch|fleet,6,
stock_fleet_enterprise,Stock Transport Enterprise,enterprise,OEEL-1,,1.0,True,False,True,stock_fleet|web_gantt|web_map,3,
stock_intrastat,Stock Intrastat,enterprise,OEEL-1,Supply Chain/Inventory,,True,False,True,stock_account|account_intrastat,1,
stock_landed_costs,WMS Landed Costs,community,LGPL-3,Supply Chain/Inventory,1.1,False,False,True,stock_account|purchase_stock,7,
stock_maintenance,Stock - Maintenance,community,LGPL-3,Supply Chain/Inventory,1.0,True,False,True,stock|maintenance,2,
stock_picking_batch,Warehouse Management: Batch Transfer,community,LGPL-3,Supply Chain/Inventory,1.0,False,False,True,stock,12,
stock_sms,Stock - SMS,community,LGPL-3,Supply Chain/Inventory,1.0,True,False,True,stock|sms,5,
survey,Surveys,community,LGPL-3,Marketing/Surveys,3.7,False,True,True,auth_signup|http_routing|mail|web_tour|gamification,20,
survey_crm,Survey CRM,community,LGPL-3,Marketing/Surveys,1.0,True,False,True,survey|crm,3,
test_access_rights,test of access rights and rules,community,LGPL-3,Hidden/Tests,0.0.1,False,False,True,,3,
test_action_bindings,Test Action Bindings,community,LGPL-3,Hidden/Tests,,False,False,True,,2,
test_ai_fields,Test AI Field,enterprise,LGPL-3,Hidden/Tests,1.0,False,False,True,ai_fields,1,
test_appointment_full,Appointment Testing Module,enterprise,OEEL-1,Hidden/Tests,1.0,False,False,True,appointment_crm|appointment_hr|google_calendar|microsoft_calendar|website_appointment,0,
test_assetsbundle,test-assetsbundle,community,LGPL-3,Hidden/Tests,0.1,False,False,True,base,2,
test_auth_custom,Tests that custom auth works & is not impaired by CORS,community,LGPL-3,Hidden,,False,False,True,,0,
test_base_automation,Test - Base Automation,community,LGPL-3,Hidden,1.0,False,False,True,base_automation,1,
test_convert,test_convert,community,LGPL-3,Hidden/Tests,0.0.1,False,False,True,,2,
test_converter,test-field-converter,community,LGPL-3,Hidden/Tests,0.1,False,False,True,base,1,
test_crm_full,Test Full Crm Flow,community,LGPL-3,Hidden/Tests,1.0,False,False,True,crm|crm_iap_enrich|crm_iap_mine|crm_sms|event_crm|sale_crm|website_crm|website_crm_iap_reveal|website_crm_partner_assign|website_crm_livechat,0,
test_data_cleaning,Test Data Cleaning,enterprise,OEEL-1,Hidden,,False,False,True,data_cleaning,1,
test_data_module,test module to test data only modules,community,LGPL-3,Hidden/Tests,0.0.1,False,False,True,,0,
test_data_module_install,test installation of data module,community,LGPL-3,Hidden/Tests,0.0.1,False,False,True,test_data_module,0,
test_discuss_full,Test Discuss (full),community,LGPL-3,Productivity/Discuss,1.0,False,False,True,calendar|crm|crm_livechat|hr_attendance|hr_fleet|hr_holidays|hr_homeworking|im_livechat|mail|mail_bot|project_todo|website_livechat|website_sale|website_slides,0,
test_discuss_full_enterprise,Test Discuss Full Enterprise,enterprise,OEEL-1,Hidden,,"['test_discuss_full', 'web_enterprise']",False,True,ai|account_accountant|account_invoice_extract|approvals|documents|knowledge|mail_enterprise|sign|test_discuss_full|voip|voip_ai|voip_onsip|web_enterprise|website_helpdesk_livechat|web_studio|whatsapp,0,document|invoice
test_documents_full,Documents Testing Module,enterprise,OEEL-1,Hidden/Tests,,False,False,True,account_bank_statement_extract|documents_account,0,document
test_event_full,Test Full Event Flow,community,LGPL-3,Hidden/Tests,1.0,False,False,True,event|event_booth|event_crm|event_crm_sale|event_sale|event_sms|payment_demo|website_event_booth_sale_exhibitor|website_event_exhibitor|website_event_sale|website_event_track|website_event_track_live|website_event_track_quiz,2,
test_event_full_enterprise,Event Test (all modules),enterprise,LGPL-3,Hidden/Tests,1.0,False,False,True,event_social|test_event_full|whatsapp_event,0,
test_html_field_history,Test - html_field_history,community,LGPL-3,Hidden,1.0,False,False,True,html_editor,1,
test_http,Test HTTP,community,LGPL-3,Hidden/Tests,1.0,False,False,True,web|web_tour|mail|rpc,3,
test_import_export,Test - Import & Export,community,LGPL-3,Hidden,1.0,False,False,True,web|base_import|website,1,
test_inherit,test-inherit,community,LGPL-3,Hidden/Tests,0.1,False,False,True,base|test_orm,2,
test_inherit_depends,test-inherit-depends,community,LGPL-3,Hidden/Tests,1.0,False,False,True,test_inherit|test_orm,0,
test_inherits,test-inherits,community,LGPL-3,Hidden/Tests,0.1,False,False,True,base,2,
test_inherits_depends,test-inherits-depends,community,LGPL-3,Hidden/Tests,0.1,False,False,True,test_inherits,0,
test_l10n_be_hr_payroll_account,Test Belgian Payroll,enterprise,OEEL-1,Human Resources,,False,False,True,hr_contract_salary_payroll|l10n_be_hr_contract_salary|l10n_be_hr_payroll_account|l10n_be|l10n_be_hr_payroll_sd_worx|l10n_be_hr_payroll_group_s|l10n_be_hr_payroll_ucm|l10n_be_hr_payroll_partena|account_accountant|hr_payroll_account_iso20022|documents_hr_payroll|documents_hr|hr_skills,0,document|l10n
test_l10n_hk_hr_payroll_account,Test Hong Kong Payroll,enterprise,OEEL-1,Human Resources,,False,False,True,l10n_hk_hr_payroll_account|documents_l10n_hk_hr_payroll|l10n_hk_hr_payroll_empf,0,document|l10n
test_l10n_us_hr_payroll_account,Test US Payroll,enterprise,OEEL-1,Human Resources,,False,False,True,l10n_us_hr_payroll|l10n_us_hr_payroll_account,0,l10n
test_lint,test-lint,community,LGPL-3,Hidden/Tests,0.1,False,False,True,base,0,
test_mail,Mail Tests,community,LGPL-3,Hidden,1.0,False,False,True,mail|test_orm,5,
test_mail_enterprise,Mail Tests (Enterprise),enterprise,OEEL-1,Hidden,1.0,False,False,True,ai|documents|mail|mail_bot|mail_enterprise|mass_mailing|mass_mailing_sms|marketing_automation|marketing_automation_sms|mail_mobile|portal|rating|snailmail|sms|test_mail|test_mail_full|test_mass_mailing|test_mail_sms|voip|test_whatsapp,1,document
test_mail_full,Mail Tests (Full),community,LGPL-3,Hidden,1.0,False,False,True,mail|mail_bot|portal|rating|mass_mailing|mass_mailing_sms|phone_validation|sms|test_mail|test_mail_sms|test_mass_mailing,4,
test_mail_sms,SMS Tests,community,LGPL-3,Hidden,1.0,False,False,True,mail|sms|sms_twilio|test_orm,1,
test_main_flows,Test Main Flow,community,LGPL-3,Hidden/Tests,1.0,False,False,True,web_tour|crm|sale_timesheet|purchase_stock|mrp|account,1,
test_marketing_automation,Marketing Automation Tests,enterprise,OEEL-1,Hidden,1.1,False,False,True,marketing_automation|marketing_automation_sms|marketing_automation_whatsapp|test_mail|test_mail_enterprise|test_mail_full|test_mail_sms|test_mass_mailing,1,
test_mass_mailing,Mass Mail Tests,community,LGPL-3,Marketing/Email Marketing,1.0,False,False,True,mass_mailing|mass_mailing_sms|sms_twilio|test_mail|test_mail_sms,1,
test_mimetypes,test mimetypes-guessing,community,LGPL-3,Hidden/Tests,0.1,False,False,True,,0,
test_orm,Test ORM,community,LGPL-3,Hidden/Tests,1.0,False,False,True,base|web|web_tour,4,
test_read_group,test of (formatted/web)_read_group,community,LGPL-3,Hidden/Tests,0.1,False,False,True,base|web,1,
test_resource,Test - Resource,community,LGPL-3,Hidden,1.1,False,False,True,resource,1,
test_rpc,Test RPC,community,LGPL-3,Hidden/Tests,1.0,False,False,True,web|rpc,1,
test_sale_product_configurators,Sale Product Configurators Tests,community,LGPL-3,Hidden,,False,False,True,event_sale|sale_management|sale_product_matrix,0,
test_sale_purchase_edi_ubl,Test - Sale & Purchase Order EDI,community,LGPL-3,Hidden,,False,False,True,purchase_edi_ubl_bis3|sale_edi_ubl,0,
test_sale_subscription,Test Sale Subscription,enterprise,OEEL-1,Sales/Subscriptions,1.0,False,False,True,sale_subscription|payment_demo,0,
test_search_panel,test_search_panel,community,LGPL-3,Hidden/Tests,0.1,False,False,True,web,1,
test_sign,Test Sign,enterprise,OEEL-1,Sales/Sign,1.0,False,False,True,sign|sale|crm|mrp|hr_expense,0,document
test_spreadsheet,Spreadsheet Test,community,LGPL-3,Hidden,1.0,False,False,True,spreadsheet,2,
test_spreadsheet_edition,Spreadsheet Test,enterprise,OEEL-1,Hidden,1.0,False,False,True,spreadsheet_edition|test_spreadsheet,0,
test_testing_utilities,Test testing utilities,community,LGPL-3,Hidden/Tests,,False,False,True,base|web,2,
test_themes,Themes Testing Module,community,LGPL-3,Hidden,1.0,False,False,True,theme_default|theme_anelusia|theme_artists|theme_avantgarde|theme_aviato|theme_beauty|theme_bewise|theme_bistro|theme_bookstore|theme_buzzy|theme_clean|theme_cobalt|theme_enark|theme_graphene|theme_kea|theme_kiddo|theme_loftspace|theme_monglia|theme_nano|theme_notes|theme_odoo_experts|theme_orchid|theme_paptic|theme_real_estate|theme_treehouse|theme_vehicle|theme_yes|theme_zap,0,
test_timer,Timer Tests,enterprise,OEEL-1,Hidden/Tests,1.0,False,False,True,timer,1,
test_translation_import,test-translation-import,community,LGPL-3,Hidden/Tests,0.1,False,False,True,base,5,
test_uninstall,test-uninstall,community,LGPL-3,Hidden/Tests,0.1,False,False,True,base,1,
test_web_cohort,Web Cohort Tests,enterprise,OEEL-1,Hidden,1.0,False,False,True,web_cohort,1,
test_web_gantt,Web Gantt Tests,enterprise,OEEL-1,Hidden,1.0,False,False,True,web_gantt,1,
test_web_studio,Web Studio Tests,enterprise,OEEL-1,Hidden,1.0,False,False,True,web_studio|website|sale,1,
test_website,Website Test,community,LGPL-3,Hidden,1.0,False,False,True,web_unsplash|website|theme_default,6,
test_website_modules,Website Modules Test,community,LGPL-3,Hidden,1.0,False,False,True,theme_default|website|website_blog|website_event_sale|website_slides|website_livechat|website_crm_iap_reveal|website_sale_comparison|website_sale_wishlist,0,
test_website_sale_full,Website Sale Full Tests,enterprise,OEEL-1,Hidden,,False,False,True,website_sale_comparison|website_sale_renting|website_sale_wishlist,0,
test_website_slides_full,Test Full eLearning Flow,community,LGPL-3,Hidden/Tests,1.0,False,False,True,website_sale_slides|website_slides_forum|website_slides_survey,1,
test_whatsapp,WhatsApp Tests,enterprise,LGPL-3,Hidden,1.0,False,False,True,contacts|mail|portal|whatsapp,1,
theme_anelusia,Anelusia Theme,community,LGPL-3,Theme/Retail,2.1.0,False,False,True,theme_common,57,
theme_artists,Artists Theme,community,LGPL-3,Theme/Creative,2.1.0,False,False,True,theme_common,107,
theme_avantgarde,Avantgarde Theme,community,LGPL-3,Theme/Creative,2.0.0,False,False,True,theme_common,5,
theme_aviato,Aviato Theme,community,LGPL-3,Theme/Creative,1.0.0,False,False,True,theme_common,52,
theme_beauty,Beauty Theme,community,LGPL-3,Theme/Retail,2.1.0,False,False,True,theme_common,56,
theme_bewise,Be Wise Theme,community,LGPL-3,Theme/Education,3.0.0,False,False,True,theme_common,5,
theme_bistro,Bistro Theme,community,LGPL-3,Theme/Food,2.0.0,False,False,True,theme_common,52,b11
theme_bookstore,Bookstore Theme,community,LGPL-3,Theme/Retail,2.1.0,False,False,True,theme_common,57,
theme_buzzy,Buzzy Theme,community,LGPL-3,Theme/Corporate,1.0.0,False,False,True,website,60,
theme_clean,Clean Theme,community,LGPL-3,Theme/Services,2.1.0,False,False,True,theme_common,42,
theme_cobalt,Cobalt Theme,community,LGPL-3,Theme/Corporate,2.0.0,False,False,True,website,5,
theme_common,Theme Common,community,LGPL-3,Hidden,1.1,False,False,True,website,4,
theme_default,Default Theme,community,LGPL-3,Theme,1.0,False,False,True,website,1,
theme_enark,Enark Theme,community,LGPL-3,Theme/Corporate,2.0.0,False,False,True,theme_common,47,
theme_graphene,Graphene Theme,community,LGPL-3,Theme/Corporate,2.0.0,False,False,True,theme_common,5,
theme_kea,Kea Theme,community,LGPL-3,Theme/Technology,2.0.0,False,False,True,theme_common,50,
theme_kiddo,Kiddo Theme,community,LGPL-3,Theme/Retail,2.1.0,False,False,True,theme_common,52,
theme_loftspace,Loftspace Theme,community,LGPL-3,Theme/Retail,2.1.0,False,False,True,theme_common,52,
theme_monglia,Monglia Theme,community,LGPL-3,Theme/Services,2.0.0,False,False,True,theme_common,5,
theme_nano,Nano Theme,community,LGPL-3,Theme/Lifestyle,2.0.0,False,False,True,theme_common,53,b11
theme_notes,Notes & Play Theme,community,LGPL-3,Theme/Retail,2.1.0,False,False,True,theme_common,66,
theme_odoo_experts,Experts Theme,community,LGPL-3,Theme/Corporate,2.1.0,False,False,True,theme_common,48,
theme_orchid,Orchid Theme,community,LGPL-3,Theme/Retail,3.0.0,False,False,True,theme_common,53,
theme_paptic,Paptic Theme,community,LGPL-3,Theme/Corporate,2.1.0,False,False,True,website,5,
theme_real_estate,Real Estate Theme,community,LGPL-3,Theme/Services,2.0.0,False,False,True,theme_common,46,
theme_test_custo,Custom Theme (Testing suite),community,LGPL-3,Theme/Hidden,,False,False,True,website,7,
theme_treehouse,Treehouse Theme,community,LGPL-3,Theme/Environment,2.0.0,False,False,True,theme_common,50,
theme_vehicle,Vehicle Theme,community,LGPL-3,Theme/Services,2.0.0,False,False,True,theme_common,5,
theme_yes,Yes Theme,community,LGPL-3,Theme/Personal,2.0.0,False,False,True,theme_common,57,
theme_zap,Zap Theme,community,LGPL-3,Theme/Corporate,2.0.0,False,False,True,theme_common,46,
timer,Timer,enterprise,OEEL-1,Services/Timesheets,1.0,False,False,True,web|mail,2,
timesheet_grid,Timesheets,enterprise,OEEL-1,Services/Timesheets,1.0,"['web_grid', 'hr_timesheet']",True,True,project_enterprise|web_grid|hr_timesheet|timer|hr_org_chart,15,
timesheet_grid_holidays,Timesheets And Timeoff,enterprise,OEEL-1,Services/Timesheets,1.0,True,False,True,project_timesheet_holidays|timesheet_grid,0,
transifex,Transifex integration,community,LGPL-3,Hidden/Tools,1.0,False,False,True,base|web,3,
uom,Units of measure,community,LGPL-3,Sales/Sales,1.0,False,False,True,base,4,
utm,UTM Trackers,community,LGPL-3,Marketing,1.1,False,False,True,base|web,11,
voip,Phone,enterprise,OEEL-1,Productivity/Phone,2.0,False,True,True,base|bus|mail|phone_validation|web|web_mobile,9,
voip_ai,Phone - AI,enterprise,OEEL-1,Productivity/Phone,1.0,True,False,True,voip|ai,4,
voip_crm,Phone - CRM,enterprise,OEEL-1,Sales/CRM,1.0,True,False,True,crm|voip,3,
voip_helpdesk,Phone - Helpdesk,enterprise,OEEL-1,Helpdesk,1.0,True,False,True,voip|helpdesk,1,
voip_hr,Phone - Human Resources,enterprise,OEEL-1,Human Resources,1.0,True,False,True,voip|hr,1,
voip_hr_recruitment,Phone - Recruitement,enterprise,OEEL-1,Human Resources/Recruitment,1.0,True,False,True,hr_recruitment|voip,1,
voip_onsip,Phone - OnSIP,enterprise,OEEL-1,Productivity/Phone,1.0,False,False,True,voip,2,
voip_sale_subscription,Phone - Subscriptions,enterprise,OEEL-1,Sales/Subscriptions,1.0,True,False,True,voip|sale_subscription,1,
voip_sms,Phone - SMS,enterprise,OEEL-1,Sales/Sales,1.0,True,False,True,voip|sms,0,
web,Web,community,LGPL-3,Hidden,1.0,True,False,True,base,13,document
web_cohort,Cohort View,enterprise,OEEL-1,Hidden,,True,False,True,web,0,
web_enterprise,Web Enterprise,enterprise,OEEL-1,Hidden,1.0,['web'],False,True,web|base_setup,2,
web_gantt,Web Gantt,enterprise,OEEL-1,Hidden,2.0,True,False,True,web,0,
web_grid,Grid View,enterprise,OEEL-1,Hidden,0.1,True,False,True,web,0,
web_hierarchy,Web Hierarchy,community,LGPL-3,Hidden,1.0,False,False,True,web,0,
web_map,Map View,enterprise,OEEL-1,Hidden,1.0,True,False,True,web|base_setup,2,
web_mobile,Mobile,enterprise,OEEL-1,Hidden,1.0,True,False,True,web_enterprise,1,
web_studio,Studio,enterprise,OEEL-1,Customizations/Studio,1.0,False,True,True,base_automation|base_import_module|mail|web|web_enterprise|html_editor|web_map|web_gantt|web_cohort|sms,14,
web_studio_ai_fields,web_studio_ai_fields,enterprise,LGPL-3,Hidden,0.1,True,False,True,ai_fields|web_studio,0,
web_tour,Tours,community,LGPL-3,Hidden,1.0,True,False,True,web,2,
web_unsplash,Unsplash Image Library,community,LGPL-3,Hidden,1.1,True,False,True,base_setup|html_editor,1,
website,Website,community,LGPL-3,Website/Website,1.0,False,True,True,digest|web|html_editor|http_routing|portal|social_media|auth_signup|mail|google_recaptcha|utm|html_builder,184,
website_appointment,Website Appointments,enterprise,OEEL-1,Services/Appointment,1.0,"['appointment', 'website_enterprise']",False,True,appointment|website_enterprise|website_partner|html_builder,14,
website_appointment_account_payment,Pay to Book on Website,enterprise,OEEL-1,Services/Appointment,1.0,True,False,True,appointment_account_payment|website_enterprise|website_appointment,3,
website_appointment_crm,Website Appointment Lead Enrichment,enterprise,OEEL-1,Services/Appointment,1.0,True,False,True,appointment_crm|website_crm,0,
website_appointment_sale,Pay to Book with eCommerce,enterprise,OEEL-1,Services/Appointment,1.0,True,False,True,website_appointment_account_payment|website_sale,5,
website_appointment_sale_project,Website Appointment Sale Project,enterprise,OEEL-1,Services/Appointment,1.0,True,False,True,website_appointment_sale|sale_project,1,
website_blog,Blog,community,LGPL-3,Website/Website,1.1,False,False,True,website_mail|website_partner|html_builder,16,
website_cf_turnstile,Cloudflare Turnstile,community,LGPL-3,Website/Website,1.0,False,False,True,website,1,
website_crm,Contact Form,community,LGPL-3,Website/Website,2.1,True,False,True,website|crm,7,
website_crm_iap_reveal,Lead Generation From Website Visits,community,LGPL-3,Sales/CRM,1.1,False,False,True,iap_crm|iap_mail|crm_iap_mine|website_crm,8,
website_crm_iap_reveal_enterprise,Website Visits Lead Generation Enterprise,enterprise,OEEL-1,Sales/CRM,1.0,True,False,True,crm_enterprise|website_crm_iap_reveal,1,
website_crm_livechat,Lead Livechat Sessions,community,LGPL-3,Website/Website,1.0,True,False,True,website_crm|website_livechat,1,
website_crm_partner_assign,Resellers,community,LGPL-3,Website/Website,1.2,False,False,True,base_geolocalize|crm|account|partnership|website_partner|website_google_map|portal,14,localization
website_crm_sms,Send SMS to Visitor with leads,community,LGPL-3,Website/Website,1.0,True,False,True,website_sms|crm,0,
website_customer,Customer References,community,LGPL-3,Website/Website,1.0,False,False,True,website_crm_partner_assign|website_partner|website_google_map,4,
website_delivery_sendcloud,Sendcloud Locations for Website Delivery,enterprise,OEEL-1,Shipping Connectors,,True,False,True,delivery_sendcloud|website_sale,1,
website_documents,Website Documents,enterprise,OEEL-1,Productivity/Documents,1.0,True,False,True,documents|website,1,document
website_enterprise,Website Enterprise,enterprise,OEEL-1,Website/Website,,True,False,True,web_enterprise|website,4,
website_event,Events,community,LGPL-3,Marketing/Events,1.4,False,True,True,event|website|website_partner|website_mail|html_builder,24,
website_event_booth,Online Event Booths,community,LGPL-3,Marketing/Events,1.0,True,False,True,website_event|event_booth,6,
website_event_booth_exhibitor,Booths/Exhibitors Bridge,community,LGPL-3,Marketing/Events,1.1,True,False,True,website_event_exhibitor|website_event_booth,6,
website_event_booth_sale,Online Event Booth Sale,community,LGPL-3,Marketing/Events,1.0,True,False,True,event_booth_sale|website_event_booth|website_sale,2,
website_event_booth_sale_exhibitor,Booths Sale/Exhibitors Bridge,community,LGPL-3,Marketing/Events,1.0,True,False,True,website_event_exhibitor|website_event_booth_sale,0,
website_event_crm,Website Events CRM,community,LGPL-3,Website/Website,1.0,True,False,True,event_crm|website_event,1,
website_event_exhibitor,Event Exhibitors,community,LGPL-3,Marketing/Events,1.1,False,False,True,website_event,12,
website_event_sale,Online Event Ticketing,community,LGPL-3,Website/Website,,True,False,True,website_event|event_sale|website_sale,5,
website_event_social,Schedule push notifications on attendees,enterprise,OEEL-1,Marketing/Events,1.1,True,False,True,website_event|social_push_notifications,2,
website_event_track,Advanced Events,community,LGPL-3,Marketing,1.3,False,False,True,website_event,24,
website_event_track_gantt,Enterprise Event Track,enterprise,OEEL-1,Marketing,1.0,True,False,True,website_event_track|web_gantt,2,
website_event_track_live,Live Event Tracks,community,LGPL-3,Marketing/Events,1.0,False,False,True,website_event_track,3,
website_event_track_live_quiz,Quiz on Live Event Tracks,community,LGPL-3,Marketing/Events,1.0,True,False,True,website_event_track_live|website_event_track_quiz,1,
website_event_track_quiz,Quizzes on Tracks,community,LGPL-3,Marketing/Events,1.0,False,False,True,website_profile|website_event_track,11,
website_event_track_social,Push notification to track listeners,enterprise,OEEL-1,Marketing/Events,1.1,True,False,True,website_event_social|website_event_track,1,
website_forum,Forum,community,LGPL-3,Website/Website,1.2,False,False,True,auth_signup|website_mail|website_profile,30,
website_generator,Website Generator,enterprise,OEEL-1,Website/Website,1.0.0,False,False,True,website|website_enterprise,4,
website_generator_sale,Website Generator Sale,enterprise,OEEL-1,Website/Website,1.0.0,False,False,True,website_generator|website_sale,0,
website_google_map,Google Maps,community,LGPL-3,Website/Website,1.0,False,False,True,base_geolocalize|website_partner,1,
website_helpdesk,Website Helpdesk,enterprise,OEEL-1,Services/Helpdesk,,True,False,True,helpdesk|website,4,
website_helpdesk_forum,Helpdesk: Help Center,enterprise,OEEL-1,Services/Helpdesk,,True,False,True,website_forum|website_helpdesk,6,
website_helpdesk_knowledge,Helpdesk Knowledge,enterprise,OEEL-1,Website/Website,1.0,True,False,True,website_helpdesk|knowledge,3,
website_helpdesk_livechat,Website IM Livechat Helpdesk,enterprise,OEEL-1,Services/Helpdesk,,True,False,True,website_helpdesk|website_livechat,7,
website_helpdesk_sale_loyalty,website helpdesk sale,enterprise,OEEL-1,Services/Helpdesk,1.0,True,False,True,website_sale_loyalty|helpdesk_sale_loyalty,1,
website_helpdesk_slides,Website Slides Helpdesk,enterprise,OEEL-1,Services/Helpdesk,,True,False,True,website_helpdesk|website_slides,3,
website_helpdesk_slides_forum,Website Slides Forum Helpdesk,enterprise,OEEL-1,Services/Helpdesk,,True,False,True,website_helpdesk|website_slides_forum,1,
website_hr_recruitment,Online Jobs,community,LGPL-3,Website/Website,1.1,"['hr_recruitment', 'website_mail']",True,True,hr_recruitment|website_mail,7,
website_hr_recruitment_livechat,Website IM Livechat HR Recruitment,community,LGPL-3,Website/Live Chat,1.0,False,False,True,website_hr_recruitment|im_livechat,0,
website_knowledge,Knowledge Website,enterprise,OEEL-1,,1.0,True,False,True,knowledge|website,4,
website_links,Link Tracker,community,LGPL-3,Website/Website,1.0,True,False,True,website|link_tracker,4,
website_livechat,Website Live Chat,community,LGPL-3,Website/Live Chat,1.0,True,False,True,website|im_livechat,7,
website_mail,Website Mail,community,LGPL-3,Website/Website,0.1,True,False,True,website|mail,1,
website_mail_group,Website Mail Group,community,LGPL-3,,1.0,True,False,True,mail_group|website,4,
website_mass_mailing,Newsletter Subscribe Button,community,LGPL-3,Website/Website,1.0,"['website', 'mass_mailing']",False,True,website|mass_mailing|google_recaptcha,4,
website_mass_mailing_sms,Newsletter Subscribe SMS Template,community,LGPL-3,Website/Website,1.0,True,False,True,website_mass_mailing|mass_mailing_sms,2,
website_partner,Website Partner,community,LGPL-3,Website/Website,0.1,False,False,True,website,3,
website_payment,Website Payment,community,LGPL-3,Website/Website,1.0,True,False,True,website|account_payment|portal,7,
website_product_barcodelookup,Product Barcode Lookup for eCommerce,enterprise,OEEL-1,Sales/Sales,1.0,True,False,True,product_barcodelookup|website_sale,1,
website_profile,Website profile,community,LGPL-3,Website/Website,1.0,False,False,True,html_editor|website_partner|gamification,5,
website_project,Online Task Submission,community,LGPL-3,Website/Website,1.0,True,False,True,website|project,3,
website_sale,eCommerce,community,LGPL-3,Website/Website,1.1,False,True,True,website|sale|website_payment|website_mail|portal_rating|digest|delivery|html_builder,54,document
website_sale_autocomplete,Google places autocompletion,community,LGPL-3,Website/Website,1.0,True,False,True,website_sale|google_address_autocomplete,2,
website_sale_collect,Click & Collect,community,LGPL-3,Website/Website,1.0,False,False,True,base_geolocalize|payment_custom|website_sale_stock,10,
website_sale_collect_wishlist,Collect & Wishlist,community,LGPL-3,Website/Website,,True,False,True,website_sale_wishlist|website_sale_collect,1,
website_sale_comparison,Product Comparison,community,LGPL-3,Website/Website,1.0,True,False,True,website_sale,3,
website_sale_comparison_wishlist,Product Availability Notifications,community,LGPL-3,Website/Website,,True,False,True,website_sale_comparison|website_sale_wishlist,1,
website_sale_dashboard,Website Sales Dashboard,enterprise,OEEL-1,Website/Website,1.0,['website_sale'],False,True,website_sale,1,
website_sale_external_tax,External calculation for Ecommerce,enterprise,OEEL-1,Accounting/Accounting,,True,False,True,sale_external_tax|website_sale,1,
website_sale_fedex,FEDEX Locations for Website Delivery,enterprise,OEEL-1,Shipping Connectors,,True,False,True,delivery_fedex|website_sale,1,
website_sale_gelato,eCommerce/Gelato bridge,community,LGPL-3,Website/Website,,True,False,True,sale_gelato|website_sale,1,
website_sale_loyalty,"Coupons, Promotions, Gift Card and Loyalty for eCommerce",community,LGPL-3,Website/Website,1.0,"['website_sale', 'sale_loyalty']",False,True,website_sale|website_links|sale_loyalty,7,
website_sale_mass_mailing,Checkout Newsletter,community,LGPL-3,Website/Website,1.0,True,False,True,website_sale|website_mass_mailing,2,
website_sale_mondialrelay,eCommerce Mondialrelay Delivery,community,LGPL-3,Website/Website,0.1,True,False,True,website_sale|delivery_mondialrelay,3,
website_sale_mrp,Kit Availability,community,LGPL-3,Website/Website,1.0,True,False,True,website_sale_stock|sale_mrp,0,
website_sale_renting,eCommerce Rental,enterprise,OEEL-1,Website/Website,1.0,True,False,True,website_sale|sale_renting,8,
website_sale_renting_planning,eCommerce Rental with Planning,enterprise,OEEL-1,Website/Website,1.0,True,False,True,website_sale_renting|sale_renting_planning,0,
website_sale_slides,Sell Courses,community,LGPL-3,Website/eLearning,1.0,False,False,True,website_slides|website_sale,7,
website_sale_stock,Product Availability,community,LGPL-3,Website/Website,,True,False,True,website_sale|sale_stock|stock_delivery,7,
website_sale_stock_renting,eCommerce Rental with Stock Management,enterprise,OEEL-1,Website/Website,1.0,True,False,True,website_sale_renting|website_sale_stock|sale_stock_renting,0,
website_sale_stock_wishlist,Product Availability Notifications,community,LGPL-3,Website/Website,,True,False,True,website_sale_stock|website_sale_wishlist,1,
website_sale_subscription,eCommerce Subscription,enterprise,OEEL-1,Website/Website,1.0,True,False,True,website_sale|sale_subscription,2,
website_sale_ups,UPS: Bill My Account,enterprise,OEEL-1,Shipping Connectors,,True,False,True,delivery_ups|website_sale,1,
website_sale_wishlist,Shopper's Wishlist,community,LGPL-3,Website/Website,1.0,True,False,True,website_sale,4,
website_slides,eLearning,community,LGPL-3,Website/eLearning,2.7,False,True,True,portal_rating|website|website_mail|website_profile,32,document
website_slides_forum,Forum on Courses,community,LGPL-3,Website/eLearning,1.0,True,False,True,website_slides|website_forum,9,
website_slides_survey,Course Certifications,community,LGPL-3,Website/eLearning,1.0,True,False,True,website_slides|survey,18,
website_sms,Send SMS to Visitor,community,LGPL-3,Website/Website,1.0,True,False,True,website|sms,1,
website_studio,Website Studio,enterprise,OEEL-1,Hidden,1.0,True,False,True,web_studio|website,2,
website_timesheet,Hide Portal Timesheet Information,community,LGPL-3,Website/Website,1.0,True,False,True,website|hr_timesheet,0,
whatsapp,WhatsApp Messaging,enterprise,OEEL-1,Productivity/WhatsApp,1.0,False,True,True,mail|phone_validation,20,
whatsapp_account,Whatsapp Accounting,enterprise,OEEL-1,WhatsApp,,True,False,True,account|whatsapp,1,
whatsapp_account_followup,WhatsApp Follow-Up,enterprise,OEEL-1,Marketing/WhatsApp,1.0,True,False,True,account_followup|whatsapp,3,
whatsapp_calendar,WhatsApp-Calendar,enterprise,OEEL-1,WhatsApp,1.0,True,False,True,calendar|whatsapp,1,
whatsapp_delivery,WhatsApp-Delivery,enterprise,OEEL-1,WhatsApp,,True,False,True,stock_delivery|whatsapp,1,
whatsapp_event,WhatsApp-Website-Events,enterprise,OEEL-1,Marketing/Events,,True,False,True,event|whatsapp,1,
whatsapp_hr_referral,WhatsApp - Employee Referral,enterprise,OEEL-1,Human Resources/Referrals,1.0,True,False,True,hr_referral|whatsapp,2,
whatsapp_payment,Whatsapp-Payment,enterprise,OEEL-1,WhatsApp,,True,False,True,payment|whatsapp,2,
whatsapp_pos,WhatsApp-POS,enterprise,OEEL-1,WhatsApp,,True,False,True,point_of_sale|whatsapp,3,
whatsapp_sale,WhatsApp-Sale,enterprise,OEEL-1,WhatsApp,,True,False,True,sale|whatsapp,1,
whatsapp_sign,WhatsApp-Sign,enterprise,OEEL-1,WhatsApp,,True,False,True,sign|whatsapp,4,
whatsapp_stock,Stock - WhatsApp,enterprise,OEEL-1,WhatsApp,1.0,True,False,True,stock_enterprise|whatsapp,2,
whatsapp_website_sale,WhatsApp-eCommerce,enterprise,OEEL-1,WhatsApp,,True,False,True,website_sale|whatsapp,1,
worksheet,Worksheet,enterprise,OEEL-1,Hidden,,False,False,True,web_studio,3,
