date,fuerte,generator,n_confirmers,fuerte_hit,first_day_offset,outcome_bucket,closest_distance,closest_number
2019-07-24,7,42,2,True,2,FUERTE_EXACTO,0,7
2019-07-24,50,42,1,True,5,FUERTE_EXACTO,0,50
2019-07-27,11,35,1,True,1,FUERTE_EXACTO,0,11
2019-07-27,86,35,1,False,,COMPANERO_TABLA1,1,11
2019-07-27,90,46,1,True,5,FUERTE_EXACTO,0,90
2019-07-29,5,37,1,False,,COMPANERO_TABLA1,1,10
2019-07-29,10,37,1,True,2,FUERTE_EXACTO,0,10
2019-07-30,93,41,1,True,6,FUERTE_EXACTO,0,93
2019-08-01,23,42,1,True,2,FUERTE_EXACTO,0,23
2019-08-01,71,42,1,True,1,FUERTE_EXACTO,0,71
2019-08-02,26,28,1,False,,COMPANERO_TABLA1,1,21
2019-08-02,100,38,1,False,,COMPANERO_TABLA1,1,63
2019-08-04,12,43,1,True,1,FUERTE_EXACTO,0,12
2019-08-04,60,43,1,True,1,FUERTE_EXACTO,0,60
2019-08-06,72,40,2,True,1,FUERTE_EXACTO,0,72
2019-08-06,56,40,1,False,,COMPANERO_TABLA1,1,72
2019-08-07,53,28,1,True,4,FUERTE_EXACTO,0,53
2019-08-09,96,54,1,True,1,FUERTE_EXACTO,0,96
2019-08-10,23,42,1,False,,COMPANERO_TABLA1,1,18
2019-08-10,77,32,1,True,5,FUERTE_EXACTO,0,77
2019-08-11,29,41,1,True,1,FUERTE_EXACTO,0,29
2019-08-11,42,37,1,True,2,FUERTE_EXACTO,0,42
2019-08-11,89,48,1,True,1,FUERTE_EXACTO,0,89
2019-08-11,93,41,1,True,1,FUERTE_EXACTO,0,93
2019-08-12,85,36,1,True,2,FUERTE_EXACTO,0,85
2019-08-13,68,47,1,False,,COMPANERO_TABLA1,1,84
2019-08-13,84,47,1,True,1,FUERTE_EXACTO,0,84
2019-08-14,52,38,1,True,3,FUERTE_EXACTO,0,52
2019-08-15,87,33,1,True,6,FUERTE_EXACTO,0,87
2019-08-17,71,42,1,True,1,FUERTE_EXACTO,0,71
2019-08-18,22,44,1,True,2,FUERTE_EXACTO,0,22
2019-08-18,70,44,1,False,,COMPANERO_TABLA1,1,91
2019-08-20,29,41,1,False,,COMPANERO_TABLA1,1,93
2019-08-20,69,45,1,False,,COMPANERO_TABLA1,1,80
2019-08-21,80,45,1,True,4,FUERTE_EXACTO,0,80
2019-08-23,90,46,1,False,,COMPANERO_TABLA1,1,74
2019-08-26,50,42,1,True,3,FUERTE_EXACTO,0,50
2019-08-27,44,43,2,True,4,FUERTE_EXACTO,0,44
2019-08-27,28,43,1,True,5,FUERTE_EXACTO,0,28
2019-08-28,10,37,1,True,1,FUERTE_EXACTO,0,10
2019-08-28,42,37,1,True,4,FUERTE_EXACTO,0,42
2019-09-02,83,49,1,False,,COMPANERO_TABLA1,1,35
2019-09-03,40,49,1,True,5,FUERTE_EXACTO,0,40
2019-09-03,68,47,1,False,,COMPANERO_TABLA1,1,4
2019-09-04,65,52,1,False,,COMPANERO_TABLA1,1,97
2019-09-07,34,51,1,True,3,FUERTE_EXACTO,0,34
2019-09-07,91,44,1,True,1,FUERTE_EXACTO,0,91
2019-09-08,11,35,1,True,2,FUERTE_EXACTO,0,11
2019-09-08,53,28,1,True,2,FUERTE_EXACTO,0,53
2019-09-11,42,37,1,True,1,FUERTE_EXACTO,0,42
2019-09-11,65,52,1,True,7,FUERTE_EXACTO,0,65
2019-09-11,76,34,1,True,3,FUERTE_EXACTO,0,76
2019-09-12,44,43,1,False,,COMPANERO_TABLA1,1,60
2019-09-12,76,34,1,True,2,FUERTE_EXACTO,0,76
2019-09-12,92,43,1,False,,COMPANERO_TABLA1,1,60
2019-09-14,16,27,1,True,5,FUERTE_EXACTO,0,16
2019-09-15,56,40,1,True,3,FUERTE_EXACTO,0,56
2019-09-16,60,43,1,True,4,FUERTE_EXACTO,0,60
2019-09-19,9,39,1,True,3,FUERTE_EXACTO,0,9
2019-09-19,25,30,1,True,3,FUERTE_EXACTO,0,25
2019-09-20,7,42,1,True,6,FUERTE_EXACTO,0,7
2019-09-20,11,35,1,True,5,FUERTE_EXACTO,0,11
2019-09-20,86,35,1,True,1,FUERTE_EXACTO,0,86
2019-09-21,87,33,2,True,4,FUERTE_EXACTO,0,87
2019-09-22,57,30,1,True,5,FUERTE_EXACTO,0,57
2019-09-23,76,34,1,True,2,FUERTE_EXACTO,0,76
2019-09-23,87,33,1,True,2,FUERTE_EXACTO,0,87
2019-09-25,69,45,1,True,2,FUERTE_EXACTO,0,69
2019-09-25,80,45,1,True,2,FUERTE_EXACTO,0,80
2019-09-26,26,28,1,True,3,FUERTE_EXACTO,0,26
2019-09-28,69,45,2,True,4,FUERTE_EXACTO,0,69
2019-09-29,27,26,1,True,3,FUERTE_EXACTO,0,27
2019-09-30,56,40,1,True,2,FUERTE_EXACTO,0,56
2019-10-02,87,33,1,True,1,FUERTE_EXACTO,0,87
2019-10-03,12,43,1,False,,COMPANERO_TABLA1,1,44
2019-10-03,56,40,1,True,4,FUERTE_EXACTO,0,56
2019-10-03,72,40,1,False,,COMPANERO_TABLA1,1,19
2019-10-05,63,38,2,False,,COMPANERO_TABLA1,1,31
2019-10-06,35,49,1,True,5,FUERTE_EXACTO,0,35
2019-10-08,12,43,1,True,4,FUERTE_EXACTO,0,12
2019-10-08,17,34,1,True,2,FUERTE_EXACTO,0,17
2019-10-09,57,30,1,True,7,FUERTE_EXACTO,0,57
2019-10-14,3,31,1,True,7,FUERTE_EXACTO,0,3
2019-10-15,7,42,1,True,4,FUERTE_EXACTO,0,7
2019-10-19,91,44,1,True,2,FUERTE_EXACTO,0,91
2019-10-21,45,50,1,False,,VECINO_TABLA2,3,32
2019-10-22,89,48,1,True,1,FUERTE_EXACTO,0,89
2019-10-23,3,31,1,True,3,FUERTE_EXACTO,0,3
2019-10-24,3,31,1,True,2,FUERTE_EXACTO,0,3
2019-10-25,27,26,1,True,1,FUERTE_EXACTO,0,27
2019-10-25,29,41,1,True,4,FUERTE_EXACTO,0,29
2019-10-26,63,38,2,True,6,FUERTE_EXACTO,0,63
2019-10-29,34,51,1,True,7,FUERTE_EXACTO,0,34
2019-10-31,28,43,1,False,,COMPANERO_TABLA1,1,44
2019-10-31,44,43,1,True,2,FUERTE_EXACTO,0,44
2019-11-02,7,42,1,False,,COMPANERO_TABLA1,1,18
2019-11-03,3,31,1,False,,COMPANERO_TABLA1,1,99
2019-11-03,29,41,1,True,3,FUERTE_EXACTO,0,29
2019-11-03,88,31,1,True,6,FUERTE_EXACTO,0,88
2019-11-09,29,41,1,True,2,FUERTE_EXACTO,0,29
2019-11-09,56,40,1,False,,COMPANERO_TABLA1,1,67
2019-11-09,67,40,1,True,1,FUERTE_EXACTO,0,67
2019-11-10,57,30,1,False,,COMPANERO_TABLA1,1,25
2019-11-12,23,42,1,True,3,FUERTE_EXACTO,0,23
2019-11-13,20,38,1,True,6,FUERTE_EXACTO,0,20
2019-11-14,53,28,1,True,1,FUERTE_EXACTO,0,53
2019-11-14,90,46,1,True,1,FUERTE_EXACTO,0,90
2019-11-16,96,54,1,True,1,FUERTE_EXACTO,0,96
2019-11-17,29,41,1,True,1,FUERTE_EXACTO,0,29
2019-11-18,94,39,1,False,,COMPANERO_TABLA1,1,41
2019-11-19,72,40,1,True,3,FUERTE_EXACTO,0,72
2019-11-21,71,42,1,True,5,FUERTE_EXACTO,0,71
2019-11-22,29,41,2,True,3,FUERTE_EXACTO,0,29
2019-11-23,35,49,1,True,3,FUERTE_EXACTO,0,35
2019-11-25,79,47,1,True,1,FUERTE_EXACTO,0,79
2019-11-26,9,39,3,False,,COMPANERO_TABLA1,1,41
2019-11-26,94,39,1,True,5,FUERTE_EXACTO,0,94
2019-11-27,89,48,1,False,,VECINO_TABLA2,3,12
2019-11-27,93,41,1,True,5,FUERTE_EXACTO,0,93
2019-12-04,53,28,1,True,1,FUERTE_EXACTO,0,53
2019-12-05,7,42,2,True,2,FUERTE_EXACTO,0,7
2019-12-07,27,26,2,True,4,FUERTE_EXACTO,0,27
2019-12-08,76,34,1,True,5,FUERTE_EXACTO,0,76
2019-12-10,12,43,1,True,2,FUERTE_EXACTO,0,12
2019-12-10,28,43,1,True,7,FUERTE_EXACTO,0,28
2019-12-10,41,39,1,True,1,FUERTE_EXACTO,0,41
2019-12-13,92,43,2,True,6,FUERTE_EXACTO,0,92
2019-12-13,44,43,1,True,6,FUERTE_EXACTO,0,44
2019-12-14,85,36,1,True,6,FUERTE_EXACTO,0,85
2019-12-16,34,51,1,True,2,FUERTE_EXACTO,0,34
2019-12-19,48,36,1,True,1,FUERTE_EXACTO,0,48
2019-12-20,77,32,1,True,2,FUERTE_EXACTO,0,77
2019-12-20,89,48,1,True,3,FUERTE_EXACTO,0,89
2019-12-24,79,47,1,True,1,FUERTE_EXACTO,0,79
2019-12-25,26,28,1,False,,COMPANERO_TABLA1,1,53
2019-12-27,1,34,1,True,7,FUERTE_EXACTO,0,1
2019-12-27,42,37,1,True,1,FUERTE_EXACTO,0,42
2019-12-28,54,35,1,True,3,FUERTE_EXACTO,0,54
2020-01-04,67,40,1,False,,COMPANERO_TABLA1,1,72
2020-01-05,73,48,1,False,,COMPANERO_TABLA1,1,89
2020-01-06,26,28,1,True,1,FUERTE_EXACTO,0,26
2020-01-07,9,39,1,True,4,FUERTE_EXACTO,0,9
2020-01-07,90,46,1,True,2,FUERTE_EXACTO,0,90
2020-01-07,91,44,1,True,3,FUERTE_EXACTO,0,91
2020-01-07,94,39,1,True,1,FUERTE_EXACTO,0,94
2020-01-08,73,48,1,True,6,FUERTE_EXACTO,0,73
2020-01-09,53,28,1,False,,COMPANERO_TABLA1,1,21
2020-01-10,8,40,1,True,2,FUERTE_EXACTO,0,8
2020-01-10,77,32,1,True,6,FUERTE_EXACTO,0,77
2020-01-19,27,26,1,False,,COMPANERO_TABLA1,1,38
2020-01-20,31,38,1,True,1,FUERTE_EXACTO,0,31
2020-01-20,52,38,1,True,4,FUERTE_EXACTO,0,52
2020-01-20,63,38,1,True,6,FUERTE_EXACTO,0,63
2020-01-22,31,38,1,True,3,FUERTE_EXACTO,0,31
2020-01-22,52,38,1,True,2,FUERTE_EXACTO,0,52
2020-01-22,63,38,1,True,4,FUERTE_EXACTO,0,63
2020-01-26,22,44,1,False,,COMPANERO_TABLA1,1,91
2020-01-26,59,44,1,False,,COMPANERO_TABLA1,1,91
2020-01-26,70,44,1,True,7,FUERTE_EXACTO,0,70
2020-01-29,75,44,1,True,3,FUERTE_EXACTO,0,75
2020-01-30,71,42,1,True,3,FUERTE_EXACTO,0,71
2020-01-31,2,33,1,True,6,FUERTE_EXACTO,0,2
2020-01-31,87,33,1,False,,COMPANERO_TABLA1,1,2
2020-02-02,73,48,1,True,3,FUERTE_EXACTO,0,73
2020-02-08,54,35,1,True,3,FUERTE_EXACTO,0,54
2020-02-08,80,45,1,True,4,FUERTE_EXACTO,0,80
2020-02-09,40,49,1,True,2,FUERTE_EXACTO,0,40
2020-02-11,35,49,1,True,2,FUERTE_EXACTO,0,35
2020-02-13,11,35,1,True,4,FUERTE_EXACTO,0,11
2020-02-17,11,35,1,True,2,FUERTE_EXACTO,0,11
2020-02-17,40,49,1,False,,COMPANERO_TABLA1,1,83
2020-02-17,77,32,1,True,4,FUERTE_EXACTO,0,77
2020-02-19,7,42,1,False,,COMPANERO_TABLA1,1,66
2020-02-21,11,35,1,True,4,FUERTE_EXACTO,0,11
2020-02-21,28,43,1,True,1,FUERTE_EXACTO,0,28
2020-02-21,44,43,1,False,,COMPANERO_TABLA1,1,92
2020-02-21,92,43,1,True,1,FUERTE_EXACTO,0,92
2020-02-23,44,43,1,True,7,FUERTE_EXACTO,0,44
2020-02-24,58,46,1,True,6,FUERTE_EXACTO,0,58
2020-02-24,90,46,1,True,1,FUERTE_EXACTO,0,90
2020-02-25,35,49,1,True,4,FUERTE_EXACTO,0,35
2020-02-27,48,36,1,True,2,FUERTE_EXACTO,0,48
2020-02-28,2,33,1,True,2,FUERTE_EXACTO,0,2
2020-02-28,87,33,1,True,1,FUERTE_EXACTO,0,87
2020-03-01,56,40,1,True,7,FUERTE_EXACTO,0,56
2020-03-02,22,44,1,True,4,FUERTE_EXACTO,0,22
2020-03-02,70,44,1,True,4,FUERTE_EXACTO,0,70
2020-03-03,4,47,1,True,5,FUERTE_EXACTO,0,4
2020-03-07,68,47,1,False,,COMPANERO_TABLA1,1,4
2020-03-08,29,41,1,True,4,FUERTE_EXACTO,0,29
2020-03-10,53,28,1,True,2,FUERTE_EXACTO,0,53
2020-03-11,8,40,1,True,6,FUERTE_EXACTO,0,8
2020-03-11,19,40,1,False,,COMPANERO_TABLA1,1,56
2020-03-11,85,36,1,True,4,FUERTE_EXACTO,0,85
2020-03-12,9,39,1,False,,COMPANERO_TABLA1,1,94
2020-03-13,46,39,1,False,,COMPANERO_TABLA1,1,62
2020-03-13,68,47,1,False,,COMPANERO_TABLA1,1,79
2020-03-14,9,39,1,True,6,FUERTE_EXACTO,0,9
2020-03-14,44,43,1,True,2,FUERTE_EXACTO,0,44
2020-03-16,10,37,1,False,,COMPANERO_TABLA1,1,5
2020-03-16,42,37,1,True,1,FUERTE_EXACTO,0,42
2020-03-16,73,48,1,True,2,FUERTE_EXACTO,0,73
2020-03-18,34,51,1,False,,COMPANERO_TABLA1,1,98
2020-04-03,35,49,1,True,7,FUERTE_EXACTO,0,35
2020-04-11,93,41,1,False,,VECINO_TABLA2,3,48
2020-04-12,77,32,1,False,,VECINO_TABLA2,3,28
2020-04-16,30,39,1,False,,COMPANERO_TABLA1,1,14
2020-04-25,69,45,1,True,6,FUERTE_EXACTO,0,69
2020-05-03,29,41,1,True,3,FUERTE_EXACTO,0,29
2020-05-03,42,37,1,True,3,FUERTE_EXACTO,0,42
2020-05-28,76,34,1,True,7,FUERTE_EXACTO,0,76
2020-06-03,22,44,1,True,6,FUERTE_EXACTO,0,22
2020-06-03,70,44,1,True,3,FUERTE_EXACTO,0,70
2020-06-04,69,45,1,False,,VECINO_TABLA2,3,11
2020-06-07,58,46,1,True,3,FUERTE_EXACTO,0,58
2020-06-07,90,46,1,False,,COMPANERO_TABLA1,1,74
2020-06-08,85,36,1,True,2,FUERTE_EXACTO,0,85
2020-06-09,28,43,1,True,4,FUERTE_EXACTO,0,28
2020-06-09,94,39,1,True,4,FUERTE_EXACTO,0,94
2020-06-10,63,38,2,False,,COMPANERO_TABLA1,1,31
2020-06-10,7,42,1,True,7,FUERTE_EXACTO,0,7
2020-06-10,15,29,1,True,3,FUERTE_EXACTO,0,15
2020-06-10,52,38,1,True,1,FUERTE_EXACTO,0,52
2020-06-11,44,43,1,True,3,FUERTE_EXACTO,0,44
2020-06-12,4,47,1,False,,COMPANERO_TABLA1,1,68
2020-06-14,22,44,1,False,,COMPANERO_TABLA1,1,70
2020-06-14,70,44,1,True,1,FUERTE_EXACTO,0,70
2020-06-15,54,35,1,False,,COMPANERO_TABLA1,1,86
2020-06-16,42,37,1,True,6,FUERTE_EXACTO,0,42
2020-06-18,76,34,1,True,1,FUERTE_EXACTO,0,76
2020-06-20,65,52,1,True,1,FUERTE_EXACTO,0,65
2020-06-20,85,36,1,False,,COMPANERO_TABLA1,1,32
2020-06-21,92,43,1,True,5,FUERTE_EXACTO,0,92
2020-06-22,44,43,1,True,1,FUERTE_EXACTO,0,44
2020-06-22,60,43,1,True,4,FUERTE_EXACTO,0,60
2020-06-23,22,44,2,True,1,FUERTE_EXACTO,0,22
2020-06-23,70,44,2,True,2,FUERTE_EXACTO,0,70
2020-06-24,94,39,1,True,2,FUERTE_EXACTO,0,94
2020-06-27,27,26,1,True,3,FUERTE_EXACTO,0,27
2020-06-27,41,39,1,True,5,FUERTE_EXACTO,0,41
2020-06-28,82,33,1,True,7,FUERTE_EXACTO,0,82
2020-06-29,19,40,1,True,7,FUERTE_EXACTO,0,19
2020-06-29,56,40,1,False,,COMPANERO_TABLA1,1,8
2020-06-29,91,44,1,False,,COMPANERO_TABLA1,1,59
2020-06-30,57,30,1,False,,COMPANERO_TABLA1,1,25
2020-07-01,42,37,1,False,,COMPANERO_TABLA1,1,5
2020-07-01,76,34,1,True,1,FUERTE_EXACTO,0,76
2020-07-02,29,41,1,True,1,FUERTE_EXACTO,0,29
2020-07-03,29,41,1,True,1,FUERTE_EXACTO,0,29
2020-07-06,12,43,1,True,1,FUERTE_EXACTO,0,12
2020-07-07,94,39,1,True,2,FUERTE_EXACTO,0,94
2020-07-08,87,33,1,True,3,FUERTE_EXACTO,0,87
2020-07-10,59,44,1,True,3,FUERTE_EXACTO,0,59
2020-07-10,75,44,1,False,,COMPANERO_TABLA1,1,70
2020-07-10,90,46,1,False,,COMPANERO_TABLA1,1,37
2020-07-11,4,47,1,True,3,FUERTE_EXACTO,0,4
2020-07-11,68,47,1,False,,COMPANERO_TABLA1,1,84
2020-07-11,79,47,1,False,,COMPANERO_TABLA1,1,84
2020-07-12,12,43,1,False,,COMPANERO_TABLA1,1,81
2020-07-12,28,43,1,True,2,FUERTE_EXACTO,0,28
2020-07-15,12,43,1,True,6,FUERTE_EXACTO,0,12
2020-07-15,44,43,1,True,2,FUERTE_EXACTO,0,44
2020-07-15,68,47,1,True,5,FUERTE_EXACTO,0,68
2020-07-15,71,42,1,True,1,FUERTE_EXACTO,0,71
2020-07-17,42,37,1,False,,COMPANERO_TABLA1,1,10
2020-07-17,91,44,1,False,,COMPANERO_TABLA1,1,22
2020-07-19,84,47,1,True,5,FUERTE_EXACTO,0,84
2020-07-20,76,34,1,True,3,FUERTE_EXACTO,0,76
2020-07-23,42,37,2,False,,COMPANERO_TABLA1,1,5
2020-07-26,8,40,1,True,2,FUERTE_EXACTO,0,8
2020-07-27,12,43,1,True,3,FUERTE_EXACTO,0,12
2020-07-27,28,43,1,True,4,FUERTE_EXACTO,0,28
2020-07-27,87,33,1,False,,COMPANERO_TABLA1,1,2
2020-07-29,35,49,1,True,5,FUERTE_EXACTO,0,35
2020-07-31,42,37,1,False,,COMPANERO_TABLA1,1,5
2020-07-31,90,46,1,False,,COMPANERO_TABLA1,1,74
2020-08-01,29,41,1,True,2,FUERTE_EXACTO,0,29
2020-08-03,13,41,1,False,,COMPANERO_TABLA1,1,29
2020-08-05,69,45,1,False,,COMPANERO_TABLA1,1,80
2020-08-06,44,43,2,True,1,FUERTE_EXACTO,0,44
2020-08-06,28,43,1,True,7,FUERTE_EXACTO,0,28
2020-08-07,70,44,1,False,,COMPANERO_TABLA1,1,22
2020-08-10,7,42,1,True,1,FUERTE_EXACTO,0,7
2020-08-10,34,51,1,True,6,FUERTE_EXACTO,0,34
2020-08-14,74,46,1,True,6,FUERTE_EXACTO,0,74
2020-08-16,27,26,1,True,7,FUERTE_EXACTO,0,27
2020-08-21,1,34,1,True,3,FUERTE_EXACTO,0,1
2020-08-21,17,34,1,True,2,FUERTE_EXACTO,0,17
2020-08-22,77,32,2,True,4,FUERTE_EXACTO,0,77
2020-08-23,69,45,1,True,1,FUERTE_EXACTO,0,69
2020-08-25,63,38,1,True,4,FUERTE_EXACTO,0,63
2020-08-27,16,27,1,False,,VECINO_TABLA2,3,25
2020-08-29,1,34,1,False,,COMPANERO_TABLA1,1,17
2020-08-31,28,43,1,True,3,FUERTE_EXACTO,0,28
2020-08-31,44,43,1,False,,COMPANERO_TABLA1,1,92
2020-08-31,68,47,1,True,2,FUERTE_EXACTO,0,68
2020-08-31,92,43,1,True,1,FUERTE_EXACTO,0,92
2020-09-03,53,28,1,True,1,FUERTE_EXACTO,0,53
2020-09-05,27,26,1,True,2,FUERTE_EXACTO,0,27
2020-09-07,9,39,1,True,1,FUERTE_EXACTO,0,9
2020-09-08,29,41,1,True,3,FUERTE_EXACTO,0,29
2020-09-09,7,42,2,True,1,FUERTE_EXACTO,0,7
2020-09-11,9,39,2,True,2,FUERTE_EXACTO,0,9
2020-09-11,14,39,1,True,4,FUERTE_EXACTO,0,14
2020-09-12,83,49,1,False,,COMPANERO_TABLA1,1,35
2020-09-13,60,43,1,False,,COMPANERO_TABLA1,1,81
2020-09-15,59,44,1,True,2,FUERTE_EXACTO,0,59
2020-09-18,42,37,1,True,3,FUERTE_EXACTO,0,42
2020-09-19,90,46,1,True,3,FUERTE_EXACTO,0,90
2020-09-20,82,33,1,True,3,FUERTE_EXACTO,0,82
2020-09-21,44,43,1,True,4,FUERTE_EXACTO,0,44
2020-09-21,92,43,1,True,6,FUERTE_EXACTO,0,92
2020-09-26,86,35,1,True,4,FUERTE_EXACTO,0,86
2020-09-27,76,34,1,True,3,FUERTE_EXACTO,0,76
2020-09-29,42,37,1,True,4,FUERTE_EXACTO,0,42
2020-09-29,53,28,1,False,,COMPANERO_TABLA1,1,26
2020-10-01,19,40,1,True,5,FUERTE_EXACTO,0,19
2020-10-01,46,39,1,True,6,FUERTE_EXACTO,0,46
2020-10-02,69,45,1,True,7,FUERTE_EXACTO,0,69
2020-10-03,29,41,1,True,6,FUERTE_EXACTO,0,29
2020-10-07,7,42,2,False,,COMPANERO_TABLA1,1,66
2020-10-07,22,44,2,True,5,FUERTE_EXACTO,0,22
2020-10-07,70,44,2,True,3,FUERTE_EXACTO,0,70
2020-10-07,48,36,1,False,,COMPANERO_TABLA1,1,85
2020-10-08,57,30,1,True,2,FUERTE_EXACTO,0,57
2020-10-11,90,46,2,True,3,FUERTE_EXACTO,0,90
2020-10-11,7,42,1,False,,COMPANERO_TABLA1,1,55
2020-10-12,57,30,1,True,2,FUERTE_EXACTO,0,57
2020-10-12,69,45,1,True,1,FUERTE_EXACTO,0,69
2020-10-13,41,39,1,True,3,FUERTE_EXACTO,0,41
2020-10-17,3,31,1,True,4,FUERTE_EXACTO,0,3
2020-10-17,28,43,1,True,6,FUERTE_EXACTO,0,28
2020-10-17,81,43,1,True,1,FUERTE_EXACTO,0,81
2020-10-18,52,38,1,True,1,FUERTE_EXACTO,0,52
2020-10-18,63,38,1,False,,COMPANERO_TABLA1,1,52
2020-10-20,44,43,1,True,7,FUERTE_EXACTO,0,44
2020-10-20,79,47,1,True,3,FUERTE_EXACTO,0,79
2020-10-24,20,38,1,True,5,FUERTE_EXACTO,0,20
2020-10-24,23,42,1,True,3,FUERTE_EXACTO,0,23
2020-10-24,63,38,1,True,6,FUERTE_EXACTO,0,63
2020-10-24,71,42,1,False,,COMPANERO_TABLA1,1,7
2020-10-29,58,46,1,True,5,FUERTE_EXACTO,0,58
2020-10-31,91,44,1,True,1,FUERTE_EXACTO,0,91
2020-11-01,68,47,1,False,,COMPANERO_TABLA1,1,79
2020-11-02,19,40,1,True,1,FUERTE_EXACTO,0,19
2020-11-03,56,40,1,True,4,FUERTE_EXACTO,0,56
2020-11-06,53,28,1,False,,COMPANERO_TABLA1,1,21
2020-11-10,65,52,1,True,2,FUERTE_EXACTO,0,65
2020-11-12,42,37,1,True,6,FUERTE_EXACTO,0,42
2020-11-13,9,39,1,True,5,FUERTE_EXACTO,0,9
2020-11-13,46,39,1,True,7,FUERTE_EXACTO,0,46
2020-11-15,29,41,1,False,,COMPANERO_TABLA1,1,93
2020-11-17,65,52,1,True,7,FUERTE_EXACTO,0,65
2020-11-17,85,36,1,True,2,FUERTE_EXACTO,0,85
2020-11-18,63,38,1,True,2,FUERTE_EXACTO,0,63
2020-11-19,48,36,1,True,3,FUERTE_EXACTO,0,48
2020-11-20,90,46,2,True,3,FUERTE_EXACTO,0,90
2020-11-20,86,35,1,True,2,FUERTE_EXACTO,0,86
2020-11-22,7,42,1,False,,COMPANERO_TABLA1,1,50
2020-11-23,92,43,1,True,1,FUERTE_EXACTO,0,92
2020-11-25,73,48,2,False,,VECINO_TABLA2,3,23
2020-11-25,41,39,1,True,2,FUERTE_EXACTO,0,41
2020-11-25,89,48,1,False,,VECINO_TABLA2,3,12
2020-11-28,72,40,1,True,3,FUERTE_EXACTO,0,72
2020-11-30,5,37,1,True,3,FUERTE_EXACTO,0,5
2020-12-02,3,31,1,False,,COMPANERO_TABLA1,1,88
2020-12-07,44,43,2,False,,COMPANERO_TABLA1,1,28
2020-12-07,28,43,1,True,1,FUERTE_EXACTO,0,28
2020-12-07,81,43,1,True,1,FUERTE_EXACTO,0,81
2020-12-11,82,33,1,True,1,FUERTE_EXACTO,0,82
2020-12-13,12,43,1,False,,COMPANERO_TABLA1,1,92
2020-12-13,28,43,1,True,3,FUERTE_EXACTO,0,28
2020-12-14,8,40,1,True,5,FUERTE_EXACTO,0,8
2020-12-14,72,40,1,False,,COMPANERO_TABLA1,1,19
2020-12-15,72,40,2,False,,COMPANERO_TABLA1,1,19
2020-12-15,27,26,1,True,5,FUERTE_EXACTO,0,27
2020-12-15,76,34,1,True,6,FUERTE_EXACTO,0,76
2020-12-18,35,49,2,True,6,FUERTE_EXACTO,0,35
2020-12-18,73,48,1,True,4,FUERTE_EXACTO,0,73
2020-12-19,35,49,2,True,5,FUERTE_EXACTO,0,35
2020-12-20,79,47,1,True,4,FUERTE_EXACTO,0,79
2020-12-22,77,32,1,False,,VECINO_TABLA2,3,23
2020-12-23,23,42,1,True,4,FUERTE_EXACTO,0,23
2020-12-23,71,42,1,True,3,FUERTE_EXACTO,0,71
2020-12-28,3,31,1,False,,COMPANERO_TABLA1,1,88
2021-01-03,57,30,1,True,4,FUERTE_EXACTO,0,57
2021-01-05,3,31,1,False,,COMPANERO_TABLA1,1,24
2021-01-06,22,44,1,False,,COMPANERO_TABLA1,1,70
2021-01-06,70,44,1,True,1,FUERTE_EXACTO,0,70
2021-01-07,5,37,1,True,1,FUERTE_EXACTO,0,5
2021-01-09,35,49,1,True,5,FUERTE_EXACTO,0,35
2021-01-11,73,48,2,True,2,FUERTE_EXACTO,0,73
2021-01-11,27,26,1,False,,COMPANERO_TABLA1,1,38
2021-01-13,68,47,1,False,,COMPANERO_TABLA1,1,79
2021-01-13,79,47,1,True,1,FUERTE_EXACTO,0,79
2021-01-15,26,28,1,False,,COMPANERO_TABLA1,1,21
2021-01-15,53,28,1,False,,COMPANERO_TABLA1,1,21
2021-01-16,63,38,1,True,3,FUERTE_EXACTO,0,63
2021-01-16,86,35,1,False,,COMPANERO_TABLA1,1,43
2021-01-16,90,46,1,True,1,FUERTE_EXACTO,0,90
2021-01-17,60,43,1,True,6,FUERTE_EXACTO,0,60
2021-01-18,75,44,1,True,1,FUERTE_EXACTO,0,75
2021-01-20,73,48,1,True,5,FUERTE_EXACTO,0,73
2021-01-22,58,46,1,True,1,FUERTE_EXACTO,0,58
2021-01-22,74,46,1,True,1,FUERTE_EXACTO,0,74
2021-01-22,90,46,1,False,,COMPANERO_TABLA1,1,37
2021-01-24,27,26,1,True,3,FUERTE_EXACTO,0,27
2021-01-25,59,44,1,True,4,FUERTE_EXACTO,0,59
2021-01-26,41,39,1,True,3,FUERTE_EXACTO,0,41
2021-01-31,42,37,1,True,1,FUERTE_EXACTO,0,42
2021-02-04,44,43,2,False,,COMPANERO_TABLA1,1,81
2021-02-06,74,46,1,False,,COMPANERO_TABLA1,1,90
2021-02-08,11,35,1,True,2,FUERTE_EXACTO,0,11
2021-02-08,29,41,1,True,1,FUERTE_EXACTO,0,29
2021-02-08,57,30,1,True,3,FUERTE_EXACTO,0,57
2021-02-08,93,41,1,True,3,FUERTE_EXACTO,0,93
2021-02-09,9,39,1,False,,COMPANERO_TABLA1,1,46
2021-02-09,41,39,1,True,2,FUERTE_EXACTO,0,41
2021-02-09,50,42,1,True,6,FUERTE_EXACTO,0,50
2021-02-09,62,39,1,True,3,FUERTE_EXACTO,0,62
2021-02-09,71,42,1,True,2,FUERTE_EXACTO,0,71
2021-02-10,9,39,1,False,,COMPANERO_TABLA1,1,46
2021-02-10,41,39,1,True,1,FUERTE_EXACTO,0,41
2021-02-10,69,45,1,False,,COMPANERO_TABLA1,1,80
2021-02-12,9,39,1,True,6,FUERTE_EXACTO,0,9
2021-02-12,14,39,1,False,,COMPANERO_TABLA1,1,78
2021-02-13,27,26,1,True,5,FUERTE_EXACTO,0,27
2021-02-15,44,43,1,False,,COMPANERO_TABLA1,1,81
2021-02-15,81,43,1,True,1,FUERTE_EXACTO,0,81
2021-02-15,90,46,1,True,6,FUERTE_EXACTO,0,90
2021-02-16,58,46,2,False,,COMPANERO_TABLA1,1,90
2021-02-16,73,48,1,False,,COMPANERO_TABLA1,1,89
2021-02-17,88,31,1,True,5,FUERTE_EXACTO,0,88
2021-02-18,7,42,1,True,3,FUERTE_EXACTO,0,7
2021-02-18,32,36,1,False,,COMPANERO_TABLA1,1,64
2021-02-18,48,36,1,True,2,FUERTE_EXACTO,0,48
2021-02-19,20,38,1,True,4,FUERTE_EXACTO,0,20
2021-02-20,53,28,1,True,4,FUERTE_EXACTO,0,53
2021-02-20,63,38,1,True,3,FUERTE_EXACTO,0,63
2021-02-22,27,26,1,False,,VECINO_TABLA2,3,92
2021-02-22,34,51,1,True,2,FUERTE_EXACTO,0,34
2021-02-22,51,40,1,True,3,FUERTE_EXACTO,0,51
2021-02-22,72,40,1,True,3,FUERTE_EXACTO,0,72
2021-02-27,65,52,1,True,4,FUERTE_EXACTO,0,65
2021-03-03,37,46,1,False,,COMPANERO_TABLA1,1,74
2021-03-04,22,44,1,True,4,FUERTE_EXACTO,0,22
2021-03-07,67,40,1,True,1,FUERTE_EXACTO,0,67
2021-03-09,72,40,1,True,5,FUERTE_EXACTO,0,72
2021-03-09,76,34,1,False,,COMPANERO_TABLA1,1,17
2021-03-12,23,42,1,False,,COMPANERO_TABLA1,1,71
2021-03-12,37,46,1,True,3,FUERTE_EXACTO,0,37
2021-03-12,71,42,1,True,1,FUERTE_EXACTO,0,71
2021-03-12,90,46,1,False,,COMPANERO_TABLA1,1,37
2021-03-13,32,36,1,False,,COMPANERO_TABLA1,1,85
2021-03-13,48,36,1,True,1,FUERTE_EXACTO,0,48
2021-03-14,90,46,3,True,7,FUERTE_EXACTO,0,90
2021-03-14,70,44,2,False,,COMPANERO_TABLA1,1,22
2021-03-14,22,44,1,True,1,FUERTE_EXACTO,0,22
2021-03-14,91,44,1,True,1,FUERTE_EXACTO,0,91
2021-03-15,9,39,1,True,5,FUERTE_EXACTO,0,9
2021-03-15,32,36,1,False,,COMPANERO_TABLA1,1,85
2021-03-18,29,41,2,True,7,FUERTE_EXACTO,0,29
2021-03-18,7,42,1,False,,COMPANERO_TABLA1,1,55
2021-03-18,71,42,1,True,1,FUERTE_EXACTO,0,71
2021-03-19,42,37,1,False,,COMPANERO_TABLA1,1,10
2021-03-20,13,41,1,True,3,FUERTE_EXACTO,0,13
2021-03-21,44,43,1,True,1,FUERTE_EXACTO,0,44
2021-03-21,92,43,1,True,2,FUERTE_EXACTO,0,92
2021-03-22,29,41,1,True,3,FUERTE_EXACTO,0,29
2021-03-22,53,28,1,True,2,FUERTE_EXACTO,0,53
2021-03-22,73,48,1,True,1,FUERTE_EXACTO,0,73
2021-03-22,89,48,1,True,6,FUERTE_EXACTO,0,89
2021-03-22,93,41,1,True,2,FUERTE_EXACTO,0,93
2021-03-23,53,28,1,True,1,FUERTE_EXACTO,0,53
2021-03-23,73,48,1,True,3,FUERTE_EXACTO,0,73
2021-03-24,48,36,1,False,,COMPANERO_TABLA1,1,85
2021-03-25,35,49,1,True,4,FUERTE_EXACTO,0,35
2021-03-27,44,43,1,True,5,FUERTE_EXACTO,0,44
2021-03-31,100,38,1,False,,COMPANERO_TABLA1,1,47
2021-04-01,90,46,1,False,,COMPANERO_TABLA1,1,74
2021-04-02,51,40,1,False,,COMPANERO_TABLA1,1,67
2021-04-03,1,34,1,False,,COMPANERO_TABLA1,1,33
2021-04-04,28,43,1,True,6,FUERTE_EXACTO,0,28
2021-04-04,77,32,1,False,,VECINO_TABLA2,3,87
2021-04-05,9,39,3,True,6,FUERTE_EXACTO,0,9
2021-04-06,77,32,1,False,,VECINO_TABLA2,3,28
2021-04-12,70,44,1,True,7,FUERTE_EXACTO,0,70
2021-04-13,3,31,1,True,6,FUERTE_EXACTO,0,3
2021-04-13,56,40,1,True,4,FUERTE_EXACTO,0,56
2021-04-14,7,42,1,False,,COMPANERO_TABLA1,1,71
2021-04-17,53,28,2,True,6,FUERTE_EXACTO,0,53
2021-04-17,90,46,2,True,1,FUERTE_EXACTO,0,90
2021-04-17,7,42,1,True,5,FUERTE_EXACTO,0,7
2021-04-17,23,42,1,True,3,FUERTE_EXACTO,0,23
2021-04-17,26,28,1,True,4,FUERTE_EXACTO,0,26
2021-04-20,29,41,2,True,2,FUERTE_EXACTO,0,29
2021-04-20,6,35,1,True,7,FUERTE_EXACTO,0,6
2021-04-20,22,44,1,True,4,FUERTE_EXACTO,0,22
2021-04-20,70,44,1,True,5,FUERTE_EXACTO,0,70
2021-04-20,89,48,1,True,4,FUERTE_EXACTO,0,89
2021-04-20,93,41,1,True,2,FUERTE_EXACTO,0,93
2021-04-23,12,43,1,False,,COMPANERO_TABLA1,1,60
2021-04-23,44,43,1,False,,COMPANERO_TABLA1,1,60
2021-04-23,63,38,1,True,6,FUERTE_EXACTO,0,63
2021-04-24,9,39,1,True,2,FUERTE_EXACTO,0,9
2021-04-24,41,39,1,False,,COMPANERO_TABLA1,1,14
2021-04-28,44,43,1,True,5,FUERTE_EXACTO,0,44
2021-04-29,9,39,2,True,4,FUERTE_EXACTO,0,9
2021-04-29,20,38,1,True,1,FUERTE_EXACTO,0,20
2021-04-29,63,38,1,True,2,FUERTE_EXACTO,0,63
2021-04-30,9,39,1,True,3,FUERTE_EXACTO,0,9
2021-04-30,42,37,1,True,6,FUERTE_EXACTO,0,42
2021-04-30,82,33,1,False,,COMPANERO_TABLA1,1,39
2021-05-01,27,26,1,True,4,FUERTE_EXACTO,0,27
2021-05-03,35,49,1,False,,COMPANERO_TABLA1,1,40
2021-05-03,56,40,1,False,,COMPANERO_TABLA1,1,67
2021-05-03,69,45,1,True,2,FUERTE_EXACTO,0,69
2021-05-07,34,51,1,True,3,FUERTE_EXACTO,0,34
2021-05-08,35,49,1,True,3,FUERTE_EXACTO,0,35
2021-05-10,31,38,1,True,4,FUERTE_EXACTO,0,31
2021-05-10,76,34,1,False,,COMPANERO_TABLA1,1,1
2021-05-11,12,43,1,True,5,FUERTE_EXACTO,0,12
2021-05-11,29,41,1,True,6,FUERTE_EXACTO,0,29
2021-05-11,44,43,1,True,4,FUERTE_EXACTO,0,44
2021-05-11,81,43,1,True,1,FUERTE_EXACTO,0,81
2021-05-12,82,33,1,True,4,FUERTE_EXACTO,0,82
2021-05-13,1,34,1,True,5,FUERTE_EXACTO,0,1
2021-05-13,76,34,1,True,5,FUERTE_EXACTO,0,76
2021-05-14,7,42,1,True,2,FUERTE_EXACTO,0,7
2021-05-15,35,49,1,True,1,FUERTE_EXACTO,0,35
2021-05-15,53,28,1,False,,COMPANERO_TABLA1,1,26
2021-05-21,25,30,1,True,1,FUERTE_EXACTO,0,25
2021-05-21,35,49,1,True,5,FUERTE_EXACTO,0,35
2021-05-21,83,49,1,True,2,FUERTE_EXACTO,0,83
2021-05-23,34,51,1,True,1,FUERTE_EXACTO,0,34
2021-05-25,17,34,1,True,4,FUERTE_EXACTO,0,17
2021-05-25,26,28,1,True,7,FUERTE_EXACTO,0,26
2021-05-25,53,28,1,True,6,FUERTE_EXACTO,0,53
2021-05-25,76,34,1,True,3,FUERTE_EXACTO,0,76
2021-05-27,4,47,1,True,4,FUERTE_EXACTO,0,4
2021-05-28,35,49,2,True,3,FUERTE_EXACTO,0,35
2021-05-29,28,43,1,True,6,FUERTE_EXACTO,0,28
2021-06-02,9,39,1,True,5,FUERTE_EXACTO,0,9
2021-06-02,62,39,1,False,,COMPANERO_TABLA1,1,30
2021-06-03,88,31,1,True,4,FUERTE_EXACTO,0,88
2021-06-04,22,44,2,False,,COMPANERO_TABLA1,1,91
2021-06-04,70,44,2,False,,COMPANERO_TABLA1,1,91
2021-06-07,42,37,2,True,3,FUERTE_EXACTO,0,42
2021-06-07,9,39,1,False,,COMPANERO_TABLA1,1,41
2021-06-07,65,52,1,True,1,FUERTE_EXACTO,0,65
2021-06-08,30,39,1,False,,COMPANERO_TABLA1,1,41
2021-06-10,35,49,1,True,3,FUERTE_EXACTO,0,35
2021-06-10,89,48,1,True,5,FUERTE_EXACTO,0,89
2021-06-12,9,39,1,False,,COMPANERO_TABLA1,1,14
2021-06-13,35,49,1,True,1,FUERTE_EXACTO,0,35
2021-06-16,52,38,1,True,3,FUERTE_EXACTO,0,52
2021-06-19,69,45,1,False,,COMPANERO_TABLA1,1,80
2021-06-21,52,38,1,True,1,FUERTE_EXACTO,0,52
2021-06-21,100,38,1,False,,COMPANERO_TABLA1,1,52
2021-06-25,44,43,2,True,2,FUERTE_EXACTO,0,44
2021-06-25,7,42,1,True,2,FUERTE_EXACTO,0,7
2021-06-27,91,44,1,True,1,FUERTE_EXACTO,0,91
2021-06-29,42,37,1,False,,COMPANERO_TABLA1,1,10
2021-06-29,53,28,1,False,,COMPANERO_TABLA1,1,21
2021-06-30,68,47,1,True,5,FUERTE_EXACTO,0,68
2021-06-30,91,44,1,True,4,FUERTE_EXACTO,0,91
2021-07-01,35,49,1,False,,COMPANERO_TABLA1,1,40
2021-07-02,53,28,3,False,,COMPANERO_TABLA1,1,26
2021-07-03,9,39,1,True,3,FUERTE_EXACTO,0,9
2021-07-03,42,37,1,True,4,FUERTE_EXACTO,0,42
2021-07-03,46,39,1,True,2,FUERTE_EXACTO,0,46
2021-07-07,29,41,2,True,5,FUERTE_EXACTO,0,29
2021-07-07,71,42,2,True,2,FUERTE_EXACTO,0,71
2021-07-07,7,42,1,True,2,FUERTE_EXACTO,0,7
2021-07-07,68,47,1,False,,COMPANERO_TABLA1,1,84
2021-07-08,9,39,1,False,,COMPANERO_TABLA1,1,30
2021-07-12,63,38,2,False,,COMPANERO_TABLA1,1,20
2021-07-12,90,46,2,True,6,FUERTE_EXACTO,0,90
2021-07-13,7,42,2,True,5,FUERTE_EXACTO,0,7
2021-07-14,29,41,1,True,3,FUERTE_EXACTO,0,29
2021-07-16,23,42,1,False,,COMPANERO_TABLA1,1,66
2021-07-17,7,42,1,True,1,FUERTE_EXACTO,0,7
2021-07-17,50,42,1,True,6,FUERTE_EXACTO,0,50
2021-07-18,69,45,1,True,2,FUERTE_EXACTO,0,69
2021-07-19,92,43,1,True,6,FUERTE_EXACTO,0,92
2021-07-20,52,38,1,False,,COMPANERO_TABLA1,1,31
2021-07-22,58,46,1,False,,COMPANERO_TABLA1,1,90
2021-07-27,90,46,1,True,7,FUERTE_EXACTO,0,90
2021-07-30,35,49,1,True,3,FUERTE_EXACTO,0,35
2021-07-30,90,46,1,True,4,FUERTE_EXACTO,0,90
2021-08-03,90,46,2,True,4,FUERTE_EXACTO,0,90
2021-08-04,35,49,1,True,2,FUERTE_EXACTO,0,35
2021-08-08,76,34,1,True,7,FUERTE_EXACTO,0,76
2021-08-09,84,47,1,False,,COMPANERO_TABLA1,1,4
2021-08-10,29,41,2,False,,COMPANERO_TABLA1,1,13
2021-08-10,53,28,2,True,6,FUERTE_EXACTO,0,53
2021-08-10,7,42,1,True,1,FUERTE_EXACTO,0,7
2021-08-10,23,42,1,True,6,FUERTE_EXACTO,0,23
2021-08-10,71,42,1,True,1,FUERTE_EXACTO,0,71
2021-08-11,35,49,1,True,5,FUERTE_EXACTO,0,35
2021-08-13,44,43,2,False,,COMPANERO_TABLA1,1,12
2021-08-13,32,36,1,True,1,FUERTE_EXACTO,0,32
2021-08-16,76,34,1,True,4,FUERTE_EXACTO,0,76
2021-08-17,9,39,1,True,4,FUERTE_EXACTO,0,9
2021-08-22,29,41,1,True,4,FUERTE_EXACTO,0,29
2021-08-23,89,48,1,True,1,FUERTE_EXACTO,0,89
2021-08-23,93,41,1,True,3,FUERTE_EXACTO,0,93
2021-08-24,46,39,1,False,,COMPANERO_TABLA1,1,62
2021-08-26,8,40,1,True,2,FUERTE_EXACTO,0,8
2021-08-26,42,37,1,False,,VECINO_TABLA2,3,29
2021-08-26,72,40,1,True,1,FUERTE_EXACTO,0,72
2021-08-27,89,48,1,True,1,FUERTE_EXACTO,0,89
2021-08-28,26,28,1,True,5,FUERTE_EXACTO,0,26
2021-08-28,73,48,1,True,7,FUERTE_EXACTO,0,73
2021-08-29,79,47,1,True,2,FUERTE_EXACTO,0,79
2021-08-30,34,51,1,True,2,FUERTE_EXACTO,0,34
2021-08-31,9,39,2,True,1,FUERTE_EXACTO,0,9
2021-08-31,30,39,1,True,7,FUERTE_EXACTO,0,30
2021-09-06,35,49,2,True,1,FUERTE_EXACTO,0,35
2021-09-06,22,44,1,False,,COMPANERO_TABLA1,1,70
2021-09-06,59,44,1,True,2,FUERTE_EXACTO,0,59
2021-09-06,70,44,1,True,1,FUERTE_EXACTO,0,70
2021-09-08,44,43,1,False,,COMPANERO_TABLA1,1,60
2021-09-08,92,43,1,False,,COMPANERO_TABLA1,1,60
2021-09-12,7,42,1,True,6,FUERTE_EXACTO,0,7
2021-09-12,23,42,1,True,6,FUERTE_EXACTO,0,23
2021-09-12,73,48,1,False,,VECINO_TABLA2,3,77
2021-09-15,29,41,1,True,1,FUERTE_EXACTO,0,29
2021-09-15,71,42,1,True,2,FUERTE_EXACTO,0,71
2021-09-18,63,38,1,True,4,FUERTE_EXACTO,0,63
2021-09-18,97,52,1,False,,COMPANERO_TABLA1,1,65
2021-09-18,100,38,1,False,,COMPANERO_TABLA1,1,47
2021-09-19,13,41,1,False,,COMPANERO_TABLA1,1,93
2021-09-19,29,41,1,True,6,FUERTE_EXACTO,0,29
2021-09-21,27,26,1,True,2,FUERTE_EXACTO,0,27
2021-09-23,53,28,1,True,5,FUERTE_EXACTO,0,53
2021-09-23,84,47,1,True,3,FUERTE_EXACTO,0,84
2021-09-25,90,46,1,False,,COMPANERO_TABLA1,1,74
2021-09-26,35,49,1,False,,COMPANERO_TABLA1,1,40
2021-09-28,67,40,2,True,1,FUERTE_EXACTO,0,67
2021-09-28,8,40,1,True,1,FUERTE_EXACTO,0,8
2021-09-29,29,41,1,False,,COMPANERO_TABLA1,1,13
2021-09-30,56,40,1,True,1,FUERTE_EXACTO,0,56
2021-10-01,28,43,1,True,3,FUERTE_EXACTO,0,28
2021-10-01,44,43,1,True,5,FUERTE_EXACTO,0,44
2021-10-02,29,41,1,True,5,FUERTE_EXACTO,0,29
2021-10-02,35,49,1,True,2,FUERTE_EXACTO,0,35
2021-10-02,63,38,1,True,2,FUERTE_EXACTO,0,63
2021-10-03,97,52,1,True,3,FUERTE_EXACTO,0,97
2021-10-04,9,39,2,True,2,FUERTE_EXACTO,0,9
2021-10-04,11,35,1,True,7,FUERTE_EXACTO,0,11
2021-10-10,65,52,1,False,,COMPANERO_TABLA1,1,97
2021-10-13,63,38,1,True,2,FUERTE_EXACTO,0,63
2021-10-14,6,35,1,False,,COMPANERO_TABLA1,1,86
2021-10-15,94,39,1,True,4,FUERTE_EXACTO,0,94
2021-10-16,26,28,1,True,1,FUERTE_EXACTO,0,26
2021-10-16,53,28,1,True,6,FUERTE_EXACTO,0,53
2021-10-16,69,45,1,True,4,FUERTE_EXACTO,0,69
2021-10-16,77,32,1,True,6,FUERTE_EXACTO,0,77
2021-10-17,21,28,1,True,2,FUERTE_EXACTO,0,21
2021-10-17,34,51,1,True,5,FUERTE_EXACTO,0,34
2021-10-17,37,46,1,False,,COMPANERO_TABLA1,1,74
2021-10-18,12,43,1,True,3,FUERTE_EXACTO,0,12
2021-10-18,30,39,1,False,,COMPANERO_TABLA1,1,94
2021-10-18,41,39,1,True,3,FUERTE_EXACTO,0,41
2021-10-18,94,39,1,True,1,FUERTE_EXACTO,0,94
2021-10-20,67,40,1,True,5,FUERTE_EXACTO,0,67
2021-10-21,68,47,2,True,2,FUERTE_EXACTO,0,68
2021-10-25,71,42,1,True,1,FUERTE_EXACTO,0,71
2021-10-28,87,33,2,True,2,FUERTE_EXACTO,0,87
2021-10-28,51,40,1,True,5,FUERTE_EXACTO,0,51
2021-10-29,12,43,2,False,,COMPANERO_TABLA1,1,81
2021-10-29,91,44,1,True,1,FUERTE_EXACTO,0,91
2021-10-31,44,43,2,True,1,FUERTE_EXACTO,0,44
2021-11-01,14,39,1,True,3,FUERTE_EXACTO,0,14
2021-11-01,30,39,1,True,3,FUERTE_EXACTO,0,30
2021-11-01,41,39,1,True,4,FUERTE_EXACTO,0,41
2021-11-04,57,30,1,True,4,FUERTE_EXACTO,0,57
2021-11-05,32,36,1,True,1,FUERTE_EXACTO,0,32
2021-11-08,73,48,1,True,1,FUERTE_EXACTO,0,73
2021-11-09,42,37,1,True,3,FUERTE_EXACTO,0,42
2021-11-11,70,44,2,False,,COMPANERO_TABLA1,1,59
2021-11-11,22,44,1,True,3,FUERTE_EXACTO,0,22
2021-11-13,9,39,1,False,,COMPANERO_TABLA1,1,14
2021-11-13,42,37,1,True,2,FUERTE_EXACTO,0,42
2021-11-14,1,34,1,True,3,FUERTE_EXACTO,0,1
2021-11-18,53,28,1,False,,COMPANERO_TABLA1,1,21
2021-11-21,54,35,1,True,1,FUERTE_EXACTO,0,54
2021-11-24,28,43,1,False,,COMPANERO_TABLA1,1,60
2021-11-25,29,41,2,True,6,FUERTE_EXACTO,0,29
2021-11-26,81,43,1,True,3,FUERTE_EXACTO,0,81
2021-11-27,42,37,1,True,2,FUERTE_EXACTO,0,42
2021-11-27,44,43,1,False,,COMPANERO_TABLA1,1,60
2021-11-27,72,40,1,True,1,FUERTE_EXACTO,0,72
2021-12-01,41,39,1,True,2,FUERTE_EXACTO,0,41
2021-12-02,32,36,1,True,3,FUERTE_EXACTO,0,32
2021-12-04,30,39,1,True,6,FUERTE_EXACTO,0,30
2021-12-06,9,39,1,True,1,FUERTE_EXACTO,0,9
2021-12-06,41,39,1,False,,COMPANERO_TABLA1,1,14
2021-12-07,28,43,1,False,,COMPANERO_TABLA1,1,12
2021-12-08,30,39,1,True,2,FUERTE_EXACTO,0,30
2021-12-08,41,39,1,False,,COMPANERO_TABLA1,1,46
2021-12-09,63,38,1,True,5,FUERTE_EXACTO,0,63
2021-12-13,42,37,1,False,,COMPANERO_TABLA1,1,5
2021-12-13,72,40,1,True,7,FUERTE_EXACTO,0,72
2021-12-16,35,49,1,True,5,FUERTE_EXACTO,0,35
2021-12-17,35,49,1,True,4,FUERTE_EXACTO,0,35
2021-12-21,44,43,2,True,5,FUERTE_EXACTO,0,44
2021-12-21,7,42,1,False,,COMPANERO_TABLA1,1,55
2021-12-22,42,37,1,False,,COMPANERO_TABLA1,1,10
2021-12-23,67,40,1,True,3,FUERTE_EXACTO,0,67
2021-12-23,77,32,1,True,5,FUERTE_EXACTO,0,77
2021-12-27,10,37,1,False,,COMPANERO_TABLA1,1,42
2021-12-31,26,28,1,True,6,FUERTE_EXACTO,0,26
2022-01-02,7,42,1,False,,COMPANERO_TABLA1,1,66
2022-01-06,1,34,1,True,2,FUERTE_EXACTO,0,1
2022-01-06,76,34,1,False,,COMPANERO_TABLA1,1,1
2022-01-08,7,42,1,True,3,FUERTE_EXACTO,0,7
2022-01-08,23,42,1,True,3,FUERTE_EXACTO,0,23
2022-01-08,71,42,1,True,3,FUERTE_EXACTO,0,71
2022-01-12,7,42,2,True,6,FUERTE_EXACTO,0,7
2022-01-13,34,51,1,True,1,FUERTE_EXACTO,0,34
2022-01-20,35,49,2,True,1,FUERTE_EXACTO,0,35
2022-01-21,42,37,1,True,1,FUERTE_EXACTO,0,42
2022-01-21,44,43,1,True,1,FUERTE_EXACTO,0,44
2022-01-21,54,35,1,True,4,FUERTE_EXACTO,0,54
2022-01-22,23,42,2,True,2,FUERTE_EXACTO,0,23
2022-01-25,22,44,1,True,5,FUERTE_EXACTO,0,22
2022-01-25,70,44,1,True,4,FUERTE_EXACTO,0,70
2022-01-26,87,33,1,True,3,FUERTE_EXACTO,0,87
2022-01-27,68,47,2,True,5,FUERTE_EXACTO,0,68
2022-01-27,9,39,1,True,7,FUERTE_EXACTO,0,9
2022-01-29,89,48,2,True,5,FUERTE_EXACTO,0,89
2022-01-29,73,48,1,True,1,FUERTE_EXACTO,0,73
2022-01-29,93,41,1,True,4,FUERTE_EXACTO,0,93
2022-01-31,26,28,1,False,,COMPANERO_TABLA1,1,21
2022-02-02,73,48,1,False,,COMPANERO_TABLA1,1,89
2022-02-02,89,48,1,True,1,FUERTE_EXACTO,0,89
2022-02-05,85,36,1,False,,COMPANERO_TABLA1,1,64
2022-02-07,82,33,1,True,2,FUERTE_EXACTO,0,82
2022-02-08,44,43,2,True,5,FUERTE_EXACTO,0,44
2022-02-08,27,26,1,True,3,FUERTE_EXACTO,0,27
2022-02-15,92,43,2,True,1,FUERTE_EXACTO,0,92
2022-02-16,9,39,1,True,3,FUERTE_EXACTO,0,9
2022-02-16,46,39,1,True,7,FUERTE_EXACTO,0,46
2022-02-22,40,49,1,True,3,FUERTE_EXACTO,0,40
2022-02-22,48,36,1,True,3,FUERTE_EXACTO,0,48
2022-02-24,44,43,2,True,3,FUERTE_EXACTO,0,44
2022-02-24,12,43,1,False,,COMPANERO_TABLA1,1,81
2022-02-24,92,43,1,False,,COMPANERO_TABLA1,1,81
2022-02-25,13,41,1,True,4,FUERTE_EXACTO,0,13
2022-02-25,56,40,1,False,,COMPANERO_TABLA1,1,19
2022-02-25,89,48,1,True,3,FUERTE_EXACTO,0,89
2022-02-25,93,41,1,True,1,FUERTE_EXACTO,0,93
2022-02-26,29,41,1,True,4,FUERTE_EXACTO,0,29
2022-02-28,53,28,2,True,1,FUERTE_EXACTO,0,53
2022-02-28,59,44,2,False,,COMPANERO_TABLA1,1,22
2022-02-28,63,38,2,True,5,FUERTE_EXACTO,0,63
2022-02-28,26,28,1,True,7,FUERTE_EXACTO,0,26
2022-02-28,70,44,1,True,1,FUERTE_EXACTO,0,70
2022-03-01,70,44,1,True,2,FUERTE_EXACTO,0,70
2022-03-01,75,44,1,False,,COMPANERO_TABLA1,1,70
2022-03-03,44,43,1,True,2,FUERTE_EXACTO,0,44
2022-03-03,81,43,1,True,2,FUERTE_EXACTO,0,81
2022-03-05,90,46,2,True,5,FUERTE_EXACTO,0,90
2022-03-05,22,44,1,True,4,FUERTE_EXACTO,0,22
2022-03-05,70,44,1,True,2,FUERTE_EXACTO,0,70
2022-03-05,74,46,1,False,,COMPANERO_TABLA1,1,90
2022-03-06,11,35,1,True,4,FUERTE_EXACTO,0,11
2022-03-06,53,28,1,False,,COMPANERO_TABLA1,1,26
2022-03-07,3,31,1,True,1,FUERTE_EXACTO,0,3
2022-03-08,20,38,1,False,,COMPANERO_TABLA1,1,52
2022-03-09,48,36,1,False,,COMPANERO_TABLA1,1,85
2022-03-11,70,44,2,True,1,FUERTE_EXACTO,0,70
2022-03-11,22,44,1,True,3,FUERTE_EXACTO,0,22
2022-03-12,69,45,1,True,6,FUERTE_EXACTO,0,69
2022-03-14,41,39,1,True,3,FUERTE_EXACTO,0,41
2022-03-14,82,33,1,True,3,FUERTE_EXACTO,0,82
2022-03-16,39,33,1,False,,COMPANERO_TABLA1,1,82
2022-03-16,56,40,1,True,5,FUERTE_EXACTO,0,56
2022-03-17,7,42,1,True,3,FUERTE_EXACTO,0,7
2022-03-17,50,42,1,False,,COMPANERO_TABLA1,1,71
2022-03-22,21,28,1,True,2,FUERTE_EXACTO,0,21
2022-03-22,96,54,1,False,,SIN_RELACION,5,
2022-03-23,50,42,1,True,6,FUERTE_EXACTO,0,50
2022-03-24,89,48,1,False,,COMPANERO_TABLA1,1,73
2022-03-25,27,26,1,False,,COMPANERO_TABLA1,1,38
2022-03-25,68,47,1,True,3,FUERTE_EXACTO,0,68
2022-03-25,69,45,1,True,7,FUERTE_EXACTO,0,69
2022-03-27,29,41,2,True,5,FUERTE_EXACTO,0,29
2022-03-27,63,38,2,False,,COMPANERO_TABLA1,1,31
2022-03-27,20,38,1,False,,COMPANERO_TABLA1,1,31
2022-03-27,70,44,1,False,,COMPANERO_TABLA1,1,22
2022-03-28,44,43,1,True,1,FUERTE_EXACTO,0,44
2022-03-28,90,46,1,True,1,FUERTE_EXACTO,0,90
2022-03-29,80,45,1,True,1,FUERTE_EXACTO,0,80
2022-03-31,29,41,2,True,1,FUERTE_EXACTO,0,29
2022-03-31,89,48,2,False,,COMPANERO_TABLA1,1,73
2022-03-31,22,44,1,True,5,FUERTE_EXACTO,0,22
2022-03-31,70,44,1,True,4,FUERTE_EXACTO,0,70
2022-03-31,93,41,1,True,3,FUERTE_EXACTO,0,93
2022-04-01,90,46,1,True,1,FUERTE_EXACTO,0,90
2022-04-02,8,40,1,True,2,FUERTE_EXACTO,0,8
2022-04-04,93,41,2,True,7,FUERTE_EXACTO,0,93
2022-04-04,89,48,1,True,5,FUERTE_EXACTO,0,89
2022-04-06,29,41,1,True,2,FUERTE_EXACTO,0,29
2022-04-06,89,48,1,True,3,FUERTE_EXACTO,0,89
2022-04-06,93,41,1,True,5,FUERTE_EXACTO,0,93
2022-04-07,57,30,1,False,,COMPANERO_TABLA1,1,25
2022-04-10,42,37,1,False,,VECINO_TABLA2,3,22
2022-04-11,88,31,1,True,7,FUERTE_EXACTO,0,88
2022-04-17,22,44,1,False,,COMPANERO_TABLA1,1,91
2022-04-17,45,50,1,False,,VECINO_TABLA2,3,32
2022-04-17,70,44,1,True,4,FUERTE_EXACTO,0,70
2022-04-21,71,42,1,False,,COMPANERO_TABLA1,1,7
2022-04-22,7,42,1,False,,COMPANERO_TABLA1,1,18
2022-04-22,50,42,1,False,,COMPANERO_TABLA1,1,18
2022-04-22,73,48,1,False,,COMPANERO_TABLA1,1,89
2022-04-23,58,46,1,True,1,FUERTE_EXACTO,0,58
2022-04-23,90,46,1,True,1,FUERTE_EXACTO,0,90
2022-04-24,7,42,1,False,,COMPANERO_TABLA1,1,18
2022-04-24,84,47,1,True,4,FUERTE_EXACTO,0,84
2022-04-27,21,28,1,True,5,FUERTE_EXACTO,0,21
2022-04-27,34,51,1,True,6,FUERTE_EXACTO,0,34
2022-04-29,7,42,2,False,,COMPANERO_TABLA1,1,55
2022-04-29,22,44,2,True,1,FUERTE_EXACTO,0,22
2022-04-29,70,44,1,True,4,FUERTE_EXACTO,0,70
2022-04-30,52,38,1,True,3,FUERTE_EXACTO,0,52
2022-04-30,63,38,1,True,2,FUERTE_EXACTO,0,63
2022-04-30,85,36,1,True,2,FUERTE_EXACTO,0,85
2022-05-01,58,46,1,True,3,FUERTE_EXACTO,0,58
2022-05-04,77,32,1,True,7,FUERTE_EXACTO,0,77
2022-05-04,83,49,1,True,2,FUERTE_EXACTO,0,83
2022-05-05,20,38,1,False,,COMPANERO_TABLA1,1,31
2022-05-06,35,49,2,False,,COMPANERO_TABLA1,1,83
2022-05-06,44,43,2,True,3,FUERTE_EXACTO,0,44
2022-05-07,94,39,1,False,,COMPANERO_TABLA1,1,14
2022-05-10,68,47,2,False,,COMPANERO_TABLA1,1,84
2022-05-13,63,38,1,True,6,FUERTE_EXACTO,0,63
2022-05-13,91,44,1,True,1,FUERTE_EXACTO,0,91
2022-05-16,60,43,1,True,1,FUERTE_EXACTO,0,60
2022-05-18,71,42,1,True,1,FUERTE_EXACTO,0,71
2022-05-23,90,46,2,True,3,FUERTE_EXACTO,0,90
2022-05-24,71,42,1,True,7,FUERTE_EXACTO,0,71
2022-05-26,1,34,1,True,5,FUERTE_EXACTO,0,1
2022-05-26,26,28,1,True,1,FUERTE_EXACTO,0,26
2022-05-26,53,28,1,True,7,FUERTE_EXACTO,0,53
2022-05-27,6,35,1,True,1,FUERTE_EXACTO,0,6
2022-05-27,86,35,1,True,4,FUERTE_EXACTO,0,86
2022-05-27,90,46,1,True,2,FUERTE_EXACTO,0,90
2022-05-29,53,28,1,True,4,FUERTE_EXACTO,0,53
2022-05-31,81,43,1,True,1,FUERTE_EXACTO,0,81
2022-06-01,28,43,1,True,1,FUERTE_EXACTO,0,28
2022-06-01,72,40,1,True,1,FUERTE_EXACTO,0,72
2022-06-01,73,48,1,True,5,FUERTE_EXACTO,0,73
2022-06-02,26,28,1,False,,COMPANERO_TABLA1,1,21
2022-06-02,53,28,1,True,3,FUERTE_EXACTO,0,53
2022-06-04,42,37,1,True,2,FUERTE_EXACTO,0,42
2022-06-05,28,43,1,True,1,FUERTE_EXACTO,0,28
2022-06-05,44,43,1,False,,COMPANERO_TABLA1,1,28
2022-06-05,77,32,1,False,,VECINO_TABLA2,3,28
2022-06-06,53,28,1,True,1,FUERTE_EXACTO,0,53
2022-06-07,35,49,1,False,,COMPANERO_TABLA1,1,40
2022-06-07,42,37,1,True,1,FUERTE_EXACTO,0,42
2022-06-08,44,43,2,False,,COMPANERO_TABLA1,1,28
2022-06-09,57,30,2,True,4,FUERTE_EXACTO,0,57
2022-06-10,84,47,1,True,6,FUERTE_EXACTO,0,84
2022-06-11,27,26,1,True,5,FUERTE_EXACTO,0,27
2022-06-12,69,45,1,False,,VECINO_TABLA2,3,57
2022-06-15,77,32,1,False,,VECINO_TABLA2,3,23
2022-06-16,35,49,2,True,1,FUERTE_EXACTO,0,35
2022-06-16,63,38,2,False,,COMPANERO_TABLA1,1,47
2022-06-16,70,44,1,True,1,FUERTE_EXACTO,0,70
2022-06-16,91,44,1,True,1,FUERTE_EXACTO,0,91
2022-06-25,9,39,1,True,2,FUERTE_EXACTO,0,9
2022-06-26,53,28,1,True,1,FUERTE_EXACTO,0,53
2022-06-27,9,39,1,True,5,FUERTE_EXACTO,0,9
2022-06-30,79,47,2,True,4,FUERTE_EXACTO,0,79
2022-06-30,63,38,1,True,3,FUERTE_EXACTO,0,63
2022-07-03,42,37,2,True,5,FUERTE_EXACTO,0,42
2022-07-03,53,28,2,False,,COMPANERO_TABLA1,1,26
2022-07-05,51,40,1,True,2,FUERTE_EXACTO,0,51
2022-07-05,67,40,1,False,,COMPANERO_TABLA1,1,51
2022-07-06,42,37,2,True,2,FUERTE_EXACTO,0,42
2022-07-06,10,37,1,True,7,FUERTE_EXACTO,0,10
2022-07-07,90,46,1,True,4,FUERTE_EXACTO,0,90
2022-07-10,53,28,1,False,,COMPANERO_TABLA1,1,26
2022-07-13,10,37,1,False,,COMPANERO_TABLA1,1,42
2022-07-13,42,37,1,True,5,FUERTE_EXACTO,0,42
2022-07-15,22,44,2,True,5,FUERTE_EXACTO,0,22
2022-07-15,70,44,2,True,5,FUERTE_EXACTO,0,70
2022-07-22,63,38,1,False,,COMPANERO_TABLA1,1,20
2022-07-23,41,39,1,True,1,FUERTE_EXACTO,0,41
2022-07-23,62,39,1,True,7,FUERTE_EXACTO,0,62
2022-07-24,29,41,1,True,3,FUERTE_EXACTO,0,29
2022-07-25,79,47,1,True,6,FUERTE_EXACTO,0,79
2022-07-26,35,49,1,False,,COMPANERO_TABLA1,1,40
2022-07-28,9,39,2,True,2,FUERTE_EXACTO,0,9
2022-07-28,53,28,2,True,2,FUERTE_EXACTO,0,53
2022-07-28,7,42,1,True,3,FUERTE_EXACTO,0,7
2022-07-28,23,42,1,True,1,FUERTE_EXACTO,0,23
2022-07-28,50,42,1,True,5,FUERTE_EXACTO,0,50
2022-07-31,29,41,2,True,5,FUERTE_EXACTO,0,29
2022-08-03,42,37,1,True,1,FUERTE_EXACTO,0,42
2022-08-03,65,52,1,True,1,FUERTE_EXACTO,0,65
2022-08-05,41,39,1,True,6,FUERTE_EXACTO,0,41
2022-08-07,14,39,1,True,1,FUERTE_EXACTO,0,14
2022-08-08,85,36,1,True,4,FUERTE_EXACTO,0,85
2022-08-09,7,42,1,True,1,FUERTE_EXACTO,0,7
2022-08-10,56,40,1,True,1,FUERTE_EXACTO,0,56
2022-08-13,48,36,1,True,5,FUERTE_EXACTO,0,48
2022-08-15,57,30,1,True,6,FUERTE_EXACTO,0,57
2022-08-17,7,42,1,True,2,FUERTE_EXACTO,0,7
2022-08-17,79,47,1,True,6,FUERTE_EXACTO,0,79
2022-08-19,29,41,1,True,2,FUERTE_EXACTO,0,29
2022-08-23,42,37,2,True,5,FUERTE_EXACTO,0,42
2022-08-23,5,37,1,False,,COMPANERO_TABLA1,1,10
2022-08-25,22,44,1,True,3,FUERTE_EXACTO,0,22
2022-08-25,70,44,1,False,,COMPANERO_TABLA1,1,91
2022-08-28,29,41,2,False,,COMPANERO_TABLA1,1,13
2022-08-28,7,42,1,True,3,FUERTE_EXACTO,0,7
2022-08-28,71,42,1,True,1,FUERTE_EXACTO,0,71
2022-08-28,89,48,1,True,7,FUERTE_EXACTO,0,89
2022-08-28,93,41,1,True,5,FUERTE_EXACTO,0,93
2022-08-30,9,39,1,True,7,FUERTE_EXACTO,0,9
2022-08-30,25,30,1,True,3,FUERTE_EXACTO,0,25
2022-08-30,42,37,1,True,1,FUERTE_EXACTO,0,42
2022-08-31,23,42,1,False,,COMPANERO_TABLA1,1,66
2022-09-02,35,49,2,True,4,FUERTE_EXACTO,0,35
2022-09-02,22,44,1,True,1,FUERTE_EXACTO,0,22
2022-09-02,70,44,1,False,,COMPANERO_TABLA1,1,22
2022-09-03,35,49,1,True,3,FUERTE_EXACTO,0,35
2022-09-08,23,42,1,False,,COMPANERO_TABLA1,1,71
2022-09-08,53,28,1,True,1,FUERTE_EXACTO,0,53
2022-09-09,14,39,1,True,7,FUERTE_EXACTO,0,14
2022-09-09,94,39,1,True,5,FUERTE_EXACTO,0,94
2022-09-10,89,48,1,True,6,FUERTE_EXACTO,0,89
2022-09-10,93,41,1,True,1,FUERTE_EXACTO,0,93
2022-09-11,56,40,1,True,2,FUERTE_EXACTO,0,56
2022-09-12,34,51,1,True,4,FUERTE_EXACTO,0,34
2022-09-15,53,28,2,True,5,FUERTE_EXACTO,0,53
2022-09-15,7,42,1,True,2,FUERTE_EXACTO,0,7
2022-09-15,23,42,1,True,2,FUERTE_EXACTO,0,23
2022-09-17,52,38,1,False,,COMPANERO_TABLA1,1,20
2022-09-17,63,38,1,True,3,FUERTE_EXACTO,0,63
2022-09-18,39,33,1,True,4,FUERTE_EXACTO,0,39
2022-09-22,67,40,1,True,5,FUERTE_EXACTO,0,67
2022-09-22,89,48,1,True,6,FUERTE_EXACTO,0,89
2022-09-27,12,43,1,True,1,FUERTE_EXACTO,0,12
2022-09-27,28,43,1,True,1,FUERTE_EXACTO,0,28
2022-09-27,92,43,1,True,3,FUERTE_EXACTO,0,92
2022-09-29,92,43,1,True,1,FUERTE_EXACTO,0,92
2022-10-02,53,28,2,True,4,FUERTE_EXACTO,0,53
2022-10-06,27,26,1,False,,COMPANERO_TABLA1,1,38
2022-10-09,9,39,1,True,3,FUERTE_EXACTO,0,9
2022-10-09,48,36,1,True,4,FUERTE_EXACTO,0,48
2022-10-11,9,39,1,True,1,FUERTE_EXACTO,0,9
2022-10-11,41,39,1,True,4,FUERTE_EXACTO,0,41
2022-10-11,71,42,1,True,7,FUERTE_EXACTO,0,71
2022-10-12,63,38,2,True,4,FUERTE_EXACTO,0,63
2022-10-12,100,38,1,False,,COMPANERO_TABLA1,1,47
2022-10-13,39,33,1,False,,COMPANERO_TABLA1,1,2
2022-10-14,65,52,1,True,5,FUERTE_EXACTO,0,65
2022-10-14,82,33,1,True,2,FUERTE_EXACTO,0,82
2022-10-14,87,33,1,True,4,FUERTE_EXACTO,0,87
2022-10-14,97,52,1,True,1,FUERTE_EXACTO,0,97
2022-10-16,28,43,1,True,1,FUERTE_EXACTO,0,28
2022-10-16,44,43,1,False,,COMPANERO_TABLA1,1,28
2022-10-17,5,37,1,True,4,FUERTE_EXACTO,0,5
2022-10-18,56,40,1,True,7,FUERTE_EXACTO,0,56
2022-10-22,63,38,2,True,6,FUERTE_EXACTO,0,63
2022-10-23,42,37,1,True,3,FUERTE_EXACTO,0,42
2022-10-26,44,43,1,True,3,FUERTE_EXACTO,0,44
2022-10-26,69,45,1,True,1,FUERTE_EXACTO,0,69
2022-10-27,89,48,2,True,2,FUERTE_EXACTO,0,89
2022-10-27,23,42,1,True,3,FUERTE_EXACTO,0,23
2022-10-27,71,42,1,False,,COMPANERO_TABLA1,1,23
2022-10-27,90,46,1,True,3,FUERTE_EXACTO,0,90
2022-10-28,51,40,1,True,3,FUERTE_EXACTO,0,51
2022-10-29,63,38,1,True,7,FUERTE_EXACTO,0,63
2022-10-29,75,44,1,True,3,FUERTE_EXACTO,0,75
2022-10-30,80,45,1,True,7,FUERTE_EXACTO,0,80
2022-10-30,84,47,1,False,,COMPANERO_TABLA1,1,68
2022-10-31,44,43,1,True,3,FUERTE_EXACTO,0,44
2022-11-02,20,38,1,True,4,FUERTE_EXACTO,0,20
2022-11-02,63,38,1,True,3,FUERTE_EXACTO,0,63
2022-11-03,29,41,1,False,,COMPANERO_TABLA1,1,13
2022-11-03,79,47,1,True,1,FUERTE_EXACTO,0,79
2022-11-10,89,48,1,False,,VECINO_TABLA2,3,56
2022-11-16,45,50,1,True,1,FUERTE_EXACTO,0,45
2022-11-17,92,43,1,True,3,FUERTE_EXACTO,0,92
2022-11-19,73,48,2,True,7,FUERTE_EXACTO,0,73
2022-11-20,35,49,1,False,,COMPANERO_TABLA1,1,40
2022-11-20,44,43,1,False,,COMPANERO_TABLA1,1,12
2022-11-21,87,33,1,True,1,FUERTE_EXACTO,0,87
2022-11-24,90,46,1,False,,COMPANERO_TABLA1,1,58
2022-11-25,53,28,1,True,2,FUERTE_EXACTO,0,53
2022-11-28,9,39,1,True,2,FUERTE_EXACTO,0,9
2022-11-28,41,39,1,True,7,FUERTE_EXACTO,0,41
2022-11-30,22,44,1,False,,COMPANERO_TABLA1,1,75
2022-11-30,70,44,1,True,6,FUERTE_EXACTO,0,70
2022-12-01,42,37,1,True,2,FUERTE_EXACTO,0,42
2022-12-02,90,46,2,False,,COMPANERO_TABLA1,1,74
2022-12-03,3,31,1,True,2,FUERTE_EXACTO,0,3
2022-12-03,83,49,1,True,2,FUERTE_EXACTO,0,83
2022-12-06,63,38,1,True,6,FUERTE_EXACTO,0,63
2022-12-07,3,31,1,False,,COMPANERO_TABLA1,1,99
2022-12-07,7,42,1,True,6,FUERTE_EXACTO,0,7
2022-12-08,34,51,1,True,7,FUERTE_EXACTO,0,34
2022-12-09,42,37,1,False,,COMPANERO_TABLA1,1,5
2022-12-11,9,39,1,True,2,FUERTE_EXACTO,0,9
2022-12-11,32,36,1,True,3,FUERTE_EXACTO,0,32
2022-12-12,57,30,1,True,2,FUERTE_EXACTO,0,57
2022-12-13,8,40,1,False,,COMPANERO_TABLA1,1,19
2022-12-15,35,49,1,True,2,FUERTE_EXACTO,0,35
2022-12-16,90,46,3,True,7,FUERTE_EXACTO,0,90
2022-12-18,87,33,1,True,4,FUERTE_EXACTO,0,87
2022-12-19,83,49,1,False,,COMPANERO_TABLA1,1,40
2022-12-22,7,42,2,True,2,FUERTE_EXACTO,0,7
2022-12-22,70,44,2,True,1,FUERTE_EXACTO,0,70
2022-12-22,22,44,1,True,1,FUERTE_EXACTO,0,22
2022-12-28,7,42,1,True,1,FUERTE_EXACTO,0,7
2022-12-28,23,42,1,False,,COMPANERO_TABLA1,1,71
2022-12-29,79,47,1,False,,COMPANERO_TABLA1,1,36
2022-12-30,80,45,1,True,4,FUERTE_EXACTO,0,80
2022-12-31,42,37,1,True,6,FUERTE_EXACTO,0,42
2023-01-03,77,32,1,True,1,FUERTE_EXACTO,0,77
2023-01-05,10,37,1,True,4,FUERTE_EXACTO,0,10
2023-01-05,65,52,1,True,7,FUERTE_EXACTO,0,65
2023-01-06,50,42,1,False,,COMPANERO_TABLA1,1,7
2023-01-07,35,49,1,True,3,FUERTE_EXACTO,0,35
2023-01-07,42,37,1,True,1,FUERTE_EXACTO,0,42
2023-01-07,63,38,1,True,3,FUERTE_EXACTO,0,63
2023-01-08,7,42,1,True,2,FUERTE_EXACTO,0,7
2023-01-08,77,32,1,True,3,FUERTE_EXACTO,0,77
2023-01-09,42,37,2,True,3,FUERTE_EXACTO,0,42
2023-01-10,15,29,1,True,1,FUERTE_EXACTO,0,15
2023-01-10,44,43,1,True,1,FUERTE_EXACTO,0,44
2023-01-11,42,37,1,True,1,FUERTE_EXACTO,0,42
2023-01-11,59,44,1,True,3,FUERTE_EXACTO,0,59
2023-01-11,76,34,1,True,7,FUERTE_EXACTO,0,76
2023-01-12,7,42,1,True,5,FUERTE_EXACTO,0,7
2023-01-12,84,47,1,True,1,FUERTE_EXACTO,0,84
2023-01-13,6,35,1,True,2,FUERTE_EXACTO,0,6
2023-01-14,44,43,1,False,,COMPANERO_TABLA1,1,81
2023-01-14,53,28,1,False,,VECINO_TABLA2,3,63
2023-01-14,63,38,1,True,1,FUERTE_EXACTO,0,63
2023-01-17,42,37,2,True,5,FUERTE_EXACTO,0,42
2023-01-20,15,29,1,True,2,FUERTE_EXACTO,0,15
2023-01-22,48,36,1,False,,COMPANERO_TABLA1,1,64
2023-01-22,85,36,1,True,1,FUERTE_EXACTO,0,85
2023-01-22,97,52,1,True,2,FUERTE_EXACTO,0,97
2023-01-24,87,33,1,True,2,FUERTE_EXACTO,0,87
2023-01-25,81,43,1,True,1,FUERTE_EXACTO,0,81
2023-01-25,82,33,1,True,2,FUERTE_EXACTO,0,82
2023-01-26,23,42,1,True,6,FUERTE_EXACTO,0,23
2023-01-29,53,28,1,False,,COMPANERO_TABLA1,1,21
2023-01-29,97,52,1,True,7,FUERTE_EXACTO,0,97
2023-02-01,35,49,1,True,1,FUERTE_EXACTO,0,35
2023-02-02,45,50,1,False,,RELACION_INDIRECTA,4,64
2023-02-02,58,46,1,True,2,FUERTE_EXACTO,0,58
2023-02-02,94,39,1,True,2,FUERTE_EXACTO,0,94
2023-02-08,9,39,1,True,1,FUERTE_EXACTO,0,9
2023-02-08,27,26,1,True,6,FUERTE_EXACTO,0,27
2023-02-08,72,40,1,True,1,FUERTE_EXACTO,0,72
2023-02-11,31,38,1,True,2,FUERTE_EXACTO,0,31
2023-02-11,83,49,1,True,1,FUERTE_EXACTO,0,83
2023-02-14,22,44,1,True,2,FUERTE_EXACTO,0,22
2023-02-14,70,44,1,True,1,FUERTE_EXACTO,0,70
2023-02-15,10,37,1,False,,COMPANERO_TABLA1,1,5
2023-02-16,29,41,1,True,1,FUERTE_EXACTO,0,29
2023-02-19,69,45,1,True,6,FUERTE_EXACTO,0,69
2023-02-20,11,35,1,True,3,FUERTE_EXACTO,0,11
2023-02-21,25,30,1,True,3,FUERTE_EXACTO,0,25
2023-02-23,42,37,1,True,3,FUERTE_EXACTO,0,42
2023-02-24,22,44,1,True,4,FUERTE_EXACTO,0,22
2023-02-24,70,44,1,True,1,FUERTE_EXACTO,0,70
2023-02-24,75,44,1,False,,COMPANERO_TABLA1,1,70
2023-02-25,74,46,1,False,,COMPANERO_TABLA1,1,37
2023-02-26,44,43,1,False,,COMPANERO_TABLA1,1,28
2023-02-26,71,42,1,False,,COMPANERO_TABLA1,1,66
2023-02-26,92,43,1,True,7,FUERTE_EXACTO,0,92
2023-02-27,74,46,1,True,6,FUERTE_EXACTO,0,74
2023-03-02,72,40,1,False,,COMPANERO_TABLA1,1,19
2023-03-03,7,42,1,True,6,FUERTE_EXACTO,0,7
2023-03-03,72,40,1,False,,COMPANERO_TABLA1,1,8
2023-03-04,51,40,1,True,2,FUERTE_EXACTO,0,51
2023-03-05,85,36,1,True,2,FUERTE_EXACTO,0,85
2023-03-07,27,26,1,True,3,FUERTE_EXACTO,0,27
2023-03-07,92,43,1,True,7,FUERTE_EXACTO,0,92
2023-03-08,90,46,2,True,1,FUERTE_EXACTO,0,90
2023-03-08,74,46,1,True,2,FUERTE_EXACTO,0,74
2023-03-09,35,49,2,False,,COMPANERO_TABLA1,1,83
2023-03-14,81,43,1,True,6,FUERTE_EXACTO,0,81
2023-03-16,27,26,1,True,3,FUERTE_EXACTO,0,27
2023-03-16,68,47,1,True,7,FUERTE_EXACTO,0,68
2023-03-16,79,47,1,True,2,FUERTE_EXACTO,0,79
2023-03-17,23,42,1,True,3,FUERTE_EXACTO,0,23
2023-03-18,28,43,1,True,4,FUERTE_EXACTO,0,28
2023-03-19,22,44,1,True,3,FUERTE_EXACTO,0,22
2023-03-19,70,44,1,True,6,FUERTE_EXACTO,0,70
2023-03-20,59,44,1,False,,COMPANERO_TABLA1,1,75
2023-03-21,3,31,1,True,3,FUERTE_EXACTO,0,3
2023-03-22,29,41,2,False,,COMPANERO_TABLA1,1,93
2023-03-22,44,43,2,True,5,FUERTE_EXACTO,0,44
2023-03-22,12,43,1,True,4,FUERTE_EXACTO,0,12
2023-03-23,100,38,1,False,,COMPANERO_TABLA1,1,47
2023-03-27,53,28,1,False,,COMPANERO_TABLA1,1,26
2023-03-29,20,38,1,True,1,FUERTE_EXACTO,0,20
2023-04-01,9,39,1,True,7,FUERTE_EXACTO,0,9
2023-04-01,41,39,1,True,2,FUERTE_EXACTO,0,41
2023-04-01,46,39,1,False,,COMPANERO_TABLA1,1,78
2023-04-01,86,35,1,True,4,FUERTE_EXACTO,0,86
2023-04-03,29,41,1,True,4,FUERTE_EXACTO,0,29
2023-04-05,28,43,1,True,3,FUERTE_EXACTO,0,28
2023-04-08,29,41,1,False,,COMPANERO_TABLA1,1,13
2023-04-09,27,26,1,True,2,FUERTE_EXACTO,0,27
2023-04-09,92,43,1,True,7,FUERTE_EXACTO,0,92
2023-04-12,29,41,1,True,4,FUERTE_EXACTO,0,29
2023-04-12,35,49,1,True,3,FUERTE_EXACTO,0,35
2023-04-13,7,42,2,True,2,FUERTE_EXACTO,0,7
2023-04-13,71,42,1,True,6,FUERTE_EXACTO,0,71
2023-04-15,56,40,1,True,5,FUERTE_EXACTO,0,56
2023-04-17,21,28,1,True,2,FUERTE_EXACTO,0,21
2023-04-18,29,41,1,True,5,FUERTE_EXACTO,0,29
2023-04-20,17,34,1,False,,COMPANERO_TABLA1,1,76
2023-04-20,83,49,1,False,,COMPANERO_TABLA1,1,40
2023-04-21,10,37,1,False,,COMPANERO_TABLA1,1,5
2023-04-21,34,51,1,True,3,FUERTE_EXACTO,0,34
2023-04-22,34,51,1,True,2,FUERTE_EXACTO,0,34
2023-04-25,90,46,2,True,2,FUERTE_EXACTO,0,90
2023-04-27,44,43,3,False,,COMPANERO_TABLA1,1,81
2023-04-30,42,37,1,True,4,FUERTE_EXACTO,0,42
2023-05-03,9,39,1,True,3,FUERTE_EXACTO,0,9
2023-05-03,46,39,1,False,,COMPANERO_TABLA1,1,30
2023-05-04,28,43,1,True,6,FUERTE_EXACTO,0,28
2023-05-04,92,43,1,True,1,FUERTE_EXACTO,0,92
2023-05-05,67,40,1,False,,COMPANERO_TABLA1,1,51
2023-05-06,25,30,1,True,7,FUERTE_EXACTO,0,25
2023-05-06,44,43,1,True,1,FUERTE_EXACTO,0,44
2023-05-06,92,43,1,True,2,FUERTE_EXACTO,0,92
2023-05-07,9,39,2,True,7,FUERTE_EXACTO,0,9
2023-05-07,7,42,1,False,,COMPANERO_TABLA1,1,71
2023-05-07,94,39,1,False,,COMPANERO_TABLA1,1,41
2023-05-09,31,38,1,True,2,FUERTE_EXACTO,0,31
2023-05-09,63,38,1,True,6,FUERTE_EXACTO,0,63
2023-05-14,27,26,1,True,2,FUERTE_EXACTO,0,27
2023-05-15,9,39,1,True,4,FUERTE_EXACTO,0,9
2023-05-15,41,39,1,True,4,FUERTE_EXACTO,0,41
2023-05-15,46,39,1,True,1,FUERTE_EXACTO,0,46
2023-05-16,58,46,1,True,1,FUERTE_EXACTO,0,58
2023-05-18,27,26,1,True,2,FUERTE_EXACTO,0,27
2023-05-21,70,44,3,False,,COMPANERO_TABLA1,1,75
2023-05-21,22,44,2,True,4,FUERTE_EXACTO,0,22
2023-05-22,48,36,1,True,3,FUERTE_EXACTO,0,48
2023-05-24,2,33,1,False,,COMPANERO_TABLA1,1,39
2023-05-24,68,47,1,True,1,FUERTE_EXACTO,0,68
2023-05-24,87,33,1,True,2,FUERTE_EXACTO,0,87
2023-05-29,29,41,2,True,5,FUERTE_EXACTO,0,29
2023-05-29,7,42,1,True,5,FUERTE_EXACTO,0,7
2023-05-29,71,42,1,True,3,FUERTE_EXACTO,0,71
2023-05-30,3,31,1,False,,COMPANERO_TABLA1,1,99
2023-05-30,57,30,1,True,5,FUERTE_EXACTO,0,57
2023-05-31,87,33,1,True,4,FUERTE_EXACTO,0,87
2023-06-03,9,39,1,True,1,FUERTE_EXACTO,0,9
2023-06-03,30,39,1,False,,COMPANERO_TABLA1,1,9
2023-06-03,44,43,1,True,7,FUERTE_EXACTO,0,44
2023-06-05,34,51,1,True,5,FUERTE_EXACTO,0,34
2023-06-06,56,40,1,False,,COMPANERO_TABLA1,1,8
2023-06-06,67,40,1,True,3,FUERTE_EXACTO,0,67
2023-06-06,72,40,1,True,2,FUERTE_EXACTO,0,72
2023-06-06,89,48,1,True,5,FUERTE_EXACTO,0,89
2023-06-07,9,39,1,True,2,FUERTE_EXACTO,0,9
2023-06-10,22,44,1,True,3,FUERTE_EXACTO,0,22
2023-06-10,59,44,1,True,3,FUERTE_EXACTO,0,59
2023-06-10,70,44,1,True,1,FUERTE_EXACTO,0,70
2023-06-12,84,47,1,True,1,FUERTE_EXACTO,0,84
2023-06-13,100,38,1,False,,COMPANERO_TABLA1,1,52
2023-06-14,7,42,2,True,2,FUERTE_EXACTO,0,7
2023-06-17,90,46,2,True,1,FUERTE_EXACTO,0,90
2023-06-17,9,39,1,True,1,FUERTE_EXACTO,0,9
2023-06-17,14,39,1,True,2,FUERTE_EXACTO,0,14
2023-06-17,86,35,1,True,5,FUERTE_EXACTO,0,86
2023-06-19,28,43,1,True,7,FUERTE_EXACTO,0,28
2023-06-19,44,43,1,True,7,FUERTE_EXACTO,0,44
2023-06-21,42,37,1,False,,COMPANERO_TABLA1,1,10
2023-06-23,28,43,1,True,3,FUERTE_EXACTO,0,28
2023-06-23,44,43,1,True,3,FUERTE_EXACTO,0,44
2023-06-23,63,38,1,True,7,FUERTE_EXACTO,0,63
2023-06-24,90,46,1,True,2,FUERTE_EXACTO,0,90
2023-06-25,42,37,1,True,6,FUERTE_EXACTO,0,42
2023-06-26,20,38,1,True,3,FUERTE_EXACTO,0,20
2023-06-26,68,47,1,True,2,FUERTE_EXACTO,0,68
2023-06-26,79,47,1,True,3,FUERTE_EXACTO,0,79
2023-06-27,19,40,1,False,,COMPANERO_TABLA1,1,67
2023-06-28,22,44,1,True,4,FUERTE_EXACTO,0,22
2023-06-29,9,39,1,False,,COMPANERO_TABLA1,1,94
2023-06-29,94,39,1,True,1,FUERTE_EXACTO,0,94
2023-06-30,26,28,2,True,5,FUERTE_EXACTO,0,26
2023-06-30,53,28,1,True,4,FUERTE_EXACTO,0,53
2023-06-30,87,33,1,True,6,FUERTE_EXACTO,0,87
2023-07-05,62,39,1,True,2,FUERTE_EXACTO,0,62
2023-07-06,92,43,1,True,1,FUERTE_EXACTO,0,92
2023-07-07,9,39,1,True,3,FUERTE_EXACTO,0,9
2023-07-07,30,39,1,True,5,FUERTE_EXACTO,0,30
2023-07-08,53,28,1,False,,COMPANERO_TABLA1,1,26
2023-07-08,77,32,1,False,,VECINO_TABLA2,3,23
2023-07-09,90,46,1,True,1,FUERTE_EXACTO,0,90
2023-07-11,7,42,1,True,1,FUERTE_EXACTO,0,7
2023-07-14,58,46,1,False,,COMPANERO_TABLA1,1,74
2023-07-16,70,44,2,True,2,FUERTE_EXACTO,0,70
2023-07-16,22,44,1,True,4,FUERTE_EXACTO,0,22
2023-07-17,32,36,1,True,2,FUERTE_EXACTO,0,32
2023-07-18,29,41,1,False,,COMPANERO_TABLA1,1,93
2023-07-18,56,40,1,True,6,FUERTE_EXACTO,0,56
2023-07-19,9,39,2,False,,COMPANERO_TABLA1,1,78
2023-07-20,65,52,1,False,,VECINO_TABLA2,3,37
2023-07-20,97,52,1,False,,VECINO_TABLA2,3,93
2023-07-22,12,43,1,True,1,FUERTE_EXACTO,0,12
2023-07-24,71,42,2,True,5,FUERTE_EXACTO,0,71
2023-07-24,29,41,1,False,,COMPANERO_TABLA1,1,93
2023-07-24,63,38,1,False,,COMPANERO_TABLA1,1,52
2023-07-25,26,28,1,True,7,FUERTE_EXACTO,0,26
2023-07-25,77,32,1,False,,VECINO_TABLA2,3,73
2023-07-26,7,42,1,True,1,FUERTE_EXACTO,0,7
2023-07-28,19,40,1,False,,COMPANERO_TABLA1,1,8
2023-07-30,42,37,2,True,3,FUERTE_EXACTO,0,42
2023-07-30,63,38,2,True,6,FUERTE_EXACTO,0,63
2023-08-01,27,26,1,True,2,FUERTE_EXACTO,0,27
2023-08-03,37,46,1,True,4,FUERTE_EXACTO,0,37
2023-08-03,74,46,1,True,2,FUERTE_EXACTO,0,74
2023-08-05,92,43,1,True,1,FUERTE_EXACTO,0,92
2023-08-09,90,46,1,True,5,FUERTE_EXACTO,0,90
2023-08-14,82,33,1,True,1,FUERTE_EXACTO,0,82
2023-08-14,87,33,1,True,3,FUERTE_EXACTO,0,87
2023-08-15,82,33,1,True,1,FUERTE_EXACTO,0,82
2023-08-16,96,54,1,True,3,FUERTE_EXACTO,0,96
2023-08-18,22,44,1,True,3,FUERTE_EXACTO,0,22
2023-08-18,70,44,1,False,,COMPANERO_TABLA1,1,91
2023-08-19,16,27,1,True,5,FUERTE_EXACTO,0,16
2023-08-20,41,39,1,False,,COMPANERO_TABLA1,1,46
2023-08-21,79,47,1,True,3,FUERTE_EXACTO,0,79
2023-08-21,90,46,1,False,,COMPANERO_TABLA1,1,37
2023-08-25,63,38,1,True,4,FUERTE_EXACTO,0,63
2023-08-26,88,31,1,True,6,FUERTE_EXACTO,0,88
2023-08-27,79,47,1,True,2,FUERTE_EXACTO,0,79
2023-08-27,84,47,1,True,4,FUERTE_EXACTO,0,84
2023-08-29,53,28,2,True,2,FUERTE_EXACTO,0,53
2023-08-29,26,28,1,True,6,FUERTE_EXACTO,0,26
2023-08-30,65,52,1,False,,VECINO_TABLA2,3,82
2023-08-31,92,43,1,True,6,FUERTE_EXACTO,0,92
2023-09-01,85,36,1,False,,COMPANERO_TABLA1,1,48
2023-09-02,1,34,1,True,6,FUERTE_EXACTO,0,1
2023-09-03,11,35,1,True,7,FUERTE_EXACTO,0,11
2023-09-04,9,39,2,True,1,FUERTE_EXACTO,0,9
2023-09-04,7,42,1,True,4,FUERTE_EXACTO,0,7
2023-09-04,35,49,1,False,,COMPANERO_TABLA1,1,83
2023-09-05,42,37,1,True,7,FUERTE_EXACTO,0,42
2023-09-06,12,43,1,True,1,FUERTE_EXACTO,0,12
2023-09-06,68,47,1,True,2,FUERTE_EXACTO,0,68
2023-09-06,92,43,1,True,1,FUERTE_EXACTO,0,92
2023-09-07,29,41,1,False,,COMPANERO_TABLA1,1,93
2023-09-09,88,31,1,True,7,FUERTE_EXACTO,0,88
2023-09-11,26,28,1,True,5,FUERTE_EXACTO,0,26
2023-09-12,1,34,1,False,,COMPANERO_TABLA1,1,33
2023-09-12,7,42,1,False,,COMPANERO_TABLA1,1,18
2023-09-12,71,42,1,True,3,FUERTE_EXACTO,0,71
2023-09-13,53,28,1,True,4,FUERTE_EXACTO,0,53
2023-09-13,87,33,1,True,3,FUERTE_EXACTO,0,87
2023-09-14,76,34,2,True,4,FUERTE_EXACTO,0,76
2023-09-14,85,36,1,False,,COMPANERO_TABLA1,1,64
2023-09-15,83,49,1,False,,COMPANERO_TABLA1,1,35
2023-09-16,27,26,1,True,7,FUERTE_EXACTO,0,27
2023-09-16,68,47,1,False,,COMPANERO_TABLA1,1,79
2023-09-17,83,49,1,False,,COMPANERO_TABLA1,1,35
2023-09-18,29,41,2,False,,COMPANERO_TABLA1,1,93
2023-09-20,77,32,1,False,,VECINO_TABLA2,3,28
2023-09-22,4,47,1,True,3,FUERTE_EXACTO,0,4
2023-09-22,35,49,1,False,,COMPANERO_TABLA1,1,40
2023-09-23,65,52,1,True,3,FUERTE_EXACTO,0,65
2023-09-25,65,52,2,True,1,FUERTE_EXACTO,0,65
2023-09-25,10,37,1,True,1,FUERTE_EXACTO,0,10
2023-09-27,5,37,1,True,3,FUERTE_EXACTO,0,5
2023-09-27,42,37,1,True,3,FUERTE_EXACTO,0,42
2023-09-27,85,36,1,True,1,FUERTE_EXACTO,0,85
2023-09-28,69,45,1,True,1,FUERTE_EXACTO,0,69
2023-09-30,17,34,1,True,1,FUERTE_EXACTO,0,17
2023-09-30,85,36,1,True,3,FUERTE_EXACTO,0,85
2023-10-01,59,44,1,True,5,FUERTE_EXACTO,0,59
2023-10-01,63,38,1,True,5,FUERTE_EXACTO,0,63
2023-10-02,83,49,1,True,2,FUERTE_EXACTO,0,83
2023-10-03,3,31,1,False,,COMPANERO_TABLA1,1,24
2023-10-07,7,42,1,True,3,FUERTE_EXACTO,0,7
2023-10-08,59,44,1,True,5,FUERTE_EXACTO,0,59
2023-10-08,90,46,1,False,,COMPANERO_TABLA1,1,58
2023-10-10,59,44,2,True,3,FUERTE_EXACTO,0,59
2023-10-10,22,44,1,False,,COMPANERO_TABLA1,1,59
2023-10-10,70,44,1,False,,COMPANERO_TABLA1,1,59
2023-10-13,11,35,1,True,2,FUERTE_EXACTO,0,11
2023-10-13,69,45,1,False,,COMPANERO_TABLA1,1,80
2023-10-13,80,45,1,True,3,FUERTE_EXACTO,0,80
2023-10-14,35,49,2,True,3,FUERTE_EXACTO,0,35
2023-10-14,22,44,1,False,,COMPANERO_TABLA1,1,75
2023-10-14,70,44,1,False,,COMPANERO_TABLA1,1,75
2023-10-16,12,43,1,True,4,FUERTE_EXACTO,0,12
2023-10-16,25,30,1,True,2,FUERTE_EXACTO,0,25
2023-10-16,44,43,1,True,7,FUERTE_EXACTO,0,44
2023-10-16,92,43,1,True,2,FUERTE_EXACTO,0,92
2023-10-17,63,38,2,False,,COMPANERO_TABLA1,1,47
2023-10-18,9,39,1,True,5,FUERTE_EXACTO,0,9
2023-10-18,90,46,1,True,1,FUERTE_EXACTO,0,90
2023-10-19,39,33,1,False,,COMPANERO_TABLA1,1,87
2023-10-21,15,29,1,True,6,FUERTE_EXACTO,0,15
2023-10-21,79,47,1,True,1,FUERTE_EXACTO,0,79
2023-10-22,28,43,1,True,2,FUERTE_EXACTO,0,28
2023-10-22,44,43,1,True,1,FUERTE_EXACTO,0,44
2023-10-22,92,43,1,True,2,FUERTE_EXACTO,0,92
2023-10-24,42,37,1,True,6,FUERTE_EXACTO,0,42
2023-10-24,59,44,1,False,,COMPANERO_TABLA1,1,75
2023-10-25,81,43,1,True,3,FUERTE_EXACTO,0,81
2023-10-26,29,41,2,True,1,FUERTE_EXACTO,0,29
2023-10-26,56,40,2,True,3,FUERTE_EXACTO,0,56
2023-10-27,42,37,2,True,3,FUERTE_EXACTO,0,42
2023-10-29,76,34,1,True,4,FUERTE_EXACTO,0,76
2023-10-31,57,30,1,True,2,FUERTE_EXACTO,0,57
2023-11-01,7,42,1,True,2,FUERTE_EXACTO,0,7
2023-11-01,71,42,1,True,1,FUERTE_EXACTO,0,71
2023-11-03,11,35,1,True,1,FUERTE_EXACTO,0,11
2023-11-06,13,41,1,True,1,FUERTE_EXACTO,0,13
2023-11-06,77,32,1,True,4,FUERTE_EXACTO,0,77
2023-11-08,27,26,1,False,,VECINO_TABLA2,3,92
2023-11-10,22,44,1,True,2,FUERTE_EXACTO,0,22
2023-11-10,70,44,1,True,5,FUERTE_EXACTO,0,70
2023-11-12,89,48,2,True,1,FUERTE_EXACTO,0,89
2023-11-16,9,39,2,False,,COMPANERO_TABLA1,1,14
2023-11-16,94,39,1,True,4,FUERTE_EXACTO,0,94
2023-11-17,30,39,1,True,3,FUERTE_EXACTO,0,30
2023-11-17,41,39,1,True,4,FUERTE_EXACTO,0,41
2023-11-17,46,39,1,True,5,FUERTE_EXACTO,0,46
2023-11-21,45,50,1,True,2,FUERTE_EXACTO,0,45
2023-11-22,74,46,1,True,2,FUERTE_EXACTO,0,74
2023-11-24,35,49,2,True,1,FUERTE_EXACTO,0,35
2023-11-25,9,39,1,True,2,FUERTE_EXACTO,0,9
2023-11-25,94,39,1,False,,COMPANERO_TABLA1,1,46
2023-11-27,44,43,1,True,5,FUERTE_EXACTO,0,44
2023-11-27,92,43,1,True,7,FUERTE_EXACTO,0,92
2023-11-29,37,46,1,True,5,FUERTE_EXACTO,0,37
2023-11-29,58,46,1,True,3,FUERTE_EXACTO,0,58
2023-11-30,11,35,1,True,7,FUERTE_EXACTO,0,11
2023-12-03,59,44,1,True,5,FUERTE_EXACTO,0,59
2023-12-03,87,33,1,True,5,FUERTE_EXACTO,0,87
2023-12-08,53,28,1,True,6,FUERTE_EXACTO,0,53
2023-12-09,44,43,1,True,2,FUERTE_EXACTO,0,44
2023-12-10,52,38,1,True,2,FUERTE_EXACTO,0,52
2023-12-13,16,27,1,True,1,FUERTE_EXACTO,0,16
2023-12-13,29,41,1,True,2,FUERTE_EXACTO,0,29
2023-12-13,34,51,1,True,4,FUERTE_EXACTO,0,34
2023-12-15,35,49,1,True,1,FUERTE_EXACTO,0,35
2023-12-15,40,49,1,True,1,FUERTE_EXACTO,0,40
2023-12-15,44,43,1,True,5,FUERTE_EXACTO,0,44
2023-12-18,56,40,1,True,4,FUERTE_EXACTO,0,56
2023-12-19,90,46,2,False,,COMPANERO_TABLA1,1,37
2023-12-19,7,42,1,True,3,FUERTE_EXACTO,0,7
2023-12-20,22,44,1,False,,COMPANERO_TABLA1,1,70
2023-12-20,75,44,1,True,3,FUERTE_EXACTO,0,75
2023-12-20,91,44,1,True,2,FUERTE_EXACTO,0,91
2023-12-21,90,46,1,True,7,FUERTE_EXACTO,0,90
2023-12-22,22,44,1,True,7,FUERTE_EXACTO,0,22
2023-12-22,70,44,1,True,5,FUERTE_EXACTO,0,70
2023-12-22,75,44,1,True,1,FUERTE_EXACTO,0,75
2023-12-22,91,44,1,True,2,FUERTE_EXACTO,0,91
2023-12-25,29,41,1,False,,VECINO_TABLA2,3,63
2023-12-27,9,39,1,True,1,FUERTE_EXACTO,0,9
2023-12-28,63,38,2,False,,COMPANERO_TABLA1,1,31
2023-12-28,20,38,1,True,3,FUERTE_EXACTO,0,20
2023-12-28,52,38,1,True,4,FUERTE_EXACTO,0,52
2023-12-29,29,41,1,False,,COMPANERO_TABLA1,1,93
2023-12-30,44,43,2,True,3,FUERTE_EXACTO,0,44
2024-01-02,42,37,1,True,4,FUERTE_EXACTO,0,42
2024-01-02,77,32,1,True,6,FUERTE_EXACTO,0,77
2024-01-04,42,37,1,True,2,FUERTE_EXACTO,0,42
2024-01-05,53,28,2,True,2,FUERTE_EXACTO,0,53
2024-01-05,82,33,1,True,1,FUERTE_EXACTO,0,82
2024-01-05,87,33,1,True,2,FUERTE_EXACTO,0,87
2024-01-06,29,41,1,True,1,FUERTE_EXACTO,0,29
2024-01-06,71,42,1,True,2,FUERTE_EXACTO,0,71
2024-01-07,70,44,2,True,4,FUERTE_EXACTO,0,70
2024-01-07,22,44,1,True,1,FUERTE_EXACTO,0,22
2024-01-08,37,46,1,True,2,FUERTE_EXACTO,0,37
2024-01-08,77,32,1,True,7,FUERTE_EXACTO,0,77
2024-01-12,23,42,1,True,6,FUERTE_EXACTO,0,23
2024-01-12,71,42,1,True,1,FUERTE_EXACTO,0,71
2024-01-13,68,47,1,False,,COMPANERO_TABLA1,1,84
2024-01-13,84,47,1,True,1,FUERTE_EXACTO,0,84
2024-01-14,22,44,1,True,2,FUERTE_EXACTO,0,22
2024-01-14,70,44,1,True,4,FUERTE_EXACTO,0,70
2024-01-14,91,44,1,True,1,FUERTE_EXACTO,0,91
2024-01-16,69,45,1,True,4,FUERTE_EXACTO,0,69
2024-01-16,81,43,1,True,6,FUERTE_EXACTO,0,81
2024-01-17,28,43,1,True,7,FUERTE_EXACTO,0,28
2024-01-17,35,49,1,True,4,FUERTE_EXACTO,0,35
2024-01-17,44,43,1,False,,COMPANERO_TABLA1,1,12
2024-01-17,53,28,1,True,5,FUERTE_EXACTO,0,53
2024-01-19,37,46,1,True,3,FUERTE_EXACTO,0,37
2024-01-19,65,52,1,True,5,FUERTE_EXACTO,0,65
2024-01-21,54,35,1,True,2,FUERTE_EXACTO,0,54
2024-01-21,86,35,1,True,3,FUERTE_EXACTO,0,86
2024-01-22,42,37,1,True,5,FUERTE_EXACTO,0,42
2024-01-25,67,40,1,False,,COMPANERO_TABLA1,1,72
2024-01-26,87,33,1,False,,COMPANERO_TABLA1,1,2
2024-01-27,7,42,1,True,1,FUERTE_EXACTO,0,7
2024-01-27,23,42,1,False,,COMPANERO_TABLA1,1,7
2024-01-27,53,28,1,True,4,FUERTE_EXACTO,0,53
2024-01-28,84,47,1,False,,COMPANERO_TABLA1,1,4
2024-01-30,26,28,1,True,2,FUERTE_EXACTO,0,26
2024-01-31,9,39,2,True,1,FUERTE_EXACTO,0,9
2024-01-31,29,41,2,True,1,FUERTE_EXACTO,0,29
2024-02-01,90,46,2,True,1,FUERTE_EXACTO,0,90
2024-02-03,42,37,4,True,6,FUERTE_EXACTO,0,42
2024-02-03,22,44,2,True,5,FUERTE_EXACTO,0,22
2024-02-03,70,44,2,True,1,FUERTE_EXACTO,0,70
2024-02-05,77,32,1,False,,VECINO_TABLA2,3,73
2024-02-06,42,37,1,True,3,FUERTE_EXACTO,0,42
2024-02-06,63,38,1,False,,COMPANERO_TABLA1,1,47
2024-02-07,68,47,1,True,3,FUERTE_EXACTO,0,68
2024-02-07,79,47,1,True,1,FUERTE_EXACTO,0,79
2024-02-10,35,49,1,False,,COMPANERO_TABLA1,1,83
2024-02-11,100,38,1,False,,COMPANERO_TABLA1,1,47
2024-02-16,31,38,1,True,5,FUERTE_EXACTO,0,31
2024-02-17,28,43,1,True,2,FUERTE_EXACTO,0,28
2024-02-19,2,33,1,False,,COMPANERO_TABLA1,1,39
2024-02-19,23,42,1,True,7,FUERTE_EXACTO,0,23
2024-02-19,53,28,1,False,,COMPANERO_TABLA1,1,26
2024-02-19,87,33,1,True,3,FUERTE_EXACTO,0,87
2024-02-20,9,39,1,True,1,FUERTE_EXACTO,0,9
2024-02-20,53,28,1,False,,COMPANERO_TABLA1,1,26
2024-02-21,77,32,1,True,7,FUERTE_EXACTO,0,77
2024-02-22,7,42,2,True,1,FUERTE_EXACTO,0,7
2024-02-24,13,41,1,True,4,FUERTE_EXACTO,0,13
2024-02-25,72,40,1,True,4,FUERTE_EXACTO,0,72
2024-02-27,79,47,1,True,1,FUERTE_EXACTO,0,79
2024-02-28,22,44,2,True,4,FUERTE_EXACTO,0,22
2024-02-28,59,44,1,True,7,FUERTE_EXACTO,0,59
2024-02-28,70,44,1,True,2,FUERTE_EXACTO,0,70
2024-03-01,3,31,1,True,3,FUERTE_EXACTO,0,3
2024-03-02,9,39,1,False,,COMPANERO_TABLA1,1,62
2024-03-03,44,43,2,True,4,FUERTE_EXACTO,0,44
2024-03-03,92,43,1,True,2,FUERTE_EXACTO,0,92
2024-03-04,85,36,1,True,2,FUERTE_EXACTO,0,85
2024-03-05,10,37,1,True,1,FUERTE_EXACTO,0,10
2024-03-07,81,43,1,True,2,FUERTE_EXACTO,0,81
2024-03-12,34,51,2,True,3,FUERTE_EXACTO,0,34
2024-03-12,21,28,1,True,7,FUERTE_EXACTO,0,21
2024-03-12,26,28,1,True,2,FUERTE_EXACTO,0,26
2024-03-12,27,26,1,True,2,FUERTE_EXACTO,0,27
2024-03-15,77,32,1,True,2,FUERTE_EXACTO,0,77
2024-03-16,96,54,1,True,2,FUERTE_EXACTO,0,96
2024-03-18,28,43,1,True,3,FUERTE_EXACTO,0,28
2024-03-18,79,47,1,True,2,FUERTE_EXACTO,0,79
2024-03-19,27,26,1,True,4,FUERTE_EXACTO,0,27
2024-03-22,35,49,1,True,1,FUERTE_EXACTO,0,35
2024-03-22,42,37,1,True,1,FUERTE_EXACTO,0,42
2024-03-26,9,39,1,True,1,FUERTE_EXACTO,0,9
2024-03-28,23,42,1,True,7,FUERTE_EXACTO,0,23
2024-04-05,20,38,1,True,6,FUERTE_EXACTO,0,20
2024-04-05,63,38,1,True,1,FUERTE_EXACTO,0,63
2024-04-05,90,46,1,True,4,FUERTE_EXACTO,0,90
2024-04-07,53,28,2,True,7,FUERTE_EXACTO,0,53
2024-04-07,87,33,1,True,5,FUERTE_EXACTO,0,87
2024-04-11,68,47,1,True,5,FUERTE_EXACTO,0,68
2024-04-12,34,51,1,True,1,FUERTE_EXACTO,0,34
2024-04-13,14,39,1,True,2,FUERTE_EXACTO,0,14
2024-04-15,29,41,1,False,,COMPANERO_TABLA1,1,93
2024-04-16,2,33,1,True,2,FUERTE_EXACTO,0,2
2024-04-17,9,39,1,False,,COMPANERO_TABLA1,1,46
2024-04-18,71,42,1,True,5,FUERTE_EXACTO,0,71
2024-04-20,7,42,1,True,1,FUERTE_EXACTO,0,7
2024-04-21,14,39,1,True,1,FUERTE_EXACTO,0,14
2024-04-23,63,38,1,True,5,FUERTE_EXACTO,0,63
2024-04-24,97,52,1,True,3,FUERTE_EXACTO,0,97
2024-04-27,44,43,1,False,,COMPANERO_TABLA1,1,12
2024-04-27,74,46,1,True,6,FUERTE_EXACTO,0,74
2024-04-27,90,46,1,True,5,FUERTE_EXACTO,0,90
2024-04-28,80,45,1,True,1,FUERTE_EXACTO,0,80
2024-04-28,87,33,1,True,6,FUERTE_EXACTO,0,87
2024-04-29,57,30,1,True,6,FUERTE_EXACTO,0,57
2024-04-29,83,49,1,True,4,FUERTE_EXACTO,0,83
2024-05-01,56,40,1,False,,COMPANERO_TABLA1,1,19
2024-05-01,63,38,1,True,5,FUERTE_EXACTO,0,63
2024-05-01,72,40,1,False,,COMPANERO_TABLA1,1,19
2024-05-02,72,40,1,True,7,FUERTE_EXACTO,0,72
2024-05-03,35,49,1,True,2,FUERTE_EXACTO,0,35
2024-05-04,73,48,1,True,3,FUERTE_EXACTO,0,73
2024-05-05,69,45,1,True,2,FUERTE_EXACTO,0,69
2024-05-06,29,41,2,True,1,FUERTE_EXACTO,0,29
2024-05-06,63,38,1,True,7,FUERTE_EXACTO,0,63
2024-05-10,41,39,1,True,3,FUERTE_EXACTO,0,41
2024-05-10,94,39,1,True,3,FUERTE_EXACTO,0,94
2024-05-11,6,35,1,False,,COMPANERO_TABLA1,1,86
2024-05-12,54,35,1,False,,COMPANERO_TABLA1,1,86
2024-05-13,11,35,1,True,5,FUERTE_EXACTO,0,11
2024-05-13,27,26,1,True,2,FUERTE_EXACTO,0,27
2024-05-14,7,42,2,True,5,FUERTE_EXACTO,0,7
2024-05-14,29,41,2,True,2,FUERTE_EXACTO,0,29
2024-05-14,71,42,1,True,2,FUERTE_EXACTO,0,71
2024-05-16,9,39,1,True,6,FUERTE_EXACTO,0,9
2024-05-16,94,39,1,True,6,FUERTE_EXACTO,0,94
2024-05-17,30,39,1,True,1,FUERTE_EXACTO,0,30
2024-05-18,94,39,1,True,4,FUERTE_EXACTO,0,94
2024-05-22,22,44,1,False,,COMPANERO_TABLA1,1,70
2024-05-22,44,43,1,True,1,FUERTE_EXACTO,0,44
2024-05-22,70,44,1,True,5,FUERTE_EXACTO,0,70
2024-05-23,7,42,1,True,1,FUERTE_EXACTO,0,7
2024-05-23,71,42,1,False,,COMPANERO_TABLA1,1,23
2024-05-26,7,42,1,True,5,FUERTE_EXACTO,0,7
2024-05-26,22,44,1,True,6,FUERTE_EXACTO,0,22
2024-05-26,70,44,1,True,1,FUERTE_EXACTO,0,70
2024-05-26,71,42,1,False,,COMPANERO_TABLA1,1,50
2024-05-27,1,34,1,True,3,FUERTE_EXACTO,0,1
2024-05-31,77,32,1,True,4,FUERTE_EXACTO,0,77
2024-05-31,87,33,1,True,3,FUERTE_EXACTO,0,87
2024-06-01,77,32,1,True,3,FUERTE_EXACTO,0,77
2024-06-05,27,26,1,False,,COMPANERO_TABLA1,1,38
2024-06-06,80,45,1,True,1,FUERTE_EXACTO,0,80
2024-06-07,77,32,1,True,1,FUERTE_EXACTO,0,77
2024-06-08,73,48,1,True,7,FUERTE_EXACTO,0,73
2024-06-09,27,26,1,True,5,FUERTE_EXACTO,0,27
2024-06-12,7,42,1,True,7,FUERTE_EXACTO,0,7
2024-06-14,73,48,1,True,1,FUERTE_EXACTO,0,73
2024-06-14,77,32,1,False,,VECINO_TABLA2,3,28
2024-06-16,30,39,1,True,2,FUERTE_EXACTO,0,30
2024-06-16,41,39,1,True,3,FUERTE_EXACTO,0,41
2024-06-16,83,49,1,True,2,FUERTE_EXACTO,0,83
2024-06-17,42,37,3,True,1,FUERTE_EXACTO,0,42
2024-06-17,70,44,2,False,,COMPANERO_TABLA1,1,59
2024-06-17,22,44,1,True,2,FUERTE_EXACTO,0,22
2024-06-19,42,37,1,False,,COMPANERO_TABLA1,1,10
2024-06-21,19,40,1,True,3,FUERTE_EXACTO,0,19
2024-06-21,56,40,1,True,1,FUERTE_EXACTO,0,56
2024-06-25,96,54,1,True,2,FUERTE_EXACTO,0,96
2024-06-26,53,28,2,False,,COMPANERO_TABLA1,1,26
2024-06-28,1,34,1,False,,COMPANERO_TABLA1,1,17
2024-06-29,63,38,1,True,4,FUERTE_EXACTO,0,63
2024-07-01,9,39,2,False,,COMPANERO_TABLA1,1,41
2024-07-01,94,39,1,False,,COMPANERO_TABLA1,1,41
2024-07-02,23,42,1,True,4,FUERTE_EXACTO,0,23
2024-07-02,71,42,1,True,1,FUERTE_EXACTO,0,71
2024-07-03,9,39,2,False,,COMPANERO_TABLA1,1,41
2024-07-04,72,40,1,True,7,FUERTE_EXACTO,0,72
2024-07-07,48,36,2,True,2,FUERTE_EXACTO,0,48
2024-07-08,45,50,1,True,2,FUERTE_EXACTO,0,45
2024-07-09,88,31,1,False,,COMPANERO_TABLA1,1,24
2024-07-09,89,48,1,True,7,FUERTE_EXACTO,0,89
2024-07-09,93,41,1,True,2,FUERTE_EXACTO,0,93
2024-07-11,7,42,1,True,6,FUERTE_EXACTO,0,7
2024-07-11,50,42,1,True,3,FUERTE_EXACTO,0,50
2024-07-12,48,36,1,True,6,FUERTE_EXACTO,0,48
2024-07-15,22,44,1,True,2,FUERTE_EXACTO,0,22
2024-07-15,70,44,1,True,4,FUERTE_EXACTO,0,70
2024-07-18,25,30,1,True,3,FUERTE_EXACTO,0,25
2024-07-20,22,44,1,True,1,FUERTE_EXACTO,0,22
2024-07-20,59,44,1,True,4,FUERTE_EXACTO,0,59
2024-07-20,70,44,1,True,5,FUERTE_EXACTO,0,70
2024-07-24,72,40,2,False,,COMPANERO_TABLA1,1,19
2024-07-24,27,26,1,False,,COMPANERO_TABLA1,1,38
2024-07-26,13,41,1,True,1,FUERTE_EXACTO,0,13
2024-08-01,3,31,1,True,3,FUERTE_EXACTO,0,3
2024-08-02,72,40,1,True,3,FUERTE_EXACTO,0,72
2024-08-02,87,33,1,True,6,FUERTE_EXACTO,0,87
2024-08-03,71,42,1,False,,COMPANERO_TABLA1,1,23
2024-08-04,77,32,1,True,2,FUERTE_EXACTO,0,77
2024-08-05,11,35,1,True,4,FUERTE_EXACTO,0,11
2024-08-05,22,44,1,False,,COMPANERO_TABLA1,1,75
2024-08-05,44,43,1,True,1,FUERTE_EXACTO,0,44
2024-08-05,69,45,1,False,,VECINO_TABLA2,3,57
2024-08-05,70,44,1,True,2,FUERTE_EXACTO,0,70
2024-08-05,80,45,1,False,,VECINO_TABLA2,3,8
2024-08-05,91,44,1,True,7,FUERTE_EXACTO,0,91
2024-08-07,22,44,1,False,,COMPANERO_TABLA1,1,91
2024-08-07,70,44,1,True,7,FUERTE_EXACTO,0,70
2024-08-09,7,42,1,True,1,FUERTE_EXACTO,0,7
2024-08-09,15,29,1,False,,VECINO_TABLA2,3,96
2024-08-11,35,49,2,True,7,FUERTE_EXACTO,0,35
2024-08-13,48,36,1,False,,COMPANERO_TABLA1,1,64
2024-08-14,57,30,1,True,5,FUERTE_EXACTO,0,57
2024-08-17,29,41,1,False,,COMPANERO_TABLA1,1,13
2024-08-20,68,47,1,True,1,FUERTE_EXACTO,0,68
2024-08-21,50,42,1,True,6,FUERTE_EXACTO,0,50
2024-08-22,31,38,1,True,2,FUERTE_EXACTO,0,31
2024-08-22,63,38,1,False,,COMPANERO_TABLA1,1,31
2024-08-22,100,38,1,False,,COMPANERO_TABLA1,1,31
2024-08-23,54,35,1,False,,COMPANERO_TABLA1,1,43
2024-08-28,29,41,1,True,7,FUERTE_EXACTO,0,29
2024-08-29,10,37,1,True,3,FUERTE_EXACTO,0,10
2024-08-29,42,37,1,True,2,FUERTE_EXACTO,0,42
2024-08-30,48,36,1,True,4,FUERTE_EXACTO,0,48
2024-08-31,32,36,1,True,4,FUERTE_EXACTO,0,32
2024-09-01,53,28,2,True,2,FUERTE_EXACTO,0,53
2024-09-03,82,33,2,True,1,FUERTE_EXACTO,0,82
2024-09-04,77,32,1,True,7,FUERTE_EXACTO,0,77
2024-09-09,9,39,1,True,1,FUERTE_EXACTO,0,9
2024-09-09,94,39,1,True,7,FUERTE_EXACTO,0,94
2024-09-11,63,38,2,True,5,FUERTE_EXACTO,0,63
2024-09-11,22,44,1,True,2,FUERTE_EXACTO,0,22
2024-09-11,59,44,1,True,4,FUERTE_EXACTO,0,59
2024-09-11,70,44,1,False,,COMPANERO_TABLA1,1,75
2024-09-12,53,28,1,True,5,FUERTE_EXACTO,0,53
2024-09-12,54,35,1,True,4,FUERTE_EXACTO,0,54
2024-09-12,86,35,1,True,1,FUERTE_EXACTO,0,86
2024-09-12,90,46,1,True,2,FUERTE_EXACTO,0,90
2024-09-13,56,40,2,False,,COMPANERO_TABLA1,1,19
2024-09-13,19,40,1,True,1,FUERTE_EXACTO,0,19
2024-09-13,29,41,1,True,5,FUERTE_EXACTO,0,29
2024-09-13,67,40,1,True,3,FUERTE_EXACTO,0,67
2024-09-15,93,41,1,True,3,FUERTE_EXACTO,0,93
2024-09-17,23,42,1,True,3,FUERTE_EXACTO,0,23
2024-09-17,65,52,1,True,6,FUERTE_EXACTO,0,65
2024-09-18,19,40,1,True,1,FUERTE_EXACTO,0,19
2024-09-19,51,40,1,True,1,FUERTE_EXACTO,0,51
2024-09-20,9,39,2,False,,COMPANERO_TABLA1,1,14
2024-09-20,63,38,2,False,,COMPANERO_TABLA1,1,47
2024-09-20,7,42,1,False,,COMPANERO_TABLA1,1,23
2024-09-20,22,44,1,True,3,FUERTE_EXACTO,0,22
2024-09-20,46,39,1,True,5,FUERTE_EXACTO,0,46
2024-09-20,59,44,1,True,1,FUERTE_EXACTO,0,59
2024-09-20,70,44,1,False,,COMPANERO_TABLA1,1,59
2024-09-21,34,51,1,True,5,FUERTE_EXACTO,0,34
2024-09-22,60,43,1,False,,COMPANERO_TABLA1,1,81
2024-09-22,91,44,1,False,,COMPANERO_TABLA1,1,22
2024-09-23,29,41,1,True,2,FUERTE_EXACTO,0,29
2024-09-27,27,26,1,True,7,FUERTE_EXACTO,0,27
2024-09-29,86,35,1,True,1,FUERTE_EXACTO,0,86
2024-09-30,90,46,3,True,5,FUERTE_EXACTO,0,90
2024-09-30,86,35,1,True,4,FUERTE_EXACTO,0,86
2024-10-01,72,40,1,True,2,FUERTE_EXACTO,0,72
2024-10-01,77,32,1,True,3,FUERTE_EXACTO,0,77
2024-10-03,34,51,1,False,,COMPANERO_TABLA1,1,98
2024-10-05,9,39,1,True,2,FUERTE_EXACTO,0,9
2024-10-05,14,39,1,True,7,FUERTE_EXACTO,0,14
2024-10-05,69,45,1,True,2,FUERTE_EXACTO,0,69
2024-10-08,9,39,2,True,1,FUERTE_EXACTO,0,9
2024-10-08,7,42,1,True,2,FUERTE_EXACTO,0,7
2024-10-08,30,39,1,True,3,FUERTE_EXACTO,0,30
2024-10-10,90,46,2,True,3,FUERTE_EXACTO,0,90
2024-10-10,37,46,1,True,7,FUERTE_EXACTO,0,37
2024-10-11,83,49,1,True,7,FUERTE_EXACTO,0,83
2024-10-12,69,45,1,True,6,FUERTE_EXACTO,0,69
2024-10-14,45,50,1,False,,VECINO_TABLA2,3,32
2024-10-15,77,32,2,True,7,FUERTE_EXACTO,0,77
2024-10-16,12,43,1,True,7,FUERTE_EXACTO,0,12
2024-10-16,44,43,1,False,,COMPANERO_TABLA1,1,60
2024-10-16,89,48,1,False,,COMPANERO_TABLA1,1,73
2024-10-17,100,38,1,False,,COMPANERO_TABLA1,1,20
2024-10-19,8,40,1,True,2,FUERTE_EXACTO,0,8
2024-10-19,56,40,1,False,,COMPANERO_TABLA1,1,51
2024-10-21,92,43,1,True,5,FUERTE_EXACTO,0,92
2024-10-22,57,30,1,True,2,FUERTE_EXACTO,0,57
2024-10-23,42,37,2,False,,COMPANERO_TABLA1,1,5
2024-10-23,73,48,1,True,3,FUERTE_EXACTO,0,73
2024-10-24,20,38,1,True,1,FUERTE_EXACTO,0,20
2024-10-28,11,35,2,True,4,FUERTE_EXACTO,0,11
2024-10-29,63,38,1,True,1,FUERTE_EXACTO,0,63
2024-10-30,22,44,1,False,,COMPANERO_TABLA1,1,59
2024-10-30,70,44,1,True,4,FUERTE_EXACTO,0,70
2024-10-31,52,38,1,False,,COMPANERO_TABLA1,1,31
2024-11-03,73,48,1,True,1,FUERTE_EXACTO,0,73
2024-11-03,90,46,1,True,1,FUERTE_EXACTO,0,90
2024-11-05,73,48,1,True,1,FUERTE_EXACTO,0,73
2024-11-06,21,28,1,True,4,FUERTE_EXACTO,0,21
2024-11-06,26,28,1,False,,COMPANERO_TABLA1,1,53
2024-11-06,53,28,1,True,2,FUERTE_EXACTO,0,53
2024-11-06,77,32,1,True,2,FUERTE_EXACTO,0,77
2024-11-12,34,51,2,False,,VECINO_TABLA2,3,59
2024-11-13,45,50,1,False,,VECINO_TABLA2,3,32
2024-11-16,67,40,1,True,2,FUERTE_EXACTO,0,67
2024-11-17,63,38,2,True,1,FUERTE_EXACTO,0,63
2024-11-18,30,39,1,True,2,FUERTE_EXACTO,0,30
2024-11-18,94,39,1,False,,COMPANERO_TABLA1,1,14
2024-11-21,23,42,2,False,,COMPANERO_TABLA1,1,50
2024-11-21,53,28,2,True,1,FUERTE_EXACTO,0,53
2024-11-21,7,42,1,True,2,FUERTE_EXACTO,0,7
2024-11-21,22,44,1,True,2,FUERTE_EXACTO,0,22
2024-11-21,26,28,1,False,,COMPANERO_TABLA1,1,53
2024-11-21,59,44,1,True,3,FUERTE_EXACTO,0,59
2024-11-21,70,44,1,True,3,FUERTE_EXACTO,0,70
2024-11-24,35,49,1,True,5,FUERTE_EXACTO,0,35
2024-11-26,48,36,1,True,2,FUERTE_EXACTO,0,48
2024-11-26,67,40,1,True,1,FUERTE_EXACTO,0,67
2024-11-29,72,40,1,True,1,FUERTE_EXACTO,0,72
2024-11-29,76,34,1,True,6,FUERTE_EXACTO,0,76
2024-11-30,9,39,1,False,,COMPANERO_TABLA1,1,30
2024-11-30,29,41,1,False,,VECINO_TABLA2,3,90
2024-11-30,35,49,1,False,,COMPANERO_TABLA1,1,40
2024-12-01,28,43,1,False,,COMPANERO_TABLA1,1,92
2024-12-03,79,47,1,True,1,FUERTE_EXACTO,0,79
2024-12-04,84,47,1,True,3,FUERTE_EXACTO,0,84
2024-12-06,31,38,1,True,5,FUERTE_EXACTO,0,31
2024-12-09,6,35,1,True,1,FUERTE_EXACTO,0,6
2024-12-10,69,45,1,True,3,FUERTE_EXACTO,0,69
2024-12-12,52,38,1,True,1,FUERTE_EXACTO,0,52
2024-12-12,63,38,1,True,4,FUERTE_EXACTO,0,63
2024-12-13,35,49,1,True,5,FUERTE_EXACTO,0,35
2024-12-13,97,52,1,True,2,FUERTE_EXACTO,0,97
2024-12-19,35,49,1,True,3,FUERTE_EXACTO,0,35
2024-12-19,37,46,1,True,4,FUERTE_EXACTO,0,37
2024-12-19,90,46,1,True,2,FUERTE_EXACTO,0,90
2024-12-21,63,38,2,True,3,FUERTE_EXACTO,0,63
2024-12-23,19,40,1,True,6,FUERTE_EXACTO,0,19
2024-12-23,56,40,1,False,,COMPANERO_TABLA1,1,8
2024-12-25,91,44,1,False,,COMPANERO_TABLA1,1,59
2024-12-28,83,49,1,True,1,FUERTE_EXACTO,0,83
2024-12-29,9,39,1,True,1,FUERTE_EXACTO,0,9
2024-12-29,30,39,1,False,,COMPANERO_TABLA1,1,9
2024-12-29,53,28,1,True,4,FUERTE_EXACTO,0,53
2024-12-30,53,28,1,True,3,FUERTE_EXACTO,0,53
2024-12-30,68,47,1,True,7,FUERTE_EXACTO,0,68
2025-01-04,70,44,2,False,,COMPANERO_TABLA1,1,22
2025-01-04,22,44,1,True,1,FUERTE_EXACTO,0,22
2025-01-04,91,44,1,True,1,FUERTE_EXACTO,0,91
2025-01-08,57,30,1,True,2,FUERTE_EXACTO,0,57
2025-01-08,83,49,1,True,3,FUERTE_EXACTO,0,83
2025-01-09,56,40,1,True,2,FUERTE_EXACTO,0,56
2025-01-10,72,40,2,True,2,FUERTE_EXACTO,0,72
2025-01-10,56,40,1,True,1,FUERTE_EXACTO,0,56
2025-01-11,7,42,1,True,2,FUERTE_EXACTO,0,7
2025-01-12,53,28,2,True,3,FUERTE_EXACTO,0,53
2025-01-12,26,28,1,True,2,FUERTE_EXACTO,0,26
2025-01-15,42,37,2,False,,COMPANERO_TABLA1,1,5
2025-01-15,89,48,1,True,6,FUERTE_EXACTO,0,89
2025-01-21,73,48,1,False,,COMPANERO_TABLA1,1,89
2025-01-22,41,39,2,True,3,FUERTE_EXACTO,0,41
2025-01-22,14,39,1,True,1,FUERTE_EXACTO,0,14
2025-01-23,90,46,1,True,4,FUERTE_EXACTO,0,90
2025-01-24,27,26,1,True,1,FUERTE_EXACTO,0,27
2025-01-25,77,32,1,True,1,FUERTE_EXACTO,0,77
2025-01-28,44,43,1,True,2,FUERTE_EXACTO,0,44
2025-01-28,53,28,1,True,5,FUERTE_EXACTO,0,53
2025-01-29,3,31,1,True,2,FUERTE_EXACTO,0,3
2025-01-30,19,40,1,True,3,FUERTE_EXACTO,0,19
2025-01-31,6,35,1,False,,COMPANERO_TABLA1,1,54
2025-01-31,48,36,1,True,1,FUERTE_EXACTO,0,48
2025-02-02,15,29,1,True,1,FUERTE_EXACTO,0,15
2025-02-03,11,35,1,False,,COMPANERO_TABLA1,1,54
2025-02-04,35,49,1,True,2,FUERTE_EXACTO,0,35
2025-02-05,63,38,1,True,4,FUERTE_EXACTO,0,63
2025-02-08,84,47,1,True,3,FUERTE_EXACTO,0,84
2025-02-10,32,36,1,False,,COMPANERO_TABLA1,1,48
2025-02-11,31,38,1,False,,COMPANERO_TABLA1,1,52
2025-02-11,63,38,1,True,3,FUERTE_EXACTO,0,63
2025-02-12,73,48,1,True,2,FUERTE_EXACTO,0,73
2025-02-12,76,34,1,True,3,FUERTE_EXACTO,0,76
2025-02-21,52,38,1,False,,COMPANERO_TABLA1,1,47
2025-02-23,22,44,1,True,2,FUERTE_EXACTO,0,22
2025-02-23,44,43,1,True,2,FUERTE_EXACTO,0,44
2025-02-23,70,44,1,False,,COMPANERO_TABLA1,1,22
2025-02-23,75,44,1,False,,COMPANERO_TABLA1,1,22
2025-02-28,41,39,1,False,,COMPANERO_TABLA1,1,14
2025-02-28,56,40,1,True,6,FUERTE_EXACTO,0,56
2025-03-02,53,28,2,True,7,FUERTE_EXACTO,0,53
2025-03-02,70,44,2,True,2,FUERTE_EXACTO,0,70
2025-03-02,22,44,1,False,,COMPANERO_TABLA1,1,70
2025-03-03,7,42,1,False,,COMPANERO_TABLA1,1,66
2025-03-03,22,44,1,False,,COMPANERO_TABLA1,1,70
2025-03-03,70,44,1,True,1,FUERTE_EXACTO,0,70
2025-03-07,92,43,2,True,6,FUERTE_EXACTO,0,92
2025-03-07,12,43,1,True,6,FUERTE_EXACTO,0,12
2025-03-07,28,43,1,True,4,FUERTE_EXACTO,0,28
2025-03-07,56,40,1,True,2,FUERTE_EXACTO,0,56
2025-03-08,89,48,1,False,,COMPANERO_TABLA1,1,73
2025-03-09,42,37,2,True,5,FUERTE_EXACTO,0,42
2025-03-09,22,44,1,False,,COMPANERO_TABLA1,1,70
2025-03-09,70,44,1,True,1,FUERTE_EXACTO,0,70
2025-03-10,1,34,1,True,1,FUERTE_EXACTO,0,1
2025-03-11,26,28,1,True,3,FUERTE_EXACTO,0,26
2025-03-11,53,28,1,False,,COMPANERO_TABLA1,1,21
2025-03-11,73,48,1,True,4,FUERTE_EXACTO,0,73
2025-03-12,52,38,1,True,6,FUERTE_EXACTO,0,52
2025-03-12,63,38,1,True,2,FUERTE_EXACTO,0,63
2025-03-15,93,41,1,True,1,FUERTE_EXACTO,0,93
2025-03-16,42,37,1,True,2,FUERTE_EXACTO,0,42
2025-03-17,54,35,1,True,6,FUERTE_EXACTO,0,54
2025-03-19,3,31,1,True,2,FUERTE_EXACTO,0,3
2025-03-21,22,44,1,True,2,FUERTE_EXACTO,0,22
2025-03-21,70,44,1,False,,COMPANERO_TABLA1,1,91
2025-03-22,69,45,1,True,5,FUERTE_EXACTO,0,69
2025-03-22,73,48,1,True,3,FUERTE_EXACTO,0,73
2025-03-24,53,28,1,True,4,FUERTE_EXACTO,0,53
2025-03-24,73,48,1,True,1,FUERTE_EXACTO,0,73
2025-03-24,91,44,1,True,1,FUERTE_EXACTO,0,91
2025-03-29,79,47,1,False,,COMPANERO_TABLA1,1,68
2025-03-29,83,49,1,True,1,FUERTE_EXACTO,0,83
2025-03-31,93,41,1,False,,COMPANERO_TABLA1,1,29
2025-04-01,10,37,1,True,2,FUERTE_EXACTO,0,10
2025-04-01,42,37,1,True,2,FUERTE_EXACTO,0,42
2025-04-01,53,28,1,False,,COMPANERO_TABLA1,1,21
2025-04-02,22,44,1,False,,COMPANERO_TABLA1,1,70
2025-04-02,70,44,1,True,1,FUERTE_EXACTO,0,70
2025-04-03,7,42,2,True,5,FUERTE_EXACTO,0,7
2025-04-03,22,44,2,False,,COMPANERO_TABLA1,1,59
2025-04-03,70,44,1,True,2,FUERTE_EXACTO,0,70
2025-04-03,71,42,1,True,5,FUERTE_EXACTO,0,71
2025-04-08,87,33,1,True,1,FUERTE_EXACTO,0,87
2025-04-10,9,39,1,True,7,FUERTE_EXACTO,0,9
2025-04-11,88,31,1,True,4,FUERTE_EXACTO,0,88
2025-04-13,29,41,1,False,,COMPANERO_TABLA1,1,93
2025-04-13,90,46,1,True,6,FUERTE_EXACTO,0,90
2025-04-14,41,39,1,False,,COMPANERO_TABLA1,1,78
2025-04-14,56,40,1,False,,COMPANERO_TABLA1,1,8
2025-04-14,57,30,1,True,2,FUERTE_EXACTO,0,57
2025-04-17,44,43,1,True,7,FUERTE_EXACTO,0,44
2025-04-19,42,37,1,True,4,FUERTE_EXACTO,0,42
2025-04-20,53,28,2,True,2,FUERTE_EXACTO,0,53
2025-04-20,26,28,1,True,5,FUERTE_EXACTO,0,26
2025-04-21,73,48,1,False,,COMPANERO_TABLA1,1,89
2025-04-21,87,33,1,True,6,FUERTE_EXACTO,0,87
2025-04-23,26,28,1,True,2,FUERTE_EXACTO,0,26
2025-04-23,76,34,1,False,,COMPANERO_TABLA1,1,49
2025-04-24,35,49,1,True,5,FUERTE_EXACTO,0,35
2025-04-24,69,45,1,True,2,FUERTE_EXACTO,0,69
2025-04-24,91,44,1,True,2,FUERTE_EXACTO,0,91
2025-04-25,82,33,1,True,5,FUERTE_EXACTO,0,82
2025-04-30,10,37,1,True,6,FUERTE_EXACTO,0,10
2025-04-30,42,37,1,True,1,FUERTE_EXACTO,0,42
2025-05-02,3,31,1,False,,COMPANERO_TABLA1,1,99
2025-05-02,74,46,1,True,2,FUERTE_EXACTO,0,74
2025-05-04,44,43,2,False,,COMPANERO_TABLA1,1,12
2025-05-04,28,43,1,True,2,FUERTE_EXACTO,0,28
2025-05-05,65,52,1,True,2,FUERTE_EXACTO,0,65
2025-05-07,25,30,1,True,2,FUERTE_EXACTO,0,25
2025-05-09,88,31,1,True,5,FUERTE_EXACTO,0,88
2025-05-14,83,49,1,True,6,FUERTE_EXACTO,0,83
2025-05-15,22,44,1,True,1,FUERTE_EXACTO,0,22
2025-05-15,59,44,1,False,,COMPANERO_TABLA1,1,22
2025-05-15,70,44,1,True,1,FUERTE_EXACTO,0,70
2025-05-17,63,38,2,True,2,FUERTE_EXACTO,0,63
2025-05-17,7,42,1,True,3,FUERTE_EXACTO,0,7
2025-05-18,54,35,1,True,3,FUERTE_EXACTO,0,54
2025-05-18,63,38,1,True,1,FUERTE_EXACTO,0,63
2025-05-18,65,52,1,False,,COMPANERO_TABLA1,1,97
2025-05-18,97,52,1,True,5,FUERTE_EXACTO,0,97
2025-05-22,29,41,1,False,,COMPANERO_TABLA1,1,13
2025-05-23,9,39,1,True,1,FUERTE_EXACTO,0,9
2025-05-23,94,39,1,False,,COMPANERO_TABLA1,1,30
2025-05-24,79,47,1,False,,COMPANERO_TABLA1,1,4
2025-05-27,19,40,1,True,5,FUERTE_EXACTO,0,19
2025-05-28,77,32,1,True,6,FUERTE_EXACTO,0,77
2025-05-29,12,43,1,True,4,FUERTE_EXACTO,0,12
2025-05-29,28,43,1,True,3,FUERTE_EXACTO,0,28
2025-05-29,65,52,1,True,4,FUERTE_EXACTO,0,65
2025-05-29,81,43,1,True,6,FUERTE_EXACTO,0,81
2025-05-30,44,43,1,True,1,FUERTE_EXACTO,0,44
2025-05-31,12,43,1,True,2,FUERTE_EXACTO,0,12
2025-05-31,29,41,1,True,1,FUERTE_EXACTO,0,29
2025-05-31,44,43,1,True,1,FUERTE_EXACTO,0,44
2025-05-31,56,40,1,False,,COMPANERO_TABLA1,1,19
2025-05-31,71,42,1,True,1,FUERTE_EXACTO,0,71
2025-05-31,81,43,1,True,4,FUERTE_EXACTO,0,81
2025-06-01,22,44,1,True,3,FUERTE_EXACTO,0,22
2025-06-01,59,44,1,True,3,FUERTE_EXACTO,0,59
2025-06-02,28,43,1,True,4,FUERTE_EXACTO,0,28
2025-06-03,69,45,1,False,,VECINO_TABLA2,3,11
2025-06-04,56,40,1,True,5,FUERTE_EXACTO,0,56
2025-06-05,42,37,3,True,6,FUERTE_EXACTO,0,42
2025-06-06,26,28,1,False,,COMPANERO_TABLA1,1,21
2025-06-08,90,46,1,True,5,FUERTE_EXACTO,0,90
2025-06-12,73,48,1,False,,COMPANERO_TABLA1,1,89
2025-06-12,89,48,1,True,2,FUERTE_EXACTO,0,89
2025-06-13,70,44,2,True,3,FUERTE_EXACTO,0,70
2025-06-13,22,44,1,True,1,FUERTE_EXACTO,0,22
2025-06-15,87,33,1,True,1,FUERTE_EXACTO,0,87
2025-06-16,42,37,1,True,5,FUERTE_EXACTO,0,42
2025-06-16,59,44,1,True,7,FUERTE_EXACTO,0,59
2025-06-18,19,40,1,False,,COMPANERO_TABLA1,1,67
2025-06-20,29,41,1,True,3,FUERTE_EXACTO,0,29
2025-06-23,20,38,1,True,1,FUERTE_EXACTO,0,20
2025-06-23,63,38,1,True,2,FUERTE_EXACTO,0,63
2025-06-23,100,38,1,False,,COMPANERO_TABLA1,1,52
2025-06-25,35,49,1,True,2,FUERTE_EXACTO,0,35
2025-06-25,83,49,1,True,7,FUERTE_EXACTO,0,83
2025-06-27,22,44,1,False,,COMPANERO_TABLA1,1,75
2025-06-27,70,44,1,True,1,FUERTE_EXACTO,0,70
2025-06-29,76,34,1,True,4,FUERTE_EXACTO,0,76
2025-06-30,77,32,1,True,1,FUERTE_EXACTO,0,77
2025-07-01,90,46,1,True,3,FUERTE_EXACTO,0,90
2025-07-09,63,38,1,False,,COMPANERO_TABLA1,1,31
2025-07-11,68,47,1,False,,COMPANERO_TABLA1,1,84
2025-07-12,71,42,1,True,5,FUERTE_EXACTO,0,71
2025-07-15,80,45,1,True,2,FUERTE_EXACTO,0,80
2025-07-19,23,42,1,True,1,FUERTE_EXACTO,0,23
2025-07-20,30,39,1,True,1,FUERTE_EXACTO,0,30
2025-07-22,14,39,1,True,5,FUERTE_EXACTO,0,14
2025-07-22,30,39,1,False,,COMPANERO_TABLA1,1,62
2025-07-23,89,48,1,True,1,FUERTE_EXACTO,0,89
2025-07-24,12,43,1,True,6,FUERTE_EXACTO,0,12
2025-07-24,44,43,1,True,3,FUERTE_EXACTO,0,44
2025-07-25,19,40,1,True,4,FUERTE_EXACTO,0,19
2025-07-25,65,52,1,True,2,FUERTE_EXACTO,0,65
2025-07-27,53,28,2,False,,COMPANERO_TABLA1,1,21
2025-07-27,22,44,1,True,1,FUERTE_EXACTO,0,22
2025-07-27,70,44,1,True,1,FUERTE_EXACTO,0,70
2025-07-28,63,38,2,True,1,FUERTE_EXACTO,0,63
2025-07-31,9,39,1,True,1,FUERTE_EXACTO,0,9
2025-07-31,37,46,1,True,5,FUERTE_EXACTO,0,37
2025-07-31,90,46,1,True,1,FUERTE_EXACTO,0,90
2025-08-03,35,49,2,True,1,FUERTE_EXACTO,0,35
2025-08-04,30,39,1,True,5,FUERTE_EXACTO,0,30
2025-08-04,46,39,1,True,2,FUERTE_EXACTO,0,46
2025-08-05,52,38,1,True,2,FUERTE_EXACTO,0,52
2025-08-05,63,38,1,True,3,FUERTE_EXACTO,0,63
2025-08-07,89,48,1,False,,COMPANERO_TABLA1,1,73
2025-08-10,10,37,1,True,2,FUERTE_EXACTO,0,10
2025-08-11,42,37,1,True,1,FUERTE_EXACTO,0,42
2025-08-11,44,43,1,False,,COMPANERO_TABLA1,1,81
2025-08-12,85,36,1,True,3,FUERTE_EXACTO,0,85
2025-08-13,19,40,1,True,1,FUERTE_EXACTO,0,19
2025-08-13,51,40,1,True,2,FUERTE_EXACTO,0,51
2025-08-13,56,40,1,True,4,FUERTE_EXACTO,0,56
2025-08-13,57,30,1,True,5,FUERTE_EXACTO,0,57
2025-08-17,88,31,1,False,,COMPANERO_TABLA1,1,24
2025-08-18,76,34,1,True,4,FUERTE_EXACTO,0,76
2025-08-19,76,34,1,True,3,FUERTE_EXACTO,0,76
2025-08-20,3,31,1,False,,COMPANERO_TABLA1,1,99
2025-08-21,32,36,1,False,,COMPANERO_TABLA1,1,85
2025-08-22,54,35,1,False,,COMPANERO_TABLA1,1,6
2025-08-25,44,43,1,True,3,FUERTE_EXACTO,0,44
2025-08-26,87,33,1,True,1,FUERTE_EXACTO,0,87
2025-08-27,13,41,1,True,2,FUERTE_EXACTO,0,13
2025-08-28,7,42,1,True,1,FUERTE_EXACTO,0,7
2025-08-28,22,44,1,True,2,FUERTE_EXACTO,0,22
2025-08-28,70,44,1,False,,COMPANERO_TABLA1,1,75
2025-08-29,65,52,1,True,1,FUERTE_EXACTO,0,65
2025-08-30,9,39,1,False,,COMPANERO_TABLA1,1,94
2025-08-30,30,39,1,False,,COMPANERO_TABLA1,1,94
2025-08-30,42,37,1,True,1,FUERTE_EXACTO,0,42
2025-08-30,62,39,1,True,4,FUERTE_EXACTO,0,62
2025-08-31,35,49,1,False,,COMPANERO_TABLA1,1,83
2025-08-31,80,45,1,False,,COMPANERO_TABLA1,1,69
2025-09-01,59,44,1,True,3,FUERTE_EXACTO,0,59
2025-09-01,91,44,1,True,6,FUERTE_EXACTO,0,91
2025-09-02,80,45,1,True,6,FUERTE_EXACTO,0,80
2025-09-02,93,41,1,False,,COMPANERO_TABLA1,1,29
2025-09-05,42,37,2,True,4,FUERTE_EXACTO,0,42
2025-09-05,44,43,2,True,1,FUERTE_EXACTO,0,44
2025-09-05,60,43,1,True,5,FUERTE_EXACTO,0,60
2025-09-06,22,44,1,False,,COMPANERO_TABLA1,1,91
2025-09-06,70,44,1,True,3,FUERTE_EXACTO,0,70
2025-09-06,91,44,1,True,1,FUERTE_EXACTO,0,91
2025-09-07,85,36,1,True,5,FUERTE_EXACTO,0,85
2025-09-09,35,49,1,True,3,FUERTE_EXACTO,0,35
2025-09-10,46,39,1,False,,COMPANERO_TABLA1,1,62
2025-09-10,60,43,1,True,3,FUERTE_EXACTO,0,60
2025-09-13,29,41,2,True,2,FUERTE_EXACTO,0,29
2025-09-13,71,42,2,False,,COMPANERO_TABLA1,1,55
2025-09-13,7,42,1,True,3,FUERTE_EXACTO,0,7
2025-09-13,9,39,1,True,2,FUERTE_EXACTO,0,9
2025-09-13,41,39,1,True,2,FUERTE_EXACTO,0,41
2025-09-14,3,31,1,True,4,FUERTE_EXACTO,0,3
2025-09-14,57,30,1,True,2,FUERTE_EXACTO,0,57
2025-09-15,29,41,1,True,1,FUERTE_EXACTO,0,29
2025-09-16,34,51,1,True,4,FUERTE_EXACTO,0,34
2025-09-17,69,45,1,True,4,FUERTE_EXACTO,0,69
2025-09-19,63,38,1,False,,COMPANERO_TABLA1,1,31
2025-09-19,100,38,1,False,,COMPANERO_TABLA1,1,31
2025-09-20,59,44,1,False,,COMPANERO_TABLA1,1,75
2025-09-20,91,44,1,True,5,FUERTE_EXACTO,0,91
2025-09-21,42,37,1,True,3,FUERTE_EXACTO,0,42
2025-09-21,63,38,1,False,,COMPANERO_TABLA1,1,31
2025-09-28,76,34,1,True,1,FUERTE_EXACTO,0,76
2025-09-30,10,37,1,True,4,FUERTE_EXACTO,0,10
2025-09-30,29,41,1,True,1,FUERTE_EXACTO,0,29
2025-09-30,42,37,1,True,6,FUERTE_EXACTO,0,42
2025-09-30,82,33,1,True,2,FUERTE_EXACTO,0,82
2025-10-01,87,33,1,True,7,FUERTE_EXACTO,0,87
2025-10-02,51,40,1,False,,COMPANERO_TABLA1,1,72
2025-10-02,67,40,1,False,,COMPANERO_TABLA1,1,72
2025-10-03,76,34,1,True,3,FUERTE_EXACTO,0,76
2025-10-07,63,38,2,False,,COMPANERO_TABLA1,1,47
2025-10-09,30,39,1,True,3,FUERTE_EXACTO,0,30
2025-10-10,53,28,2,True,1,FUERTE_EXACTO,0,53
2025-10-10,63,38,2,False,,COMPANERO_TABLA1,1,20
2025-10-10,35,49,1,True,2,FUERTE_EXACTO,0,35
2025-10-11,19,40,1,True,3,FUERTE_EXACTO,0,19
2025-10-11,72,40,1,True,1,FUERTE_EXACTO,0,72
2025-10-11,90,46,1,True,5,FUERTE_EXACTO,0,90
2025-10-12,27,26,1,False,,COMPANERO_TABLA1,1,38
2025-10-13,9,39,1,True,1,FUERTE_EXACTO,0,9
2025-10-13,59,44,1,True,1,FUERTE_EXACTO,0,59
2025-10-14,72,40,1,True,3,FUERTE_EXACTO,0,72
2025-10-15,26,28,1,False,,COMPANERO_TABLA1,1,21
2025-10-15,53,28,1,True,3,FUERTE_EXACTO,0,53
2025-10-16,9,39,1,True,3,FUERTE_EXACTO,0,9
2025-10-16,90,46,1,True,2,FUERTE_EXACTO,0,90
2025-10-20,7,42,1,True,1,FUERTE_EXACTO,0,7
2025-10-20,23,42,1,True,4,FUERTE_EXACTO,0,23
2025-10-21,44,43,2,False,,COMPANERO_TABLA1,1,28
2025-10-26,7,42,1,True,5,FUERTE_EXACTO,0,7
2025-10-26,23,42,1,True,4,FUERTE_EXACTO,0,23
2025-10-27,54,35,1,True,2,FUERTE_EXACTO,0,54
2025-10-28,65,52,1,True,2,FUERTE_EXACTO,0,65
2025-10-30,100,38,1,False,,COMPANERO_TABLA1,1,63
2025-10-31,9,39,2,True,1,FUERTE_EXACTO,0,9
2025-11-01,90,46,1,False,,COMPANERO_TABLA1,1,74
2025-11-04,59,44,1,True,3,FUERTE_EXACTO,0,59
2025-11-05,42,37,2,True,3,FUERTE_EXACTO,0,42
2025-11-05,90,46,2,True,4,FUERTE_EXACTO,0,90
2025-11-05,22,44,1,True,4,FUERTE_EXACTO,0,22
2025-11-05,91,44,1,True,3,FUERTE_EXACTO,0,91
2025-11-06,62,39,1,True,2,FUERTE_EXACTO,0,62
2025-11-08,7,42,1,False,,COMPANERO_TABLA1,1,23
2025-11-08,23,42,1,True,2,FUERTE_EXACTO,0,23
2025-11-08,48,36,1,True,6,FUERTE_EXACTO,0,48
2025-11-09,29,41,1,True,5,FUERTE_EXACTO,0,29
2025-11-10,72,40,1,True,7,FUERTE_EXACTO,0,72
2025-11-16,42,37,1,True,2,FUERTE_EXACTO,0,42
2025-11-16,82,33,1,True,2,FUERTE_EXACTO,0,82
2025-11-18,26,28,1,True,1,FUERTE_EXACTO,0,26
2025-11-19,53,28,2,False,,COMPANERO_TABLA1,1,21
2025-11-19,21,28,1,True,2,FUERTE_EXACTO,0,21
2025-11-19,26,28,1,True,5,FUERTE_EXACTO,0,26
2025-11-19,34,51,1,False,,COMPANERO_TABLA1,1,98
2025-11-20,46,39,1,False,,COMPANERO_TABLA1,1,30
2025-11-22,35,49,1,True,2,FUERTE_EXACTO,0,35
2025-11-22,63,38,1,True,3,FUERTE_EXACTO,0,63
2025-11-22,100,38,1,False,,COMPANERO_TABLA1,1,31
2025-11-23,7,42,1,True,3,FUERTE_EXACTO,0,7
2025-11-23,71,42,1,True,1,FUERTE_EXACTO,0,71
2025-11-25,57,30,1,False,,COMPANERO_TABLA1,1,25
2025-11-26,46,39,1,False,,COMPANERO_TABLA1,1,41
2025-11-26,94,39,1,True,4,FUERTE_EXACTO,0,94
2025-11-27,26,28,1,True,3,FUERTE_EXACTO,0,26
2025-11-27,53,28,1,False,,COMPANERO_TABLA1,1,26
2025-11-27,68,47,1,True,5,FUERTE_EXACTO,0,68
2025-11-27,76,34,1,True,1,FUERTE_EXACTO,0,76
2025-11-28,42,37,1,True,7,FUERTE_EXACTO,0,42
2025-12-04,86,35,1,True,6,FUERTE_EXACTO,0,86
2025-12-05,7,42,1,False,,COMPANERO_TABLA1,1,71
2025-12-05,71,42,1,True,1,FUERTE_EXACTO,0,71
2025-12-07,73,48,1,True,2,FUERTE_EXACTO,0,73
2025-12-09,44,43,2,False,,COMPANERO_TABLA1,1,81
2025-12-09,28,43,1,True,6,FUERTE_EXACTO,0,28
2025-12-14,11,35,1,True,6,FUERTE_EXACTO,0,11
2025-12-14,54,35,1,True,5,FUERTE_EXACTO,0,54
2025-12-16,58,46,1,True,1,FUERTE_EXACTO,0,58
2025-12-20,29,41,1,True,2,FUERTE_EXACTO,0,29
2025-12-20,56,40,1,True,7,FUERTE_EXACTO,0,56
2025-12-27,29,41,1,True,2,FUERTE_EXACTO,0,29
2025-12-27,93,41,1,True,6,FUERTE_EXACTO,0,93
2025-12-29,16,27,1,True,2,FUERTE_EXACTO,0,16
2025-12-30,28,43,1,True,1,FUERTE_EXACTO,0,28
2025-12-30,44,43,1,True,7,FUERTE_EXACTO,0,44
2025-12-30,77,32,1,True,4,FUERTE_EXACTO,0,77
2025-12-31,84,47,1,True,4,FUERTE_EXACTO,0,84
2026-01-02,29,41,1,True,6,FUERTE_EXACTO,0,29
2026-01-03,44,43,1,True,3,FUERTE_EXACTO,0,44
2026-01-03,92,43,1,True,2,FUERTE_EXACTO,0,92
2026-01-06,56,40,1,True,4,FUERTE_EXACTO,0,56
2026-01-07,23,42,1,False,,COMPANERO_TABLA1,1,7
2026-01-07,90,46,1,True,2,FUERTE_EXACTO,0,90
2026-01-08,30,39,1,True,1,FUERTE_EXACTO,0,30
2026-01-08,94,39,1,True,1,FUERTE_EXACTO,0,94
2026-01-11,20,38,1,True,2,FUERTE_EXACTO,0,20
2026-01-12,53,28,1,True,2,FUERTE_EXACTO,0,53
2026-01-13,85,36,1,True,4,FUERTE_EXACTO,0,85
2026-01-16,46,39,1,True,1,FUERTE_EXACTO,0,46
2026-01-16,57,30,1,True,2,FUERTE_EXACTO,0,57
2026-01-17,9,39,1,True,3,FUERTE_EXACTO,0,9
2026-01-17,94,39,1,True,1,FUERTE_EXACTO,0,94
2026-01-19,42,37,2,False,,COMPANERO_TABLA1,1,5
2026-01-21,87,33,1,True,1,FUERTE_EXACTO,0,87
2026-01-23,89,48,2,False,,COMPANERO_TABLA1,1,73
2026-01-23,29,41,1,True,7,FUERTE_EXACTO,0,29
2026-01-23,93,41,1,True,4,FUERTE_EXACTO,0,93
2026-01-25,28,43,2,False,,COMPANERO_TABLA1,1,12
2026-02-04,68,47,1,True,1,FUERTE_EXACTO,0,68
2026-02-08,31,38,1,False,,COMPANERO_TABLA1,1,63
2026-02-08,52,38,1,False,,COMPANERO_TABLA1,1,63
2026-02-09,19,40,1,True,2,FUERTE_EXACTO,0,19
2026-02-09,58,46,1,True,6,FUERTE_EXACTO,0,58
2026-02-09,72,40,1,True,1,FUERTE_EXACTO,0,72
2026-02-11,7,42,1,True,7,FUERTE_EXACTO,0,7
2026-02-11,71,42,1,True,3,FUERTE_EXACTO,0,71
2026-02-14,63,38,1,True,6,FUERTE_EXACTO,0,63
2026-02-14,73,48,1,True,1,FUERTE_EXACTO,0,73
2026-02-15,46,39,1,False,,COMPANERO_TABLA1,1,9
2026-02-15,94,39,1,True,3,FUERTE_EXACTO,0,94
2026-02-16,87,33,1,True,4,FUERTE_EXACTO,0,87
2026-02-17,88,31,1,False,,COMPANERO_TABLA1,1,99
2026-02-18,53,28,1,True,4,FUERTE_EXACTO,0,53
2026-02-19,88,31,1,False,,COMPANERO_TABLA1,1,24
2026-02-23,72,40,1,True,2,FUERTE_EXACTO,0,72
2026-02-24,41,39,1,True,3,FUERTE_EXACTO,0,41
2026-02-26,16,27,1,False,,VECINO_TABLA2,3,25
2026-02-28,59,44,1,True,6,FUERTE_EXACTO,0,59
2026-02-28,70,44,1,True,4,FUERTE_EXACTO,0,70
2026-03-02,57,30,1,True,1,FUERTE_EXACTO,0,57
2026-03-03,44,43,1,True,2,FUERTE_EXACTO,0,44
2026-03-04,42,37,2,True,3,FUERTE_EXACTO,0,42
2026-03-05,22,44,1,False,,COMPANERO_TABLA1,1,59
2026-03-05,68,47,1,False,,COMPANERO_TABLA1,1,79
2026-03-05,70,44,1,True,1,FUERTE_EXACTO,0,70
2026-03-06,29,41,1,False,,COMPANERO_TABLA1,1,93
2026-03-07,23,42,1,True,7,FUERTE_EXACTO,0,23
2026-03-07,29,41,1,False,,COMPANERO_TABLA1,1,93
2026-03-07,71,42,1,True,3,FUERTE_EXACTO,0,71
2026-03-12,19,40,1,True,2,FUERTE_EXACTO,0,19
2026-03-12,56,40,1,True,2,FUERTE_EXACTO,0,56
2026-03-13,19,40,1,True,1,FUERTE_EXACTO,0,19
2026-03-16,44,43,1,True,1,FUERTE_EXACTO,0,44
2026-03-17,22,44,1,False,,COMPANERO_TABLA1,1,70
2026-03-17,70,44,1,True,3,FUERTE_EXACTO,0,70
2026-03-18,46,39,1,True,2,FUERTE_EXACTO,0,46
2026-03-19,68,47,1,True,2,FUERTE_EXACTO,0,68
2026-03-23,9,39,1,True,1,FUERTE_EXACTO,0,9
2026-03-23,22,44,1,False,,COMPANERO_TABLA1,1,75
2026-03-23,70,44,1,True,5,FUERTE_EXACTO,0,70
2026-03-23,94,39,1,True,1,FUERTE_EXACTO,0,94
2026-03-24,9,39,1,True,2,FUERTE_EXACTO,0,9
2026-03-25,35,49,1,True,2,FUERTE_EXACTO,0,35
2026-03-26,44,43,1,False,,COMPANERO_TABLA1,1,92
2026-03-26,92,43,1,True,1,FUERTE_EXACTO,0,92
2026-03-27,11,35,1,True,1,FUERTE_EXACTO,0,11
2026-03-28,7,42,1,False,,COMPANERO_TABLA1,1,71
2026-03-28,23,42,1,True,2,FUERTE_EXACTO,0,23
2026-04-04,68,47,1,True,1,FUERTE_EXACTO,0,68
2026-04-05,63,38,1,True,1,FUERTE_EXACTO,0,63
2026-04-06,63,38,1,True,6,FUERTE_EXACTO,0,63
2026-04-09,28,43,1,True,4,FUERTE_EXACTO,0,28
2026-04-09,77,32,1,False,,VECINO_TABLA2,3,23
2026-04-09,82,33,1,True,1,FUERTE_EXACTO,0,82
2026-04-09,87,33,1,False,,COMPANERO_TABLA1,1,82
2026-04-10,87,33,1,True,7,FUERTE_EXACTO,0,87
2026-04-13,77,32,1,False,,VECINO_TABLA2,3,28
2026-04-14,42,37,1,True,1,FUERTE_EXACTO,0,42
2026-04-15,87,33,1,True,2,FUERTE_EXACTO,0,87
2026-04-16,16,27,1,False,,RELACION_INDIRECTA,4,57
2026-04-16,83,49,1,True,4,FUERTE_EXACTO,0,83
2026-04-22,58,46,1,True,4,FUERTE_EXACTO,0,58
2026-04-22,74,46,1,True,2,FUERTE_EXACTO,0,74
2026-04-23,44,43,1,True,3,FUERTE_EXACTO,0,44
2026-04-23,81,43,1,True,6,FUERTE_EXACTO,0,81
2026-04-25,28,43,1,False,,COMPANERO_TABLA1,1,44
2026-04-25,44,43,1,True,1,FUERTE_EXACTO,0,44
2026-04-28,58,46,1,True,2,FUERTE_EXACTO,0,58
2026-04-29,97,52,1,True,3,FUERTE_EXACTO,0,97
2026-04-30,57,30,1,True,3,FUERTE_EXACTO,0,57
2026-04-30,94,39,1,True,1,FUERTE_EXACTO,0,94
2026-05-06,34,51,1,True,5,FUERTE_EXACTO,0,34
2026-05-06,86,35,1,True,3,FUERTE_EXACTO,0,86
2026-05-08,34,51,1,True,3,FUERTE_EXACTO,0,34
2026-05-09,77,32,1,True,4,FUERTE_EXACTO,0,77
2026-05-10,29,41,1,True,6,FUERTE_EXACTO,0,29
2026-05-10,63,38,1,True,2,FUERTE_EXACTO,0,63
2026-05-11,82,33,1,True,3,FUERTE_EXACTO,0,82
2026-05-12,89,48,1,True,1,FUERTE_EXACTO,0,89
2026-05-14,87,33,1,True,5,FUERTE_EXACTO,0,87
2026-05-15,57,30,2,True,1,FUERTE_EXACTO,0,57
2026-05-17,23,42,1,True,2,FUERTE_EXACTO,0,23
2026-05-19,48,36,1,True,6,FUERTE_EXACTO,0,48
2026-05-19,85,36,1,True,4,FUERTE_EXACTO,0,85
2026-05-19,97,52,1,True,6,FUERTE_EXACTO,0,97
2026-05-22,22,44,1,False,,COMPANERO_TABLA1,1,70
2026-05-22,70,44,1,True,1,FUERTE_EXACTO,0,70
2026-05-22,91,44,1,False,,COMPANERO_TABLA1,1,70
2026-05-23,42,37,2,True,4,FUERTE_EXACTO,0,42
2026-05-24,69,45,1,True,6,FUERTE_EXACTO,0,69
2026-05-24,82,33,1,False,,COMPANERO_TABLA1,1,39
2026-05-27,63,38,2,True,4,FUERTE_EXACTO,0,63
2026-05-28,35,49,1,True,1,FUERTE_EXACTO,0,35
2026-05-28,59,44,1,True,7,FUERTE_EXACTO,0,59
2026-05-29,94,39,1,True,1,FUERTE_EXACTO,0,94
2026-05-30,35,49,1,False,,COMPANERO_TABLA1,1,40
2026-05-31,25,30,1,True,4,FUERTE_EXACTO,0,25
2026-05-31,57,30,1,True,1,FUERTE_EXACTO,0,57
2026-06-01,48,36,1,True,2,FUERTE_EXACTO,0,48
2026-06-03,73,48,2,True,2,FUERTE_EXACTO,0,73
2026-06-06,90,46,1,False,,COMPANERO_TABLA1,1,37
2026-06-07,42,37,1,True,3,FUERTE_EXACTO,0,42
2026-06-07,65,52,1,True,2,FUERTE_EXACTO,0,65
2026-06-08,82,33,1,True,4,FUERTE_EXACTO,0,82
2026-06-09,13,41,1,False,,COMPANERO_TABLA1,1,93
2026-06-10,20,38,1,True,1,FUERTE_EXACTO,0,20
2026-06-10,63,38,1,True,2,FUERTE_EXACTO,0,63
2026-06-11,9,39,1,False,,COMPANERO_TABLA1,1,94
2026-06-11,41,39,1,False,,COMPANERO_TABLA1,1,94
2026-06-11,57,30,1,True,3,FUERTE_EXACTO,0,57
2026-06-11,91,44,1,False,,COMPANERO_TABLA1,1,59
2026-06-11,94,39,1,True,1,FUERTE_EXACTO,0,94
2026-06-12,42,37,1,True,2,FUERTE_EXACTO,0,42
2026-06-12,84,47,1,False,,COMPANERO_TABLA1,1,79
2026-06-13,83,49,1,True,1,FUERTE_EXACTO,0,83
2026-06-14,83,49,1,True,3,FUERTE_EXACTO,0,83
2026-06-15,35,49,1,True,3,FUERTE_EXACTO,0,35
2026-06-15,53,28,1,True,4,FUERTE_EXACTO,0,53
2026-06-16,8,40,1,False,,COMPANERO_TABLA1,1,19
2026-06-17,22,44,1,False,,COMPANERO_TABLA1,1,91
2026-06-17,70,44,1,True,2,FUERTE_EXACTO,0,70
2026-06-21,9,39,2,False,,COMPANERO_TABLA1,1,62
2026-06-21,29,41,2,True,2,FUERTE_EXACTO,0,29
2026-06-21,35,49,2,True,2,FUERTE_EXACTO,0,35
2026-06-21,22,44,1,False,,COMPANERO_TABLA1,1,59
2026-06-21,75,44,1,True,4,FUERTE_EXACTO,0,75
2026-06-23,54,35,1,True,1,FUERTE_EXACTO,0,54
2026-06-24,79,47,1,False,,COMPANERO_TABLA1,1,4
2026-06-25,9,39,1,True,7,FUERTE_EXACTO,0,9
2026-06-25,94,39,1,True,3,FUERTE_EXACTO,0,94
2026-06-29,23,42,1,True,2,FUERTE_EXACTO,0,23
2026-06-29,48,36,1,True,6,FUERTE_EXACTO,0,48
2026-07-01,28,43,1,True,2,FUERTE_EXACTO,0,28
2026-07-06,63,38,2,False,,COMPANERO_TABLA1,1,52
2026-07-06,90,46,2,False,,COMPANERO_TABLA1,1,74
2026-07-06,9,39,1,True,3,FUERTE_EXACTO,0,9
2026-07-06,74,46,1,True,1,FUERTE_EXACTO,0,74
2026-07-09,7,42,3,True,1,FUERTE_EXACTO,0,7
2026-07-09,23,42,1,True,4,FUERTE_EXACTO,0,23
2026-07-10,41,39,1,True,1,FUERTE_EXACTO,0,41
2026-07-10,56,40,1,True,2,FUERTE_EXACTO,0,56
2026-07-10,67,40,1,True,3,FUERTE_EXACTO,0,67
2026-07-11,40,49,1,True,3,FUERTE_EXACTO,0,40
2026-07-11,83,49,1,True,1,FUERTE_EXACTO,0,83
2026-07-14,46,39,1,True,2,FUERTE_EXACTO,0,46
2026-07-14,62,39,1,True,3,FUERTE_EXACTO,0,62
2026-07-14,94,39,1,True,1,FUERTE_EXACTO,0,94
